schema,frame,elapsed_ms,scene,state,width,height,frame_interval_ms,update_calls,update_wall_sum_ms,update_wall_max_ms,simulation_sum_ms,clamped_updates,update_cpu_ms,render_cpu_ms,swap_cpu_ms,sort_cpu_ms,world_submit_cpu_ms,text_submit_cpu_ms,world_draws,text_draws,polygons,triangles,texts,instance_upload_bytes,visited_nodes,culled_branches,submitted_actors,text_cache_hits_total,text_cache_misses_total,text_cache_resets_total,text_cache_entries,atlas_count,atlas_storage_bytes,gpu_source_frame,gpu_elapsed_ms,gpu_query_skipped,previous_logger_cpu_ms
1,1,705.859,tutorial,0,1024,640,-1.000,0,0.000,0.000,0.000,0,0.000,106.081,49.857,1.252,4.092,0.014,1,1,2435,9658,5,389204,2034,909,1097,0,5,0,5,1,16777216,0,-1.000,0,0.000
1,2,725.917,tutorial,0,1024,640,157.786,1,158.317,158.317,50.000,1,0.051,18.110,0.103,2.018,4.281,0.017,1,1,2435,9658,5,389204,2034,909,1097,5,5,0,5,1,16777216,1,0.261,0,0.711
1,3,742.269,tutorial,0,1024,640,18.601,1,19.652,19.652,19.000,0,0.075,15.881,0.084,1.228,2.508,0.013,1,1,2435,9658,5,389204,2034,909,1097,10,5,0,5,1,16777216,0,-1.000,0,0.305
1,4,754.335,tutorial,0,1024,640,16.222,1,16.241,16.241,15.000,0,0.056,11.725,0.084,1.219,2.593,0.013,1,1,2435,9658,5,389204,2034,909,1097,15,5,0,5,1,16777216,2,0.251,0,0.194
1,5,764.938,tutorial,0,1024,640,12.073,1,12.064,12.064,14.000,0,0.065,10.265,0.075,1.426,2.724,0.012,1,1,2435,9658,5,389204,2034,909,1097,20,5,0,5,1,16777216,3,0.236,0,0.192
1,6,775.364,tutorial,0,1024,640,10.602,1,10.621,10.621,10.000,0,0.045,10.094,0.071,1.232,2.581,0.011,1,1,2435,9658,5,389204,2034,909,1097,25,5,0,5,1,16777216,4,0.220,0,0.210
1,7,786.488,tutorial,0,1024,640,10.410,1,10.401,10.401,10.000,0,0.054,10.797,0.082,1.799,3.174,0.014,1,1,2435,9658,5,389204,2034,909,1097,30,5,0,5,1,16777216,5,0.219,0,0.185
1,8,797.246,tutorial,0,1024,640,11.205,1,11.197,11.197,12.000,0,0.062,10.340,0.089,1.233,2.506,0.011,1,1,2435,9658,5,389204,2034,909,1097,35,5,0,5,1,16777216,6,0.244,0,0.258
1,9,807.833,tutorial,0,1024,640,10.704,1,10.699,10.699,10.000,0,0.066,10.217,0.096,1.224,2.688,0.016,1,1,2435,9658,5,389204,2034,909,1097,40,5,0,5,1,16777216,7,0.237,0,0.199
1,10,818.850,tutorial,0,1024,640,10.586,1,10.606,10.606,11.000,0,0.047,10.661,0.082,1.331,2.600,0.013,1,1,2435,9658,5,389204,2034,909,1097,45,5,0,5,1,16777216,8,0.223,0,0.219
1,11,829.348,tutorial,0,1024,640,11.038,1,11.027,11.027,11.000,0,0.059,10.115,0.089,1.231,2.533,0.029,1,1,2435,9658,5,389204,2034,909,1097,50,5,0,5,1,16777216,9,0.233,0,0.229
1,12,839.769,tutorial,0,1024,640,10.488,1,10.498,10.498,10.000,0,0.049,10.055,0.083,1.211,2.494,0.017,1,1,2435,9658,5,389204,2034,909,1097,55,5,0,5,1,16777216,10,0.239,0,0.228
1,13,851.067,tutorial,0,1024,640,10.464,1,10.449,10.449,11.000,0,0.062,10.871,0.100,1.273,2.536,0.012,1,1,2435,9658,5,389204,2034,909,1097,60,5,0,5,1,16777216,11,0.235,0,0.256
1,14,861.617,tutorial,0,1024,640,11.239,1,11.240,11.240,11.000,0,0.062,10.198,0.083,1.227,2.511,0.011,1,1,2435,9658,5,389204,2034,909,1097,65,5,0,5,1,16777216,12,0.224,0,0.199
1,15,872.355,tutorial,0,1024,640,10.532,1,10.552,10.552,11.000,0,0.043,10.416,0.072,1.216,2.525,0.012,1,1,2435,9658,5,389204,2034,909,1097,70,5,0,5,1,16777216,13,0.218,0,0.200
1,16,884.504,tutorial,0,1024,640,10.776,1,10.760,10.760,10.000,0,0.055,11.781,0.079,1.223,2.496,0.015,1,1,2435,9658,5,389204,2034,909,1097,75,5,0,5,1,16777216,14,0.246,0,0.222
1,17,895.451,tutorial,0,1024,640,12.102,1,12.118,12.118,13.000,0,0.044,10.637,0.069,1.220,2.492,0.011,1,1,2435,9658,5,389204,2034,909,1097,80,5,0,5,1,16777216,15,0.235,0,0.191
1,18,906.034,tutorial,0,1024,640,11.010,1,10.969,10.969,10.000,0,0.074,10.203,0.076,1.248,2.538,0.011,1,1,2435,9658,5,389204,2034,909,1097,85,5,0,5,1,16777216,16,0.248,0,0.212
1,19,916.537,tutorial,0,1024,640,10.547,1,10.588,10.588,11.000,0,0.044,10.153,0.082,1.219,2.594,0.011,1,1,2435,9658,5,389204,2034,909,1097,90,5,0,5,1,16777216,17,0.232,0,0.215
1,20,927.350,tutorial,0,1024,640,10.530,1,10.490,10.490,11.000,0,0.083,10.446,0.072,1.234,2.526,0.011,1,1,2435,9658,5,389204,2034,909,1097,95,5,0,5,1,16777216,18,0.230,0,0.201
1,21,937.760,tutorial,0,1024,640,10.773,1,10.815,10.815,10.000,0,0.043,10.089,0.066,1.368,2.632,0.011,1,1,2435,9658,5,389204,2034,909,1097,100,5,0,5,1,16777216,19,0.235,0,0.206
1,22,948.108,tutorial,0,1024,640,10.460,1,10.432,10.432,10.000,0,0.070,9.978,0.065,1.226,2.491,0.010,1,1,2435,9658,5,389204,2034,909,1097,105,5,0,5,1,16777216,20,0.247,0,0.227
1,23,958.416,tutorial,0,1024,640,10.273,1,10.304,10.304,10.000,0,0.040,10.011,0.064,1.204,2.516,0.010,1,1,2435,9658,5,389204,2034,909,1097,110,5,0,5,1,16777216,21,0.233,0,0.184
1,24,968.940,tutorial,0,1024,640,10.402,1,10.363,10.363,12.000,0,0.079,10.100,0.098,1.356,2.655,0.017,1,1,2435,9658,5,389204,2034,909,1097,115,5,0,5,1,16777216,22,0.215,0,0.238
1,25,979.552,tutorial,0,1024,640,10.765,1,10.769,10.769,11.000,0,0.074,9.980,0.067,1.207,2.473,0.010,1,1,2435,9658,5,389204,2034,909,1097,120,5,0,5,1,16777216,23,0.235,0,0.483
1,26,990.094,tutorial,0,1024,640,10.293,1,10.311,10.311,9.000,0,0.058,10.227,0.069,1.282,2.562,0.011,1,1,2435,9658,5,389204,2034,909,1097,125,5,0,5,1,16777216,24,0.237,0,0.182
1,27,1003.272,tutorial,0,1024,640,10.549,1,10.547,10.547,11.000,0,0.059,12.828,0.097,2.065,4.268,0.019,1,1,2435,9658,5,389204,2034,909,1097,130,5,0,5,1,16777216,25,0.223,0,0.188
1,28,1020.748,tutorial,0,1024,640,13.334,1,13.308,13.308,14.000,0,0.082,16.972,0.095,2.057,3.980,0.015,1,1,2435,9658,5,389204,2034,909,1097,135,5,0,5,1,16777216,26,0.229,0,0.316
1,29,1038.456,tutorial,0,1024,640,17.721,1,17.719,17.719,17.000,0,0.085,16.964,0.090,1.727,3.725,0.016,1,1,2435,9658,5,389204,2034,909,1097,140,5,0,5,1,16777216,27,0.222,0,0.559
1,30,1056.018,tutorial,0,1024,640,17.428,1,17.440,17.440,18.000,0,0.074,17.101,0.087,2.047,4.169,0.016,1,1,2435,9658,5,389204,2034,909,1097,145,5,0,5,1,16777216,28,0.226,0,0.291
1,31,1071.096,tutorial,0,1024,640,17.540,1,17.548,17.548,16.000,0,0.066,14.640,0.086,1.312,3.135,0.017,1,1,2435,9658,5,389204,2034,909,1097,150,5,0,5,1,16777216,29,0.221,0,0.278
1,32,1086.649,tutorial,0,1024,640,15.070,1,15.070,15.070,16.000,0,0.066,15.122,0.087,2.100,4.229,0.016,1,1,2435,9658,5,389204,2034,909,1097,155,5,0,5,1,16777216,30,0.225,0,0.271
1,33,1098.047,tutorial,0,1024,640,15.582,1,15.575,15.575,15.000,0,0.073,10.952,0.073,1.294,2.657,0.013,1,1,2435,9658,5,389204,2034,909,1097,160,5,0,5,1,16777216,31,0.237,0,0.293
1,34,1109.911,tutorial,0,1024,640,11.347,1,11.349,11.349,13.000,0,0.057,11.445,0.097,2.100,3.461,0.013,1,1,2435,9658,5,389204,2034,909,1097,165,5,0,5,1,16777216,32,0.229,0,0.245
1,35,1122.778,tutorial,0,1024,640,11.877,1,11.897,11.897,11.000,0,0.050,12.418,0.113,1.316,2.692,0.016,1,1,2435,9658,5,389204,2034,909,1097,170,5,0,5,1,16777216,33,0.219,0,0.277
1,36,1134.351,tutorial,0,1024,640,12.912,1,12.910,12.910,13.000,0,0.051,11.121,0.072,1.424,3.022,0.016,1,1,2435,9658,5,389204,2034,909,1097,175,5,0,5,1,16777216,34,0.245,0,0.320
1,37,1146.877,tutorial,0,1024,640,11.563,1,11.543,11.543,11.000,0,0.072,12.079,0.076,1.324,2.627,0.012,1,1,2435,9658,5,389204,2034,909,1097,180,5,0,5,1,16777216,35,0.221,0,0.289
1,38,1162.141,tutorial,0,1024,640,12.437,1,12.466,12.466,13.000,0,0.045,14.895,0.087,2.095,4.084,0.022,1,1,2435,9658,5,389204,2034,909,1097,185,5,0,5,1,16777216,36,0.242,0,0.230
1,39,1176.554,tutorial,0,1024,640,15.341,1,15.313,15.313,15.000,0,0.071,13.972,0.081,1.889,3.225,0.013,1,1,2435,9658,5,389204,2034,909,1097,190,5,0,5,1,16777216,37,0.219,0,0.279
1,40,1187.219,tutorial,0,1024,640,14.342,1,14.358,14.358,15.000,0,0.058,10.297,0.080,1.256,2.561,0.012,1,1,2435,9658,5,389204,2034,909,1097,195,5,0,5,1,16777216,38,0.248,0,0.223
1,41,1199.007,tutorial,0,1024,640,10.661,1,10.673,10.673,10.000,0,0.047,11.394,0.109,1.220,3.049,0.018,1,1,2435,9658,5,389204,2034,909,1097,200,5,0,5,1,16777216,39,0.221,0,0.231
1,42,1209.843,tutorial,0,1024,640,11.856,1,11.853,11.853,12.000,0,0.049,10.403,0.079,1.216,2.510,0.012,1,1,2435,9658,5,389204,2034,909,1097,205,5,0,5,1,16777216,40,0.235,0,0.296
1,43,1220.743,tutorial,0,1024,640,10.813,1,10.793,10.793,11.000,0,0.068,10.490,0.079,1.302,2.633,0.012,1,1,2435,9658,5,389204,2034,909,1097,210,5,0,5,1,16777216,41,0.234,0,0.254
1,44,1232.830,tutorial,0,1024,640,10.821,1,10.847,10.847,11.000,0,0.043,11.590,0.246,1.257,2.560,0.017,1,1,2435,9658,5,389204,2034,909,1097,215,5,0,5,1,16777216,42,0.233,0,0.201
1,45,1243.363,tutorial,0,1024,640,12.116,1,12.107,12.107,12.000,0,0.052,10.175,0.079,1.241,2.449,0.011,1,1,2435,9658,5,389204,2034,909,1097,220,5,0,5,1,16777216,43,0.219,0,0.219
1,46,1254.029,tutorial,0,1024,640,10.510,1,10.507,10.507,10.000,0,0.052,10.337,0.073,1.224,2.426,0.012,1,1,2435,9658,5,389204,2034,909,1097,225,5,0,5,1,16777216,44,0.233,0,0.195
1,47,1264.566,tutorial,0,1024,640,10.673,1,10.685,10.685,11.000,0,0.043,10.200,0.074,1.225,2.495,0.011,1,1,2435,9658,5,389204,2034,909,1097,230,5,0,5,1,16777216,45,0.238,0,0.214
1,48,1274.984,tutorial,0,1024,640,10.583,1,10.577,10.577,11.000,0,0.048,10.020,0.089,1.280,2.492,0.010,1,1,2435,9658,5,389204,2034,909,1097,235,5,0,5,1,16777216,46,0.226,0,0.252
1,49,1287.173,tutorial,0,1024,640,10.366,1,10.364,10.364,10.000,0,0.050,11.849,0.084,1.829,3.276,0.017,1,1,2435,9658,5,389204,2034,909,1097,240,5,0,5,1,16777216,47,0.235,0,0.201
1,50,1297.851,tutorial,0,1024,640,12.278,1,12.252,12.252,12.000,0,0.075,10.255,0.077,1.311,2.504,0.012,1,1,2435,9658,5,389204,2034,909,1097,245,5,0,5,1,16777216,48,0.228,0,0.263
1,51,1308.804,tutorial,0,1024,640,10.664,1,10.673,10.673,11.000,0,0.067,10.528,0.092,1.227,2.752,0.017,1,1,2435,9658,5,389204,2034,909,1097,250,5,0,5,1,16777216,49,0.220,0,0.258
1,52,1321.711,tutorial,0,1024,640,10.979,1,10.981,10.981,11.000,0,0.065,12.451,0.097,1.870,3.857,0.017,1,1,2435,9658,5,389204,2034,909,1097,255,5,0,5,1,16777216,50,0.231,0,0.285
1,53,1335.153,tutorial,0,1024,640,13.076,1,13.056,13.056,13.000,0,0.086,12.836,0.078,1.248,2.453,0.012,1,1,2435,9658,5,389204,2034,909,1097,260,5,0,5,1,16777216,51,0.241,0,0.421
1,54,1347.886,tutorial,0,1024,640,13.260,1,13.278,13.278,13.000,0,0.067,12.297,0.090,1.243,2.580,0.015,1,1,2435,9658,5,389204,2034,909,1097,265,5,0,5,1,16777216,52,0.230,0,0.270
1,55,1360.734,tutorial,0,1024,640,12.726,1,12.722,12.722,13.000,0,0.071,12.435,0.074,1.230,2.409,0.011,1,1,2435,9658,5,389204,2034,909,1097,270,5,0,5,1,16777216,53,0.238,0,0.259
1,56,1373.091,tutorial,0,1024,640,12.796,1,12.803,12.803,13.000,0,0.065,11.991,0.080,1.224,2.405,0.012,1,1,2435,9658,5,389204,2034,909,1097,275,5,0,5,1,16777216,54,0.249,0,0.214
1,57,1385.396,tutorial,0,1024,640,12.349,1,12.341,12.341,12.000,0,0.073,11.899,0.127,1.232,2.438,0.013,1,1,2435,9658,5,389204,2034,909,1097,280,5,0,5,1,16777216,55,0.234,0,0.199
1,58,1396.973,tutorial,0,1024,640,12.369,1,12.377,12.377,12.000,0,0.065,11.159,0.076,1.227,2.395,0.010,1,1,2435,9658,5,389204,2034,909,1097,285,5,0,5,1,16777216,56,0.245,0,0.271
1,59,1407.093,tutorial,0,1024,640,11.502,1,11.520,11.520,12.000,0,0.047,9.793,0.060,1.279,2.449,0.009,1,1,2435,9658,5,389204,2034,909,1097,290,5,0,5,1,16777216,57,0.238,0,0.214
1,60,1417.206,tutorial,0,1024,640,10.087,1,10.094,10.094,10.000,0,0.041,9.822,0.057,1.200,2.349,0.028,1,1,2435,9658,5,389204,2034,909,1097,295,5,0,5,1,16777216,58,0.247,0,0.187
1,61,1427.214,tutorial,0,1024,640,10.125,1,10.129,10.129,10.000,0,0.037,9.704,0.058,1.197,2.353,0.008,1,1,2435,9658,5,389204,2034,909,1097,300,5,0,5,1,16777216,59,0.237,0,0.204
1,62,1438.447,tutorial,0,1024,640,10.107,1,10.066,10.066,10.000,0,0.078,10.805,0.082,1.279,2.492,0.012,1,1,2435,9658,5,389204,2034,909,1097,305,5,0,5,1,16777216,60,0.246,0,0.260
1,63,1449.841,tutorial,0,1024,640,11.175,1,11.187,11.187,11.000,0,0.064,11.023,0.083,1.216,2.405,0.010,1,1,2435,9658,5,389204,2034,909,1097,310,5,0,5,1,16777216,61,0.237,0,0.215
1,64,1460.346,tutorial,0,1024,640,11.381,1,11.381,11.381,12.000,0,0.062,10.153,0.078,1.215,2.402,0.012,1,1,2435,9658,5,389204,2034,909,1097,315,5,0,5,1,16777216,62,0.248,0,0.201
1,65,1473.366,tutorial,0,1024,640,10.501,1,10.517,10.517,11.000,0,0.050,12.646,0.103,2.054,4.048,0.017,1,1,2435,9658,5,389204,2034,909,1097,320,5,0,5,1,16777216,63,0.233,0,0.214
1,66,1486.213,tutorial,0,1024,640,13.147,1,13.123,13.123,13.000,0,0.073,12.379,0.071,1.213,2.398,0.011,1,1,2435,9658,5,389204,2034,909,1097,325,5,0,5,1,16777216,64,0.247,0,0.316
1,67,1496.821,tutorial,0,1024,640,12.776,1,12.791,12.791,13.000,0,0.058,10.208,0.075,1.212,2.444,0.012,1,1,2435,9658,5,389204,2034,909,1097,330,5,0,5,1,16777216,65,0.238,0,0.261
1,68,1508.057,tutorial,0,1024,640,10.611,1,10.619,10.619,10.000,0,0.050,10.808,0.099,1.223,2.743,0.017,1,1,2435,9658,5,389204,2034,909,1097,335,5,0,5,1,16777216,66,0.241,0,0.271
1,69,1519.810,tutorial,0,1024,640,11.252,1,11.232,11.232,11.000,0,0.069,11.327,0.082,1.224,2.415,0.011,1,1,2435,9658,5,389204,2034,909,1097,340,5,0,5,1,16777216,67,0.237,0,0.267
1,70,1531.284,tutorial,0,1024,640,11.726,1,11.738,11.738,12.000,0,0.058,11.080,0.076,1.221,2.464,0.012,1,1,2435,9658,5,389204,2034,909,1097,345,5,0,5,1,16777216,68,0.245,0,0.252
1,71,1542.503,tutorial,0,1024,640,11.462,1,11.476,11.476,11.000,0,0.044,10.836,0.078,1.207,2.385,0.010,1,1,2435,9658,5,389204,2034,909,1097,350,5,0,5,1,16777216,69,0.235,0,0.254
1,72,1553.968,tutorial,0,1024,640,11.287,1,11.264,11.264,12.000,0,0.066,11.009,0.081,1.216,2.389,0.011,1,1,2435,9658,5,389204,2034,909,1097,355,5,0,5,1,16777216,70,0.246,0,0.298
1,73,1568.117,tutorial,0,1024,640,11.395,1,11.420,11.420,11.000,0,0.042,13.729,0.116,2.077,4.091,0.018,1,1,2435,9658,5,389204,2034,909,1097,360,5,0,5,1,16777216,71,0.236,0,0.254
1,74,1582.157,tutorial,0,1024,640,14.218,1,14.190,14.190,14.000,0,0.070,13.594,0.073,1.223,2.413,0.010,1,1,2435,9658,5,389204,2034,909,1097,365,5,0,5,1,16777216,72,0.241,0,0.295
1,75,1592.493,tutorial,0,1024,640,13.901,1,13.932,13.932,14.000,0,0.040,10.027,0.076,1.210,2.387,0.009,1,1,2435,9658,5,389204,2034,909,1097,370,5,0,5,1,16777216,73,0.234,0,0.187
1,76,1604.119,tutorial,0,1024,640,10.554,1,10.526,10.526,11.000,0,0.061,11.099,0.076,1.214,2.400,0.009,1,1,2435,9658,5,389204,2034,909,1097,375,5,0,5,1,16777216,74,0.248,0,0.377
1,77,1615.209,tutorial,0,1024,640,11.488,1,11.497,11.497,11.000,0,0.057,10.703,0.074,1.207,2.386,0.010,1,1,2435,9658,5,389204,2034,909,1097,380,5,0,5,1,16777216,75,0.238,0,0.248
1,78,1626.592,tutorial,0,1024,640,11.084,1,11.096,11.096,11.000,0,0.046,10.967,0.109,1.339,2.726,0.018,1,1,2435,9658,5,389204,2034,909,1097,385,5,0,5,1,16777216,76,0.250,0,0.253
1,79,1637.903,tutorial,0,1024,640,11.445,1,11.433,11.433,11.000,0,0.057,10.855,0.087,1.214,2.410,0.011,1,1,2435,9658,5,389204,2034,909,1097,390,5,0,5,1,16777216,77,0.236,0,0.304
1,80,1653.968,tutorial,0,1024,640,11.247,1,11.230,11.230,12.000,0,0.073,15.679,0.081,1.706,3.606,0.017,1,1,2435,9658,5,389204,2034,909,1097,395,5,0,5,1,16777216,78,0.243,0,0.221
1,81,1671.127,tutorial,0,1024,640,16.102,1,16.111,16.111,16.000,0,0.066,16.731,0.086,2.017,3.962,0.017,1,1,2435,9658,5,389204,2034,909,1097,400,5,0,5,1,16777216,79,0.232,0,0.270
1,82,1684.406,tutorial,0,1024,640,17.185,1,17.178,17.178,17.000,0,0.072,12.837,0.073,1.257,2.479,0.011,1,1,2435,9658,5,389204,2034,909,1097,405,5,0,5,1,16777216,80,0.240,0,0.289
1,83,1697.766,tutorial,0,1024,640,13.205,1,13.203,13.203,13.000,0,0.074,13.000,0.066,2.010,3.882,0.017,1,1,2435,9658,5,389204,2034,909,1097,410,5,0,5,1,16777216,81,0.233,0,0.213
1,84,1709.697,tutorial,0,1024,640,13.446,1,13.443,13.443,13.000,0,0.076,11.482,0.068,1.355,2.611,0.012,1,1,2435,9658,5,389204,2034,909,1097,415,5,0,5,1,16777216,82,0.245,0,0.295
1,85,1722.948,tutorial,0,1024,640,12.678,1,12.677,12.677,13.000,0,0.076,12.054,0.068,1.225,2.409,0.010,1,1,2435,9658,5,389204,2034,909,1097,420,5,0,5,1,16777216,83,0.238,0,1.041
1,86,1736.351,tutorial,0,1024,640,12.603,1,12.454,12.454,13.000,0,0.069,12.850,0.073,1.242,2.592,0.014,1,1,2435,9658,5,389204,2034,909,1097,425,5,0,5,1,16777216,84,0.248,0,0.245
1,87,1748.552,tutorial,0,1024,640,13.845,1,14.001,14.001,14.000,0,0.070,11.199,0.082,1.214,2.798,0.014,1,1,2435,9658,5,389204,2034,909,1097,430,5,0,5,1,16777216,85,0.235,0,0.831
1,88,1759.495,tutorial,0,1024,640,11.630,1,11.653,11.653,12.000,0,0.047,10.521,0.073,1.227,2.414,0.010,1,1,2435,9658,5,389204,2034,909,1097,435,5,0,5,1,16777216,86,0.241,0,0.295
1,89,1770.362,tutorial,0,1024,640,10.863,1,10.868,10.868,11.000,0,0.042,10.529,0.069,1.270,2.449,0.011,1,1,2435,9658,5,389204,2034,909,1097,440,5,0,5,1,16777216,87,0.235,0,0.220
1,90,1781.553,tutorial,0,1024,640,10.860,1,10.833,10.833,10.000,0,0.068,10.847,0.080,1.221,2.405,0.011,1,1,2435,9658,5,389204,2034,909,1097,445,5,0,5,1,16777216,88,0.225,0,0.186
1,91,1792.656,tutorial,0,1024,640,11.260,1,11.251,11.251,11.000,0,0.076,10.703,0.069,1.270,2.446,0.010,1,1,2435,9658,5,389204,2034,909,1097,450,5,0,5,1,16777216,89,0.236,0,0.245
1,92,1804.823,tutorial,0,1024,640,11.030,1,11.043,11.043,11.000,0,0.063,11.840,0.068,1.284,2.483,0.011,1,1,2435,9658,5,389204,2034,909,1097,455,5,0,5,1,16777216,90,0.241,0,0.187
1,93,1815.607,tutorial,0,1024,640,12.169,1,12.169,12.169,13.000,0,0.063,10.427,0.094,1.219,2.390,0.010,1,1,2435,9658,5,389204,2034,909,1097,460,5,0,5,1,16777216,91,0.233,0,0.190
1,94,1826.072,tutorial,0,1024,640,10.809,1,10.814,10.814,10.000,0,0.043,10.108,0.072,1.345,2.518,0.010,1,1,2435,9658,5,389204,2034,909,1097,465,5,0,5,1,16777216,92,0.245,0,0.219
1,95,1836.347,tutorial,0,1024,640,10.426,1,10.441,10.441,11.000,0,0.041,9.967,0.062,1.210,2.380,0.009,1,1,2435,9658,5,389204,2034,909,1097,470,5,0,5,1,16777216,93,0.232,0,0.197
1,96,1846.699,tutorial,0,1024,640,10.309,1,10.300,10.300,10.000,0,0.052,10.012,0.060,1.201,2.373,0.009,1,1,2435,9658,5,389204,2034,909,1097,475,5,0,5,1,16777216,94,0.247,0,0.222
1,97,1857.159,tutorial,0,1024,640,10.299,1,10.303,10.303,10.000,0,0.049,10.161,0.072,1.336,2.517,0.010,1,1,2435,9658,5,389204,2034,909,1097,480,5,0,5,1,16777216,95,0.238,0,0.173
1,98,1875.284,tutorial,0,1024,640,10.637,1,10.616,10.616,11.000,0,0.067,17.533,0.186,2.064,4.101,0.016,1,1,2435,9658,5,389204,2034,909,1097,485,5,0,5,1,16777216,96,0.243,0,0.328
1,99,1886.397,tutorial,0,1024,640,18.275,1,18.260,18.260,18.000,0,0.083,10.441,0.118,1.272,2.590,0.014,1,1,2435,9658,5,389204,2034,909,1097,490,5,0,5,1,16777216,97,0.234,0,0.461
1,100,1896.803,tutorial,0,1024,640,10.823,1,10.859,10.859,12.000,0,0.048,10.072,0.070,1.224,2.417,0.010,1,1,2435,9658,5,389204,2034,909,1097,495,5,0,5,1,16777216,98,0.230,0,0.208
1,101,1907.473,tutorial,0,1024,640,10.380,1,10.385,10.385,10.000,0,0.044,10.360,0.071,1.259,2.470,0.011,1,1,2435,9658,5,389204,2034,909,1097,500,5,0,5,1,16777216,99,0.235,0,0.187
1,102,1918.633,tutorial,0,1024,640,10.679,1,10.678,10.678,10.000,0,0.045,10.844,0.069,1.283,2.597,0.011,1,1,2435,9658,5,389204,2034,909,1097,505,5,0,5,1,16777216,100,0.247,0,0.196
1,103,1928.821,tutorial,0,1024,640,11.233,1,11.214,11.214,12.000,0,0.063,9.807,0.062,1.218,2.379,0.009,1,1,2435,9658,5,389204,2034,909,1097,510,5,0,5,1,16777216,101,0.236,0,0.250
1,104,1939.245,tutorial,0,1024,640,10.223,1,10.224,10.224,10.000,0,0.060,10.001,0.069,1.265,2.451,0.010,1,1,2435,9658,5,389204,2034,909,1097,515,5,0,5,1,16777216,102,0.246,0,0.286
1,105,1949.594,tutorial,0,1024,640,10.314,1,10.326,10.326,10.000,0,0.048,10.038,0.067,1.390,2.560,0.009,1,1,2435,9658,5,389204,2034,909,1097,520,5,0,5,1,16777216,103,0.230,0,0.190
1,106,1959.828,tutorial,0,1024,640,10.370,1,10.367,10.367,11.000,0,0.052,9.908,0.061,1.255,2.481,0.009,1,1,2435,9658,5,389204,2034,909,1097,525,5,0,5,1,16777216,104,0.240,0,0.208
1,107,1970.303,tutorial,0,1024,640,10.218,1,10.212,10.212,9.000,0,0.057,10.160,0.067,1.212,2.453,0.010,1,1,2435,9658,5,389204,2034,909,1097,530,5,0,5,1,16777216,105,0.232,0,0.185
1,108,1980.953,tutorial,0,1024,640,10.490,1,10.484,10.484,11.000,0,0.062,10.310,0.075,1.366,2.544,0.010,1,1,2435,9658,5,389204,2034,909,1097,535,5,0,5,1,16777216,106,0.239,0,0.192
1,109,1991.618,tutorial,0,1024,640,10.701,1,10.704,10.704,11.000,0,0.060,10.274,0.076,1.205,2.411,0.010,1,1,2435,9658,5,389204,2034,909,1097,540,5,0,5,1,16777216,107,0.235,0,0.248
1,110,2009.567,tutorial,0,1024,640,10.680,1,10.676,10.676,11.000,0,0.064,17.533,0.085,2.468,4.575,0.019,1,1,2435,9658,5,389204,2034,909,1097,545,5,0,5,1,16777216,108,0.250,0,0.259
1,111,2026.382,tutorial,0,1024,640,18.025,1,18.022,18.022,18.000,0,0.067,16.309,0.099,2.191,4.387,0.016,1,1,2435,9658,5,389204,2034,909,1097,550,5,0,5,1,16777216,109,0.235,0,0.331
1,112,2039.797,tutorial,0,1024,640,16.853,1,16.847,16.847,17.000,0,0.073,12.725,0.244,1.501,3.418,0.016,1,1,2435,9658,5,389204,2034,909,1097,555,5,0,5,1,16777216,110,0.250,0,0.362
1,113,2052.642,tutorial,0,1024,640,13.387,1,13.385,13.385,13.000,0,0.073,12.311,0.115,1.213,2.453,0.013,1,1,2435,9658,5,389204,2034,909,1097,560,5,0,5,1,16777216,111,0.240,0,0.332
1,114,2069.476,tutorial,0,1024,640,12.775,1,12.786,12.786,13.000,0,0.063,16.347,0.138,1.632,4.115,0.021,1,1,2435,9658,5,389204,2034,909,1097,565,5,0,5,1,16777216,112,0.340,0,0.273
1,115,2085.940,tutorial,0,1024,640,16.848,1,16.859,16.859,16.000,0,0.054,16.011,0.089,1.944,3.864,0.013,1,1,2435,9658,5,389204,2034,909,1097,570,5,0,5,1,16777216,113,0.321,0,0.299
1,116,2101.473,tutorial,0,1024,640,16.434,1,16.425,16.425,17.000,0,0.063,15.090,0.113,2.012,3.986,0.017,1,1,2435,9658,5,389204,2034,909,1097,575,5,0,5,1,16777216,114,0.247,0,0.262
1,117,2119.182,tutorial,0,1024,640,15.582,1,15.564,15.564,16.000,0,0.079,17.222,0.108,2.010,4.005,0.018,1,1,2435,9658,5,389204,2034,909,1097,580,5,0,5,1,16777216,115,0.280,0,0.291
1,118,2136.396,tutorial,0,1024,640,17.717,1,17.712,17.712,17.000,0,0.084,16.725,0.103,1.905,3.746,0.016,1,1,2435,9658,5,389204,2034,909,1097,585,5,0,5,1,16777216,116,0.244,0,0.295
1,119,2154.924,tutorial,0,1024,640,17.215,1,17.231,17.231,18.000,0,0.067,18.037,0.102,1.953,3.836,0.016,1,1,2435,9658,5,389204,2034,909,1097,590,5,0,5,1,16777216,117,0.236,0,0.311
1,120,2171.254,tutorial,0,1024,640,18.501,1,18.500,18.500,18.000,0,0.069,15.880,0.088,1.379,2.567,0.014,1,1,2435,9658,5,389204,2034,909,1097,595,5,0,5,1,16777216,118,0.248,0,0.285
1,121,2181.863,tutorial,0,1024,640,16.226,1,16.251,16.251,17.000,0,0.045,10.255,0.095,1.211,2.408,0.011,1,1,2435,9658,5,389204,2034,909,1097,600,5,0,5,1,16777216,119,0.241,0,0.206
1,122,2192.158,tutorial,0,1024,640,10.613,1,10.613,10.613,10.000,0,0.045,9.955,0.077,1.211,2.378,0.010,1,1,2435,9658,5,389204,2034,909,1097,605,5,0,5,1,16777216,120,0.252,0,0.210
1,123,2202.387,tutorial,0,1024,640,10.321,1,10.324,10.324,11.000,0,0.042,9.867,0.073,1.213,2.378,0.010,1,1,2435,9658,5,389204,2034,909,1097,610,5,0,5,1,16777216,121,0.240,0,0.238
1,124,2213.590,tutorial,0,1024,640,10.272,1,10.246,10.246,9.000,0,0.063,10.784,0.088,1.205,2.382,0.010,1,1,2435,9658,5,389204,2034,909,1097,615,5,0,5,1,16777216,122,0.248,0,0.256
1,125,2223.923,tutorial,0,1024,640,11.120,1,11.147,11.147,11.000,0,0.040,10.012,0.074,1.206,2.393,0.010,1,1,2435,9658,5,389204,2034,909,1097,620,5,0,5,1,16777216,123,0.237,0,0.201
1,126,2234.205,tutorial,0,1024,640,10.337,1,10.327,10.327,11.000,0,0.049,9.963,0.068,1.215,2.379,0.011,1,1,2435,9658,5,389204,2034,909,1097,625,5,0,5,1,16777216,124,0.246,0,0.195
1,127,2244.396,tutorial,0,1024,640,10.275,1,10.277,10.277,11.000,0,0.049,9.869,0.078,1.212,2.377,0.011,1,1,2435,9658,5,389204,2034,909,1097,630,5,0,5,1,16777216,125,0.240,0,0.189
1,128,2258.932,tutorial,0,1024,640,10.197,1,10.205,10.205,9.000,0,0.040,14.197,0.089,1.339,2.519,0.012,1,1,2435,9658,5,389204,2034,909,1097,635,5,0,5,1,16777216,126,0.247,0,0.203
1,129,2269.577,tutorial,0,1024,640,14.606,1,14.574,14.574,15.000,0,0.071,10.246,0.079,1.207,2.388,0.011,1,1,2435,9658,5,389204,2034,909,1097,640,5,0,5,1,16777216,127,0.237,0,0.241
1,130,2280.608,tutorial,0,1024,640,10.590,1,10.602,10.602,10.000,0,0.059,10.673,0.093,1.224,2.406,0.011,1,1,2435,9658,5,389204,2034,909,1097,645,5,0,5,1,16777216,128,0.250,0,0.198
1,131,2290.804,tutorial,0,1024,640,11.017,1,11.033,11.033,12.000,0,0.044,9.875,0.071,1.215,2.379,0.009,1,1,2435,9658,5,389204,2034,909,1097,650,5,0,5,1,16777216,129,0.236,0,0.201
1,132,2302.132,tutorial,0,1024,640,10.177,1,10.179,10.179,10.000,0,0.041,11.006,0.089,1.220,2.436,0.012,1,1,2435,9658,5,389204,2034,909,1097,655,5,0,5,1,16777216,130,0.250,0,0.184
1,133,2312.871,tutorial,0,1024,640,11.385,1,11.379,11.379,10.000,0,0.047,10.374,0.076,1.226,2.403,0.011,1,1,2435,9658,5,389204,2034,909,1097,660,5,0,5,1,16777216,131,0.236,0,0.235
1,134,2323.108,tutorial,0,1024,640,10.727,1,10.730,10.730,12.000,0,0.044,9.888,0.071,1.213,2.385,0.010,1,1,2435,9658,5,389204,2034,909,1097,665,5,0,5,1,16777216,132,0.246,0,0.226
1,135,2333.554,tutorial,0,1024,640,10.233,1,10.236,10.236,10.000,0,0.043,10.090,0.082,1.208,2.404,0.012,1,1,2435,9658,5,389204,2034,909,1097,670,5,0,5,1,16777216,133,0.240,0,0.224
1,136,2343.769,tutorial,0,1024,640,10.436,1,10.434,10.434,11.000,0,0.044,9.878,0.073,1.209,2.391,0.011,1,1,2435,9658,5,389204,2034,909,1097,675,5,0,5,1,16777216,134,0.240,0,0.213
1,137,2353.963,tutorial,0,1024,640,10.185,1,10.189,10.189,10.000,0,0.041,9.883,0.077,1.209,2.385,0.010,1,1,2435,9658,5,389204,2034,909,1097,680,5,0,5,1,16777216,135,0.234,0,0.187
1,138,2364.889,tutorial,0,1024,640,10.205,1,10.199,10.199,10.000,0,0.046,10.598,0.083,1.220,2.398,0.011,1,1,2435,9658,5,389204,2034,909,1097,685,5,0,5,1,16777216,136,0.240,0,0.190
1,139,2375.236,tutorial,0,1024,640,10.947,1,10.938,10.938,11.000,0,0.055,10.002,0.080,1.222,2.409,0.011,1,1,2435,9658,5,389204,2034,909,1097,690,5,0,5,1,16777216,137,0.233,0,0.205
1,140,2385.415,tutorial,0,1024,640,10.356,1,10.343,10.343,10.000,0,0.068,9.830,0.073,1.205,2.377,0.010,1,1,2435,9658,5,389204,2034,909,1097,695,5,0,5,1,16777216,138,0.247,0,0.200
1,141,2395.718,tutorial,0,1024,640,10.149,1,10.172,10.172,10.000,0,0.044,9.984,0.074,1.209,2.393,0.011,1,1,2435,9658,5,389204,2034,909,1097,700,5,0,5,1,16777216,139,0.237,0,0.193
1,142,2405.937,tutorial,0,1024,640,10.297,1,10.302,10.302,10.000,0,0.040,9.912,0.068,1.270,2.441,0.010,1,1,2435,9658,5,389204,2034,909,1097,705,5,0,5,1,16777216,140,0.246,0,0.193
1,143,2417.028,tutorial,0,1024,640,10.241,1,10.225,10.225,11.000,0,0.056,10.748,0.081,1.224,2.447,0.011,1,1,2435,9658,5,389204,2034,909,1097,710,5,0,5,1,16777216,141,0.235,0,0.199
1,144,2429.095,tutorial,0,1024,640,11.069,1,11.082,11.082,11.000,0,0.042,11.727,0.101,1.624,3.408,0.015,1,1,2435,9658,5,389204,2034,909,1097,715,5,0,5,1,16777216,142,0.243,0,0.190
1,145,2440.781,tutorial,0,1024,640,12.159,1,12.137,12.137,12.000,0,0.065,11.270,0.085,1.224,2.404,0.011,1,1,2435,9658,5,389204,2034,909,1097,720,5,0,5,1,16777216,143,0.234,0,0.259
1,146,2451.073,tutorial,0,1024,640,11.621,1,11.643,11.643,12.000,0,0.043,9.952,0.072,1.218,2.424,0.011,1,1,2435,9658,5,389204,2034,909,1097,725,5,0,5,1,16777216,144,0.243,0,0.216
1,147,2461.276,tutorial,0,1024,640,10.275,1,10.274,10.274,10.000,0,0.044,9.880,0.073,1.217,2.386,0.010,1,1,2435,9658,5,389204,2034,909,1097,730,5,0,5,1,16777216,145,0.237,0,0.200
1,148,2476.608,tutorial,0,1024,640,10.227,1,10.227,10.227,10.000,0,0.044,14.969,0.090,1.280,2.477,0.011,1,1,2434,9656,5,389060,2034,909,1097,735,5,0,5,1,16777216,146,0.244,0,0.222
1,149,2494.445,tutorial,0,1024,640,15.359,1,15.338,15.338,15.000,0,0.063,17.420,0.116,2.064,4.069,0.018,1,1,2434,9656,5,389060,2034,909,1097,740,5,0,5,1,16777216,147,0.235,0,0.228
1,150,2510.861,tutorial,0,1024,640,17.900,1,17.894,17.894,19.000,0,0.069,15.946,0.107,1.284,3.021,0.021,1,1,2434,9656,5,389060,2034,909,1097,745,5,0,5,1,16777216,148,0.190,0,0.286
1,151,2529.866,tutorial,0,1024,640,16.438,1,16.437,16.437,16.000,0,0.069,18.491,0.129,2.084,4.127,0.018,1,1,2434,9656,5,389060,2034,909,1097,750,5,0,5,1,16777216,149,0.185,0,0.307
1,152,2547.151,tutorial,0,1024,640,19.007,1,18.997,18.997,19.000,0,0.079,16.793,0.105,1.421,3.463,0.016,1,1,2434,9656,5,389060,2034,909,1097,755,5,0,5,1,16777216,150,0.188,0,0.299
1,153,2565.701,tutorial,0,1024,640,17.325,1,17.320,17.320,17.000,0,0.073,17.989,0.133,2.049,4.061,0.019,1,1,2434,9656,5,389060,2034,909,1097,760,5,0,5,1,16777216,151,0.184,0,0.334
1,154,2582.026,tutorial,0,1024,640,18.479,1,18.508,18.508,18.000,0,0.055,15.860,0.109,1.999,3.326,0.018,1,1,2434,9656,5,389060,2034,909,1097,765,5,0,5,1,16777216,152,0.191,0,0.293
1,155,2598.207,tutorial,0,1024,640,16.347,1,16.327,16.327,17.000,0,0.074,15.702,0.101,1.756,3.168,0.011,1,1,2434,9656,5,389060,2034,909,1097,770,5,0,5,1,16777216,153,0.187,0,0.295
1,156,2614.565,tutorial,0,1024,640,16.134,1,16.143,16.143,17.000,0,0.065,15.940,0.087,1.215,2.428,0.012,1,1,2434,9656,5,389060,2034,909,1097,775,5,0,5,1,16777216,154,0.197,0,0.258
1,157,2625.429,tutorial,0,1024,640,16.294,1,16.293,16.293,16.000,0,0.067,10.488,0.109,1.218,2.409,0.012,1,1,2434,9656,5,389060,2034,909,1097,780,5,0,5,1,16777216,155,0.187,0,0.193
1,158,2638.310,tutorial,0,1024,640,10.982,1,10.984,10.984,10.000,0,0.064,12.392,0.104,1.440,2.961,0.018,1,1,2434,9656,5,389060,2034,909,1097,785,5,0,5,1,16777216,156,0.195,0,0.312
1,159,2650.193,tutorial,0,1024,640,12.877,1,12.868,12.868,14.000,0,0.072,11.385,0.117,1.275,2.467,0.012,1,1,2434,9656,5,389060,2034,909,1097,790,5,0,5,1,16777216,157,0.187,0,0.299
1,160,2662.225,tutorial,0,1024,640,11.825,1,11.829,11.829,12.000,0,0.068,11.623,0.086,1.260,2.465,0.012,1,1,2434,9656,5,389060,2034,909,1097,795,5,0,5,1,16777216,158,0.195,0,0.246
1,161,2678.234,tutorial,0,1024,640,12.013,1,12.037,12.037,11.000,0,0.045,15.577,0.128,1.549,3.573,0.019,1,1,2434,9656,5,389060,2034,909,1097,800,5,0,5,1,16777216,159,0.184,0,0.251
1,162,2691.793,tutorial,0,1024,640,16.109,1,16.075,16.075,16.000,0,0.078,13.065,0.090,1.223,2.406,0.011,1,1,2434,9656,5,389060,2034,909,1097,805,5,0,5,1,16777216,160,0.197,0,0.316
1,163,2707.749,tutorial,0,1024,640,13.420,1,13.438,13.438,14.000,0,0.061,15.587,0.105,1.229,2.451,0.013,1,1,2434,9656,5,389060,2034,909,1097,810,5,0,5,1,16777216,161,0.186,0,0.196
1,164,2718.801,tutorial,0,1024,640,15.996,1,16.010,16.010,16.000,0,0.047,10.658,0.090,1.223,2.423,0.012,1,1,2434,9656,5,389060,2034,909,1097,815,5,0,5,1,16777216,162,0.191,0,0.250
1,165,2731.750,tutorial,0,1024,640,11.624,1,11.616,11.616,11.000,0,0.051,11.950,0.123,2.012,3.600,0.014,1,1,2434,9656,5,389060,2034,909,1097,820,5,0,5,1,16777216,163,0.185,0,0.815
1,166,2745.469,tutorial,0,1024,640,12.372,1,12.378,12.378,13.000,0,0.049,13.303,0.115,1.212,2.474,0.013,1,1,2434,9656,5,389060,2034,909,1097,825,5,0,5,1,16777216,164,0.199,0,0.243
1,167,2756.729,tutorial,0,1024,640,13.729,1,13.731,13.731,13.000,0,0.048,10.844,0.107,1.239,2.442,0.011,1,1,2434,9656,5,389060,2034,909,1097,830,5,0,5,1,16777216,165,0.183,0,0.255
1,168,2768.223,tutorial,0,1024,640,11.230,1,11.216,11.216,12.000,0,0.061,11.120,0.095,1.216,2.395,0.011,1,1,2434,9656,5,389060,2034,909,1097,835,5,0,5,1,16777216,166,0.193,0,0.210
1,169,2780.461,tutorial,0,1024,640,11.568,1,11.553,11.553,11.000,0,0.075,11.757,0.127,2.049,4.004,0.018,1,1,2434,9656,5,389060,2034,909,1097,840,5,0,5,1,16777216,167,0.185,0,0.270
1,170,2792.133,tutorial,0,1024,640,12.289,1,12.288,12.288,13.000,0,0.075,11.178,0.089,1.215,2.493,0.013,1,1,2434,9656,5,389060,2034,909,1097,845,5,0,5,1,16777216,168,0.196,0,0.319
1,171,2802.597,tutorial,0,1024,640,11.598,1,11.612,11.612,12.000,0,0.062,10.038,0.095,1.213,2.374,0.010,1,1,2434,9656,5,389060,2034,909,1097,850,5,0,5,1,16777216,169,0.184,0,0.260
1,172,2815.231,tutorial,0,1024,640,10.430,1,10.450,10.450,10.000,0,0.043,12.262,0.077,1.208,2.395,0.011,1,1,2434,9656,5,389060,2034,909,1097,855,5,0,5,1,16777216,170,0.198,0,0.245
1,173,2826.442,tutorial,0,1024,640,12.604,1,12.583,12.583,12.000,0,0.063,10.844,0.101,1.213,2.400,0.011,1,1,2434,9656,5,389060,2034,909,1097,860,5,0,5,1,16777216,171,0.185,0,0.195
1,174,2838.080,tutorial,0,1024,640,11.344,1,11.288,11.288,12.000,0,0.077,11.116,0.123,1.216,2.481,0.016,1,1,2434,9656,5,389060,2034,909,1097,865,5,0,5,1,16777216,172,0.207,0,0.272
1,175,2850.709,tutorial,0,1024,640,11.572,1,11.635,11.635,11.000,0,0.056,12.202,0.094,1.233,2.431,0.012,1,1,2434,9656,5,389060,2034,909,1097,870,5,0,5,1,16777216,173,0.184,0,0.268
1,176,2861.316,tutorial,0,1024,640,12.562,1,12.551,12.551,13.000,0,0.067,10.229,0.112,1.219,2.391,0.011,1,1,2434,9656,5,389060,2034,909,1097,875,5,0,5,1,16777216,174,0.194,0,0.191
1,177,2872.690,tutorial,0,1024,640,10.667,1,10.667,10.667,10.000,0,0.068,10.959,0.089,1.211,2.395,0.011,1,1,2434,9656,5,389060,2034,909,1097,880,5,0,5,1,16777216,175,0.188,0,0.250
1,178,2883.736,tutorial,0,1024,640,11.378,1,11.380,11.380,12.000,0,0.065,10.602,0.114,1.218,2.396,0.011,1,1,2434,9656,5,389060,2034,909,1097,885,5,0,5,1,16777216,176,0.196,0,0.256
1,179,2894.581,tutorial,0,1024,640,11.040,1,11.038,11.038,11.000,0,0.068,10.425,0.095,1.205,2.394,0.014,1,1,2434,9656,5,389060,2034,909,1097,890,5,0,5,1,16777216,177,0.183,0,0.248
1,180,2907.746,tutorial,0,1024,640,10.863,1,10.868,10.868,10.000,0,0.063,12.685,0.137,1.225,2.415,0.011,1,1,2434,9656,5,389060,2034,909,1097,895,5,0,5,1,16777216,178,0.196,0,0.272
1,181,2918.768,tutorial,0,1024,640,13.213,1,13.207,13.207,13.000,0,0.069,10.542,0.090,1.728,2.930,0.012,1,1,2434,9656,5,389060,2034,909,1097,900,5,0,5,1,16777216,179,0.185,0,0.314
1,182,2930.908,tutorial,0,1024,640,10.971,1,10.971,10.971,12.000,0,0.069,11.662,0.138,1.261,3.236,0.017,1,1,2434,9656,5,389060,2034,909,1097,905,5,0,5,1,16777216,180,0.192,0,0.263
1,183,2944.043,tutorial,0,1024,640,12.171,1,12.167,12.167,12.000,0,0.072,12.678,0.087,1.326,2.560,0.014,1,1,2434,9656,5,389060,2034,909,1097,910,5,0,5,1,16777216,181,0.184,0,0.290
1,184,2955.795,tutorial,0,1024,640,13.070,1,13.081,13.081,13.000,0,0.062,11.332,0.115,1.224,2.400,0.030,1,1,2434,9656,5,389060,2034,909,1097,915,5,0,5,1,16777216,182,0.191,0,0.235
1,185,2968.686,tutorial,0,1024,640,11.765,1,11.765,11.765,11.000,0,0.062,12.487,0.084,1.251,2.434,0.011,1,1,2434,9656,5,389060,2034,909,1097,920,5,0,5,1,16777216,183,0.185,0,0.249
1,186,2983.165,tutorial,0,1024,640,12.889,1,12.888,12.888,14.000,0,0.063,14.051,0.112,1.787,2.956,0.011,1,1,2434,9656,5,389060,2034,909,1097,925,5,0,5,1,16777216,184,0.200,0,0.246
1,187,2995.554,tutorial,0,1024,640,14.483,1,14.480,14.480,15.000,0,0.065,11.963,0.106,1.217,2.403,0.011,1,1,2434,9656,5,389060,2034,909,1097,930,5,0,5,1,16777216,185,0.185,0,0.246
1,188,3008.256,tutorial,0,1024,640,12.352,1,12.374,12.374,11.000,0,0.044,12.311,0.107,1.221,2.809,0.018,1,1,2434,9656,5,389060,2034,909,1097,935,5,0,5,1,16777216,186,0.195,0,0.232
1,189,3020.244,tutorial,0,1024,640,12.709,1,12.707,12.707,14.000,0,0.046,11.600,0.096,1.219,2.408,0.011,1,1,2434,9656,5,389060,2034,909,1097,940,5,0,5,1,16777216,187,0.185,0,0.237
1,190,3031.186,tutorial,0,1024,640,11.948,1,11.947,11.947,11.000,0,0.048,10.586,0.106,1.225,2.397,0.011,1,1,2434,9656,5,389060,2034,909,1097,945,5,0,5,1,16777216,188,0.200,0,0.196
1,191,3042.504,tutorial,0,1024,640,11.177,1,11.148,11.148,12.000,0,0.075,10.748,0.084,1.218,2.388,0.010,1,1,2434,9656,5,389060,2034,909,1097,950,5,0,5,1,16777216,189,0.189,0,0.400
1,192,3057.058,tutorial,0,1024,640,11.155,1,11.165,11.165,10.000,0,0.064,14.106,0.126,1.574,3.586,0.021,1,1,2434,9656,5,389060,2034,909,1097,955,5,0,5,1,16777216,190,0.200,0,0.248
1,193,3072.747,tutorial,0,1024,640,14.638,1,14.624,14.624,15.000,0,0.079,15.187,0.095,1.841,3.113,0.016,1,1,2434,9656,5,389060,2034,909,1097,960,5,0,5,1,16777216,191,0.188,0,0.318
1,194,3088.628,tutorial,0,1024,640,15.650,1,15.660,15.660,16.000,0,0.069,15.423,0.090,1.727,3.457,0.018,1,1,2434,9656,5,389060,2034,909,1097,965,5,0,5,1,16777216,192,0.195,0,0.290
1,195,3104.478,tutorial,0,1024,640,15.900,1,15.896,15.896,16.000,0,0.073,15.360,0.102,1.820,3.742,0.016,1,1,2434,9656,5,389060,2034,909,1097,970,5,0,5,1,16777216,193,0.185,0,0.305
1,196,3118.608,tutorial,0,1024,640,15.812,1,15.814,15.814,16.000,0,0.072,13.662,0.119,1.246,2.569,0.013,1,1,2434,9656,5,389060,2034,909,1097,975,5,0,5,1,16777216,194,0.200,0,0.269
1,197,3135.919,tutorial,0,1024,640,14.125,1,14.132,14.132,14.000,0,0.065,16.875,0.092,2.069,3.928,0.016,1,1,2434,9656,5,389060,2034,909,1097,980,5,0,5,1,16777216,195,0.184,0,0.270
1,198,3153.103,tutorial,0,1024,640,17.302,1,17.297,17.297,16.000,0,0.070,16.702,0.147,2.012,3.975,0.018,1,1,2434,9656,5,389060,2034,909,1097,985,5,0,5,1,16777216,196,0.193,0,0.257
1,199,3168.098,tutorial,0,1024,640,17.221,1,17.219,17.219,18.000,0,0.072,14.519,0.104,1.236,2.713,0.017,1,1,2434,9656,5,389060,2034,909,1097,990,5,0,5,1,16777216,197,0.188,0,0.292
1,200,3185.485,tutorial,0,1024,640,14.956,1,14.965,14.965,15.000,0,0.064,16.927,0.127,1.444,3.201,0.033,1,1,2434,9656,5,389060,2034,909,1097,995,5,0,5,1,16777216,198,0.192,0,0.262
1,201,3199.637,tutorial,0,1024,640,17.471,1,17.435,17.435,17.000,0,0.098,13.439,0.296,1.687,3.692,0.019,1,1,2434,9656,5,389060,2034,909,1097,1000,5,0,5,1,16777216,199,0.184,0,0.308
1,202,3215.695,tutorial,0,1024,640,14.120,1,14.137,14.137,14.000,0,0.082,15.553,0.120,1.927,3.654,0.020,1,1,2434,9656,5,389060,2034,909,1097,1005,5,0,5,1,16777216,200,0.192,0,0.293
1,203,3230.817,tutorial,0,1024,640,16.060,1,16.063,16.063,17.000,0,0.080,14.628,0.106,1.982,3.910,0.019,1,1,2434,9656,5,389060,2034,909,1097,1010,5,0,5,1,16777216,201,0.188,0,0.299
1,204,3243.370,tutorial,0,1024,640,15.113,1,15.115,15.115,15.000,0,0.077,12.076,0.099,1.232,2.401,0.011,1,1,2434,9656,5,389060,2034,909,1097,1015,5,0,5,1,16777216,202,0.195,0,0.292
1,205,3255.624,tutorial,0,1024,640,12.530,1,12.539,12.539,13.000,0,0.068,11.797,0.091,1.221,3.035,0.019,1,1,2434,9656,5,389060,2034,909,1097,1020,5,0,5,1,16777216,203,0.184,0,0.279
1,206,3271.058,tutorial,0,1024,640,12.270,1,12.264,12.264,11.000,0,0.074,14.945,0.118,1.438,3.365,0.018,1,1,2434,9656,5,389060,2034,909,1097,1025,5,0,5,1,16777216,204,0.194,0,0.289
1,207,3289.156,tutorial,0,1024,640,15.428,1,15.431,15.431,16.000,0,0.070,17.626,0.106,1.970,3.947,0.014,1,1,2434,9656,5,389060,2034,909,1097,1030,5,0,5,1,16777216,205,0.187,0,0.286
1,208,3303.062,tutorial,0,1024,640,18.103,1,18.104,18.104,18.000,0,0.071,13.416,0.121,1.379,2.570,0.012,1,1,2434,9656,5,389060,2034,909,1097,1035,5,0,5,1,16777216,206,0.193,0,0.292
1,209,3318.475,tutorial,0,1024,640,13.860,1,13.852,13.852,14.000,0,0.077,14.994,0.096,1.483,3.405,0.020,1,1,2434,9656,5,389060,2034,909,1097,1040,5,0,5,1,16777216,207,0.187,0,0.237
1,210,3334.266,tutorial,0,1024,640,15.457,1,15.462,15.462,16.000,0,0.073,15.308,0.114,1.230,2.428,0.012,1,1,2434,9656,5,389060,2034,909,1097,1045,5,0,5,1,16777216,208,0.192,0,0.287
1,211,3350.573,tutorial,0,1024,640,15.714,1,15.741,15.741,15.000,0,0.047,15.920,0.095,2.054,4.050,0.021,1,1,2434,9656,5,389060,2034,909,1097,1050,5,0,5,1,16777216,209,0.183,0,0.237
1,212,3367.169,tutorial,0,1024,640,16.410,1,16.375,16.375,16.000,0,0.081,16.086,0.116,1.355,2.942,0.022,1,1,2434,9656,5,389060,2034,909,1097,1055,5,0,5,1,16777216,210,0.190,0,0.304
1,213,3384.565,tutorial,0,1024,640,16.613,1,16.606,16.606,17.000,0,0.084,16.890,0.094,1.966,3.859,0.021,1,1,2434,9656,5,389060,2034,909,1097,1060,5,0,5,1,16777216,211,0.183,0,0.314
1,214,3397.779,tutorial,0,1024,640,17.401,1,17.416,17.416,17.000,0,0.073,12.691,0.107,1.229,2.506,0.015,1,1,2434,9656,5,389060,2034,909,1097,1065,5,0,5,1,16777216,212,0.182,0,0.335
1,215,3409.441,tutorial,0,1024,640,13.164,1,13.164,13.164,14.000,0,0.073,11.213,0.082,1.266,2.652,0.014,1,1,2434,9656,5,389060,2034,909,1097,1070,5,0,5,1,16777216,213,0.186,0,0.285
1,216,3421.532,tutorial,0,1024,640,11.592,1,11.604,11.604,11.000,0,0.062,11.589,0.204,1.416,3.115,0.019,1,1,2434,9656,5,389060,2034,909,1097,1075,5,0,5,1,16777216,214,0.191,0,0.226
1,217,3433.549,tutorial,0,1024,640,12.204,1,12.181,12.181,13.000,0,0.083,11.500,0.107,1.227,2.401,0.011,1,1,2434,9656,5,389060,2034,909,1097,1080,5,0,5,1,16777216,215,0.186,0,0.316
1,218,3450.890,tutorial,0,1024,640,12.027,1,12.004,12.004,11.000,0,0.106,16.818,0.103,2.017,4.002,0.015,1,1,2434,9656,5,389060,2034,909,1097,1085,5,0,5,1,16777216,216,0.196,0,0.303
1,219,3467.933,tutorial,0,1024,640,17.273,1,17.315,17.315,18.000,0,0.067,16.563,0.128,2.009,3.980,0.019,1,1,2434,9656,5,389060,2034,909,1097,1090,5,0,5,1,16777216,217,0.184,0,0.277
1,220,3485.694,tutorial,0,1024,640,17.071,1,17.063,17.063,17.000,0,0.074,17.288,0.093,2.070,3.480,0.013,1,1,2434,9656,5,389060,2034,909,1097,1095,5,0,5,1,16777216,218,0.197,0,0.297
1,221,3502.481,tutorial,0,1024,640,17.728,1,17.733,17.733,17.000,0,0.070,16.305,0.135,2.084,4.072,0.018,1,1,2434,9656,5,389060,2034,909,1097,1100,5,0,5,1,16777216,219,0.184,0,0.269
1,222,3518.370,tutorial,0,1024,640,16.821,1,16.815,16.815,17.000,0,0.074,15.407,0.101,1.687,3.669,0.020,1,1,2434,9656,5,389060,2034,909,1097,1105,5,0,5,1,16777216,220,0.192,0,0.298
1,223,3530.007,tutorial,0,1024,640,15.885,1,15.880,15.880,17.000,0,0.078,11.141,0.120,1.741,3.148,0.014,1,1,2434,9656,5,389060,2034,909,1097,1110,5,0,5,1,16777216,221,0.184,0,0.288
1,224,3543.809,tutorial,0,1024,640,11.552,1,11.566,11.566,11.000,0,0.067,13.381,0.128,1.232,3.024,0.020,1,1,2434,9656,5,389060,2034,909,1097,1115,5,0,5,1,16777216,222,0.199,0,0.218
1,225,3557.181,tutorial,0,1024,640,13.880,1,13.876,13.876,14.000,0,0.070,12.885,0.117,1.426,3.210,0.018,1,1,2434,9656,5,389060,2034,909,1097,1120,5,0,5,1,16777216,223,0.184,0,0.292
1,226,3571.476,tutorial,0,1024,640,13.371,1,13.370,13.370,14.000,0,0.070,13.838,0.088,1.721,2.993,0.015,1,1,2434,9656,5,389060,2034,909,1097,1125,5,0,5,1,16777216,224,0.198,0,0.290
1,227,3583.582,tutorial,0,1024,640,14.239,1,14.242,14.242,13.000,0,0.067,11.674,0.120,1.253,2.898,0.017,1,1,2434,9656,5,389060,2034,909,1097,1130,5,0,5,1,16777216,225,0.184,0,0.238
1,228,3598.579,tutorial,0,1024,640,12.134,1,12.135,12.135,13.000,0,0.066,14.558,0.098,1.942,3.853,0.021,1,1,2434,9656,5,389060,2034,909,1097,1135,5,0,5,1,16777216,226,0.191,0,0.266
1,229,3615.268,tutorial,0,1024,640,15.046,1,15.033,15.033,15.000,0,0.079,16.176,0.123,1.258,2.810,0.019,1,1,2434,9656,5,389060,2034,909,1097,1140,5,0,5,1,16777216,227,0.184,0,0.303
1,230,3630.206,tutorial,0,1024,640,16.692,1,16.692,16.692,16.000,0,0.078,14.451,0.095,1.217,3.009,0.017,1,1,2434,9656,5,389060,2034,909,1097,1145,5,0,5,1,16777216,228,0.194,0,0.305
1,231,3644.719,tutorial,0,1024,640,14.873,1,14.882,14.882,15.000,0,0.070,14.065,0.120,1.417,3.313,0.015,1,1,2434,9656,5,389060,2034,909,1097,1150,5,0,5,1,16777216,229,0.185,0,0.248
1,232,3658.486,tutorial,0,1024,640,14.544,1,14.546,14.546,15.000,0,0.069,13.329,0.079,1.234,2.475,0.013,1,1,2434,9656,5,389060,2034,909,1097,1155,5,0,5,1,16777216,230,0.195,0,0.282
1,233,3670.135,tutorial,0,1024,640,13.663,1,13.685,13.685,13.000,0,0.048,11.287,0.106,1.427,2.609,0.013,1,1,2434,9656,5,389060,2034,909,1097,1160,5,0,5,1,16777216,231,0.185,0,0.200
1,234,3681.285,tutorial,0,1024,640,11.670,1,11.670,11.670,12.000,0,0.048,10.786,0.088,1.232,2.417,0.012,1,1,2434,9656,5,389060,2034,909,1097,1165,5,0,5,1,16777216,232,0.205,0,0.222
1,235,3691.666,tutorial,0,1024,640,11.114,1,11.116,11.116,11.000,0,0.045,10.033,0.108,1.227,2.385,0.011,1,1,2434,9656,5,389060,2034,909,1097,1170,5,0,5,1,16777216,233,0.184,0,0.189
1,236,3703.398,tutorial,0,1024,640,10.507,1,10.484,10.484,10.000,0,0.067,11.271,0.094,1.229,2.426,0.012,1,1,2434,9656,5,389060,2034,909,1097,1175,5,0,5,1,16777216,234,0.202,0,0.290
1,237,3714.705,tutorial,0,1024,640,11.690,1,11.697,11.697,13.000,0,0.061,10.873,0.109,1.211,2.394,0.012,1,1,2434,9656,5,389060,2034,909,1097,1180,5,0,5,1,16777216,235,0.185,0,0.256
1,238,3726.587,tutorial,0,1024,640,11.246,1,11.263,11.263,11.000,0,0.045,11.536,0.082,1.211,2.419,0.012,1,1,2434,9656,5,389060,2034,909,1097,1185,5,0,5,1,16777216,236,0.190,0,0.213
1,239,3738.655,tutorial,0,1024,640,12.527,1,12.509,12.509,13.000,0,0.062,11.050,0.109,1.212,2.391,0.012,1,1,2434,9656,5,389060,2034,909,1097,1190,5,0,5,1,16777216,237,0.182,0,0.837
1,240,3749.844,tutorial,0,1024,640,11.447,1,11.465,11.465,10.000,0,0.046,10.816,0.084,1.243,2.431,0.012,1,1,2434,9656,5,389060,2034,909,1097,1195,5,0,5,1,16777216,238,0.192,0,0.236
1,241,3761.470,tutorial,0,1024,640,11.223,1,11.198,11.198,12.000,0,0.069,11.196,0.108,1.216,2.388,0.011,1,1,2434,9656,5,389060,2034,909,1097,1200,5,0,5,1,16777216,239,0.188,0,0.244
1,242,3772.699,tutorial,0,1024,640,11.575,1,11.602,11.602,11.000,0,0.044,10.858,0.101,1.209,2.406,0.011,1,1,2434,9656,5,389060,2034,909,1097,1205,5,0,5,1,16777216,240,0.202,0,0.221
1,243,3784.343,tutorial,0,1024,640,11.279,1,11.260,11.260,11.000,0,0.062,11.208,0.115,1.222,2.410,0.012,1,1,2434,9656,5,389060,2034,909,1097,1210,5,0,5,1,16777216,241,0.184,0,0.252
1,244,3795.525,tutorial,0,1024,640,11.639,1,11.633,11.633,12.000,0,0.068,10.783,0.083,1.267,2.447,0.012,1,1,2434,9656,5,389060,2034,909,1097,1215,5,0,5,1,16777216,242,0.191,0,0.241
1,245,3805.909,tutorial,0,1024,640,11.128,1,11.138,11.138,11.000,0,0.057,10.012,0.110,1.214,2.387,0.011,1,1,2434,9656,5,389060,2034,909,1097,1220,5,0,5,1,16777216,243,0.184,0,0.197
1,246,3816.893,tutorial,0,1024,640,10.427,1,10.441,10.441,11.000,0,0.044,10.577,0.103,1.218,2.658,0.018,1,1,2434,9656,5,389060,2034,909,1097,1225,5,0,5,1,16777216,244,0.193,0,0.254
1,247,3829.752,tutorial,0,1024,640,11.046,1,11.018,11.018,11.000,0,0.072,12.378,0.114,1.263,2.430,0.012,1,1,2434,9656,5,389060,2034,909,1097,1230,5,0,5,1,16777216,245,0.186,0,0.288
1,248,3840.506,tutorial,0,1024,640,12.737,1,12.763,12.763,13.000,0,0.046,10.428,0.082,1.277,2.568,0.014,1,1,2434,9656,5,389060,2034,909,1097,1235,5,0,5,1,16777216,246,0.189,0,0.192
1,249,3851.569,tutorial,0,1024,640,10.821,1,10.768,10.768,10.000,0,0.047,10.639,0.111,1.225,2.416,0.012,1,1,2434,9656,5,389060,2034,909,1097,1240,5,0,5,1,16777216,247,0.187,0,0.207
1,250,3862.219,tutorial,0,1024,640,11.006,1,11.061,11.061,12.000,0,0.044,10.281,0.114,1.221,2.410,0.011,1,1,2434,9656,5,389060,2034,909,1097,1245,5,0,5,1,16777216,248,0.192,0,0.205
1,251,3873.466,tutorial,0,1024,640,10.740,1,10.720,10.720,10.000,0,0.064,10.795,0.106,1.645,3.207,0.015,1,1,2434,9656,5,389060,2034,909,1097,1250,5,0,5,1,16777216,249,0.202,0,0.273
1,252,3883.888,tutorial,0,1024,640,11.162,1,11.177,11.177,11.000,0,0.049,10.086,0.076,1.214,2.433,0.012,1,1,2434,9656,5,389060,2034,909,1097,1255,5,0,5,1,16777216,250,0.190,0,0.205
1,253,3899.139,tutorial,0,1024,640,10.459,1,10.443,10.443,11.000,0,0.064,14.820,0.134,1.744,3.126,0.018,1,1,2434,9656,5,389060,2034,909,1097,1260,5,0,5,1,16777216,251,0.186,0,0.225
1,254,3912.728,tutorial,0,1024,640,15.358,1,15.345,15.345,15.000,0,0.076,13.077,0.108,1.229,2.419,0.012,1,1,2434,9656,5,389060,2034,909,1097,1265,5,0,5,1,16777216,252,0.193,0,0.317
1,255,3923.989,tutorial,0,1024,640,13.454,1,13.488,13.488,14.000,0,0.043,10.894,0.098,1.693,2.900,0.012,1,1,2434,9656,5,389060,2034,909,1097,1270,5,0,5,1,16777216,253,0.184,0,0.219
1,256,3934.469,tutorial,0,1024,640,11.261,1,11.256,11.256,11.000,0,0.049,10.122,0.089,1.207,2.506,0.013,1,1,2434,9656,5,389060,2034,909,1097,1275,5,0,5,1,16777216,254,0.195,0,0.213
1,257,3945.740,tutorial,0,1024,640,10.526,1,10.502,10.502,11.000,0,0.072,10.838,0.118,1.219,2.398,0.011,1,1,2434,9656,5,389060,2034,909,1097,1280,5,0,5,1,16777216,255,0.169,0,0.235
1,258,3957.985,tutorial,0,1024,640,11.247,1,11.274,11.274,10.000,0,0.045,11.858,0.097,1.207,2.435,0.011,1,1,2434,9656,5,389060,2034,909,1097,1285,5,0,5,1,16777216,256,0.192,0,0.239
1,259,3972.159,tutorial,0,1024,640,12.321,1,12.320,12.320,13.000,0,0.046,13.708,0.099,1.996,3.997,0.017,1,1,2434,9656,5,389060,2034,909,1097,1290,5,0,5,1,16777216,257,0.185,0,0.313
1,260,3983.797,tutorial,0,1024,640,14.169,1,14.144,14.144,15.000,0,0.072,11.157,0.120,1.225,2.397,0.010,1,1,2434,9656,5,389060,2034,909,1097,1295,5,0,5,1,16777216,258,0.198,0,0.283
1,261,4000.990,tutorial,0,1024,640,11.662,1,11.665,11.665,11.000,0,0.068,16.701,0.106,1.999,4.002,0.013,1,1,2434,9656,5,389060,2034,909,1097,1300,5,0,5,1,16777216,259,0.189,0,0.309
1,262,4011.848,tutorial,0,1024,640,17.178,1,17.176,17.176,17.000,0,0.070,10.363,0.125,1.208,2.492,0.012,1,1,2434,9656,5,389060,2034,909,1097,1305,5,0,5,1,16777216,260,0.194,0,0.292
1,263,4023.873,tutorial,0,1024,640,10.854,1,10.850,10.850,11.000,0,0.073,11.570,0.090,1.214,2.455,0.016,1,1,2434,9656,5,389060,2034,909,1097,1310,5,0,5,1,16777216,261,0.187,0,0.284
1,264,4035.633,tutorial,0,1024,640,11.980,1,11.992,11.992,12.000,0,0.061,11.325,0.114,1.214,2.390,0.011,1,1,2434,9656,5,389060,2034,909,1097,1315,5,0,5,1,16777216,262,0.190,0,0.251
1,265,4053.146,tutorial,0,1024,640,11.832,1,11.837,11.837,11.000,0,0.057,17.010,0.109,1.986,4.028,0.015,1,1,2434,9656,5,389060,2034,909,1097,1320,5,0,5,1,16777216,263,0.186,0,0.329
1,266,4070.463,tutorial,0,1024,640,17.500,1,17.484,17.484,18.000,0,0.073,16.809,0.128,2.021,3.895,0.018,1,1,2434,9656,5,389060,2034,909,1097,1325,5,0,5,1,16777216,264,0.198,0,0.299
1,267,4081.467,tutorial,0,1024,640,17.273,1,17.297,17.297,17.000,0,0.049,10.564,0.104,1.559,2.746,0.044,1,1,2434,9656,5,389060,2034,909,1097,1330,5,0,5,1,16777216,265,0.186,0,0.279
1,268,4093.208,tutorial,0,1024,640,10.936,1,10.939,10.939,12.000,0,0.048,11.355,0.117,1.220,2.389,0.011,1,1,2434,9656,5,389060,2034,909,1097,1335,5,0,5,1,16777216,266,0.196,0,0.213
1,269,4104.696,tutorial,0,1024,640,11.810,1,11.788,11.788,12.000,0,0.069,11.044,0.107,1.217,2.711,0.015,1,1,2434,9656,5,389060,2034,909,1097,1340,5,0,5,1,16777216,267,0.184,0,0.261
1,270,4122.914,tutorial,0,1024,640,11.535,1,11.530,11.530,11.000,0,0.072,17.716,0.117,1.998,4.007,0.016,1,1,2434,9656,5,389060,2034,909,1097,1345,5,0,5,1,16777216,268,0.191,0,0.304
1,271,4141.143,tutorial,0,1024,640,18.226,1,18.217,18.217,18.000,0,0.084,17.729,0.108,2.001,4.008,0.015,1,1,2434,9656,5,389060,2034,909,1097,1350,5,0,5,1,16777216,269,0.185,0,0.302
1,272,4153.750,tutorial,0,1024,640,18.205,1,18.215,18.215,18.000,0,0.073,12.109,0.129,1.249,2.428,0.011,1,1,2434,9656,5,389060,2034,909,1097,1355,5,0,5,1,16777216,270,0.181,0,0.288
1,273,4164.993,tutorial,0,1024,640,12.568,1,12.575,12.575,13.000,0,0.064,10.813,0.101,1.224,2.399,0.011,1,1,2434,9656,5,389060,2034,909,1097,1360,5,0,5,1,16777216,271,0.185,0,0.257
1,274,4181.934,tutorial,0,1024,640,11.264,1,11.256,11.256,11.000,0,0.069,16.464,0.126,1.998,4.006,0.016,1,1,2434,9656,5,389060,2034,909,1097,1365,5,0,5,1,16777216,272,0.193,0,0.269
1,275,4197.732,tutorial,0,1024,640,16.964,1,16.963,16.963,17.000,0,0.073,15.323,0.101,1.988,3.974,0.017,1,1,2434,9656,5,389060,2034,909,1097,1370,5,0,5,1,16777216,273,0.184,0,0.292
1,276,4212.690,tutorial,0,1024,640,15.812,1,15.808,15.808,16.000,0,0.078,14.265,0.305,1.243,2.515,0.014,1,1,2434,9656,5,389060,2034,909,1097,1375,5,0,5,1,16777216,274,0.191,0,0.302
1,277,4223.853,tutorial,0,1024,640,14.855,1,14.875,14.875,14.000,0,0.057,10.773,0.105,1.247,2.422,0.017,1,1,2434,9656,5,389060,2034,909,1097,1380,5,0,5,1,16777216,275,0.185,0,0.218
1,278,4236.603,tutorial,0,1024,640,11.254,1,11.240,11.240,12.000,0,0.070,12.252,0.123,1.231,2.404,0.011,1,1,2434,9656,5,389060,2034,909,1097,1385,5,0,5,1,16777216,276,0.192,0,0.297
1,279,4250.232,tutorial,0,1024,640,12.666,1,12.692,12.692,12.000,0,0.045,13.239,0.098,1.884,3.769,0.017,1,1,2434,9656,5,389060,2034,909,1097,1390,5,0,5,1,16777216,277,0.183,0,0.239
1,280,4266.273,tutorial,0,1024,640,13.725,1,13.702,13.702,14.000,0,0.068,15.528,0.125,1.809,3.623,0.016,1,1,2434,9656,5,389060,2034,909,1097,1395,5,0,5,1,16777216,278,0.189,0,0.311
1,281,4278.586,tutorial,0,1024,640,15.987,1,15.994,15.994,16.000,0,0.062,11.896,0.084,1.375,2.567,0.013,1,1,2434,9656,5,389060,2034,909,1097,1400,5,0,5,1,16777216,279,0.185,0,0.264
1,282,4293.666,tutorial,0,1024,640,12.341,1,12.335,12.335,12.000,0,0.068,14.585,0.133,1.426,3.374,0.020,1,1,2434,9656,5,389060,2034,909,1097,1405,5,0,5,1,16777216,280,0.197,0,0.286
1,283,4310.587,tutorial,0,1024,640,15.108,1,15.098,15.098,15.000,0,0.076,16.438,0.093,1.877,3.754,0.016,1,1,2434,9656,5,389060,2034,909,1097,1410,5,0,5,1,16777216,281,0.185,0,0.303
1,284,4326.718,tutorial,0,1024,640,16.899,1,16.904,16.904,18.000,0,0.072,15.667,0.096,1.865,3.064,0.014,1,1,2434,9656,5,389060,2034,909,1097,1415,5,0,5,1,16777216,282,0.182,0,0.288
1,285,4340.864,tutorial,0,1024,640,16.154,1,16.165,16.165,16.000,0,0.062,13.640,0.115,1.957,3.924,0.017,1,1,2434,9656,5,389060,2034,909,1097,1420,5,0,5,1,16777216,283,0.182,0,0.321
1,286,4351.563,tutorial,0,1024,640,14.116,1,14.104,14.104,14.000,0,0.074,10.261,0.078,1.205,2.372,0.010,1,1,2434,9656,5,389060,2034,909,1097,1425,5,0,5,1,16777216,284,0.310,0,0.278
1,287,4362.608,tutorial,0,1024,640,10.646,1,10.649,10.649,11.000,0,0.064,10.652,0.085,1.211,2.398,0.010,1,1,2434,9656,5,389060,2034,909,1097,1430,5,0,5,1,16777216,285,0.185,0,0.228
1,288,4372.947,tutorial,0,1024,640,11.031,1,11.047,11.047,11.000,0,0.055,9.967,0.078,1.217,2.382,0.011,1,1,2434,9656,5,389060,2034,909,1097,1435,5,0,5,1,16777216,286,0.195,0,0.232
1,289,4383.253,tutorial,0,1024,640,10.322,1,10.334,10.334,10.000,0,0.042,9.951,0.078,1.199,2.380,0.011,1,1,2434,9656,5,389060,2034,909,1097,1440,5,0,5,1,16777216,287,0.184,0,0.227
1,290,4393.642,tutorial,0,1024,640,10.285,1,10.284,10.284,11.000,0,0.043,10.020,0.115,1.210,2.391,0.011,1,1,2434,9656,5,389060,2034,909,1097,1445,5,0,5,1,16777216,288,0.193,0,0.204
1,291,4403.749,tutorial,0,1024,640,10.375,1,10.377,10.377,10.000,0,0.043,9.800,0.066,1.198,2.371,0.009,1,1,2434,9656,5,389060,2034,909,1097,1450,5,0,5,1,16777216,289,0.182,0,0.191
1,292,4413.879,tutorial,0,1024,640,10.117,1,10.107,10.107,10.000,0,0.052,9.782,0.098,1.197,2.374,0.010,1,1,2434,9656,5,389060,2034,909,1097,1455,5,0,5,1,16777216,290,0.197,0,0.192
1,293,4423.988,tutorial,0,1024,640,10.111,1,10.123,10.123,10.000,0,0.040,9.814,0.064,1.204,2.360,0.009,1,1,2434,9656,5,389060,2034,909,1097,1460,5,0,5,1,16777216,291,0.183,0,0.185
1,294,4436.657,tutorial,0,1024,640,10.113,1,10.113,10.113,10.000,0,0.040,12.320,0.113,1.233,2.403,0.011,1,1,2434,9656,5,389060,2034,909,1097,1465,5,0,5,1,16777216,292,0.187,0,0.189
1,295,4446.774,tutorial,0,1024,640,12.698,1,12.696,12.696,12.000,0,0.042,9.780,0.073,1.203,2.362,0.010,1,1,2434,9656,5,389060,2034,909,1097,1470,5,0,5,1,16777216,293,0.185,0,0.216
1,296,4457.208,tutorial,0,1024,640,10.100,1,10.095,10.095,11.000,0,0.047,10.076,0.110,1.210,2.375,0.010,1,1,2434,9656,5,389060,2034,909,1097,1475,5,0,5,1,16777216,294,0.197,0,0.194
1,297,4467.720,tutorial,0,1024,640,10.444,1,10.438,10.438,10.000,0,0.053,10.176,0.078,1.218,2.407,0.010,1,1,2434,9656,5,389060,2034,909,1097,1480,5,0,5,1,16777216,295,0.188,0,0.199
1,298,4477.796,tutorial,0,1024,640,10.490,1,10.502,10.502,10.000,0,0.041,9.748,0.091,1.194,2.356,0.009,1,1,2434,9656,5,389060,2034,909,1097,1485,5,0,5,1,16777216,296,0.183,0,0.189
1,299,4487.955,tutorial,0,1024,640,10.071,1,10.072,10.072,11.000,0,0.041,9.856,0.071,1.209,2.397,0.010,1,1,2434,9656,5,389060,2034,909,1097,1490,5,0,5,1,16777216,297,0.183,0,0.185
1,300,4498.101,tutorial,0,1024,640,10.178,1,10.170,10.170,10.000,0,0.047,9.827,0.069,1.219,2.379,0.010,1,1,2434,9656,5,389060,2034,909,1097,1495,5,0,5,1,16777216,298,0.182,0,0.196
1,301,4508.346,tutorial,0,1024,640,10.146,1,10.153,10.153,10.000,0,0.040,9.925,0.070,1.216,2.395,0.009,1,1,2434,9656,5,389060,2034,909,1097,1500,5,0,5,1,16777216,299,0.189,0,0.204
1,302,4519.323,tutorial,0,1024,640,10.257,1,10.255,10.255,11.000,0,0.043,10.631,0.084,1.208,2.396,0.011,1,1,2434,9656,5,389060,2034,909,1097,1505,5,0,5,1,16777216,300,0.198,0,0.213
1,303,4529.563,tutorial,0,1024,640,10.959,1,10.962,10.962,10.000,0,0.040,9.911,0.084,1.225,2.420,0.011,1,1,2434,9656,5,389060,2034,909,1097,1510,5,0,5,1,16777216,301,0.185,0,0.198
1,304,4539.879,tutorial,0,1024,640,10.323,1,10.284,10.284,11.000,0,0.077,9.922,0.068,1.216,2.408,0.011,1,1,2434,9656,5,389060,2034,909,1097,1515,5,0,5,1,16777216,302,0.189,0,0.241
1,305,4550.671,tutorial,0,1024,640,10.256,1,10.278,10.278,10.000,0,0.057,10.416,0.109,1.232,2.401,0.012,1,1,2434,9656,5,389060,2034,909,1097,1520,5,0,5,1,16777216,303,0.184,0,0.204
1,306,4562.280,tutorial,0,1024,640,10.774,1,10.788,10.788,11.000,0,0.044,11.269,0.091,1.220,2.394,0.010,1,1,2434,9656,5,389060,2034,909,1097,1525,5,0,5,1,16777216,304,0.196,0,0.200
1,307,4572.409,tutorial,0,1024,640,11.598,1,11.600,11.600,11.000,0,0.041,9.826,0.066,1.213,2.370,0.009,1,1,2434,9656,5,389060,2034,909,1097,1530,5,0,5,1,16777216,305,0.184,0,0.191
1,308,4582.925,tutorial,0,1024,640,10.171,1,10.153,10.153,10.000,0,0.058,10.128,0.109,1.219,2.394,0.035,1,1,2434,9656,5,389060,2034,909,1097,1535,5,0,5,1,16777216,306,0.199,0,0.214
1,309,4593.289,tutorial,0,1024,640,10.486,1,10.494,10.494,11.000,0,0.048,10.004,0.110,1.211,2.387,0.010,1,1,2434,9656,5,389060,2034,909,1097,1540,5,0,5,1,16777216,307,0.185,0,0.192
1,310,4603.556,tutorial,0,1024,640,10.356,1,10.366,10.366,10.000,0,0.042,9.947,0.078,1.196,2.503,0.014,1,1,2434,9656,5,389060,2034,909,1097,1545,5,0,5,1,16777216,308,0.193,0,0.194
1,311,4614.198,tutorial,0,1024,640,10.473,1,10.445,10.445,11.000,0,0.070,10.090,0.103,1.204,2.394,0.011,1,1,2434,9656,5,389060,2034,909,1097,1550,5,0,5,1,16777216,309,0.186,0,0.370
1,312,4624.474,tutorial,0,1024,640,10.434,1,10.463,10.463,10.000,0,0.041,9.955,0.081,1.205,2.384,0.011,1,1,2434,9656,5,389060,2034,909,1097,1555,5,0,5,1,16777216,310,0.199,0,0.193
1,313,4636.390,tutorial,0,1024,640,10.387,1,10.360,10.360,11.000,0,0.066,11.449,0.115,1.207,2.892,0.016,1,1,2434,9656,5,389060,2034,909,1097,1560,5,0,5,1,16777216,311,0.185,0,0.276
1,314,4650.245,tutorial,0,1024,640,11.888,1,11.894,11.894,12.000,0,0.062,13.425,0.106,1.445,2.977,0.016,1,1,2434,9656,5,389060,2034,909,1097,1565,5,0,5,1,16777216,312,0.194,0,0.254
1,315,4662.168,tutorial,0,1024,640,13.900,1,13.887,13.887,13.000,0,0.074,11.452,0.102,1.206,2.369,0.010,1,1,2434,9656,5,389060,2034,909,1097,1570,5,0,5,1,16777216,313,0.183,0,0.288
1,316,4675.942,tutorial,0,1024,640,11.870,1,11.901,11.901,12.000,0,0.043,13.364,0.093,1.237,3.090,0.020,1,1,2434,9656,5,389060,2034,909,1097,1575,5,0,5,1,16777216,314,0.193,0,0.266
1,317,4690.792,tutorial,0,1024,640,13.815,1,13.789,13.789,14.000,0,0.069,14.373,0.120,1.467,3.209,0.018,1,1,2434,9656,5,389060,2034,909,1097,1580,5,0,5,1,16777216,315,0.184,0,0.280
1,318,4703.094,tutorial,0,1024,640,14.878,1,14.880,14.880,15.000,0,0.067,11.834,0.084,1.412,2.699,0.014,1,1,2434,9656,5,389060,2034,909,1097,1585,5,0,5,1,16777216,316,0.194,0,0.309
1,319,4717.264,tutorial,0,1024,640,12.276,1,12.275,12.275,12.000,0,0.068,13.682,0.129,1.530,3.281,0.019,1,1,2434,9656,5,389060,2034,909,1097,1590,5,0,5,1,16777216,317,0.182,0,0.282
1,320,4733.878,tutorial,0,1024,640,14.202,1,14.188,14.188,14.000,0,0.082,16.130,0.092,1.802,3.597,0.014,1,1,2434,9656,5,389060,2034,909,1097,1595,5,0,5,1,16777216,318,0.198,0,0.300
1,321,4751.993,tutorial,0,1024,640,17.315,1,17.330,17.330,18.000,0,0.068,16.918,0.105,1.670,3.214,0.025,1,1,2434,9656,5,389060,2034,909,1097,1600,5,0,5,1,16777216,319,0.186,0,1.016
1,322,4769.876,tutorial,0,1024,640,17.361,1,17.368,17.368,17.000,0,0.061,17.440,0.104,2.097,4.094,0.019,1,1,2434,9656,5,389060,2034,909,1097,1605,5,0,5,1,16777216,320,0.190,0,0.269
1,323,4786.799,tutorial,0,1024,640,17.953,1,17.927,17.927,18.000,0,0.087,16.234,0.280,1.909,3.736,0.047,1,1,2434,9656,5,389060,2034,909,1097,1610,5,0,5,1,16777216,321,0.166,0,0.311
1,324,4801.898,tutorial,0,1024,640,16.859,1,16.888,16.888,17.000,0,0.058,14.647,0.107,2.033,3.828,0.016,1,1,2434,9656,5,389060,2034,909,1097,1615,5,0,5,1,16777216,322,0.192,0,0.278
1,325,4818.594,tutorial,0,1024,640,15.105,1,15.099,15.099,15.000,0,0.064,16.220,0.125,2.001,3.884,0.017,1,1,2434,9656,5,389060,2034,909,1097,1620,5,0,5,1,16777216,323,0.187,0,0.278
1,326,4834.090,tutorial,0,1024,640,16.691,1,16.682,16.682,17.000,0,0.072,15.042,0.107,1.912,3.745,0.017,1,1,2434,9656,5,389060,2034,909,1097,1625,5,0,5,1,16777216,324,0.189,0,0.265
1,327,4848.763,tutorial,0,1024,640,15.497,1,15.512,15.512,15.000,0,0.058,14.200,0.125,1.293,2.638,0.018,1,1,2434,9656,5,389060,2034,909,1097,1630,5,0,5,1,16777216,325,0.189,0,0.280
1,328,4863.860,tutorial,0,1024,640,14.666,1,14.658,14.658,15.000,0,0.052,14.661,0.096,1.804,3.584,0.016,1,1,2434,9656,5,389060,2034,909,1097,1635,5,0,5,1,16777216,326,0.189,0,0.266
1,329,4939.229,tutorial,1,1024,640,15.446,1,15.088,15.088,15.000,0,0.422,74.569,0.112,1.336,2.540,0.010,1,1,2486,9848,6,397304,2034,865,1141,1636,10,0,10,1,16777216,327,0.186,0,0.258
1,330,4951.727,tutorial,1,1024,640,75.938,1,76.044,76.044,50.000,1,0.317,11.138,0.103,1.266,2.541,0.017,1,1,2486,9848,6,397304,2034,865,1141,1642,10,0,10,1,16777216,328,0.194,0,0.932
1,331,4964.267,tutorial,1,1024,640,12.081,1,11.877,11.877,12.000,0,0.520,11.590,0.109,1.452,2.672,0.017,1,1,2486,9848,6,397304,2034,865,1141,1648,10,0,10,1,16777216,329,0.202,0,0.310
1,332,4976.441,tutorial,1,1024,640,12.295,1,12.444,12.444,12.000,0,0.373,11.099,0.477,1.347,2.627,0.012,1,1,2486,9848,6,397304,2034,865,1141,1654,10,0,10,1,16777216,330,0.195,0,0.214
1,333,4990.182,tutorial,1,1024,640,12.265,1,12.211,12.211,13.000,0,0.427,12.938,0.118,1.309,2.547,0.013,1,1,2486,9848,6,397304,2034,865,1141,1660,10,0,10,1,16777216,331,0.192,0,0.251
1,334,5003.087,tutorial,1,1024,640,13.613,1,13.686,13.686,13.000,0,0.354,12.257,0.090,1.271,2.491,0.012,1,1,2486,9848,6,397304,2034,865,1141,1666,10,0,10,1,16777216,332,0.205,0,0.195
1,335,5019.700,tutorial,1,1024,640,13.143,1,12.991,12.991,12.000,0,0.505,15.703,0.114,1.367,2.620,0.014,1,1,2486,9848,6,397304,2034,865,1141,1672,10,0,10,1,16777216,333,0.190,0,0.281
1,336,5033.113,tutorial,1,1024,640,16.451,1,16.573,16.573,18.000,0,0.384,12.705,0.074,1.325,2.550,0.012,1,1,2486,9848,6,397304,2034,865,1141,1678,10,0,10,1,16777216,334,0.210,0,0.242
1,337,5046.685,tutorial,1,1024,640,13.362,1,13.377,13.377,13.000,0,0.369,12.860,0.129,1.301,2.537,0.015,1,1,2486,9848,6,397304,2034,865,1141,1684,10,0,10,1,16777216,335,0.188,0,0.206
1,338,5065.238,tutorial,1,1024,640,14.458,1,14.284,14.284,14.000,0,0.542,16.995,0.090,2.007,3.576,0.020,1,1,2486,9848,6,397304,2034,865,1141,1690,10,0,10,1,16777216,336,0.197,0,0.915
1,339,5084.594,tutorial,1,1024,640,17.930,1,17.930,17.930,19.000,0,0.542,18.371,0.138,2.075,4.195,0.018,1,1,2486,9848,6,397304,2034,865,1141,1696,10,0,10,1,16777216,337,0.193,0,0.294
1,340,5099.353,tutorial,1,1024,640,19.407,1,19.375,19.375,19.000,0,0.574,13.771,0.090,1.307,2.558,0.016,1,1,2486,9848,6,397304,2034,865,1141,1702,10,0,10,1,16777216,338,0.179,0,0.313
1,341,5111.730,tutorial,1,1024,640,14.475,1,14.715,14.715,14.000,0,0.335,11.675,0.088,1.267,2.487,0.012,1,1,2486,9848,6,397304,2034,865,1141,1708,10,0,10,1,16777216,339,0.192,0,0.269
1,342,5124.288,tutorial,1,1024,640,12.352,1,12.351,12.351,13.000,0,0.336,11.866,0.104,1.286,2.984,0.018,1,1,2486,9848,6,397304,2034,865,1141,1714,10,0,10,1,16777216,340,0.194,0,0.244
1,343,5135.864,tutorial,1,1024,640,12.734,1,12.581,12.581,13.000,0,0.488,10.713,0.099,1.442,2.811,0.015,1,1,2486,9848,6,397304,2034,865,1141,1720,10,0,10,1,16777216,341,0.187,0,0.267
1,344,5147.743,tutorial,1,1024,640,11.389,1,11.541,11.541,10.000,0,0.337,11.203,0.097,1.321,2.576,0.011,1,1,2486,9848,6,397304,2034,865,1141,1726,10,0,10,1,16777216,342,0.206,0,0.233
1,345,5158.657,tutorial,1,1024,640,11.834,1,11.854,11.854,13.000,0,0.317,10.283,0.098,1.265,2.480,0.012,1,1,2486,9848,6,397304,2034,865,1141,1732,10,0,10,1,16777216,343,0.189,0,0.208
1,346,5169.814,tutorial,1,1024,640,10.908,1,10.896,10.896,11.000,0,0.329,10.546,0.085,1.260,2.492,0.012,1,1,2486,9848,6,397304,2034,865,1141,1738,10,0,10,1,16777216,344,0.197,0,0.190
1,347,5180.805,tutorial,1,1024,640,11.252,1,11.178,11.178,11.000,0,0.401,10.286,0.085,1.277,2.481,0.010,1,1,2486,9848,6,397304,2034,865,1141,1744,10,0,10,1,16777216,345,0.189,0,0.210
1,348,5191.891,tutorial,1,1024,640,10.908,1,10.980,10.980,11.000,0,0.331,10.457,0.091,1.255,2.593,0.011,1,1,2486,9848,6,397304,2034,865,1141,1750,10,0,10,1,16777216,346,0.202,0,0.200
1,349,5203.363,tutorial,1,1024,640,11.092,1,11.089,11.089,11.000,0,0.335,10.843,0.086,1.293,2.532,0.011,1,1,2486,9848,6,397304,2034,865,1141,1756,10,0,10,1,16777216,347,0.188,0,0.201
1,350,5214.441,tutorial,1,1024,640,11.494,1,11.475,11.475,12.000,0,0.355,10.414,0.097,1.259,2.689,0.015,1,1,2486,9848,6,397304,2034,865,1141,1762,10,0,10,1,16777216,348,0.195,0,0.205
1,351,5226.396,tutorial,1,1024,640,11.126,1,11.138,11.138,11.000,0,0.337,11.250,0.090,1.328,2.588,0.013,1,1,2486,9848,6,397304,2034,865,1141,1768,10,0,10,1,16777216,349,0.188,0,0.264
1,352,5237.763,tutorial,1,1024,640,11.874,1,11.895,11.895,12.000,0,0.318,10.729,0.104,1.284,2.530,0.013,1,1,2486,9848,6,397304,2034,865,1141,1774,10,0,10,1,16777216,350,0.197,0,0.205
1,353,5249.445,tutorial,1,1024,640,11.377,1,11.355,11.355,11.000,0,0.342,11.033,0.104,1.475,2.690,0.020,1,1,2486,9848,6,397304,2034,865,1141,1780,10,0,10,1,16777216,351,0.189,0,0.193
1,354,5263.508,tutorial,1,1024,640,11.706,1,11.718,11.718,12.000,0,0.330,13.396,0.099,1.343,2.967,0.021,1,1,2486,9848,6,397304,2034,865,1141,1786,10,0,10,1,16777216,352,0.203,0,0.229
1,355,5277.558,tutorial,1,1024,640,14.203,1,14.132,14.132,14.000,0,0.402,13.246,0.097,1.266,2.585,0.016,1,1,2486,9848,6,397304,2034,865,1141,1792,10,0,10,1,16777216,353,0.188,0,0.297
1,356,5288.467,tutorial,1,1024,640,13.879,1,13.949,13.949,14.000,0,0.332,10.274,0.099,1.254,2.477,0.012,1,1,2486,9848,6,397304,2034,865,1141,1798,10,0,10,1,16777216,354,0.191,0,0.198
1,357,5299.888,tutorial,1,1024,640,10.903,1,10.907,10.907,11.000,0,0.327,10.809,0.082,1.275,2.493,0.012,1,1,2486,9848,6,397304,2034,865,1141,1804,10,0,10,1,16777216,355,0.191,0,0.196
1,358,5310.937,tutorial,1,1024,640,11.433,1,11.427,11.427,11.000,0,0.335,10.419,0.087,1.280,2.488,0.011,1,1,2486,9848,6,397304,2034,865,1141,1810,10,0,10,1,16777216,356,0.191,0,0.201
1,359,5322.681,tutorial,1,1024,640,11.023,1,11.042,11.042,11.000,0,0.316,11.142,0.084,1.243,2.454,0.011,1,1,2486,9848,6,397304,2034,865,1141,1816,10,0,10,1,16777216,357,0.188,0,0.194
1,360,5333.589,tutorial,1,1024,640,11.803,1,11.747,11.747,11.000,0,0.367,10.252,0.081,1.247,2.454,0.010,1,1,2486,9848,6,397304,2034,865,1141,1822,10,0,10,1,16777216,358,0.194,0,0.198
1,361,5344.347,tutorial,1,1024,640,10.911,1,10.950,10.950,12.000,0,0.332,10.105,0.074,1.252,2.451,0.010,1,1,2486,9848,6,397304,2034,865,1141,1828,10,0,10,1,16777216,359,0.197,0,0.239
1,362,5354.956,tutorial,1,1024,640,10.683,1,10.710,10.710,10.000,0,0.305,10.041,0.065,1.243,2.479,0.012,1,1,2486,9848,6,397304,2034,865,1141,1834,10,0,10,1,16777216,360,0.197,0,0.191
1,363,5365.447,tutorial,1,1024,640,10.601,1,10.602,10.602,11.000,0,0.304,9.934,0.062,1.243,2.416,0.008,1,1,2486,9848,6,397304,2034,865,1141,1840,10,0,10,1,16777216,361,0.194,0,0.185
1,364,5376.193,tutorial,1,1024,640,10.511,1,10.477,10.477,10.000,0,0.339,10.169,0.061,1.251,2.463,0.008,1,1,2486,9848,6,397304,2034,865,1141,1846,10,0,10,1,16777216,362,0.201,0,0.171
1,365,5386.929,tutorial,1,1024,640,10.750,1,10.794,10.794,11.000,0,0.294,10.138,0.078,1.276,2.469,0.010,1,1,2486,9848,6,397304,2034,865,1141,1852,10,0,10,1,16777216,363,0.189,0,0.218
1,366,5398.726,tutorial,1,1024,640,11.054,1,10.814,10.814,11.000,0,0.532,10.877,0.082,1.335,2.544,0.011,1,1,2486,9848,6,397304,2034,865,1141,1858,10,0,10,1,16777216,364,0.197,0,0.296
1,367,5411.787,tutorial,1,1024,640,11.652,1,11.727,11.727,12.000,0,0.459,12.229,0.139,1.654,3.034,0.017,1,1,2486,9848,6,397304,2034,865,1141,1864,10,0,10,1,16777216,365,0.189,0,0.226
1,368,5424.762,tutorial,1,1024,640,13.205,1,13.142,13.142,13.000,0,0.521,12.047,0.089,1.242,2.435,0.010,1,1,2486,9848,6,397304,2034,865,1141,1870,10,0,10,1,16777216,366,0.200,0,0.305
1,369,5438.449,tutorial,1,1024,640,12.849,1,12.959,12.959,13.000,0,0.411,12.875,0.102,1.340,2.562,0.012,1,1,2486,9848,6,397304,2034,865,1141,1876,10,0,10,1,16777216,367,0.187,0,0.291
1,370,5450.509,tutorial,1,1024,640,13.530,1,13.630,13.630,14.000,0,0.312,11.429,0.078,1.307,2.504,0.011,1,1,2486,9848,6,397304,2034,865,1141,1882,10,0,10,1,16777216,368,0.200,0,0.233
1,371,5462.253,tutorial,1,1024,640,12.074,1,12.077,12.077,11.000,0,0.310,11.083,0.092,1.247,2.444,0.010,1,1,2486,9848,6,397304,2034,865,1141,1888,10,0,10,1,16777216,369,0.187,0,0.249
1,372,5474.309,tutorial,1,1024,640,11.741,1,11.733,11.733,12.000,0,0.318,11.413,0.079,1.252,2.456,0.022,1,1,2486,9848,6,397304,2034,865,1141,1894,10,0,10,1,16777216,370,0.199,0,0.239
1,373,5485.523,tutorial,1,1024,640,12.057,1,12.061,12.061,12.000,0,0.314,10.571,0.077,1.276,2.485,0.010,1,1,2486,9848,6,397304,2034,865,1141,1900,10,0,10,1,16777216,371,0.188,0,0.244
1,374,5496.250,tutorial,1,1024,640,11.229,1,11.243,11.243,11.000,0,0.301,10.057,0.089,1.236,2.450,0.015,1,1,2486,9848,6,397304,2034,865,1141,1906,10,0,10,1,16777216,372,0.184,0,0.272
1,375,5507.819,tutorial,1,1024,640,10.827,1,10.653,10.653,11.000,0,0.474,10.788,0.097,1.242,2.553,0.014,1,1,2486,9848,6,397304,2034,865,1141,1912,10,0,10,1,16777216,373,0.191,0,0.199
1,376,5518.676,tutorial,1,1024,640,11.537,1,11.645,11.645,12.000,0,0.367,10.146,0.062,1.288,2.496,0.009,1,1,2486,9848,6,397304,2034,865,1141,1918,10,0,10,1,16777216,374,0.197,0,0.275
1,377,5529.427,tutorial,1,1024,640,10.758,1,10.768,10.768,11.000,0,0.355,10.147,0.054,1.426,2.638,0.008,1,1,2486,9848,6,397304,2034,865,1141,1924,10,0,10,1,16777216,375,0.189,0,0.187
1,378,5539.962,tutorial,1,1024,640,10.706,1,10.734,10.734,10.000,0,0.329,9.980,0.051,1.228,2.410,0.008,1,1,2486,9848,6,397304,2034,865,1141,1930,10,0,10,1,16777216,376,0.199,0,0.170
1,379,5551.076,tutorial,1,1024,640,10.512,1,10.530,10.530,11.000,0,0.306,10.570,0.062,1.242,2.433,0.008,1,1,2486,9848,6,397304,2034,865,1141,1936,10,0,10,1,16777216,377,0.190,0,0.166
1,380,5561.641,tutorial,1,1024,640,11.107,1,11.120,11.120,12.000,0,0.298,10.038,0.053,1.242,2.436,0.008,1,1,2486,9848,6,397304,2034,865,1141,1942,10,0,10,1,16777216,378,0.194,0,0.170
1,381,5572.239,tutorial,1,1024,640,10.557,1,10.563,10.563,10.000,0,0.292,10.079,0.053,1.224,2.412,0.008,1,1,2486,9848,6,397304,2034,865,1141,1948,10,0,10,1,16777216,379,0.190,0,0.169
1,382,5582.711,tutorial,1,1024,640,10.612,1,10.598,10.598,11.000,0,0.307,9.946,0.047,1.230,2.402,0.007,1,1,2486,9848,6,397304,2034,865,1141,1954,10,0,10,1,16777216,380,0.199,0,0.169
1,383,5593.883,tutorial,1,1024,640,10.659,1,10.578,10.578,10.000,0,0.387,10.426,0.079,1.244,2.505,0.010,1,1,2486,9848,6,397304,2034,865,1141,1960,10,0,10,1,16777216,381,0.187,0,0.273
1,384,5605.340,tutorial,1,1024,640,11.116,1,11.153,11.153,11.000,0,0.350,10.774,0.072,1.244,2.438,0.009,1,1,2486,9848,6,397304,2034,865,1141,1966,10,0,10,1,16777216,382,0.197,0,0.255
1,385,5618.130,tutorial,1,1024,640,11.356,1,11.406,11.406,11.000,0,0.300,12.172,0.108,1.360,3.285,0.016,1,1,2486,9848,6,397304,2034,865,1141,1972,10,0,10,1,16777216,383,0.190,0,0.205
1,386,5632.256,tutorial,1,1024,640,12.843,1,12.802,12.802,13.000,0,0.341,13.448,0.114,1.250,2.470,0.014,1,1,2486,9848,6,397304,2034,865,1141,1978,10,0,10,1,16777216,384,0.199,0,0.215
1,387,5643.866,tutorial,1,1024,640,14.367,1,14.196,14.196,14.000,0,0.509,10.715,0.091,1.298,2.572,0.012,1,1,2486,9848,6,397304,2034,865,1141,1984,10,0,10,1,16777216,385,0.190,0,0.285
1,388,5656.975,tutorial,1,1024,640,11.344,1,11.549,11.549,12.000,0,0.306,12.472,0.096,1.250,2.453,0.011,1,1,2486,9848,6,397304,2034,865,1141,1990,10,0,10,1,16777216,386,0.201,0,0.224
1,389,5668.915,tutorial,1,1024,640,13.141,1,13.142,13.142,13.000,0,0.306,11.283,0.084,1.332,2.718,0.013,1,1,2486,9848,6,397304,2034,865,1141,1996,10,0,10,1,16777216,387,0.193,0,0.257
1,390,5685.321,tutorial,1,1024,640,11.893,1,11.880,11.880,12.000,0,0.318,15.758,0.123,2.037,3.424,0.018,1,1,2486,9848,6,397304,2034,865,1141,2002,10,0,10,1,16777216,388,0.199,0,0.198
1,391,5699.037,tutorial,1,1024,640,16.737,1,16.528,16.528,16.000,0,0.527,12.722,0.137,1.263,2.475,0.011,1,1,2486,9848,6,397304,2034,865,1141,2008,10,0,10,1,16777216,389,0.189,0,0.318
1,392,5710.994,tutorial,1,1024,640,13.453,1,13.661,13.661,14.000,0,0.320,11.265,0.100,1.288,2.494,0.016,1,1,2486,9848,6,397304,2034,865,1141,2014,10,0,10,1,16777216,390,0.197,0,0.264
1,393,5722.273,tutorial,1,1024,640,11.935,1,11.914,11.914,12.000,0,0.340,10.624,0.084,1.239,2.455,0.014,1,1,2486,9848,6,397304,2034,865,1141,2020,10,0,10,1,16777216,391,0.190,0,0.221
1,394,5737.073,tutorial,1,1024,640,11.489,1,11.329,11.329,11.000,0,0.499,13.913,0.108,1.828,3.656,0.015,1,1,2486,9848,6,397304,2034,865,1141,2026,10,0,10,1,16777216,392,0.181,0,0.271
1,395,5752.224,tutorial,1,1024,640,14.784,1,14.787,14.787,15.000,0,0.498,14.301,0.087,1.304,2.520,0.011,1,1,2486,9848,6,397304,2034,865,1141,2032,10,0,10,1,16777216,393,0.191,0,0.258
1,396,5764.856,tutorial,1,1024,640,14.996,1,15.092,15.092,15.000,0,0.401,11.914,0.109,1.764,3.549,0.014,1,1,2486,9848,6,397304,2034,865,1141,2038,10,0,10,1,16777216,394,0.194,0,0.200
1,397,5781.721,tutorial,1,1024,640,12.773,1,12.698,12.698,13.000,0,0.476,16.037,0.079,1.260,2.548,0.013,1,1,2486,9848,6,397304,2034,865,1141,2044,10,0,10,1,16777216,395,0.186,0,0.265
1,398,5793.440,tutorial,1,1024,640,16.685,1,16.825,16.825,17.000,0,0.338,11.043,0.107,1.251,2.549,0.014,1,1,2486,9848,6,397304,2034,865,1141,2050,10,0,10,1,16777216,396,0.201,0,0.225
1,399,5804.052,tutorial,1,1024,640,11.691,1,11.703,11.703,12.000,0,0.326,10.010,0.060,1.243,2.433,0.009,1,1,2486,9848,6,397304,2034,865,1141,2056,10,0,10,1,16777216,397,0.186,0,0.210
1,400,5815.688,tutorial,1,1024,640,10.636,1,10.664,10.664,9.000,0,0.298,10.995,0.075,1.247,2.433,0.010,1,1,2486,9848,6,397304,2034,865,1141,2062,10,0,10,1,16777216,398,0.198,0,0.262
1,401,5826.604,tutorial,1,1024,640,11.682,1,11.660,11.660,13.000,0,0.318,10.228,0.075,1.247,2.443,0.009,1,1,2486,9848,6,397304,2034,865,1141,2068,10,0,10,1,16777216,399,0.188,0,0.285
1,402,5837.653,tutorial,1,1024,640,10.977,1,10.905,10.905,11.000,0,0.392,10.275,0.101,1.250,2.445,0.011,1,1,2486,9848,6,397304,2034,865,1141,2074,10,0,10,1,16777216,400,0.196,0,0.274
1,403,5851.683,tutorial,1,1024,640,13.265,1,11.011,11.011,11.000,0,0.355,11.047,0.095,1.250,2.452,0.010,1,1,2486,9848,6,397304,2034,865,1141,2080,10,0,10,1,16777216,401,0.189,0,0.235
1,404,5871.220,tutorial,1,1024,640,12.184,1,14.054,14.054,14.000,0,0.438,18.246,0.248,2.089,4.149,0.018,1,1,2486,9848,6,397304,2034,865,1141,2086,10,0,10,1,16777216,402,0.184,0,0.259
1,405,5939.666,level1,0,1024,640,48.643,1,19.549,19.549,19.000,0,29.714,38.233,0.065,0.763,1.444,0.010,1,1,1500,5146,7,233532,1858,918,911,2086,17,0,17,1,16777216,403,0.186,0,0.270
1,406,5951.075,level1,0,1024,640,40.554,1,70.207,70.207,50.000,1,0.216,9.061,0.091,0.765,1.462,0.012,1,1,1500,5146,7,233532,1858,918,911,2093,17,0,17,1,16777216,404,0.196,0,2.032
1,407,5960.209,level1,0,1024,640,9.632,1,9.660,9.660,11.000,0,0.189,8.566,0.087,1.215,2.356,0.016,1,1,1500,5146,7,233532,1858,918,911,2100,17,0,17,1,16777216,405,0.199,0,0.283
1,408,5973.175,level1,0,1024,640,9.137,1,9.127,9.127,8.000,0,0.200,12.384,0.099,1.219,2.354,0.017,1,1,1500,5146,7,233532,1858,918,911,2107,17,0,17,1,16777216,406,0.201,0,0.275
1,409,5981.748,level1,0,1024,640,12.925,1,12.977,12.977,13.000,0,0.148,8.045,0.086,0.824,1.960,0.015,1,1,1500,5146,7,233532,1858,918,911,2114,17,0,17,1,16777216,407,0.195,0,0.286
1,410,5992.371,level1,0,1024,640,8.629,1,8.575,8.575,9.000,0,0.200,10.028,0.098,1.208,2.352,0.017,1,1,1500,5146,7,233532,1858,918,911,2121,17,0,17,1,16777216,408,0.205,0,0.288
1,411,6003.139,level1,0,1024,640,10.603,1,10.615,10.615,10.000,0,0.189,10.196,0.094,1.227,2.367,0.016,1,1,1500,5146,7,233532,1858,918,911,2128,17,0,17,1,16777216,409,0.195,0,0.280
1,412,6014.152,level1,0,1024,640,13.690,1,10.782,10.782,11.000,0,0.337,7.535,0.077,0.998,1.677,0.012,1,1,1500,5146,7,233532,1858,918,911,2135,17,0,17,1,16777216,410,0.207,0,0.294
1,413,6022.665,level1,0,1024,640,8.503,1,11.024,11.024,11.000,0,0.219,7.534,0.089,0.725,1.393,0.010,1,1,1500,5146,7,233532,1858,918,911,2142,17,0,17,1,16777216,411,0.205,0,0.306
1,414,6031.904,level1,0,1024,640,8.100,1,8.493,8.493,8.000,0,0.184,8.658,0.105,0.815,1.535,0.013,1,1,1500,5146,7,233532,1858,918,911,2149,17,0,17,1,16777216,412,0.198,0,0.285
1,415,6042.749,level1,0,1024,640,9.435,1,9.288,9.288,10.000,0,0.331,10.098,0.075,0.723,1.381,0.010,1,1,1500,5146,7,233532,1858,918,911,2156,17,0,17,1,16777216,413,0.198,0,0.333
1,416,6051.162,level1,0,1024,640,10.851,1,11.008,11.008,11.000,0,0.162,7.654,0.080,0.712,1.379,0.009,1,1,1500,5146,7,233532,1858,918,911,2163,17,0,17,1,16777216,414,0.207,0,0.496
1,417,6059.541,level1,0,1024,640,8.320,1,8.318,8.318,8.000,0,0.176,7.724,0.070,0.958,1.632,0.010,1,1,1500,5146,7,233532,1858,918,911,2170,17,0,17,1,16777216,415,0.198,0,0.402
1,418,6067.967,level1,0,1024,640,8.253,1,8.246,8.246,9.000,0,0.184,7.886,0.081,0.719,1.528,0.013,1,1,1500,5146,7,233532,1858,918,911,2177,17,0,17,1,16777216,416,0.193,0,0.268
1,419,6077.492,level1,0,1024,640,8.445,1,8.436,8.436,9.000,0,0.193,8.902,0.144,0.762,1.478,0.015,1,1,1500,5146,7,233532,1858,918,911,2184,17,0,17,1,16777216,417,0.197,0,0.278
1,420,6085.769,level1,0,1024,640,9.507,1,9.532,9.532,9.000,0,0.166,7.755,0.063,0.753,1.429,0.010,1,1,1500,5146,7,233532,1858,918,911,2191,17,0,17,1,16777216,418,0.205,0,0.285
1,421,6094.620,level1,0,1024,640,8.245,1,8.227,8.227,7.000,0,0.185,8.348,0.075,0.723,1.389,0.010,1,1,1500,5146,7,233532,1858,918,911,2198,17,0,17,1,16777216,419,0.180,0,0.235
1,422,6102.799,level1,0,1024,640,8.793,1,8.858,8.858,10.000,0,0.120,7.752,0.058,0.722,1.383,0.009,1,1,1500,5146,7,233532,1858,918,911,2205,17,0,17,1,16777216,420,0.197,0,0.243
1,423,6111.578,level1,0,1024,640,8.243,1,8.171,8.171,8.000,0,0.192,8.269,0.076,0.722,1.395,0.011,1,1,1500,5146,7,233532,1858,918,911,2212,17,0,17,1,16777216,421,0.198,0,0.235
1,424,6122.766,level1,0,1024,640,8.810,1,8.785,8.785,9.000,0,0.217,10.637,0.086,1.211,2.373,0.018,1,1,1500,5146,7,233532,1858,918,911,2219,17,0,17,1,16777216,422,0.204,0,0.240
1,425,6135.313,level1,0,1024,640,11.220,1,11.227,11.227,11.000,0,0.210,11.934,0.115,1.220,2.362,0.019,1,1,1500,5146,7,233532,1858,918,911,2226,17,0,17,1,16777216,423,0.211,0,0.280
1,426,6145.922,level1,0,1024,640,12.527,1,12.559,12.559,12.000,0,0.177,9.960,0.171,0.816,1.532,0.012,1,1,1500,5146,7,233532,1858,918,911,2233,17,0,17,1,16777216,424,0.205,0,0.292
1,427,6159.160,level1,0,1024,640,10.603,1,10.606,10.606,10.000,0,0.171,12.674,0.092,1.196,2.329,0.016,1,1,1500,5146,7,233532,1858,918,911,2240,17,0,17,1,16777216,425,0.196,0,0.288
1,428,6169.074,level1,0,1024,640,13.287,1,13.255,13.255,15.000,0,0.197,9.323,0.071,0.910,1.590,0.011,1,1,1500,5146,7,233532,1858,918,911,2247,17,0,17,1,16777216,426,0.202,0,0.305
1,429,6177.781,level1,0,1024,640,9.755,1,9.833,9.833,9.000,0,0.129,8.251,0.094,0.719,1.498,0.012,1,1,1500,5146,7,233532,1858,918,911,2254,17,0,17,1,16777216,427,0.197,0,0.226
1,430,6186.967,level1,0,1024,640,8.812,1,8.752,8.752,9.000,0,0.189,8.641,0.077,0.735,1.403,0.012,1,1,1500,5146,7,233532,1858,918,911,2261,17,0,17,1,16777216,428,0.202,0,0.271
1,431,6194.870,level1,0,1024,640,9.203,1,9.196,9.196,9.000,0,0.195,7.356,0.063,0.723,1.385,0.010,1,1,1500,5146,7,233532,1858,918,911,2268,17,0,17,1,16777216,429,0.198,0,0.281
1,432,6203.513,level1,0,1024,640,7.859,1,7.872,7.872,8.000,0,0.183,8.140,0.063,0.727,1.382,0.008,1,1,1500,5146,7,233532,1858,918,911,2275,17,0,17,1,16777216,430,0.207,0,0.250
1,433,6213.826,level1,0,1024,640,8.662,1,8.650,8.650,9.000,0,0.195,9.778,0.075,0.749,1.467,0.013,1,1,1500,5146,7,233532,1858,918,911,2282,17,0,17,1,16777216,431,0.199,0,0.257
1,434,6223.446,level1,0,1024,640,10.467,1,10.345,10.345,10.000,0,0.315,8.900,0.105,0.851,1.961,0.015,1,1,1500,5146,7,233532,1858,918,911,2289,17,0,17,1,16777216,432,0.206,0,0.289
1,435,6236.217,level1,0,1024,640,9.481,1,9.603,9.603,9.000,0,0.195,12.187,0.109,1.214,2.352,0.019,1,1,1500,5146,7,233532,1858,918,911,2296,17,0,17,1,16777216,433,0.195,0,0.272
1,436,6246.001,level1,0,1024,640,12.814,1,12.798,12.798,14.000,0,0.210,9.181,0.085,0.739,1.420,0.015,1,1,1500,5146,7,233532,1858,918,911,2303,17,0,17,1,16777216,434,0.208,0,0.299
1,437,6254.588,level1,0,1024,640,9.690,1,9.762,9.762,9.000,0,0.138,8.092,0.072,0.723,1.413,0.011,1,1,1500,5146,7,233532,1858,918,911,2310,17,0,17,1,16777216,435,0.196,0,0.278
1,438,6263.331,level1,0,1024,640,8.478,1,8.497,8.497,9.000,0,0.120,8.353,0.074,0.720,1.743,0.018,1,1,1500,5146,7,233532,1858,918,911,2317,17,0,17,1,16777216,436,0.205,0,0.188
1,439,6272.683,level1,0,1024,640,8.909,1,8.833,8.833,9.000,0,0.195,8.795,0.076,0.719,1.396,0.010,1,1,1500,5146,7,233532,1858,918,911,2324,17,0,17,1,16777216,437,0.202,0,0.278
1,440,6281.550,level1,0,1024,640,9.204,1,9.270,9.270,9.000,0,0.129,8.443,0.091,0.902,2.007,0.019,1,1,1500,5146,7,233532,1858,918,911,2331,17,0,17,1,16777216,438,0.201,0,0.198
1,441,6293.342,level1,0,1024,640,9.080,1,8.999,8.999,8.000,0,0.210,11.162,0.083,0.737,1.500,0.019,1,1,1500,5146,7,233532,1858,918,911,2338,17,0,17,1,16777216,439,0.200,0,0.328
1,442,6301.674,level1,0,1024,640,11.727,1,11.734,11.734,12.000,0,0.201,7.786,0.066,0.725,1.391,0.010,1,1,1500,5146,7,233532,1858,918,911,2345,17,0,17,1,16777216,440,0.187,0,0.271
1,443,6309.296,level1,0,1024,640,8.209,1,8.244,8.244,8.000,0,0.168,7.198,0.067,0.815,1.502,0.011,1,1,1500,5146,7,233532,1858,918,911,2352,17,0,17,1,16777216,441,0.196,0,0.183
1,444,6316.665,level1,0,1024,640,7.617,1,7.660,7.660,9.000,0,0.125,6.962,0.055,0.713,1.377,0.009,1,1,1500,5146,7,233532,1858,918,911,2359,17,0,17,1,16777216,442,0.204,0,0.220
1,445,6324.977,level1,0,1024,640,7.322,1,7.324,7.324,6.000,0,0.124,7.568,0.438,0.862,1.567,0.012,1,1,1500,5146,7,233532,1858,918,911,2366,17,0,17,1,16777216,443,0.198,0,0.176
1,446,6332.943,level1,0,1024,640,8.348,1,8.337,8.337,9.000,0,0.135,7.545,0.079,0.717,1.395,0.010,1,1,1500,5146,7,233532,1858,918,911,2373,17,0,17,1,16777216,444,0.201,0,0.200
1,447,6340.497,level1,0,1024,640,7.981,1,7.965,7.965,8.000,0,0.151,7.133,0.065,0.715,1.377,0.009,1,1,1500,5146,7,233532,1858,918,911,2380,17,0,17,1,16777216,445,0.197,0,0.199
1,448,6347.976,level1,0,1024,640,7.530,1,7.534,7.534,8.000,0,0.143,7.090,0.056,0.720,1.382,0.009,1,1,1500,5146,7,233532,1858,918,911,2387,17,0,17,1,16777216,446,0.210,0,0.178
1,449,6356.107,level1,0,1024,640,7.489,1,7.477,7.477,6.000,0,0.160,7.715,0.073,1.078,2.148,0.013,1,1,1500,5146,7,233532,1858,918,911,2394,17,0,17,1,16777216,447,0.196,0,0.177
1,450,6364.055,level1,0,1024,640,8.225,1,8.198,8.198,10.000,0,0.188,7.430,0.081,0.735,1.404,0.010,1,1,1500,5146,7,233532,1858,918,911,2401,17,0,17,1,16777216,448,0.191,0,0.243
1,451,6371.546,level1,0,1024,640,7.861,1,7.921,7.921,7.000,0,0.127,7.084,0.058,0.712,1.381,0.009,1,1,1500,5146,7,233532,1858,918,911,2408,17,0,17,1,16777216,449,0.199,0,0.215
1,452,6378.923,level1,0,1024,640,7.478,1,7.455,7.455,7.000,0,0.152,6.990,0.049,0.710,1.376,0.008,1,1,1500,5146,7,233532,1858,918,911,2415,17,0,17,1,16777216,450,0.205,0,0.180
1,453,6386.156,level1,0,1024,640,7.325,1,7.363,7.363,8.000,0,0.113,6.896,0.052,0.751,1.402,0.009,1,1,1500,5146,7,233532,1858,918,911,2422,17,0,17,1,16777216,451,0.196,0,0.166
1,454,6393.374,level1,0,1024,640,7.264,1,7.245,7.245,7.000,0,0.132,6.855,0.047,0.702,1.355,0.007,1,1,1500,5146,7,233532,1858,918,911,2429,17,0,17,1,16777216,452,0.202,0,0.179
1,455,6400.750,level1,0,1024,640,7.189,1,7.214,7.214,8.000,0,0.108,7.025,0.064,0.776,1.444,0.009,1,1,1500,5146,7,233532,1858,918,911,2436,17,0,17,1,16777216,453,0.202,0,0.175
1,456,6408.095,level1,0,1024,640,7.453,1,7.406,7.406,7.000,0,0.153,6.924,0.058,0.718,1.373,0.009,1,1,1500,5146,7,233532,1858,918,911,2443,17,0,17,1,16777216,454,0.211,0,0.204
1,457,6415.864,level1,0,1024,640,7.378,1,7.379,7.379,7.000,0,0.152,6.939,0.432,0.707,1.381,0.014,1,1,1500,5146,7,233532,1858,918,911,2450,17,0,17,1,16777216,455,0.194,0,0.238
1,458,6429.424,level1,0,1024,640,7.956,1,7.898,7.898,8.000,0,0.209,12.875,0.100,1.230,2.386,0.018,1,1,1500,5146,7,233532,1858,918,911,2457,17,0,17,1,16777216,456,0.201,0,0.366
1,459,6440.593,level1,0,1024,640,13.476,1,13.497,13.497,13.000,0,0.189,10.594,0.075,0.722,1.399,0.009,1,1,1500,5146,7,233532,1858,918,911,2464,17,0,17,1,16777216,457,0.195,0,0.304
1,460,6448.871,level1,0,1024,640,11.092,1,11.087,11.087,11.000,0,0.195,7.777,0.077,0.770,1.441,0.013,1,1,1500,5146,7,233532,1858,918,911,2471,17,0,17,1,16777216,458,0.201,0,0.222
1,461,6456.386,level1,0,1024,640,8.181,1,8.245,8.245,9.000,0,0.132,7.132,0.057,0.752,1.416,0.010,1,1,1500,5146,7,233532,1858,918,911,2478,17,0,17,1,16777216,459,0.202,0,0.189
1,462,6464.087,level1,0,1024,640,7.518,1,7.509,7.509,7.000,0,0.141,7.303,0.069,0.725,1.414,0.009,1,1,1500,5146,7,233532,1858,918,911,2485,17,0,17,1,16777216,460,0.201,0,0.183
1,463,6471.509,level1,0,1024,640,7.690,1,7.717,7.717,8.000,0,0.115,7.033,0.070,0.720,1.413,0.010,1,1,1500,5146,7,233532,1858,918,911,2492,17,0,17,1,16777216,461,0.197,0,0.198
1,464,6479.299,level1,0,1024,640,7.495,1,7.480,7.480,7.000,0,0.129,7.328,0.069,0.734,1.465,0.010,1,1,1500,5146,7,233532,1858,918,911,2499,17,0,17,1,16777216,462,0.203,0,0.256
1,465,6486.610,level1,0,1024,640,7.755,1,7.764,7.764,8.000,0,0.120,6.905,0.048,0.710,1.370,0.008,1,1,1500,5146,7,233532,1858,918,911,2506,17,0,17,1,16777216,463,0.199,0,0.231
1,466,6494.526,level1,0,1024,640,7.319,1,7.246,7.246,8.000,0,0.194,7.482,0.069,0.846,1.630,0.012,1,1,1500,5146,7,233532,1858,918,911,2513,17,0,17,1,16777216,464,0.200,0,0.167
1,467,6502.179,level1,0,1024,640,8.043,1,8.044,8.044,8.000,0,0.192,7.093,0.068,0.713,1.535,0.012,1,1,1500,5146,7,233532,1858,918,911,2520,17,0,17,1,16777216,465,0.200,0,0.293
1,468,6510.291,level1,0,1024,640,7.530,1,7.595,7.595,8.000,0,0.125,7.667,0.074,0.735,1.403,0.011,1,1,1500,5146,7,233532,1858,918,911,2527,17,0,17,1,16777216,466,0.197,0,0.236
1,469,6518.157,level1,0,1024,640,8.126,1,8.128,8.128,8.000,0,0.125,7.410,0.071,0.714,1.385,0.009,1,1,1500,5146,7,233532,1858,918,911,2534,17,0,17,1,16777216,467,0.199,0,0.253
1,470,6525.904,level1,0,1024,640,7.881,1,7.805,7.805,7.000,0,0.200,7.282,0.066,0.723,1.429,0.010,1,1,1500,5146,7,233532,1858,918,911,2541,17,0,17,1,16777216,468,0.190,0,0.191
1,471,6533.421,level1,0,1024,640,7.703,1,7.783,7.783,8.000,0,0.120,7.097,0.067,0.742,1.404,0.009,1,1,1500,5146,7,233532,1858,918,911,2548,17,0,17,1,16777216,469,0.201,0,0.227
1,472,6541.862,level1,0,1024,640,7.535,1,7.488,7.488,8.000,0,0.167,7.991,0.077,0.733,1.504,0.013,1,1,1500,5146,7,233532,1858,918,911,2555,17,0,17,1,16777216,470,0.202,0,0.198
1,473,6551.159,level1,0,1024,640,8.542,1,8.516,8.516,8.000,0,0.194,8.609,0.213,0.760,1.461,0.010,1,1,1500,5146,7,233532,1858,918,911,2562,17,0,17,1,16777216,471,0.177,0,0.272
1,474,6563.045,level1,0,1024,640,9.227,1,9.288,9.288,9.000,0,0.133,11.392,0.090,1.205,2.359,0.014,1,1,1500,5146,7,233532,1858,918,911,2569,17,0,17,1,16777216,472,0.202,0,0.265
1,475,6575.236,level1,0,1024,640,11.975,1,11.902,11.902,12.000,0,0.206,11.606,0.092,1.179,2.278,0.017,1,1,1500,5146,7,233532,1858,918,911,2576,17,0,17,1,16777216,473,0.196,0,0.280
1,476,6587.213,level1,0,1024,640,12.204,1,12.180,12.180,12.000,0,0.229,10.910,0.559,0.940,1.997,0.018,1,1,1500,5146,7,233532,1858,918,911,2583,17,0,17,1,16777216,474,0.202,0,0.270
1,477,6595.280,level1,0,1024,640,12.077,1,12.101,12.101,12.000,0,0.205,7.395,0.067,0.718,1.386,0.009,1,1,1500,5146,7,233532,1858,918,911,2590,17,0,17,1,16777216,475,0.194,0,0.394
1,478,6604.172,level1,0,1024,640,7.786,1,7.866,7.866,8.000,0,0.125,8.494,0.073,1.307,2.017,0.023,1,1,1500,5146,7,233532,1858,918,911,2597,17,0,17,1,16777216,476,0.189,0,0.192
1,479,6612.144,level1,0,1024,640,8.976,1,8.971,8.971,9.000,0,0.130,7.484,0.079,0.721,1.382,0.011,1,1,1500,5146,7,233532,1858,918,911,2604,17,0,17,1,16777216,477,0.179,0,0.272
1,480,6620.472,level1,0,1024,640,7.953,1,7.964,7.964,8.000,0,0.118,7.865,0.073,0.723,1.493,0.013,1,1,1500,5146,7,233532,1858,918,911,2611,17,0,17,1,16777216,478,0.201,0,0.264
1,481,6629.000,level1,0,1024,640,8.282,1,8.278,8.278,8.000,0,0.125,8.092,0.092,0.891,2.061,0.016,1,1,1500,5146,7,233532,1858,918,911,2618,17,0,17,1,16777216,479,0.196,0,0.215
1,482,6637.927,level1,0,1024,640,8.680,1,8.598,8.598,9.000,0,0.204,8.368,0.064,0.727,1.387,0.009,1,1,1500,5146,7,233532,1858,918,911,2625,17,0,17,1,16777216,480,0.185,0,0.283
1,483,6645.520,level1,0,1024,640,8.856,1,8.883,8.883,9.000,0,0.179,7.119,0.049,0.713,1.355,0.007,1,1,1500,5146,7,233532,1858,918,911,2632,17,0,17,1,16777216,481,0.198,0,0.240
1,484,6654.526,level1,0,1024,640,7.589,1,7.577,7.577,7.000,0,0.191,8.513,0.071,0.972,1.701,0.012,1,1,1500,5146,7,233532,1858,918,911,2639,17,0,17,1,16777216,482,0.192,0,0.224
1,485,6661.992,level1,0,1024,640,8.905,1,8.973,8.973,10.000,0,0.124,7.085,0.061,0.712,1.380,0.007,1,1,1500,5146,7,233532,1858,918,911,2646,17,0,17,1,16777216,483,0.198,0,0.192
1,486,6669.572,level1,0,1024,640,7.492,1,7.468,7.468,7.000,0,0.147,7.170,0.063,0.712,1.370,0.010,1,1,1500,5146,7,233532,1858,918,911,2653,17,0,17,1,16777216,484,0.185,0,0.193
1,487,6679.672,level1,0,1024,640,7.583,1,7.615,7.615,8.000,0,0.116,8.669,1.080,0.756,2.010,0.018,1,1,1500,5146,7,233532,1858,918,911,2660,17,0,17,1,16777216,485,0.177,0,0.229
1,488,6690.012,level1,0,1024,640,10.232,1,10.121,10.121,9.000,0,0.226,9.681,0.176,0.833,1.732,0.013,1,1,1500,5146,7,233532,1858,918,911,2667,17,0,17,1,16777216,486,0.203,0,0.249
1,489,6698.327,level1,0,1024,640,10.230,1,10.326,10.326,12.000,0,0.130,7.860,0.084,0.761,1.484,0.010,1,1,1500,5146,7,233532,1858,918,911,2674,17,0,17,1,16777216,487,0.251,0,0.236
1,490,6706.767,level1,0,1024,640,8.433,1,8.352,8.352,8.000,0,0.211,7.885,0.066,0.825,2.090,0.011,1,1,1500,5146,7,233532,1858,918,911,2681,17,0,17,1,16777216,488,0.204,0,0.272
1,491,6719.403,level1,0,1024,640,8.382,1,8.398,8.398,7.000,0,0.195,11.990,0.213,1.192,2.387,0.015,1,1,1500,5146,7,233532,1858,918,911,2688,17,0,17,1,16777216,489,0.177,0,0.230
1,492,6728.300,level1,0,1024,640,12.566,1,12.631,12.631,13.000,0,0.131,8.451,0.084,0.890,1.640,0.016,1,1,1500,5146,7,233532,1858,918,911,2695,17,0,17,1,16777216,490,0.259,0,0.225
1,493,6735.828,level1,0,1024,640,8.959,1,8.956,8.956,9.000,0,0.133,7.045,0.059,0.713,1.389,0.009,1,1,1500,5146,7,233532,1858,918,911,2702,17,0,17,1,16777216,491,0.199,0,0.284
1,494,6746.486,level1,0,1024,640,7.469,1,7.420,7.420,8.000,0,0.183,8.685,1.607,1.033,1.905,0.017,1,1,1500,5146,7,233532,1858,918,911,2709,17,0,17,1,16777216,492,0.203,0,0.176
1,495,6755.549,level1,0,1024,640,10.684,1,10.739,10.739,10.000,0,0.128,8.607,0.065,0.753,1.479,0.011,1,1,1500,5146,7,233532,1858,918,911,2716,17,0,17,1,16777216,493,0.180,0,0.257
1,496,6769.302,level1,0,1024,640,9.000,1,9.011,9.011,9.000,0,0.119,13.293,0.130,0.952,2.182,0.017,1,1,1500,5146,7,233532,1858,918,911,2723,17,0,17,1,16777216,494,0.221,0,0.206
1,497,6780.903,level1,0,1024,640,13.950,1,13.833,13.833,14.000,0,0.228,11.003,0.072,0.905,1.802,0.013,1,1,1500,5146,7,233532,1858,918,911,2730,17,0,17,1,16777216,495,0.198,0,0.283
1,498,6790.495,level1,0,1024,640,11.558,1,11.592,11.592,12.000,0,0.199,9.035,0.074,0.781,1.460,0.011,1,1,1500,5146,7,233532,1858,918,911,2737,17,0,17,1,16777216,496,0.257,0,0.276
1,499,6798.916,level1,0,1024,640,9.567,1,9.584,9.584,9.000,0,0.183,7.812,0.151,0.749,1.939,0.012,1,1,1500,5146,7,233532,1858,918,911,2744,17,0,17,1,16777216,497,0.196,0,0.269
1,500,6809.456,level1,0,1024,640,8.337,1,8.359,8.359,9.000,0,0.155,9.491,0.671,0.835,1.857,0.021,1,1,1500,5146,7,233532,1858,918,911,2751,17,0,17,1,16777216,498,0.200,0,0.206
1,501,6821.465,level1,0,1024,640,10.923,1,10.938,10.938,10.000,0,0.146,11.177,0.075,0.726,1.400,0.010,1,1,1500,5146,7,233532,1858,918,911,2758,17,0,17,1,16777216,499,0.262,0,0.603
1,502,6830.408,level1,0,1024,640,11.632,1,11.620,11.620,13.000,0,0.157,8.451,0.112,0.740,1.881,0.014,1,1,1500,5146,7,233532,1858,918,911,2765,17,0,17,1,16777216,500,0.340,0,0.214
1,503,6841.394,level1,0,1024,640,8.935,1,8.953,8.953,8.000,0,0.130,10.502,0.101,1.225,2.501,0.017,1,1,1500,5146,7,233532,1858,918,911,2772,17,0,17,1,16777216,501,0.179,0,0.225
1,504,6850.264,level1,0,1024,640,11.030,1,11.009,11.009,11.000,0,0.160,8.375,0.079,0.728,1.401,0.010,1,1,1500,5146,7,233532,1858,918,911,2779,17,0,17,1,16777216,502,0.260,0,0.247
1,505,6860.327,level1,0,1024,640,8.812,1,8.849,8.849,10.000,0,0.124,9.620,0.084,0.744,1.904,0.012,1,1,1500,5146,7,233532,1858,918,911,2786,17,0,17,1,16777216,503,0.258,0,0.228
1,506,6872.634,level1,0,1024,640,10.101,1,10.098,10.098,9.000,0,0.126,11.827,0.084,1.062,2.051,0.016,1,1,1500,5146,7,233532,1858,918,911,2793,17,0,17,1,16777216,504,0.236,0,0.262
1,507,6882.505,level1,0,1024,640,12.431,1,12.330,12.330,13.000,0,0.204,9.260,0.091,0.730,1.427,0.010,1,1,1500,5146,7,233532,1858,918,911,2800,17,0,17,1,16777216,505,0.256,0,0.284
1,508,6893.381,level1,0,1024,640,9.951,1,9.894,9.894,10.000,0,0.282,10.149,0.125,0.739,1.502,0.015,1,1,1500,5146,7,233532,1858,918,911,2807,17,0,17,1,16777216,506,0.177,0,0.308
1,509,6905.259,level1,0,1024,640,10.766,1,10.852,10.852,10.000,0,0.194,10.966,0.422,0.738,1.483,0.011,1,1,1500,5146,7,233532,1858,918,911,2814,17,0,17,1,16777216,507,0.219,0,0.283
1,510,6915.882,level1,0,1024,640,11.833,1,11.905,11.905,12.000,0,0.126,10.067,0.109,0.829,2.039,0.017,1,1,1500,5146,7,233532,1858,918,911,2821,17,0,17,1,16777216,508,0.249,0,0.312
1,511,6925.450,level1,0,1024,640,10.693,1,10.622,10.622,10.000,0,0.195,8.960,0.093,0.728,1.926,0.013,1,1,1500,5146,7,233532,1858,918,911,2828,17,0,17,1,16777216,509,0.180,0,0.310
1,512,6943.388,level1,0,1024,640,18.043,1,9.536,9.536,10.000,0,0.132,8.853,0.095,0.812,1.887,0.023,1,1,1500,5146,7,233532,1858,918,911,2835,17,0,17,1,16777216,510,0.253,0,0.278
1,513,6958.020,level1,0,1024,640,10.660,1,19.022,19.022,19.000,0,0.211,12.786,0.133,1.230,2.794,0.021,1,1,1500,5146,7,233532,1858,918,911,2842,17,0,17,1,16777216,511,0.247,0,1.362
1,514,6970.862,level1,0,1024,640,13.703,1,13.749,13.749,14.000,0,0.280,11.970,0.089,0.819,1.563,0.011,1,1,1500,5146,7,233532,1858,918,911,2849,17,0,17,1,16777216,512,0.178,0,0.479
1,515,6979.356,level1,0,1024,640,12.453,1,12.567,12.567,13.000,0,0.182,8.024,0.076,0.717,1.391,0.013,1,1,1500,5146,7,233532,1858,918,911,2856,17,0,17,1,16777216,513,0.255,0,0.206
1,516,6987.434,level1,0,1024,640,8.483,1,8.510,8.510,8.000,0,0.155,7.604,0.089,0.739,1.497,0.013,1,1,1500,5146,7,233532,1858,918,911,2863,17,0,17,1,16777216,514,0.185,0,0.221
1,517,6996.350,level1,0,1024,640,8.131,1,8.148,8.148,8.000,0,0.136,8.411,0.068,0.734,1.421,0.023,1,1,1500,5146,7,233532,1858,918,911,2870,17,0,17,1,16777216,515,0.199,0,0.290
1,518,7004.780,level1,0,1024,640,8.892,1,8.883,8.883,10.000,0,0.146,7.877,0.140,0.843,1.869,0.016,1,1,1500,5146,7,233532,1858,918,911,2877,17,0,17,1,16777216,516,0.256,0,0.259
1,519,7017.726,level1,0,1024,640,8.743,1,8.560,8.560,8.000,0,0.327,12.126,0.094,1.099,2.220,0.014,1,1,1500,5146,7,233532,1858,918,911,2884,17,0,17,1,16777216,517,0.180,0,0.389
1,520,7030.397,level1,0,1024,640,12.712,1,12.841,12.841,13.000,0,0.200,11.644,0.534,1.188,2.230,0.015,1,1,1500,5146,7,233532,1858,918,911,2891,17,0,17,1,16777216,518,0.179,0,0.284
1,521,7040.052,level1,0,1024,640,12.669,1,12.694,12.694,12.000,0,0.172,9.090,0.075,0.739,1.502,0.013,1,1,1500,5146,7,233532,1858,918,911,2898,17,0,17,1,16777216,519,0.196,0,0.306
1,522,7049.839,level1,0,1024,640,11.376,1,9.593,9.593,11.000,0,0.133,7.502,0.075,0.724,1.390,0.010,1,1,1500,5146,7,233532,1858,918,911,2905,17,0,17,1,16777216,520,0.198,0,0.245
1,523,7060.070,level1,0,1024,640,8.387,1,9.724,9.724,9.000,0,0.144,9.299,0.120,1.008,2.354,0.023,1,1,1500,5146,7,233532,1858,918,911,2912,17,0,17,1,16777216,521,0.198,0,0.182
1,524,7070.022,level1,0,1024,640,10.162,1,10.496,10.496,10.000,0,0.287,9.133,0.079,0.737,1.407,0.010,1,1,1500,5146,7,233532,1858,918,911,2919,17,0,17,1,16777216,522,0.191,0,0.436
1,525,7078.355,level1,0,1024,640,9.581,1,9.743,9.743,10.000,0,0.125,7.861,0.102,0.724,1.432,0.013,1,1,1500,5146,7,233532,1858,918,911,2926,17,0,17,1,16777216,523,0.251,0,0.238
1,526,7088.206,level1,0,1024,640,8.411,1,8.384,8.384,8.000,0,0.151,9.319,0.084,0.880,1.764,0.017,1,1,1500,5146,7,233532,1858,918,911,2933,17,0,17,1,16777216,524,0.187,0,0.288
1,527,7097.742,level1,0,1024,640,9.927,1,9.882,9.882,11.000,0,0.197,8.925,0.087,1.129,2.014,0.013,1,1,1500,5146,7,233532,1858,918,911,2940,17,0,17,1,16777216,525,0.248,0,0.319
1,528,7106.984,level1,0,1024,640,9.553,1,9.531,9.531,9.000,0,0.219,8.617,0.084,0.736,1.436,0.010,1,1,1499,5144,7,233388,1858,918,911,2947,17,0,17,1,16777216,526,0.204,0,0.313
1,529,7120.836,level1,0,1024,640,9.179,1,9.213,9.213,9.000,0,0.184,13.055,0.315,1.275,2.401,0.018,1,1,1499,5144,7,233388,1858,918,911,2954,17,0,17,1,16777216,527,0.154,0,0.284
1,530,7132.932,level1,0,1024,640,14.230,1,14.110,14.110,14.000,0,0.305,11.140,0.099,1.230,2.378,0.019,1,1,1499,5144,7,233388,1858,918,911,2961,17,0,17,1,16777216,528,0.178,0,0.541
1,531,7146.287,level1,0,1024,640,11.765,1,11.857,11.857,12.000,0,0.213,12.726,0.103,1.249,2.391,0.018,1,1,1499,5144,7,233388,1858,918,911,2968,17,0,17,1,16777216,529,0.145,0,0.304
1,532,7160.754,level1,0,1024,640,13.366,1,13.350,13.350,13.000,0,0.230,13.781,0.149,1.322,2.860,0.026,1,1,1499,5144,7,233388,1858,918,911,2975,17,0,17,1,16777216,530,0.144,0,0.294
1,533,7172.223,level1,0,1024,640,14.635,1,14.559,14.559,15.000,0,0.284,10.689,0.077,0.765,1.432,0.010,1,1,1499,5144,7,233388,1858,918,911,2982,17,0,17,1,16777216,531,0.131,0,0.387
1,534,7181.096,level1,0,1024,640,11.103,1,11.271,11.271,11.000,0,0.133,8.432,0.103,0.717,1.820,0.015,1,1,1499,5144,7,233388,1858,918,911,2989,17,0,17,1,16777216,532,0.216,0,0.194
1,535,7189.395,level1,0,1024,640,8.938,1,8.917,8.917,9.000,0,0.151,7.741,0.154,0.942,1.683,0.016,1,1,1499,5144,7,233388,1858,918,911,2996,17,0,17,1,16777216,533,0.132,0,0.237
1,536,7197.136,level1,0,1024,640,8.270,1,8.280,8.280,8.000,0,0.145,7.279,0.089,0.716,1.437,0.010,1,1,1499,5144,7,233388,1858,918,911,3003,17,0,17,1,16777216,534,0.198,0,0.219
1,537,7205.339,level1,0,1024,640,7.861,1,7.841,7.841,8.000,0,0.168,7.372,0.337,0.728,1.439,0.011,1,1,1499,5144,7,233388,1858,918,911,3010,17,0,17,1,16777216,535,0.145,0,0.314
1,538,7216.009,level1,0,1024,640,10.543,1,8.084,8.084,8.000,0,0.148,7.762,0.076,1.239,1.923,0.010,1,1,1499,5144,7,233388,1858,918,911,3017,17,0,17,1,16777216,536,0.128,0,0.199
1,539,7225.507,level1,0,1024,640,9.713,1,10.688,10.688,11.000,0,0.145,7.548,0.074,0.753,1.415,0.010,1,1,1499,5144,7,233388,1858,918,911,3024,17,0,17,1,16777216,537,0.146,0,0.218
1,540,7235.626,level1,0,1024,640,10.031,1,9.471,9.471,9.000,0,0.125,7.629,0.080,0.734,1.429,0.013,1,1,1499,5144,7,233388,1858,918,911,3031,17,0,17,1,16777216,538,0.126,0,0.192
1,541,7245.050,level1,0,1024,640,9.248,1,10.205,10.205,10.000,0,0.146,7.814,0.072,0.718,1.402,0.010,1,1,1499,5144,7,233388,1858,918,911,3038,17,0,17,1,16777216,539,0.149,0,0.276
1,542,7255.254,level1,0,1024,640,9.758,1,9.340,9.340,10.000,0,0.119,8.225,0.107,1.196,2.110,0.025,1,1,1499,5144,7,233388,1858,918,911,3045,17,0,17,1,16777216,540,0.147,0,0.193
1,543,7267.754,level1,0,1024,640,10.676,1,10.223,10.223,10.000,0,0.168,10.047,0.107,0.719,1.416,0.011,1,1,1499,5144,7,233388,1858,918,911,3052,17,0,17,1,16777216,541,0.128,0,0.212
1,544,7276.325,level1,0,1024,640,11.444,1,12.553,12.553,13.000,0,0.138,7.209,0.073,0.722,1.439,0.015,1,1,1499,5144,7,233388,1858,918,911,3059,17,0,17,1,16777216,542,0.142,0,0.264
1,545,7284.613,level1,0,1024,640,8.435,1,8.500,8.500,9.000,0,0.143,7.066,0.069,0.726,1.393,0.010,1,1,1499,5144,7,233388,1858,918,911,3066,17,0,17,1,16777216,543,0.127,0,0.194
1,546,7293.175,level1,0,1024,640,8.424,1,8.294,8.294,7.000,0,0.170,7.197,0.076,0.715,1.402,0.010,1,1,1499,5144,7,233388,1858,918,911,3073,17,0,17,1,16777216,544,0.146,0,0.199
1,547,7302.454,level1,0,1024,640,9.383,1,8.568,8.568,9.000,0,0.131,7.094,0.076,0.792,1.459,0.011,1,1,1499,5144,7,233388,1858,918,911,3080,17,0,17,1,16777216,545,0.143,0,0.206
1,548,7310.001,level1,0,1024,640,7.573,1,9.331,9.331,9.000,0,0.140,7.079,0.064,0.722,1.396,0.008,1,1,1499,5144,7,233388,1858,918,911,3087,17,0,17,1,16777216,546,0.129,0,0.258
1,549,7317.348,level1,0,1024,640,7.458,1,7.470,7.470,8.000,0,0.128,6.970,0.063,0.748,1.442,0.008,1,1,1499,5144,7,233388,1858,918,911,3094,17,0,17,1,16777216,547,0.149,0,0.181
1,550,7324.594,level1,0,1024,640,7.351,1,7.342,7.342,7.000,0,0.131,6.881,0.047,0.706,1.349,0.007,1,1,1499,5144,7,233388,1858,918,911,3101,17,0,17,1,16777216,548,0.148,0,0.177
1,551,7332.921,level1,0,1024,640,7.216,1,7.232,7.232,8.000,0,0.121,7.935,0.101,0.737,2.043,0.018,1,1,1499,5144,7,233388,1858,918,911,3108,17,0,17,1,16777216,549,0.126,0,0.163
1,552,7340.480,level1,0,1024,640,8.456,1,8.442,8.442,8.000,0,0.135,7.064,0.075,0.748,1.418,0.009,1,1,1499,5144,7,233388,1858,918,911,3115,17,0,17,1,16777216,550,0.131,0,0.279
1,553,7348.006,level1,0,1024,640,7.552,1,7.481,7.481,7.000,0,0.203,7.032,0.083,0.717,1.377,0.010,1,1,1499,5144,7,233388,1858,918,911,3122,17,0,17,1,16777216,551,0.146,0,0.201
1,554,7355.504,level1,0,1024,640,7.515,1,7.590,7.590,8.000,0,0.128,7.034,0.064,0.732,1.405,0.011,1,1,1499,5144,7,233388,1858,918,911,3129,17,0,17,1,16777216,552,0.145,0,0.264
1,555,7363.825,level1,0,1024,640,8.260,1,7.426,7.426,7.000,0,0.124,7.091,0.068,0.721,1.426,0.010,1,1,1499,5144,7,233388,1858,918,911,3136,17,0,17,1,16777216,553,0.126,0,0.192
1,556,7371.364,level1,0,1024,640,7.480,1,8.321,8.321,9.000,0,0.123,7.158,0.060,0.727,1.393,0.010,1,1,1499,5144,7,233388,1858,918,911,3143,17,0,17,1,16777216,554,0.142,0,0.193
1,557,7379.050,level1,0,1024,640,7.528,1,7.526,7.526,8.000,0,0.126,7.290,0.086,0.723,1.406,0.010,1,1,1499,5144,7,233388,1858,918,911,3150,17,0,17,1,16777216,555,0.152,0,0.180
1,558,7387.437,level1,0,1024,640,8.520,1,7.777,7.777,7.000,0,0.197,7.151,0.090,0.761,1.442,0.011,1,1,1499,5144,7,233388,1858,918,911,3157,17,0,17,1,16777216,556,0.128,0,0.269
1,559,7395.989,level1,0,1024,640,8.601,1,8.335,8.335,8.000,0,0.218,7.125,0.069,0.740,1.407,0.011,1,1,1499,5144,7,233388,1858,918,911,3164,17,0,17,1,16777216,557,0.129,0,0.216
1,560,7404.897,level1,0,1024,640,8.810,1,8.525,8.525,9.000,0,0.133,7.208,0.083,0.804,1.493,0.013,1,1,1499,5144,7,233388,1858,918,911,3171,17,0,17,1,16777216,558,0.141,0,0.191
1,561,7415.751,level1,0,1024,640,8.295,1,8.922,8.922,9.000,0,0.130,9.781,0.070,0.718,1.399,0.010,1,1,1499,5144,7,233388,1858,918,911,3178,17,0,17,1,16777216,559,0.132,0,0.205
1,562,7423.043,level1,0,1024,640,10.163,1,10.831,10.831,10.000,0,0.125,6.930,0.049,0.713,1.363,0.007,1,1,1499,5144,7,233388,1858,918,911,3185,17,0,17,1,16777216,560,0.143,0,0.183
1,563,7431.879,level1,0,1024,640,7.263,1,7.275,7.275,8.000,0,0.113,8.468,0.084,0.756,1.442,0.012,1,1,1499,5144,7,233388,1858,918,911,3192,17,0,17,1,16777216,561,0.131,0,0.165
1,564,7440.313,level1,0,1024,640,9.513,1,8.868,8.868,9.000,0,0.133,7.398,0.075,0.725,1.393,0.010,1,1,1499,5144,7,233388,1858,918,911,3199,17,0,17,1,16777216,562,0.141,0,0.197
1,565,7450.453,level1,0,1024,640,9.015,1,8.426,8.426,9.000,0,0.136,8.522,0.077,0.736,1.402,0.011,1,1,1499,5144,7,233388,1858,918,911,3206,17,0,17,1,16777216,563,0.146,0,0.189
1,566,7461.214,level1,0,1024,640,9.725,1,10.146,10.146,9.000,0,0.150,9.542,0.092,0.855,1.528,0.012,1,1,1499,5144,7,233388,1858,918,911,3213,17,0,17,1,16777216,564,0.129,0,0.194
1,567,7471.721,level1,0,1024,640,10.882,1,10.835,10.835,11.000,0,0.167,9.183,0.076,0.727,1.401,0.011,1,1,1499,5144,7,233388,1858,918,911,3220,17,0,17,1,16777216,565,0.128,0,0.269
1,568,7480.735,level1,0,1024,640,10.549,1,10.533,10.533,11.000,0,0.200,7.649,0.075,0.733,1.540,0.014,1,1,1499,5144,7,233388,1858,918,911,3227,17,0,17,1,16777216,566,0.125,0,0.294
1,569,7489.870,level1,0,1024,640,9.397,1,8.930,8.930,9.000,0,0.130,7.380,0.081,0.736,1.407,0.011,1,1,1499,5144,7,233388,1858,918,911,3234,17,0,17,1,16777216,567,0.127,0,0.212
1,570,7498.211,level1,0,1024,640,8.461,1,9.212,9.212,9.000,0,0.143,7.268,0.074,0.797,1.471,0.012,1,1,1499,5144,7,233388,1858,918,911,3241,17,0,17,1,16777216,568,0.125,0,0.287
1,571,7507.118,level1,0,1024,640,8.487,1,8.400,8.400,9.000,0,0.221,7.677,0.085,0.880,1.658,0.012,1,1,1499,5144,7,233388,1858,918,911,3248,17,0,17,1,16777216,569,0.146,0,0.346
1,572,7515.407,level1,0,1024,640,8.899,1,8.821,8.821,8.000,0,0.196,7.086,0.067,0.728,1.401,0.010,1,1,1499,5144,7,233388,1858,918,911,3255,17,0,17,1,16777216,570,0.126,0,0.261
1,573,7523.923,level1,0,1024,640,8.317,1,8.215,8.215,8.000,0,0.119,7.287,0.064,0.718,1.387,0.010,1,1,1499,5144,7,233388,1858,918,911,3262,17,0,17,1,16777216,571,0.660,0,0.187
1,574,7532.240,level1,0,1024,640,8.579,1,8.515,8.515,9.000,0,0.127,7.025,0.065,0.726,1.391,0.009,1,1,1499,5144,7,233388,1858,918,911,3269,17,0,17,1,16777216,572,0.146,0,0.187
1,575,7541.202,level1,0,1024,640,8.495,1,8.328,8.328,8.000,0,0.191,7.477,0.079,0.721,1.404,0.010,1,1,1499,5144,7,233388,1858,918,911,3276,17,0,17,1,16777216,573,0.127,0,0.197
1,576,7551.623,level1,0,1024,640,9.315,1,9.052,9.052,9.000,0,0.200,8.589,0.073,0.741,1.428,0.010,1,1,1499,5144,7,233388,1858,918,911,3283,17,0,17,1,16777216,574,0.145,0,0.287
1,577,7559.794,level1,0,1024,640,9.796,1,10.326,10.326,11.000,0,0.138,6.982,0.056,0.741,1.402,0.009,1,1,1499,5144,7,233388,1858,918,911,3290,17,0,17,1,16777216,575,0.149,0,0.193
1,578,7570.559,level1,0,1024,640,10.064,1,8.155,8.155,8.000,0,0.121,7.664,0.075,0.728,1.422,0.010,1,1,1499,5144,7,233388,1858,918,911,3297,17,0,17,1,16777216,576,0.141,0,0.176
1,579,7579.369,level1,0,1024,640,8.823,1,10.778,10.778,10.000,0,0.119,7.664,0.062,1.083,1.970,0.010,1,1,1499,5144,7,233388,1858,918,911,3304,17,0,17,1,16777216,577,0.132,0,0.189
1,580,7590.252,level1,0,1024,640,8.195,1,8.807,8.807,9.000,0,0.118,10.345,0.069,0.724,1.386,0.009,1,1,1499,5144,7,233388,1858,918,911,3311,17,0,17,1,16777216,578,0.147,0,0.186
1,581,7598.564,level1,0,1024,640,10.722,1,10.879,10.879,11.000,0,0.122,7.941,0.063,0.745,1.423,0.009,1,1,1499,5144,7,233388,1858,918,911,3318,17,0,17,1,16777216,579,0.150,0,0.182
1,582,7605.834,level1,0,1024,640,8.316,1,8.311,8.311,8.000,0,0.127,6.917,0.041,0.711,1.360,0.006,1,1,1499,5144,7,233388,1858,918,911,3325,17,0,17,1,16777216,580,0.126,0,0.181
1,583,7612.988,level1,0,1024,640,7.243,1,7.256,7.256,7.000,0,0.115,6.824,0.045,0.706,1.349,0.007,1,1,1499,5144,7,233388,1858,918,911,3332,17,0,17,1,16777216,581,0.151,0,0.166
1,584,7620.096,level1,0,1024,640,7.140,1,7.146,7.146,8.000,0,0.109,6.796,0.041,0.700,1.360,0.007,1,1,1499,5144,7,233388,1858,918,911,3339,17,0,17,1,16777216,582,0.142,0,0.158
1,585,7627.381,level1,0,1024,640,7.117,1,7.106,7.106,7.000,0,0.116,6.846,0.158,0.742,1.444,0.008,1,1,1499,5144,7,233388,1858,918,911,3346,17,0,17,1,16777216,583,0.130,0,0.156
1,586,7635.250,level1,0,1024,640,7.780,1,7.601,7.601,7.000,0,0.298,7.014,0.080,0.712,1.377,0.011,1,1,1499,5144,7,233388,1858,918,911,3353,17,0,17,1,16777216,584,0.132,0,0.470
1,587,7642.621,level1,0,1024,640,7.468,1,7.626,7.626,8.000,0,0.139,6.920,0.077,0.719,1.466,0.012,1,1,1499,5144,7,233388,1858,918,911,3360,17,0,17,1,16777216,585,0.150,0,0.229
1,588,7650.166,level1,0,1024,640,7.393,1,7.331,7.331,7.000,0,0.201,7.089,0.061,0.720,1.376,0.008,1,1,1499,5144,7,233388,1858,918,911,3367,17,0,17,1,16777216,586,0.142,0,0.189
1,589,7657.429,level1,0,1024,640,7.443,1,7.527,7.527,9.000,0,0.118,6.916,0.053,0.703,1.364,0.008,1,1,1499,5144,7,233388,1858,918,911,3374,17,0,17,1,16777216,587,0.141,0,0.171
1,590,7665.732,level1,0,1024,640,8.291,1,7.269,7.269,6.000,0,0.119,6.914,0.065,0.772,1.431,0.009,1,1,1499,5144,7,233388,1858,918,911,3381,17,0,17,1,16777216,588,0.126,0,0.176
1,591,7673.245,level1,0,1024,640,7.569,1,8.350,8.350,8.000,0,0.128,6.875,0.051,0.717,1.366,0.008,1,1,1499,5144,7,233388,1858,918,911,3388,17,0,17,1,16777216,589,0.131,0,0.224
1,592,7680.427,level1,0,1024,640,7.258,1,7.493,7.493,9.000,0,0.124,6.798,0.050,0.710,1.367,0.008,1,1,1499,5144,7,233388,1858,918,911,3395,17,0,17,1,16777216,590,0.141,0,0.205
1,593,7690.463,level1,0,1024,640,8.039,1,7.156,7.156,6.000,0,0.112,7.749,1.094,0.715,1.473,0.014,1,1,1499,5144,7,233388,1858,918,911,3402,17,0,17,1,16777216,591,0.146,0,0.179
1,594,7699.713,level1,0,1024,640,10.141,1,10.135,10.135,10.000,0,0.199,7.864,0.090,0.718,1.389,0.009,1,1,1499,5144,7,233388,1858,918,911,3409,17,0,17,1,16777216,592,0.126,0,0.278
1,595,7708.274,level1,0,1024,640,9.084,1,9.168,9.168,10.000,0,0.121,7.359,0.072,0.808,1.545,0.012,1,1,1499,5144,7,233388,1858,918,911,3416,17,0,17,1,16777216,593,0.148,0,0.196
1,596,7717.087,level1,0,1024,640,8.615,1,8.612,8.612,9.000,0,0.130,7.568,0.061,0.716,1.378,0.009,1,1,1499,5144,7,233388,1858,918,911,3423,17,0,17,1,16777216,594,0.125,0,0.247
1,597,7724.765,level1,0,1024,640,7.977,1,8.764,8.764,8.000,0,0.145,7.257,0.073,0.714,1.384,0.010,1,1,1499,5144,7,233388,1858,918,911,3430,17,0,17,1,16777216,595,0.146,0,0.197
1,598,7732.308,level1,0,1024,640,7.705,1,7.668,7.668,7.000,0,0.182,7.090,0.076,0.732,1.409,0.010,1,1,1499,5144,7,233388,1858,918,911,3437,17,0,17,1,16777216,596,0.128,0,0.188
1,599,7740.062,level1,0,1024,640,7.568,1,7.611,7.611,8.000,0,0.135,7.288,0.065,0.728,1.388,0.009,1,1,1499,5144,7,233388,1858,918,911,3444,17,0,17,1,16777216,597,0.131,0,0.256
1,600,7747.949,level1,0,1024,640,7.719,1,7.726,7.726,8.000,0,0.131,6.960,0.559,0.706,1.364,0.009,1,1,1499,5144,7,233388,1858,918,911,3451,17,0,17,1,16777216,598,0.141,0,0.228
1,601,7757.230,level1,0,1024,640,9.462,1,7.992,7.992,8.000,0,0.188,7.272,0.068,0.716,1.378,0.010,1,1,1499,5144,7,233388,1858,918,911,3458,17,0,17,1,16777216,599,0.144,0,0.332
1,602,7767.570,level1,0,1024,640,8.592,1,9.179,9.179,10.000,0,0.246,9.002,0.086,0.717,1.429,0.015,1,1,1499,5144,7,233388,1858,918,911,3465,17,0,17,1,16777216,600,0.130,0,0.230
1,603,7775.210,level1,0,1024,640,9.520,1,10.367,10.367,10.000,0,0.168,7.143,0.064,0.731,1.466,0.010,1,1,1499,5144,7,233388,1858,918,911,3472,17,0,17,1,16777216,601,0.150,0,0.258
1,604,7783.570,level1,0,1024,640,7.608,1,7.590,7.590,8.000,0,0.186,7.867,0.092,0.716,1.377,0.010,1,1,1499,5144,7,233388,1858,918,911,3479,17,0,17,1,16777216,602,0.141,0,0.209
1,605,7792.564,level1,0,1024,640,8.397,1,8.393,8.393,8.000,0,0.190,8.471,0.084,0.885,1.767,0.012,1,1,1499,5144,7,233388,1858,918,911,3486,17,0,17,1,16777216,603,0.151,0,0.240
1,606,7801.857,level1,0,1024,640,8.917,1,8.972,8.972,9.000,0,0.136,8.824,0.107,1.109,2.038,0.012,1,1,1494,5096,7,232364,1858,919,910,3493,17,0,17,1,16777216,604,0.130,0,0.218
1,607,7810.708,level1,0,1024,640,9.441,1,9.372,9.372,9.000,0,0.204,8.252,0.090,0.734,1.413,0.010,1,1,1494,5096,7,232364,1858,919,910,3500,17,0,17,1,16777216,605,0.149,0,0.298
1,608,7819.547,level1,0,1024,640,8.768,1,8.843,8.843,9.000,0,0.130,8.309,0.104,0.734,1.412,0.009,1,1,1494,5096,7,232364,1858,919,910,3507,17,0,17,1,16777216,606,0.129,0,0.290
1,609,7827.148,level1,0,1024,640,8.808,1,8.805,8.805,8.000,0,0.134,7.148,0.058,0.722,1.383,0.009,1,1,1494,5096,7,232364,1858,919,910,3514,17,0,17,1,16777216,607,0.140,0,0.255
1,610,7835.159,level1,0,1024,640,7.661,1,7.615,7.615,8.000,0,0.179,7.461,0.095,0.728,1.483,0.021,1,1,1494,5096,7,232364,1858,919,910,3521,17,0,17,1,16777216,608,0.145,0,0.268
1,611,7842.778,level1,0,1024,640,7.985,1,7.998,7.998,9.000,0,0.165,7.121,0.068,0.790,1.454,0.009,1,1,1494,5096,7,232364,1858,919,910,3528,17,0,17,1,16777216,609,0.156,0,0.256
1,612,7850.687,level1,0,1024,640,7.576,1,7.613,7.613,7.000,0,0.130,7.454,0.068,0.731,1.389,0.009,1,1,1494,5096,7,232364,1858,919,910,3535,17,0,17,1,16777216,610,0.143,0,0.249
1,613,7859.075,level1,0,1024,640,7.904,1,7.862,7.862,7.000,0,0.173,7.915,0.090,0.724,1.388,0.012,1,1,1494,5096,7,232364,1858,919,910,3542,17,0,17,1,16777216,611,0.146,0,0.203
1,614,7867.858,level1,0,1024,640,8.372,1,8.397,8.397,9.000,0,0.148,8.310,0.106,0.732,1.540,0.016,1,1,1494,5096,7,232364,1858,919,910,3549,17,0,17,1,16777216,612,0.131,0,0.212
1,615,7875.678,level1,0,1024,640,8.822,1,8.835,8.835,9.000,0,0.135,7.349,0.066,0.727,1.394,0.008,1,1,1494,5096,7,232364,1858,919,910,3556,17,0,17,1,16777216,613,0.151,0,0.263
1,616,7883.500,level1,0,1024,640,7.866,1,7.816,7.816,7.000,0,0.185,7.306,0.065,0.709,1.369,0.010,1,1,1476,5060,7,229772,1858,937,892,3563,17,0,17,1,16777216,614,0.131,0,0.260
1,617,7892.019,level1,0,1024,640,8.725,1,7.834,7.834,9.000,0,0.207,7.087,0.078,0.768,1.427,0.010,1,1,1476,5060,7,229772,1858,937,892,3570,17,0,17,1,16777216,615,0.157,0,0.271
1,618,7901.297,level1,0,1024,640,8.615,1,8.596,8.596,8.000,0,0.193,7.732,0.096,0.699,1.396,0.011,1,1,1481,5075,7,230532,1858,936,893,3577,17,0,17,1,16777216,616,0.146,0,0.348
1,619,7910.147,level1,0,1024,640,9.156,1,9.161,9.161,9.000,0,0.160,7.443,0.079,0.895,1.561,0.011,1,1,1481,5075,7,230532,1858,936,893,3584,17,0,17,1,16777216,617,0.131,0,0.232
1,620,7918.452,level1,0,1024,640,8.715,1,8.852,8.852,10.000,0,0.128,7.046,0.066,0.831,1.486,0.010,1,1,1486,5090,7,231292,1858,935,894,3591,17,0,17,1,16777216,618,0.144,0,0.233
1,621,7927.407,level1,0,1024,640,8.224,1,8.308,8.308,7.000,0,0.125,7.777,0.067,0.982,1.734,0.013,1,1,1491,5138,7,232316,1858,934,895,3598,17,0,17,1,16777216,619,0.134,0,0.237
1,622,7935.592,level1,0,1024,640,8.749,1,8.927,8.927,9.000,0,0.130,7.215,0.064,0.763,1.475,0.010,1,1,1491,5138,7,232316,1858,934,895,3605,17,0,17,1,16777216,620,0.147,0,0.209
1,623,7944.527,level1,0,1024,640,8.305,1,8.185,8.185,8.000,0,0.156,7.831,0.077,1.299,1.976,0.011,1,1,1491,5138,7,232316,1858,934,895,3612,17,0,17,1,16777216,621,0.155,0,0.208
1,624,7953.329,level1,0,1024,640,9.536,1,9.569,9.569,10.000,0,0.126,7.095,0.078,0.716,1.399,0.010,1,1,1491,5138,7,232316,1858,934,895,3619,17,0,17,1,16777216,622,0.126,0,0.843
1,625,7964.108,level1,0,1024,640,9.702,1,8.469,8.469,9.000,0,0.229,8.182,0.070,0.713,1.406,0.011,1,1,1491,5138,7,232316,1858,934,895,3626,17,0,17,1,16777216,623,0.144,0,0.508
1,626,7972.931,level1,0,1024,640,9.350,1,10.463,10.463,11.000,0,0.124,7.654,0.071,0.782,1.726,0.010,1,1,1491,5138,7,232316,1858,934,895,3633,17,0,17,1,16777216,624,0.128,0,0.194
1,627,7981.365,level1,0,1024,640,8.746,1,8.855,8.855,8.000,0,0.132,7.332,0.081,0.710,1.417,0.014,1,1,1491,5138,7,232316,1858,934,895,3640,17,0,17,1,16777216,625,0.125,0,0.226
1,628,7990.558,level1,0,1024,640,8.700,1,8.455,8.455,9.000,0,0.122,7.836,0.070,0.741,1.940,0.014,1,1,1491,5138,7,232316,1858,934,895,3647,17,0,17,1,16777216,626,0.129,0,0.247
1,629,8000.162,level1,0,1024,640,9.573,1,9.143,9.143,8.000,0,0.257,7.870,0.068,1.444,2.206,0.011,1,1,1491,5138,7,232316,1858,934,895,3654,17,0,17,1,16777216,627,0.147,0,0.198
1,630,8008.975,level1,0,1024,640,9.374,1,9.599,9.599,10.000,0,0.165,7.295,0.082,0.785,1.451,0.010,1,1,1491,5138,7,232316,1858,934,895,3661,17,0,17,1,16777216,628,0.130,0,0.192
1,631,8017.809,level1,0,1024,640,8.583,1,8.895,8.895,9.000,0,0.209,7.084,0.543,0.724,1.458,0.013,1,1,1491,5138,7,232316,1858,934,895,3668,17,0,17,1,16777216,629,0.151,0,0.274
1,632,8025.900,level1,0,1024,640,8.615,1,8.804,8.804,9.000,0,0.138,7.042,0.062,0.805,1.518,0.010,1,1,1496,5186,7,233340,1858,933,896,3675,17,0,17,1,16777216,630,0.124,0,0.244
1,633,8034.193,level1,0,1024,640,7.585,1,8.095,8.095,8.000,0,0.226,7.701,0.111,0.742,1.694,0.016,1,1,1501,5201,7,234100,1858,932,897,3682,17,0,17,1,16777216,631,0.147,0,0.248
1,634,8043.202,level1,0,1024,640,8.290,1,8.304,8.304,8.000,0,0.212,8.304,0.225,0.735,2.204,0.037,1,1,1501,5201,7,234100,1858,932,897,3689,17,0,17,1,16777216,632,0.142,0,0.258
1,635,8052.213,level1,0,1024,640,9.097,1,9.140,9.140,10.000,0,0.169,8.359,0.086,0.745,1.457,0.011,1,1,1506,5249,7,235124,1858,931,898,3696,17,0,17,1,16777216,633,0.207,0,0.390
1,636,8062.466,level1,0,1024,640,9.940,1,8.891,8.891,8.000,0,0.210,8.672,0.085,0.791,2.414,0.015,1,1,1523,5283,7,237572,1858,914,915,3703,17,0,17,1,16777216,634,0.144,0,0.270
1,637,8072.503,level1,0,1024,640,9.956,1,10.343,10.343,10.000,0,0.127,8.743,0.089,0.992,2.356,0.013,1,1,1518,5268,7,236812,1858,915,914,3710,17,0,17,1,16777216,635,0.126,0,0.361
1,638,8082.235,level1,0,1024,640,10.381,1,9.992,9.992,10.000,0,0.192,8.127,0.064,0.780,1.501,0.010,1,1,1518,5268,7,236812,1858,915,914,3717,17,0,17,1,16777216,636,0.147,0,0.314
1,639,8091.668,level1,0,1024,640,9.202,1,9.659,9.659,11.000,0,0.123,8.283,0.138,0.880,2.061,0.019,1,1,1518,5268,7,236812,1858,915,914,3724,17,0,17,1,16777216,637,0.145,0,0.242
1,640,8100.368,level1,0,1024,640,9.695,1,9.513,9.513,9.000,0,0.411,7.363,0.063,0.731,1.441,0.010,1,1,1518,5268,7,236812,1858,915,914,3731,17,0,17,1,16777216,638,0.124,0,0.295
1,641,8109.019,level1,0,1024,640,8.431,1,8.660,8.660,9.000,0,0.189,7.514,0.131,0.843,1.539,0.010,1,1,1518,5268,7,236812,1858,915,914,3738,17,0,17,1,16777216,639,0.148,0,0.282
1,642,8117.635,level1,0,1024,640,8.636,1,8.690,8.690,8.000,0,0.165,7.563,0.063,0.729,1.407,0.009,1,1,1518,5268,7,236812,1858,915,914,3745,17,0,17,1,16777216,640,0.130,0,0.320
1,643,8128.069,level1,0,1024,640,9.241,1,8.486,8.486,8.000,0,0.120,8.117,0.701,0.756,2.479,0.020,1,1,1518,5268,7,236812,1858,915,914,3752,17,0,17,1,16777216,641,0.140,0,0.191
1,644,8136.583,level1,0,1024,640,10.071,1,10.509,10.509,11.000,0,0.134,7.184,0.078,0.766,1.453,0.012,1,1,1513,5253,7,236052,1858,916,913,3759,17,0,17,1,16777216,642,0.129,0,0.266
1,645,8146.610,level1,0,1024,640,8.354,1,8.532,8.532,9.000,0,0.173,8.859,0.076,1.285,2.273,0.015,1,1,1513,5253,7,236052,1858,916,913,3766,17,0,17,1,16777216,643,0.144,0,0.284
1,646,8158.627,level1,0,1024,640,10.132,1,9.991,9.991,10.000,0,0.198,10.714,0.106,1.031,2.092,0.015,1,1,1496,5219,7,233604,1858,933,896,3773,17,0,17,1,16777216,644,0.127,0,0.247
1,647,8168.321,level1,0,1024,640,11.790,1,12.031,12.031,12.000,0,0.192,8.635,0.088,0.891,1.856,0.014,1,1,1494,5221,7,233364,1858,933,896,3780,17,0,17,1,16777216,645,0.133,0,0.262
1,648,8177.624,level1,0,1024,640,9.775,1,9.713,9.713,9.000,0,0.196,8.155,0.097,0.722,1.402,0.010,1,1,1494,5221,7,233364,1858,933,896,3787,17,0,17,1,16777216,646,0.144,0,0.280
1,649,8186.153,level1,0,1024,640,9.394,1,9.289,9.289,9.000,0,0.282,7.326,0.061,0.728,1.440,0.009,1,1,1499,5236,7,234124,1858,932,897,3794,17,0,17,1,16777216,647,0.151,0,0.266
1,650,8196.096,level1,0,1024,640,8.870,1,8.525,8.525,9.000,0,0.186,8.393,0.068,1.048,2.283,0.012,1,1,1499,5236,7,234124,1858,932,897,3801,17,0,17,1,16777216,648,0.129,0,0.258
1,651,8205.314,level1,0,1024,640,10.026,1,9.873,9.873,10.000,0,0.142,7.536,0.115,0.886,1.836,0.028,1,1,1499,5236,7,234124,1858,932,897,3808,17,0,17,1,16777216,649,0.142,0,0.192
1,652,8215.257,level1,0,1024,640,9.129,1,9.257,9.257,9.000,0,0.146,8.387,0.079,0.703,1.386,0.010,1,1,1499,5236,7,234124,1858,932,897,3815,17,0,17,1,16777216,650,0.142,0,0.230
1,653,8224.522,level1,0,1024,640,9.538,1,9.935,9.935,10.000,0,0.123,8.126,0.067,1.442,2.441,0.014,1,1,1499,5236,7,234124,1858,932,897,3822,17,0,17,1,16777216,651,0.201,0,0.223
1,654,8234.144,level1,0,1024,640,9.301,1,9.267,9.267,9.000,0,0.130,8.425,0.088,0.732,1.461,0.014,1,1,1504,5284,7,235148,1858,931,898,3829,17,0,17,1,16777216,652,0.142,0,0.225
1,655,8245.179,level1,0,1024,640,12.098,1,9.635,9.635,11.000,0,0.208,7.354,0.097,0.719,1.466,0.015,1,1,1517,5404,7,237772,1858,928,901,3836,17,0,17,1,16777216,653,0.142,0,0.237
1,656,8255.653,level1,0,1024,640,10.398,1,11.035,11.035,11.000,0,0.142,7.465,0.063,0.702,1.393,0.009,1,1,1517,5404,7,237772,1858,928,901,3843,17,0,17,1,16777216,654,0.211,0,0.237
1,657,8265.796,level1,0,1024,640,9.538,1,10.431,10.431,9.000,0,0.163,8.045,0.088,0.727,1.634,0.016,1,1,1517,5404,7,237772,1858,928,901,3850,17,0,17,1,16777216,655,0.203,0,0.195
1,658,8278.127,level1,0,1024,640,11.411,1,10.181,10.181,11.000,0,0.235,8.936,0.117,0.938,2.156,0.016,1,1,1517,5404,7,237772,1858,928,901,3857,17,0,17,1,16777216,656,0.187,0,0.232
1,659,8289.129,level1,0,1024,640,10.982,1,12.339,12.339,12.000,0,0.146,8.998,0.074,0.874,2.014,0.013,1,1,1530,5425,7,239604,1858,911,918,3864,17,0,17,1,16777216,657,0.203,0,0.240
1,660,8298.376,level1,0,1024,640,9.907,1,11.040,11.040,12.000,0,0.139,8.349,0.064,0.926,2.187,0.012,1,1,1530,5425,7,239604,1858,911,918,3871,17,0,17,1,16777216,658,0.217,0,0.279
1,661,8309.608,level1,0,1024,640,11.289,1,9.270,9.270,9.000,0,0.162,8.246,0.111,0.730,1.447,0.010,1,1,1530,5425,7,239604,1858,911,918,3878,17,0,17,1,16777216,659,0.198,0,0.302
1,662,8320.324,level1,0,1024,640,9.640,1,11.136,11.136,11.000,0,0.124,8.702,0.728,0.823,1.796,0.012,1,1,1530,5425,7,239604,1858,911,918,3885,17,0,17,1,16777216,660,0.204,0,0.207
1,663,8331.051,level1,0,1024,640,11.452,1,10.775,10.775,11.000,0,0.130,8.608,0.084,0.818,2.006,0.015,1,1,1525,5410,7,238844,1858,912,917,3892,17,0,17,1,16777216,661,0.195,0,0.265
1,664,8341.496,level1,0,1024,640,10.024,1,10.721,10.721,10.000,0,0.140,9.072,0.057,0.808,1.944,0.019,1,1,1525,5410,7,238844,1858,912,917,3899,17,0,17,1,16777216,662,0.204,0,0.259
1,665,8351.357,level1,0,1024,640,10.489,1,10.382,10.382,11.000,0,0.159,8.427,0.074,0.807,1.794,0.013,1,1,1525,5410,7,238844,1858,912,917,3906,17,0,17,1,16777216,663,0.209,0,0.197
1,666,8363.311,level1,0,1024,640,11.600,1,9.913,9.913,9.000,0,0.155,8.772,0.083,0.768,1.776,0.012,1,1,1525,5410,7,238844,1858,912,917,3913,17,0,17,1,16777216,664,0.206,0,0.248
1,667,8373.506,level1,0,1024,640,10.539,1,11.934,11.934,13.000,0,0.132,8.446,0.066,0.813,1.945,0.010,1,1,1520,5428,7,238348,1858,927,902,3920,17,0,17,1,16777216,665,0.208,0,0.227
1,668,8383.051,level1,0,1024,640,9.939,1,10.171,10.171,9.000,0,0.206,8.039,0.076,0.738,1.766,0.010,1,1,1520,5428,7,238348,1858,927,902,3927,17,0,17,1,16777216,666,0.213,0,0.204
1,669,8392.223,level1,0,1024,640,9.226,1,9.603,9.603,11.000,0,0.167,7.997,0.067,1.154,1.876,0.009,1,1,1520,5428,7,238348,1858,927,902,3934,17,0,17,1,16777216,667,0.206,0,0.258
1,670,8399.666,level1,0,1024,640,8.427,1,9.139,9.139,9.000,0,0.126,7.008,0.070,0.694,1.557,0.008,1,1,1520,5428,7,238348,1858,927,902,3941,17,0,17,1,16777216,668,0.204,0,0.228
1,671,8407.820,level1,0,1024,640,7.397,1,7.407,7.407,7.000,0,0.119,7.777,0.059,0.745,1.902,0.013,1,1,1520,5428,7,238348,1858,927,902,3948,17,0,17,1,16777216,669,0.200,0,0.193
1,672,8415.905,level1,0,1024,640,8.235,1,8.170,8.170,8.000,0,0.183,7.641,0.045,0.711,1.502,0.032,1,1,1525,5443,7,239108,1858,926,903,3955,17,0,17,1,16777216,670,0.201,0,0.208
1,673,8425.007,level1,0,1024,640,8.309,1,8.245,8.245,8.000,0,0.241,8.421,0.058,0.796,2.153,0.012,1,1,1533,5515,7,240708,1858,924,905,3962,17,0,17,1,16777216,671,0.193,0,0.367
1,674,8434.689,level1,0,1024,640,8.841,1,8.969,8.969,9.000,0,0.120,9.222,0.097,0.787,2.020,0.014,1,1,1533,5515,7,240708,1858,924,905,3969,17,0,17,1,16777216,672,0.205,0,0.234
1,675,8444.871,level1,0,1024,640,9.763,1,9.715,9.715,9.000,0,0.165,9.636,0.104,0.837,2.073,0.013,1,1,1533,5515,7,240708,1858,924,905,3976,17,0,17,1,16777216,673,0.194,0,0.268
1,676,8455.302,level1,0,1024,640,10.121,1,10.152,10.152,11.000,0,0.136,9.934,0.116,0.843,2.525,0.017,1,1,1533,5515,7,240708,1858,924,905,3983,17,0,17,1,16777216,674,0.206,0,0.237
1,677,8465.578,level1,0,1024,640,11.803,1,10.567,10.567,11.000,0,0.187,8.450,0.073,0.742,1.824,0.013,1,1,1538,5563,7,241732,1858,923,906,3990,17,0,17,1,16777216,675,0.202,0,0.373
1,678,8474.434,level1,0,1024,640,8.886,1,10.129,10.129,9.000,0,0.129,8.425,0.067,0.752,1.577,0.011,1,1,1538,5563,7,241732,1858,923,906,3997,17,0,17,1,16777216,676,0.209,0,0.228
1,679,8482.861,level1,0,1024,640,8.852,1,8.848,8.848,9.000,0,0.133,8.016,0.053,0.706,1.880,0.008,1,1,1517,5521,7,238708,1858,944,885,4004,17,0,17,1,16777216,677,0.204,0,0.219
1,680,8491.303,level1,0,1024,640,8.398,1,8.383,8.383,9.000,0,0.149,8.025,0.087,0.761,1.683,0.011,1,1,1512,5506,7,237948,1858,945,884,4011,17,0,17,1,16777216,678,0.207,0,0.177
1,681,8499.793,level1,0,1024,640,8.510,1,8.521,8.521,9.000,0,0.130,8.017,0.075,0.714,1.651,0.013,1,1,1512,5506,7,237948,1858,945,884,4018,17,0,17,1,16777216,679,0.205,0,0.255
1,682,8508.934,level1,0,1024,640,8.527,1,8.452,8.452,8.000,0,0.202,8.608,0.099,0.707,2.420,0.017,1,1,1509,5489,7,237428,1858,946,883,4025,17,0,17,1,16777216,680,0.207,0,0.216
1,683,8519.446,level1,0,1024,640,10.716,1,9.133,9.133,9.000,0,0.143,8.424,0.079,0.764,1.573,0.013,1,1,1526,5523,7,239876,1858,929,900,4032,17,0,17,1,16777216,681,0.202,0,0.209
1,684,8530.097,level1,0,1024,640,9.884,1,10.616,10.616,11.000,0,0.128,9.189,0.080,0.948,2.174,0.013,1,1,1526,5523,7,239876,1777,849,900,4039,17,0,17,1,16777216,682,0.208,0,0.312
1,685,8540.172,level1,0,1024,640,10.621,1,10.640,10.640,11.000,0,0.209,8.642,0.082,0.908,2.302,0.015,1,1,1526,5523,7,239876,1777,849,900,4046,17,0,17,1,16777216,683,0.198,0,0.300
1,686,8549.893,level1,0,1024,640,9.976,1,9.995,9.995,9.000,0,0.129,8.361,0.107,0.764,1.910,0.012,1,1,1521,5508,7,239116,1777,850,899,4053,17,0,17,1,16777216,684,0.216,0,0.221
1,687,8559.256,level1,0,1024,640,9.240,1,9.749,9.749,10.000,0,0.135,8.517,0.073,0.779,2.024,0.010,1,1,1516,5460,7,238092,1777,851,898,4060,17,0,17,1,16777216,685,0.201,0,0.249
1,688,8569.524,level1,0,1024,640,9.942,1,9.351,9.351,9.000,0,0.161,8.814,0.102,0.776,2.125,0.015,1,1,1516,5460,7,238092,1777,851,898,4067,17,0,17,1,16777216,686,0.215,0,0.236
1,689,8579.189,level1,0,1024,640,9.703,1,10.282,10.282,10.000,0,0.158,8.767,0.110,0.872,2.346,0.028,1,1,1516,5460,7,238092,1777,851,898,4074,17,0,17,1,16777216,687,0.193,0,0.251
1,690,8588.132,level1,0,1024,640,9.366,1,9.740,9.740,10.000,0,0.144,8.378,0.078,0.782,1.856,0.016,1,1,1516,5460,7,238092,1777,851,898,4081,17,0,17,1,16777216,688,0.207,0,0.326
1,691,8597.848,level1,0,1024,640,9.880,1,8.924,8.924,9.000,0,0.144,8.231,0.062,0.738,1.888,0.011,1,1,1506,5397,7,236308,1777,853,896,4088,17,0,17,1,16777216,689,0.205,0,0.307
1,692,8606.155,level1,0,1024,640,8.628,1,9.614,9.614,10.000,0,0.125,7.934,0.038,0.719,2.210,0.008,1,1,1506,5397,7,236308,1777,853,896,4095,17,0,17,1,16777216,690,0.211,0,0.205
1,693,8614.440,level1,0,1024,640,8.273,1,8.282,8.282,8.000,0,0.116,7.924,0.060,0.731,1.908,0.012,1,1,1479,5300,7,232076,1777,872,877,4102,17,0,17,1,16777216,691,0.199,0,0.181
1,694,8622.124,level1,0,1024,640,8.348,1,8.333,8.333,8.000,0,0.130,7.269,0.051,0.722,1.481,0.025,1,1,1479,5300,7,232076,1777,872,877,4109,17,0,17,1,16777216,692,0.207,0,0.229
1,695,8630.847,level1,0,1024,640,7.632,1,7.632,7.632,8.000,0,0.126,8.354,0.058,0.735,2.288,0.011,1,1,1479,5300,7,232076,1777,872,877,4116,17,0,17,1,16777216,693,0.198,0,0.178
1,696,8639.051,level1,0,1024,640,8.845,1,8.774,8.774,9.000,0,0.200,7.716,0.054,0.764,1.942,0.010,1,1,1479,5300,7,232076,1777,872,877,4123,17,0,17,1,16777216,694,0.196,0,0.227
1,697,8649.136,level1,0,1024,640,9.675,1,8.193,8.193,9.000,0,0.122,8.078,0.101,0.788,2.281,0.012,1,1,1484,5315,7,232836,1777,871,878,4130,17,0,17,1,16777216,695,0.199,0,0.218
1,698,8657.040,level1,0,1024,640,8.548,1,10.081,10.081,9.000,0,0.145,7.491,0.045,0.693,1.645,0.010,1,1,1492,5354,7,234172,1777,869,880,4137,17,0,17,1,16777216,696,0.204,0,0.212
1,699,8664.858,level1,0,1024,640,7.885,1,7.905,7.905,8.000,0,0.130,7.428,0.040,0.695,1.775,0.008,1,1,1492,5354,7,234172,1777,869,880,4144,17,0,17,1,16777216,697,0.199,0,0.213
1,700,8673.267,level1,0,1024,640,7.751,1,7.763,7.763,8.000,0,0.115,7.848,0.276,0.688,2.269,0.012,1,1,1492,5354,7,234172,1777,869,880,4151,17,0,17,1,16777216,698,0.200,0,0.160
1,701,8682.450,level1,0,1024,640,8.769,1,8.718,8.718,9.000,0,0.165,8.469,0.071,0.713,1.927,0.014,1,1,1492,5354,7,234172,1777,869,880,4158,17,0,17,1,16777216,699,0.200,0,0.369
1,702,8691.664,level1,0,1024,640,9.526,1,8.912,8.912,8.000,0,0.119,8.163,0.065,0.713,2.146,0.011,1,1,1492,5354,7,234172,1777,869,880,4165,17,0,17,1,16777216,700,0.213,0,0.197
1,703,8699.737,level1,0,1024,640,8.595,1,9.240,9.240,10.000,0,0.138,7.661,0.045,0.694,1.821,0.009,1,1,1497,5402,7,235196,1777,868,881,4172,17,0,17,1,16777216,701,0.215,0,0.223
1,704,8707.939,level1,0,1024,640,7.997,1,8.019,8.019,8.000,0,0.116,7.610,0.276,0.697,1.816,0.012,1,1,1502,5417,7,235956,1777,867,882,4179,17,0,17,1,16777216,702,0.202,0,0.170
1,705,8717.487,level1,0,1024,640,8.612,1,8.520,8.520,8.000,0,0.207,8.751,0.096,0.717,1.512,0.011,1,1,1507,5432,7,236716,1777,866,883,4186,17,0,17,1,16777216,703,0.201,0,0.481
1,706,8728.901,level1,0,1024,640,12.010,1,9.260,9.260,9.000,0,0.173,8.170,0.081,1.132,1.900,0.013,1,1,1512,5447,7,237476,1777,865,884,4193,17,0,17,1,16777216,704,0.194,0,0.199
1,707,8738.274,level1,0,1024,640,9.498,1,11.602,11.602,12.000,0,0.206,8.038,0.086,0.723,1.551,0.016,1,1,1512,5447,7,237476,1777,865,884,4200,17,0,17,1,16777216,705,0.202,0,0.387
1,708,8747.871,level1,0,1024,640,9.171,1,9.210,9.210,9.000,0,0.146,8.461,0.090,0.763,2.118,0.013,1,1,1512,5447,7,237476,1777,865,884,4207,17,0,17,1,16777216,706,0.207,0,0.224
1,709,8756.218,level1,0,1024,640,8.967,1,9.615,9.615,10.000,0,0.163,7.864,0.068,0.695,1.911,0.013,1,1,1512,5447,7,237476,1777,865,884,4214,17,0,17,1,16777216,707,0.200,0,0.243
1,710,8766.224,level1,0,1024,640,8.423,1,8.394,8.394,9.000,0,0.194,9.408,0.107,0.697,1.934,0.019,1,1,1517,5462,7,238236,1777,864,885,4221,17,0,17,1,16777216,708,0.200,0,0.288
1,711,8774.358,level1,0,1024,640,9.911,1,9.959,9.959,9.000,0,0.148,7.685,0.054,0.676,1.556,0.031,1,1,1517,5462,7,238236,1777,864,885,4228,17,0,17,1,16777216,709,0.208,0,0.238
1,712,8782.522,level1,0,1024,640,8.111,1,8.110,8.110,8.000,0,0.145,7.733,0.059,0.799,1.704,0.011,1,1,1534,5496,7,240684,1777,847,902,4235,17,0,17,1,16777216,710,0.206,0,0.218
1,713,8791.403,level1,0,1024,640,8.140,1,8.142,8.142,9.000,0,0.146,8.432,0.100,0.743,1.885,0.010,1,1,1534,5496,7,240684,1777,847,902,4242,17,0,17,1,16777216,711,0.206,0,0.196
1,714,8799.840,level1,0,1024,640,8.896,1,8.919,8.919,8.000,0,0.124,8.014,0.060,0.746,1.959,0.011,1,1,1529,5474,7,239868,1777,848,901,4249,17,0,17,1,16777216,712,0.198,0,0.233
1,715,8808.314,level1,0,1024,640,8.592,1,8.464,8.464,9.000,0,0.247,7.888,0.067,0.724,1.550,0.011,1,1,1529,5474,7,239868,1777,848,901,4256,17,0,17,1,16777216,713,0.196,0,0.260
1,716,8817.571,level1,0,1024,640,8.346,1,8.470,8.470,9.000,0,0.127,8.734,0.131,0.797,2.043,0.019,1,1,1529,5474,7,239868,1777,848,901,4263,17,0,17,1,16777216,714,0.195,0,0.258
1,717,8828.107,level1,0,1024,640,9.395,1,9.307,9.307,9.000,0,0.213,9.819,0.184,0.768,2.156,0.020,1,1,1529,5474,7,239868,1777,848,901,4270,17,0,17,1,16777216,715,0.199,0,0.305
1,718,8838.130,level1,0,1024,640,10.704,1,10.641,10.641,10.000,0,0.277,9.198,0.127,0.876,2.189,0.016,1,1,1529,5474,7,239868,1777,848,901,4277,17,0,17,1,16777216,716,0.207,0,0.410
1,719,8850.079,level1,0,1024,640,11.585,1,9.814,9.814,11.000,0,0.167,9.600,0.089,1.036,2.309,0.013,1,1,1524,5459,7,239108,1777,849,900,4284,17,0,17,1,16777216,717,0.212,0,0.202
1,720,8860.361,level1,0,1024,640,11.541,1,11.974,11.974,11.000,0,0.141,8.358,0.074,0.755,1.628,0.012,1,1,1524,5459,7,239108,1777,849,900,4291,17,0,17,1,16777216,718,0.198,0,0.229
1,721,8868.546,level1,0,1024,640,8.799,1,10.289,10.289,10.000,0,0.125,7.758,0.060,0.782,1.897,0.009,1,1,1524,5459,7,239108,1777,849,900,4298,17,0,17,1,16777216,719,0.203,0,0.235
1,722,8877.016,level1,0,1024,640,8.229,1,8.149,8.149,9.000,0,0.203,7.981,0.077,0.721,1.579,0.011,1,1,1514,5429,7,237588,1777,851,898,4305,17,0,17,1,16777216,720,0.209,0,0.199
1,723,8886.321,level1,0,1024,640,8.669,1,8.540,8.540,8.000,0,0.327,8.616,0.080,0.712,2.239,0.010,1,1,1514,5429,7,237588,1777,851,898,4312,17,0,17,1,16777216,721,0.198,0,0.268
1,724,8894.811,level1,0,1024,640,9.016,1,9.231,9.231,10.000,0,0.120,8.107,0.062,0.725,1.824,0.010,1,1,1497,5395,7,235140,1777,868,881,4319,17,0,17,1,16777216,722,0.219,0,0.194
1,725,8903.310,level1,0,1024,640,8.509,1,8.493,8.493,8.000,0,0.136,8.008,0.149,0.717,2.100,0.030,1,1,1497,5395,7,235140,1777,868,881,4326,17,0,17,1,16777216,723,0.201,0,0.198
1,726,8911.607,level1,0,1024,640,8.602,1,8.608,8.608,8.000,0,0.131,7.797,0.056,0.737,1.815,0.011,1,1,1492,5380,7,234380,1777,869,880,4333,17,0,17,1,16777216,724,0.196,0,0.306
1,727,8920.306,level1,0,1024,640,8.162,1,8.167,8.167,8.000,0,0.126,7.833,0.551,0.715,1.996,0.016,1,1,1492,5380,7,234380,1777,869,880,4340,17,0,17,1,16777216,725,0.343,0,0.177
1,728,8929.772,level1,0,1024,640,8.987,1,8.905,8.905,9.000,0,0.207,8.807,0.062,0.934,2.208,0.012,1,1,1492,5380,7,234380,1777,869,880,4347,17,0,17,1,16777216,726,0.195,0,0.382
1,729,8938.812,level1,0,1024,640,9.242,1,9.293,9.293,10.000,0,0.158,8.548,0.119,0.746,1.561,0.017,1,1,1496,5426,7,235260,1777,868,881,4354,17,0,17,1,16777216,727,0.204,0,0.209
1,730,8948.677,level1,0,1024,640,9.271,1,9.212,9.212,9.000,0,0.210,9.193,0.069,0.715,1.998,0.015,1,1,1496,5426,7,235260,1777,868,881,4361,17,0,17,1,16777216,728,0.211,0,0.381
1,731,8958.214,level1,0,1024,640,10.567,1,10.644,10.644,11.000,0,0.137,8.089,0.141,0.710,1.773,0.043,1,1,1496,5426,7,235260,1777,868,881,4368,17,0,17,1,16777216,729,0.204,0,1.161
1,732,8967.352,level1,0,1024,640,9.069,1,8.921,8.921,8.000,0,0.279,8.207,0.095,0.774,2.091,0.024,1,1,1501,5441,7,236020,1777,867,882,4375,17,0,17,1,16777216,730,0.220,0,0.536
1,733,8975.979,level1,0,1024,640,8.648,1,8.791,8.791,9.000,0,0.135,8.214,0.067,0.743,1.892,0.012,1,1,1504,5465,7,236596,1777,866,883,4382,17,0,17,1,16777216,731,0.195,0,0.198
1,734,8985.131,level1,0,1024,640,8.883,1,8.757,8.757,9.000,0,0.258,8.457,0.093,0.751,1.962,0.010,1,1,1509,5513,7,237620,1777,865,884,4389,17,0,17,1,16777216,732,0.214,0,0.318
1,735,8993.350,level1,0,1024,640,8.957,1,9.057,9.057,9.000,0,0.165,7.757,0.055,0.736,1.930,0.009,1,1,1514,5561,7,238644,1777,864,885,4396,17,0,17,1,16777216,733,0.198,0,0.232
1,736,9001.243,level1,0,1024,640,8.203,1,8.219,8.219,8.000,0,0.147,7.442,0.059,0.766,1.612,0.010,1,1,1519,5576,7,239404,1777,863,886,4403,17,0,17,1,16777216,734,0.211,0,0.234
1,737,9009.930,level1,0,1024,640,7.930,1,7.861,7.861,8.000,0,0.218,8.161,0.097,0.813,1.898,0.010,1,1,1514,5528,7,238380,1777,864,885,4410,17,0,17,1,16777216,735,0.200,0,0.201
1,738,9019.375,level1,0,1024,640,8.730,1,8.743,8.743,9.000,0,0.207,8.865,0.108,0.784,2.490,0.017,1,1,1514,5528,7,238380,1777,864,885,4417,17,0,17,1,16777216,736,0.190,0,0.257
1,739,9028.122,level1,0,1024,640,9.346,1,9.411,9.411,10.000,0,0.139,8.284,0.090,0.716,1.955,0.015,1,1,1510,5482,7,237500,1777,865,884,4424,17,0,17,1,16777216,737,0.199,0,0.223
1,740,9037.629,level1,0,1024,640,8.853,1,8.788,8.788,8.000,0,0.203,8.938,0.091,0.729,2.492,0.013,1,1,1510,5482,7,237500,1777,865,884,4431,17,0,17,1,16777216,738,0.204,0,0.264
1,741,9046.501,level1,0,1024,640,9.446,1,9.485,9.485,9.000,0,0.165,8.367,0.089,0.718,1.938,0.010,1,1,1510,5482,7,237500,1777,865,884,4438,17,0,17,1,16777216,739,0.204,0,0.242
1,742,9055.685,level1,0,1024,640,8.921,1,8.886,8.886,9.000,0,0.198,8.627,0.091,0.731,2.424,0.011,1,1,1510,5482,7,237500,1777,865,884,4445,17,0,17,1,16777216,740,0.195,0,0.256
1,743,9064.475,level1,0,1024,640,9.037,1,9.111,9.111,9.000,0,0.129,8.402,0.068,0.731,2.011,0.011,1,1,1510,5482,7,237500,1777,865,884,4452,17,0,17,1,16777216,741,0.210,0,0.185
1,744,9074.140,level1,0,1024,640,9.355,1,9.218,9.218,10.000,0,0.262,8.716,0.065,0.729,2.382,0.012,1,1,1527,5516,7,239948,1777,848,901,4459,17,0,17,1,16777216,742,0.201,0,0.610
1,745,9082.692,level1,0,1024,640,9.201,1,9.311,9.311,9.000,0,0.156,8.074,0.058,0.719,1.544,0.010,1,1,1522,5501,7,239188,1777,849,900,4466,17,0,17,1,16777216,743,0.205,0,0.258
1,746,9091.280,level1,0,1024,640,8.524,1,8.502,8.502,9.000,0,0.178,8.108,0.088,0.719,1.833,0.016,1,1,1522,5501,7,239188,1777,849,900,4473,17,0,17,1,16777216,744,0.208,0,0.207
1,747,9100.006,level1,0,1024,640,8.668,1,8.601,8.601,9.000,0,0.233,8.196,0.059,0.711,1.845,0.009,1,1,1522,5501,7,239188,1777,849,900,4480,17,0,17,1,16777216,745,0.216,0,0.220
1,748,9108.925,level1,0,1024,640,8.756,1,8.772,8.772,8.000,0,0.221,8.263,0.153,0.831,1.976,0.013,1,1,1522,5501,7,239188,1777,849,900,4487,17,0,17,1,16777216,746,0.201,0,0.266
1,749,9118.462,level1,0,1024,640,9.227,1,9.170,9.170,9.000,0,0.284,8.675,0.053,0.724,1.965,0.013,1,1,1517,5519,7,238692,1777,850,899,4494,17,0,17,1,16777216,747,0.252,0,0.506
1,750,9127.875,level1,0,1024,640,9.184,1,9.256,9.256,10.000,0,0.214,8.866,0.089,0.709,2.252,0.019,1,1,1517,5519,7,238692,1777,850,899,4501,17,0,17,1,16777216,748,0.195,0,0.235
1,751,9136.815,level1,0,1024,640,9.455,1,9.467,9.467,9.000,0,0.203,8.387,0.054,0.773,1.949,0.009,1,1,1517,5519,7,238692,1777,850,899,4508,17,0,17,1,16777216,749,0.203,0,0.289
1,752,9146.402,level1,0,1024,640,9.276,1,9.061,9.061,9.000,0,0.417,8.686,0.066,0.707,2.324,0.011,1,1,1517,5519,7,238692,1777,850,899,4515,17,0,17,1,16777216,750,0.202,0,0.409
1,753,9155.011,level1,0,1024,640,9.144,1,9.368,9.368,9.000,0,0.194,8.132,0.083,0.715,2.049,0.014,1,1,1522,5567,7,239716,1777,849,900,4522,17,0,17,1,16777216,751,0.205,0,0.191
1,754,9163.935,level1,0,1024,640,8.715,1,8.755,8.755,9.000,0,0.151,8.291,0.131,0.714,1.724,0.031,1,1,1517,5519,7,238692,1777,850,899,4529,17,0,17,1,16777216,752,0.203,0,0.336
1,755,9173.224,level1,0,1024,640,9.036,1,9.022,9.022,9.000,0,0.159,8.582,0.094,0.724,1.885,0.011,1,1,1517,5519,7,238692,1777,850,899,4536,17,0,17,1,16777216,753,0.208,0,0.434
1,756,9181.634,level1,0,1024,640,9.141,1,9.157,9.157,9.000,0,0.146,7.817,0.126,0.728,1.736,0.023,1,1,1500,5485,7,236244,1777,867,882,4543,17,0,17,1,16777216,754,0.209,0,0.303
1,757,9191.346,level1,0,1024,640,8.454,1,8.360,8.360,9.000,0,0.246,9.137,0.068,0.742,1.929,0.011,1,1,1500,5485,7,236244,1777,867,882,4550,17,0,17,1,16777216,755,0.207,0,0.255
1,758,9200.528,level1,0,1024,640,9.749,1,9.811,9.811,9.000,0,0.179,8.561,0.076,0.733,2.207,0.017,1,1,1521,5527,7,239268,1777,846,903,4557,17,0,17,1,16777216,756,0.306,0,0.351
1,759,9209.241,level1,0,1024,640,9.096,1,9.142,9.142,9.000,0,0.138,8.180,0.075,0.799,2.027,0.010,1,1,1526,5542,7,240028,1777,845,904,4564,17,0,17,1,16777216,757,0.204,0,0.312
1,760,9218.232,level1,0,1024,640,8.740,1,8.673,8.673,9.000,0,0.205,8.359,0.145,0.851,2.331,0.017,1,1,1526,5542,7,240028,1777,845,904,4571,17,0,17,1,16777216,758,0.211,0,0.272
1,761,9227.358,level1,0,1024,640,9.293,1,9.145,9.145,9.000,0,0.350,8.271,0.068,0.721,1.958,0.015,1,1,1526,5542,7,240028,1777,845,904,4578,17,0,17,1,16777216,759,0.263,0,0.422
1,762,9236.249,level1,0,1024,640,9.031,1,9.155,9.155,9.000,0,0.227,8.057,0.141,0.722,1.814,0.021,1,1,1526,5542,7,240028,1777,845,904,4585,17,0,17,1,16777216,760,0.194,0,0.448
1,763,9245.373,level1,0,1024,640,8.847,1,8.795,8.795,10.000,0,0.275,8.391,0.081,0.714,1.936,0.010,1,1,1526,5542,7,240028,1777,845,904,4592,17,0,17,1,16777216,761,0.250,0,0.357
1,764,9254.760,level1,0,1024,640,8.911,1,8.989,8.989,8.000,0,0.201,8.673,0.276,0.913,2.177,0.022,1,1,1521,5527,7,239268,1777,846,903,4599,17,0,17,1,16777216,762,0.209,0,0.224
1,765,9267.176,level1,0,1024,640,12.039,1,9.733,9.733,10.000,0,0.266,9.240,0.087,0.809,2.063,0.013,1,1,1500,5485,7,236244,1777,867,882,4606,17,0,17,1,16777216,763,0.203,0,0.566
1,766,9276.428,level1,0,1024,640,10.455,1,12.217,12.217,12.000,0,0.211,8.066,0.059,0.696,1.456,0.011,1,1,1505,5500,7,237004,1777,866,883,4613,17,0,17,1,16777216,764,0.194,0,0.371
1,767,9288.959,level1,0,1024,640,11.697,1,9.148,9.148,10.000,0,0.200,8.874,0.085,0.750,2.199,0.016,1,1,1500,5452,7,235980,1777,867,882,4620,17,0,17,1,16777216,765,0.196,0,0.267
1,768,9299.809,level1,0,1024,640,10.400,1,12.809,12.809,12.000,0,0.184,9.339,0.070,0.762,1.571,0.012,1,1,1510,5489,7,237556,1777,865,884,4627,17,0,17,1,16777216,766,0.208,0,0.540
1,769,9308.758,level1,0,1024,640,9.787,1,10.535,10.535,11.000,0,0.142,8.504,0.066,0.715,2.374,0.015,1,1,1510,5489,7,237556,1777,865,884,4634,17,0,17,1,16777216,767,0.201,0,0.230
1,770,9317.619,level1,0,1024,640,9.003,1,8.988,8.988,9.000,0,0.157,8.355,0.073,0.724,1.987,0.013,1,1,1510,5489,7,237556,1777,865,884,4641,17,0,17,1,16777216,768,0.212,0,0.270
1,771,9326.636,level1,0,1024,640,8.902,1,8.886,8.886,8.000,0,0.170,8.366,0.175,1.007,2.103,0.042,1,1,1510,5489,7,237556,1777,865,884,4648,17,0,17,1,16777216,769,0.203,0,0.294
1,772,9336.319,level1,0,1024,640,9.453,1,9.395,9.395,10.000,0,0.224,8.703,0.069,0.741,1.962,0.011,1,1,1510,5489,7,237556,1777,865,884,4655,17,0,17,1,16777216,770,0.196,0,0.672
1,773,9345.956,level1,0,1024,640,9.287,1,9.224,9.224,9.000,0,0.287,9.060,0.062,0.760,2.319,0.012,1,1,1510,5489,7,237556,1777,865,884,4662,17,0,17,1,16777216,771,0.202,0,0.214
1,774,9354.923,level1,0,1024,640,9.575,1,9.663,9.663,10.000,0,0.197,8.458,0.056,0.712,1.890,0.010,1,1,1527,5523,7,240004,1777,848,901,4669,17,0,17,1,16777216,772,0.294,0,0.240
1,775,9364.111,level1,0,1024,640,9.073,1,8.977,8.977,9.000,0,0.297,8.568,0.061,0.713,2.391,0.010,1,1,1522,5508,7,239244,1777,849,900,4676,17,0,17,1,16777216,773,0.195,0,0.250
1,776,9372.359,level1,0,1024,640,9.115,1,9.211,9.211,9.000,0,0.204,7.704,0.058,0.715,1.554,0.012,1,1,1522,5508,7,239244,1777,849,900,4683,17,0,17,1,16777216,774,0.206,0,0.272
1,777,9381.294,level1,0,1024,640,8.175,1,8.171,8.171,8.000,0,0.211,8.474,0.049,0.953,2.666,0.013,1,1,1517,5493,7,238484,1777,850,899,4690,17,0,17,1,16777216,775,0.202,0,0.195
1,778,9390.098,level1,0,1024,640,8.908,1,8.984,8.984,10.000,0,0.135,8.357,0.061,1.050,2.169,0.012,1,1,1517,5493,7,238484,1777,850,899,4697,17,0,17,1,16777216,776,0.198,0,0.244
1,779,9398.715,level1,0,1024,640,8.849,1,8.806,8.806,8.000,0,0.171,8.132,0.054,0.806,1.976,0.010,1,1,1512,5478,7,237724,1777,851,898,4704,17,0,17,1,16777216,777,0.195,0,0.245
1,780,9406.907,level1,0,1024,640,8.525,1,8.579,8.579,9.000,0,0.126,7.787,0.066,0.800,1.957,0.009,1,1,1507,5463,7,236964,1777,852,897,4711,17,0,17,1,16777216,778,0.206,0,0.208
1,781,9415.034,level1,0,1024,640,8.367,1,8.282,8.282,8.000,0,0.210,7.561,0.051,0.720,1.475,0.010,1,1,1507,5463,7,236964,1777,852,897,4718,17,0,17,1,16777216,779,0.208,0,0.297
1,782,9423.784,level1,0,1024,640,7.922,1,8.013,8.013,8.000,0,0.121,8.360,0.080,0.730,2.246,0.013,1,1,1507,5463,7,236964,1777,852,897,4725,17,0,17,1,16777216,780,0.206,0,0.185
1,783,9434.733,level1,0,1024,640,8.803,1,8.801,8.801,9.000,0,0.123,10.481,0.104,1.062,2.561,0.013,1,1,1507,5463,7,236964,1777,852,897,4732,17,0,17,1,16777216,781,0.271,0,0.234
1,784,9446.283,level1,0,1024,640,11.087,1,10.998,10.998,11.000,0,0.211,10.948,0.099,0.781,2.004,0.013,1,1,1499,5391,7,235364,1707,785,895,4739,17,0,17,1,16777216,782,0.209,0,0.283
1,785,9455.881,level1,0,1024,640,11.565,1,11.587,11.587,12.000,0,0.189,9.012,0.070,0.741,1.476,0.011,1,1,1482,5357,7,232916,1707,802,878,4746,17,0,17,1,16777216,783,0.211,0,0.320
1,786,9464.609,level1,0,1024,640,9.601,1,9.590,9.590,9.000,0,0.202,8.158,0.051,0.706,1.872,0.009,1,1,1482,5357,7,232916,1707,802,878,4753,17,0,17,1,16777216,784,0.210,0,0.311
1,787,9473.205,level1,0,1024,640,8.668,1,8.606,8.606,8.000,0,0.261,8.035,0.101,0.819,1.843,0.010,1,1,1482,5357,7,232916,1707,802,878,4760,17,0,17,1,16777216,785,0.198,0,0.189
1,788,9481.878,level1,0,1024,640,8.628,1,8.698,8.698,9.000,0,0.192,8.115,0.067,0.696,1.929,0.012,1,1,1482,5357,7,232916,1707,802,878,4767,17,0,17,1,16777216,786,0.205,0,0.292
1,789,9490.828,level1,0,1024,640,8.790,1,8.787,8.787,9.000,0,0.195,8.274,0.067,0.755,2.166,0.011,1,1,1482,5357,7,232916,1707,802,878,4774,17,0,17,1,16777216,787,0.196,0,0.405
1,790,9499.924,level1,0,1024,640,8.764,1,8.819,8.819,8.000,0,0.138,8.624,0.050,0.863,2.060,0.009,1,1,1482,5357,7,232916,1707,802,878,4781,17,0,17,1,16777216,788,0.213,0,0.275
1,791,9508.706,level1,0,1024,640,9.336,1,9.265,9.265,10.000,0,0.211,8.062,0.057,0.693,2.426,0.013,1,1,1482,5357,7,232916,1707,802,878,4788,17,0,17,1,16777216,789,0.198,0,0.442
1,792,9518.753,level1,0,1024,640,8.479,1,8.531,8.531,9.000,0,0.161,9.581,0.107,0.886,1.896,0.031,1,1,1485,5381,7,233492,1707,801,879,4795,17,0,17,1,16777216,790,0.275,0,0.193
1,793,9527.579,level1,0,1024,640,10.403,1,10.309,10.309,10.000,0,0.254,8.045,0.065,0.705,2.380,0.015,1,1,1485,5381,7,233492,1707,801,879,4802,17,0,17,1,16777216,791,0.197,0,0.453
1,794,9537.788,level1,0,1024,640,8.858,1,8.866,8.866,9.000,0,0.245,9.385,0.075,0.714,1.802,0.012,1,1,1495,5411,7,235012,1707,799,881,4809,17,0,17,1,16777216,792,0.206,0,0.493
1,795,9549.346,level1,0,1024,640,11.796,1,9.963,9.963,10.000,0,0.200,9.123,0.099,0.841,2.183,0.017,1,1,1500,5426,7,235772,1707,798,882,4816,17,0,17,1,16777216,793,0.203,0,0.248
1,796,9560.023,level1,0,1024,640,10.514,1,11.590,11.590,12.000,0,0.353,9.273,0.112,0.836,2.334,0.022,1,1,1505,5441,7,236532,1707,797,883,4823,17,0,17,1,16777216,794,0.208,0,0.279
1,797,9569.393,level1,0,1024,640,9.924,1,10.715,10.715,10.000,0,0.207,8.755,0.077,1.073,2.281,0.018,1,1,1505,5441,7,236532,1707,797,883,4830,17,0,17,1,16777216,795,0.203,0,0.317
1,798,9578.566,level1,0,1024,640,9.235,1,9.317,9.317,9.000,0,0.130,8.695,0.075,0.848,1.907,0.010,1,1,1505,5441,7,236532,1707,797,883,4837,17,0,17,1,16777216,796,0.208,0,0.265
1,799,9587.932,level1,0,1024,640,9.621,1,9.368,9.368,10.000,0,0.376,8.439,0.076,0.805,2.355,0.012,1,1,1522,5475,7,238980,1707,780,900,4844,17,0,17,1,16777216,797,0.198,0,0.458
1,800,9596.933,level1,0,1024,640,9.078,1,9.217,9.217,9.000,0,0.233,8.374,0.065,0.757,1.770,0.011,1,1,1519,5451,7,238404,1707,781,899,4851,17,0,17,1,16777216,798,0.211,0,0.312
1,801,9605.833,level1,0,1024,640,8.864,1,8.932,8.932,10.000,0,0.174,8.425,0.051,0.772,2.333,0.010,1,1,1519,5451,7,238404,1707,781,899,4858,17,0,17,1,16777216,799,0.200,0,0.243
1,802,9614.755,level1,0,1024,640,8.867,1,8.845,8.845,7.000,0,0.197,8.473,0.058,0.762,1.925,0.010,1,1,1509,5388,7,236620,1707,783,897,4865,17,0,17,1,16777216,800,0.205,0,0.188
1,803,9624.505,level1,0,1024,640,9.092,1,8.917,8.917,10.000,0,0.367,9.125,0.062,0.944,2.572,0.013,1,1,1509,5388,7,236620,1707,783,897,4872,17,0,17,1,16777216,801,0.200,0,0.183
1,804,9633.613,level1,0,1024,640,9.681,1,9.895,9.895,10.000,0,0.157,8.545,0.070,0.744,1.916,0.013,1,1,1514,5403,7,237380,1707,782,898,4879,17,0,17,1,16777216,802,0.205,0,0.328
1,805,9643.620,level1,0,1024,640,9.167,1,9.119,9.119,9.000,0,0.200,9.351,0.104,0.823,2.399,0.010,1,1,1514,5403,7,237380,1707,782,898,4886,17,0,17,1,16777216,803,0.203,0,0.339
1,806,9652.466,level1,0,1024,640,9.931,1,9.931,9.931,9.000,0,0.206,8.311,0.058,0.758,1.917,0.009,1,1,1509,5388,7,236620,1707,783,897,4893,17,0,17,1,16777216,804,0.208,0,0.262
1,807,9662.673,level1,0,1024,640,9.062,1,8.889,8.889,10.000,0,0.376,9.443,0.072,1.122,2.381,0.010,1,1,1509,5388,7,236620,1707,783,897,4900,17,0,17,1,16777216,805,0.196,0,0.306
1,808,9673.204,level1,0,1024,640,10.299,1,10.232,10.232,9.000,0,0.444,9.679,0.068,0.841,1.929,0.011,1,1,1492,5354,7,234172,1707,800,880,4907,17,0,17,1,16777216,806,0.187,0,0.331
1,809,9682.227,level1,0,1024,640,10.229,1,10.471,10.471,11.000,0,0.203,8.487,0.053,0.734,1.810,0.010,1,1,1492,5354,7,234172,1707,800,880,4914,17,0,17,1,16777216,807,0.202,0,0.270
1,810,9693.630,level1,0,1024,640,9.040,1,9.084,9.084,9.000,0,0.161,10.824,0.078,0.754,1.982,0.011,1,1,1497,5369,7,234932,1707,799,881,4921,17,0,17,1,16777216,808,0.213,0,0.332
1,811,9703.207,level1,0,1024,640,11.760,1,11.283,11.283,11.000,0,0.635,8.627,0.091,0.723,1.743,0.010,1,1,1497,5369,7,234932,1707,799,881,4928,17,0,17,1,16777216,809,0.201,0,0.212
1,812,9712.659,level1,0,1024,640,9.151,1,9.617,9.617,10.000,0,0.171,8.958,0.064,0.734,1.928,0.012,1,1,1497,5369,7,234932,1707,799,881,4935,17,0,17,1,16777216,810,0.201,0,0.252
1,813,9725.171,level1,0,1024,640,9.504,1,9.512,9.512,10.000,0,0.164,11.927,0.100,1.297,2.898,0.018,1,1,1502,5391,7,235748,1707,798,882,4942,17,0,17,1,16777216,811,0.193,0,0.311
1,814,9736.551,level1,0,1024,640,12.979,1,12.904,12.904,12.000,0,0.236,10.248,0.180,0.760,1.729,0.016,1,1,1502,5391,7,235748,1707,798,882,4949,17,0,17,1,16777216,812,0.210,0,0.700
1,815,9745.967,level1,0,1024,640,10.891,1,10.951,10.951,12.000,0,0.174,8.866,0.089,0.694,2.276,0.015,1,1,1510,5430,7,237084,1707,796,884,4956,17,0,17,1,16777216,813,0.204,0,0.275
1,816,9755.210,level1,0,1024,640,9.465,1,9.470,9.470,9.000,0,0.173,8.662,0.070,0.697,1.882,0.012,1,1,1510,5430,7,237084,1707,796,884,4963,17,0,17,1,16777216,814,0.244,0,0.329
1,817,9764.287,level1,0,1024,640,9.295,1,9.253,9.253,9.000,0,0.215,8.388,0.127,0.874,1.836,0.040,1,1,1510,5430,7,237084,1707,796,884,4970,17,0,17,1,16777216,815,0.196,0,0.339
1,818,9773.701,level1,0,1024,640,9.323,1,9.082,9.082,9.000,0,0.456,8.546,0.059,0.721,1.919,0.010,1,1,1510,5430,7,237084,1707,796,884,4977,17,0,17,1,16777216,816,0.197,0,0.344
1,819,9783.146,level1,0,1024,640,9.267,1,9.482,9.482,10.000,0,0.233,8.683,0.100,0.730,2.225,0.011,1,1,1510,5430,7,237084,1707,796,884,4984,17,0,17,1,16777216,817,0.345,0,0.410
1,820,9792.207,level1,0,1024,640,9.173,1,9.260,9.260,9.000,0,0.152,8.516,0.155,0.696,2.045,0.015,1,1,1510,5397,7,236820,1707,796,884,4991,17,0,17,1,16777216,818,0.199,0,0.226
1,821,9803.286,level1,0,1024,640,9.185,1,9.126,9.126,9.000,0,0.211,10.491,0.074,0.865,2.049,0.011,1,1,1527,5431,7,239268,1896,966,901,4998,17,0,17,1,16777216,819,0.197,0,0.288
1,822,9815.172,level1,0,1024,640,13.502,1,11.079,11.079,12.000,0,0.212,8.875,0.075,0.734,1.941,0.013,1,1,1527,5431,7,239268,1896,966,901,5005,17,0,17,1,16777216,820,0.194,0,0.290
1,823,9824.901,level1,0,1024,640,10.092,1,11.871,11.871,11.000,0,0.180,8.496,0.090,0.732,2.365,0.017,1,1,1527,5431,7,239268,1896,966,901,5012,17,0,17,1,16777216,821,0.210,0,0.275
1,824,9833.787,level1,0,1024,640,9.013,1,9.706,9.706,10.000,0,0.163,8.397,0.063,0.736,1.733,0.010,1,1,1527,5431,7,239268,1896,966,901,5019,17,0,17,1,16777216,822,0.237,0,0.254
1,825,9843.615,level1,0,1024,640,9.057,1,8.831,8.831,8.000,0,0.378,9.163,0.067,0.847,2.013,0.011,1,1,1527,5431,7,239268,1896,966,901,5026,17,0,17,1,16777216,823,0.201,0,0.199
1,826,9852.413,level1,0,1024,640,9.729,1,9.920,9.920,10.000,0,0.201,8.181,0.120,0.745,1.500,0.013,1,1,1522,5416,7,238508,1821,893,900,5033,17,0,17,1,16777216,824,0.206,0,0.290
1,827,9861.176,level1,0,1024,640,8.701,1,8.751,8.751,9.000,0,0.147,8.272,0.089,0.901,2.055,0.011,1,1,1522,5416,7,238508,1821,893,900,5040,17,0,17,1,16777216,825,0.196,0,0.243
1,828,9869.814,level1,0,1024,640,8.826,1,8.781,8.781,9.000,0,0.196,8.089,0.082,0.739,1.849,0.009,1,1,1522,5416,7,238508,1821,893,900,5047,17,0,17,1,16777216,826,0.211,0,0.261
1,829,9878.397,level1,0,1024,640,8.613,1,8.630,8.630,9.000,0,0.173,8.088,0.055,0.735,2.043,0.027,1,1,1510,5397,7,236820,1821,909,884,5054,17,0,17,1,16777216,827,0.197,0,0.253
1,830,9886.489,level1,0,1024,640,8.473,1,8.521,8.521,8.000,0,0.131,7.723,0.040,0.733,1.794,0.008,1,1,1510,5397,7,236820,1821,909,884,5061,17,0,17,1,16777216,828,0.272,0,0.192
1,831,9895.711,level1,0,1024,640,8.274,1,8.082,8.082,8.000,0,0.319,8.579,0.130,0.741,2.015,0.015,1,1,1510,5397,7,236820,1821,909,884,5068,17,0,17,1,16777216,829,0.198,0,0.183
1,832,9904.673,level1,0,1024,640,9.105,1,9.272,9.272,9.000,0,0.155,8.486,0.080,1.015,1.974,0.013,1,1,1510,5397,7,236820,1821,909,884,5075,17,0,17,1,16777216,830,0.209,0,0.231
1,833,9913.985,level1,0,1024,640,8.967,1,8.974,8.974,9.000,0,0.149,8.835,0.078,0.848,1.632,0.011,1,1,1510,5397,7,236820,1821,909,884,5082,17,0,17,1,16777216,831,0.214,0,0.244
1,834,9923.121,level1,0,1024,640,9.330,1,9.304,9.304,10.000,0,0.173,8.660,0.059,0.747,1.902,0.011,1,1,1518,5469,7,238420,1821,907,886,5089,17,0,17,1,16777216,832,0.209,0,0.237
1,835,9931.807,level1,0,1024,640,9.134,1,9.112,9.112,10.000,0,0.197,8.212,0.058,0.748,1.880,0.009,1,1,1518,5469,7,238420,1821,907,886,5096,17,0,17,1,16777216,833,0.204,0,0.213
1,836,9940.492,level1,0,1024,640,8.680,1,8.689,8.689,8.000,0,0.186,8.214,0.061,0.752,1.884,0.009,1,1,1518,5469,7,238420,1821,907,886,5103,17,0,17,1,16777216,834,0.204,0,0.217
1,837,9949.611,level1,0,1024,640,8.722,1,8.768,8.768,8.000,0,0.137,8.616,0.057,0.778,2.097,0.010,1,1,1539,5511,7,241444,1821,886,907,5110,17,0,17,1,16777216,835,0.196,0,0.299
1,838,9959.354,level1,0,1024,640,10.222,1,10.233,10.233,11.000,0,0.130,8.138,0.056,0.954,2.180,0.009,1,1,1544,5526,7,242204,1821,885,908,5117,17,0,17,1,16777216,836,0.209,0,1.413
1,839,9969.099,level1,0,1024,640,8.769,1,8.730,8.730,8.000,0,0.162,9.067,0.102,1.074,2.746,0.021,1,1,1541,5509,7,241684,1821,886,907,5124,17,0,17,1,16777216,837,0.195,0,0.399
1,840,9979.429,level1,0,1024,640,9.827,1,9.661,9.661,10.000,0,0.332,9.588,0.084,0.818,2.117,0.015,1,1,1541,5509,7,241684,1821,886,907,5131,17,0,17,1,16777216,838,0.209,0,0.315
1,841,9988.700,level1,0,1024,640,10.140,1,10.321,10.321,11.000,0,0.153,8.742,0.061,0.798,2.434,0.012,1,1,1541,5509,7,241684,1821,886,907,5138,17,0,17,1,16777216,839,0.203,0,0.306
1,842,9997.012,level1,0,1024,640,9.222,1,9.203,9.203,9.000,0,0.173,7.849,0.045,0.751,1.474,0.008,1,1,1536,5494,7,240924,1821,887,906,5145,17,0,17,1,16777216,840,0.206,0,0.237
1,843,10006.617,level1,0,1024,640,8.612,1,8.588,8.588,8.000,0,0.197,8.772,0.113,0.803,2.089,0.015,1,1,1529,5462,7,239772,1821,892,901,5152,17,0,17,1,16777216,841,0.201,0,0.512
1,844,10016.006,level1,0,1024,640,9.323,1,9.356,9.356,9.000,0,0.163,8.849,0.104,0.742,1.921,0.013,1,1,1529,5462,7,239772,1821,892,901,5159,17,0,17,1,16777216,842,0.211,0,0.265
1,845,10024.362,level1,0,1024,640,9.341,1,9.349,9.349,9.000,0,0.156,7.917,0.051,0.813,1.878,0.008,1,1,1524,5447,7,239012,1821,893,900,5166,17,0,17,1,16777216,843,0.200,0,0.225
1,846,10033.473,level1,0,1024,640,8.287,1,8.324,8.324,9.000,0,0.120,8.729,0.063,0.736,1.579,0.010,1,1,1524,5447,7,239012,1821,893,900,5173,17,0,17,1,16777216,844,0.202,0,0.194
1,847,10042.767,level1,0,1024,640,9.209,1,9.164,9.164,10.000,0,0.164,8.823,0.054,0.703,2.339,0.011,1,1,1524,5447,7,239012,1821,893,900,5180,17,0,17,1,16777216,845,0.205,0,0.246
1,848,10051.754,level1,0,1024,640,9.341,1,9.293,9.293,9.000,0,0.204,8.466,0.057,0.734,1.965,0.010,1,1,1519,5399,7,237988,1821,894,899,5187,17,0,17,1,16777216,846,0.201,0,0.245
1,849,10061.121,level1,0,1024,640,8.919,1,8.933,8.933,9.000,0,0.198,8.875,0.095,0.776,2.859,0.015,1,1,1519,5399,7,237988,1821,894,899,5194,17,0,17,1,16777216,847,0.203,0,0.191
1,850,10070.938,level1,0,1024,640,9.463,1,9.453,9.453,9.000,0,0.207,9.244,0.079,0.813,2.116,0.019,1,1,1519,5399,7,237988,1821,894,899,5201,17,0,17,1,16777216,848,0.205,0,0.276
1,851,10080.745,level1,0,1024,640,9.789,1,9.864,9.864,11.000,0,0.134,9.253,0.088,0.759,1.932,0.012,1,1,1519,5399,7,237988,1821,894,899,5208,17,0,17,1,16777216,849,0.194,0,0.324
1,852,10090.543,level1,0,1024,640,9.761,1,9.763,9.763,9.000,0,0.132,9.309,0.070,0.706,1.569,0.012,1,1,1496,5317,7,234388,1821,913,880,5215,17,0,17,1,16777216,850,0.207,0,0.280
1,853,10099.329,level1,0,1024,640,9.813,1,9.800,9.800,9.000,0,0.143,8.296,0.058,0.709,1.885,0.010,1,1,1496,5317,7,234388,1821,913,880,5222,17,0,17,1,16777216,851,0.202,0,0.282
1,854,10108.891,level1,0,1024,640,8.793,1,8.746,8.746,9.000,0,0.190,9.037,0.085,1.057,2.758,0.015,1,1,1491,5302,7,233628,1821,914,879,5229,17,0,17,1,16777216,852,0.203,0,0.242
1,855,10117.891,level1,0,1024,640,9.552,1,9.566,9.566,10.000,0,0.177,8.508,0.062,0.735,1.910,0.013,1,1,1494,5326,7,234204,1821,913,880,5236,17,0,17,1,16777216,853,0.204,0,0.245
1,856,10126.743,level1,0,1024,640,9.096,1,9.071,9.071,10.000,0,0.198,8.265,0.062,0.691,2.176,0.009,1,1,1494,5326,7,234204,1821,913,880,5243,17,0,17,1,16777216,854,0.203,0,0.316
1,857,10135.369,level1,0,1024,640,8.636,1,8.717,8.717,8.000,0,0.121,8.250,0.067,0.698,1.854,0.011,1,1,1502,5365,7,235540,1821,911,882,5250,17,0,17,1,16777216,855,0.194,0,0.182
1,858,10144.177,level1,0,1024,640,8.750,1,8.671,8.671,9.000,0,0.198,8.277,0.095,0.735,1.701,0.012,1,1,1502,5365,7,235540,1821,911,882,5257,17,0,17,1,16777216,856,0.203,0,0.226
1,859,10153.419,level1,0,1024,640,8.837,1,8.877,8.877,8.000,0,0.158,8.708,0.072,0.714,1.923,0.011,1,1,1502,5365,7,235540,1821,911,882,5264,17,0,17,1,16777216,857,0.197,0,0.295
1,860,10161.989,level1,0,1024,640,9.241,1,9.241,9.241,9.000,0,0.150,8.056,0.054,0.704,1.823,0.009,1,1,1502,5365,7,235540,1821,911,882,5271,17,0,17,1,16777216,858,0.208,0,0.294
1,861,10170.976,level1,0,1024,640,8.518,1,8.531,8.531,9.000,0,0.147,8.512,0.065,0.813,1.886,0.010,1,1,1517,5476,7,238348,1821,908,885,5278,17,0,17,1,16777216,859,0.193,0,0.255
1,862,10179.886,level1,0,1024,640,8.966,1,8.988,8.988,9.000,0,0.124,8.447,0.075,0.740,2.006,0.014,1,1,1517,5476,7,238348,1821,908,885,5285,17,0,17,1,16777216,860,0.202,0,0.258
1,863,10188.518,level1,0,1024,640,8.941,1,8.876,8.876,9.000,0,0.189,8.161,0.053,0.769,2.254,0.011,1,1,1517,5476,7,238348,1821,908,885,5292,17,0,17,1,16777216,861,0.199,0,0.223
1,864,10196.888,level1,0,1024,640,8.554,1,8.619,8.619,8.000,0,0.125,7.975,0.055,0.719,1.456,0.008,1,1,1507,5413,7,236564,1821,910,883,5299,17,0,17,1,16777216,862,0.207,0,0.211
1,865,10206.360,level1,0,1024,640,8.425,1,8.358,8.358,9.000,0,0.191,9.023,0.053,0.694,2.531,0.012,1,1,1526,5464,7,239404,1821,889,904,5306,17,0,17,1,16777216,863,0.195,0,0.199
1,866,10216.078,level1,0,1024,640,9.508,1,9.506,9.506,9.000,0,0.193,9.180,0.105,0.762,1.630,0.036,1,1,1534,5437,7,240212,1821,873,920,5313,17,0,17,1,16777216,864,0.209,0,0.231
1,867,10225.133,level1,0,1024,640,9.805,1,9.769,9.769,11.000,0,0.229,8.480,0.055,0.773,2.056,0.011,1,1,1534,5437,7,240212,1821,873,920,5320,17,0,17,1,16777216,865,0.195,0,0.282
1,868,10234.469,level1,0,1024,640,9.012,1,9.035,9.035,9.000,0,0.206,8.785,0.075,0.797,1.961,0.011,1,1,1533,5444,7,240140,1821,874,919,5327,17,0,17,1,16777216,866,0.204,0,0.262
1,869,10243.420,level1,0,1024,640,9.318,1,9.323,9.323,9.000,0,0.193,8.365,0.127,0.825,2.183,0.023,1,1,1501,5370,7,235452,1821,898,895,5334,17,0,17,1,16777216,867,0.199,0,0.249
1,870,10252.631,level1,0,1024,640,9.152,1,9.084,9.084,8.000,0,0.267,8.495,0.058,0.727,1.961,0.010,1,1,1501,5370,7,235452,1821,898,895,5341,17,0,17,1,16777216,868,0.200,0,0.379
1,871,10261.325,level1,0,1024,640,8.929,1,9.071,9.071,9.000,0,0.129,8.244,0.072,0.787,1.951,0.011,1,1,1496,5355,7,234692,1821,899,894,5348,17,0,17,1,16777216,869,0.197,0,0.243
1,872,10269.822,level1,0,1024,640,8.700,1,8.697,8.697,10.000,0,0.131,8.060,0.054,0.710,1.762,0.010,1,1,1496,5355,7,234692,1821,899,894,5355,17,0,17,1,16777216,870,0.202,0,0.245
1,873,10278.640,level1,0,1024,640,8.579,1,8.507,8.507,8.000,0,0.204,8.292,0.061,0.696,2.327,0.013,1,1,1486,5325,7,233172,1821,901,892,5362,17,0,17,1,16777216,871,0.191,0,0.255
1,874,10287.182,level1,0,1024,640,8.741,1,8.763,8.763,8.000,0,0.182,8.079,0.074,0.704,1.838,0.008,1,1,1469,5291,7,230724,1821,918,875,5369,17,0,17,1,16777216,872,0.204,0,0.199
1,875,10298.382,level1,0,1024,640,10.874,1,8.675,8.675,9.000,0,0.146,8.375,0.106,1.253,2.246,0.014,1,1,1464,5276,7,229964,1821,919,874,5376,17,0,17,1,16777216,873,0.195,0,0.333
1,876,10307.720,level1,0,1024,640,9.252,1,11.102,11.102,11.000,0,0.184,8.466,0.099,0.797,1.588,0.012,1,1,1462,5285,7,229780,1821,919,874,5383,17,0,17,1,16777216,874,0.202,0,0.234
1,877,10316.825,level1,0,1024,640,9.124,1,9.466,9.466,9.000,0,0.187,8.489,0.059,0.687,1.425,0.012,1,1,1462,5285,7,229780,1821,919,874,5390,17,0,17,1,16777216,875,0.202,0,0.355
1,878,10327.524,level1,0,1024,640,11.162,1,8.971,8.971,10.000,0,0.206,7.873,0.209,0.702,1.405,0.015,1,1,1462,5285,7,229780,1821,919,874,5397,17,0,17,1,16777216,876,0.206,0,0.229
1,879,10336.774,level1,0,1024,640,8.943,1,10.961,10.961,11.000,0,0.236,8.178,0.214,0.698,1.819,0.011,1,1,1467,5300,7,230540,1821,918,875,5404,17,0,17,1,16777216,877,0.196,0,0.490
1,880,10347.198,level1,0,1024,640,10.951,1,9.291,9.291,9.000,0,0.433,7.781,0.082,0.693,1.471,0.012,1,1,1472,5315,7,231300,1821,917,876,5411,17,0,17,1,16777216,878,0.209,0,0.526
1,881,10357.000,level1,0,1024,640,9.478,1,10.170,10.170,10.000,0,0.192,8.108,0.081,0.730,1.467,0.011,1,1,1477,5363,7,232324,1821,916,877,5418,17,0,17,1,16777216,879,0.206,0,0.276
1,882,10365.622,level1,0,1024,640,9.212,1,9.860,9.860,10.000,0,0.132,7.548,0.051,0.676,1.715,0.010,1,1,1477,5363,7,232324,1821,916,877,5425,17,0,17,1,16777216,880,0.206,0,0.334
1,883,10376.138,level1,0,1024,640,8.510,1,8.461,8.461,8.000,0,0.180,9.485,0.119,0.680,1.888,0.014,1,1,1482,5378,7,233084,1821,915,878,5432,17,0,17,1,16777216,881,0.194,0,0.174
1,884,10387.295,level1,0,1024,640,12.210,1,10.623,10.623,11.000,0,0.251,8.434,0.116,0.695,1.748,0.015,1,1,1487,5393,7,233844,1821,914,879,5439,17,0,17,1,16777216,882,0.199,0,0.280
1,885,10396.259,level1,0,1024,640,9.539,1,11.208,11.208,11.000,0,0.214,7.913,0.064,0.672,1.833,0.012,1,1,1490,5417,7,234420,1821,913,880,5446,17,0,17,1,16777216,883,0.199,0,0.331
1,886,10404.261,level1,0,1024,640,8.373,1,8.868,8.868,9.000,0,0.149,7.554,0.052,0.722,1.405,0.009,1,1,1480,5321,7,232372,1821,915,878,5453,17,0,17,1,16777216,884,0.210,0,0.234
1,887,10415.757,level1,0,1024,640,10.650,1,8.078,8.078,9.000,0,0.208,8.346,0.106,0.768,1.691,0.019,1,1,1497,5355,7,234820,1821,898,895,5460,17,0,17,1,16777216,885,0.193,0,0.311
1,888,10425.006,level1,0,1024,640,9.365,1,11.661,11.661,11.000,0,0.260,8.277,0.059,0.877,1.986,0.011,1,1,1526,5438,7,239196,1901,954,918,5467,17,0,17,1,16777216,886,0.203,0,0.475
1,889,10436.879,level1,0,1024,640,8.803,1,9.032,9.032,9.000,0,0.198,11.250,0.154,0.976,2.163,0.017,1,1,1526,5471,7,239460,1901,954,918,5474,17,0,17,1,16777216,887,0.200,0,0.260
1,890,10449.018,level1,0,1024,640,14.070,1,11.921,11.921,12.000,0,0.227,9.391,0.084,1.119,1.928,0.015,1,1,1523,5447,7,238884,1901,955,917,5481,17,0,17,1,16777216,888,0.202,0,0.307
1,891,10458.570,level1,0,1024,640,10.469,1,12.069,12.069,12.000,0,0.136,8.456,0.102,0.717,1.828,0.011,1,1,1498,5379,7,235140,1901,978,894,5488,17,0,17,1,16777216,889,0.203,0,0.238
1,892,10469.769,level1,0,1024,640,10.856,1,9.572,9.572,10.000,0,0.163,8.831,0.070,0.733,1.713,0.012,1,1,1493,5364,7,234380,1901,979,893,5495,17,0,17,1,16777216,890,0.203,0,0.252
1,893,10478.795,level1,0,1024,640,10.156,1,11.283,11.283,11.000,0,0.150,7.707,0.064,0.800,1.660,0.010,1,1,1480,5310,7,232284,1901,982,890,5502,17,0,17,1,16777216,891,0.196,0,0.340
1,894,10488.608,level1,0,1024,640,8.338,1,8.974,8.974,9.000,0,0.264,9.148,0.097,0.709,2.073,0.014,1,1,1470,5280,7,230764,1901,984,888,5509,17,0,17,1,16777216,892,0.257,0,0.289
1,895,10498.567,level1,0,1024,640,9.653,1,9.767,9.767,10.000,0,0.157,9.492,0.060,0.937,2.131,0.012,1,1,1453,5246,7,228316,1901,1001,871,5516,17,0,17,1,16777216,893,0.196,0,0.244
1,896,10507.699,level1,0,1024,640,10.083,1,9.998,9.998,9.000,0,0.241,8.526,0.074,0.710,2.062,0.018,1,1,1453,5246,7,228316,1901,1001,871,5523,17,0,17,1,16777216,894,0.194,0,0.283
1,897,10516.571,level1,0,1024,640,9.226,1,9.178,9.178,9.000,0,0.287,8.194,0.053,0.667,2.218,0.010,1,1,1448,5231,7,227556,1901,1002,870,5530,17,0,17,1,16777216,895,0.198,0,0.327
1,898,10524.528,level1,0,1024,640,8.686,1,8.826,8.826,10.000,0,0.149,7.470,0.048,0.669,1.436,0.009,1,1,1453,5279,7,228580,1901,1001,871,5537,17,0,17,1,16777216,896,0.196,0,0.283
1,899,10534.865,level1,0,1024,640,7.941,1,7.849,7.849,8.000,0,0.239,9.820,0.092,0.736,2.511,0.014,1,1,1453,5279,7,228580,1901,1001,871,5544,17,0,17,1,16777216,897,0.190,0,0.176
1,900,10544.929,level1,0,1024,640,10.425,1,10.455,10.455,10.000,0,0.210,9.447,0.106,0.708,2.112,0.013,1,1,1458,5294,7,229340,1901,1000,872,5551,17,0,17,1,16777216,898,0.197,0,0.292
1,901,10555.213,level1,0,1024,640,10.066,1,10.061,10.061,10.000,0,0.213,9.700,0.071,0.692,1.821,0.011,1,1,1461,5318,7,229916,1901,999,873,5558,17,0,17,1,16777216,899,0.192,0,0.289
1,902,10565.245,level1,0,1024,640,10.284,1,10.217,10.217,11.000,0,0.281,9.414,0.104,0.705,2.427,0.013,1,1,1471,5348,7,231436,1901,997,875,5565,17,0,17,1,16777216,900,0.197,0,0.222
1,903,10575.181,level1,0,1024,640,10.017,1,10.094,10.094,9.000,0,0.205,9.252,0.185,0.687,2.031,0.012,1,1,1471,5348,7,231436,1901,997,875,5572,17,0,17,1,16777216,901,0.197,0,0.283
1,904,10584.423,level1,0,1024,640,9.891,1,9.943,9.943,11.000,0,0.154,8.729,0.060,0.729,1.805,0.010,1,1,1481,5378,7,232956,1901,995,877,5579,17,0,17,1,16777216,902,0.203,0,0.291
1,905,10593.747,level1,0,1024,640,9.309,1,9.227,9.227,9.000,0,0.230,8.619,0.184,0.669,1.837,0.075,1,1,1481,5378,7,232956,1901,995,877,5586,17,0,17,1,16777216,903,0.200,0,0.276
1,906,10604.431,level1,0,1024,640,9.437,1,9.509,9.509,9.000,0,0.165,9.920,0.130,0.671,2.054,0.016,1,1,1484,5395,7,233476,1901,994,878,5593,17,0,17,1,16777216,904,0.203,0,0.461
1,907,10613.994,level1,0,1024,640,10.479,1,10.496,10.496,10.000,0,0.145,9.074,0.060,1.038,1.793,0.011,1,1,1490,5443,7,234628,1901,992,880,5600,17,0,17,1,16777216,905,0.192,0,0.274
1,908,10624.799,level1,0,1024,640,9.503,1,9.488,9.488,10.000,0,0.162,10.325,0.108,0.770,2.484,0.017,1,1,1544,5599,7,242788,1901,950,922,5607,17,0,17,1,16777216,906,0.190,0,0.199
1,909,10634.857,level1,0,1024,640,10.917,1,10.901,10.901,11.000,0,0.172,9.495,0.082,0.783,2.052,0.017,1,1,1539,5584,7,242028,1901,951,921,5614,17,0,17,1,16777216,907,0.191,0,0.290
1,910,10644.936,level1,0,1024,640,10.202,1,10.122,10.122,10.000,0,0.258,9.395,0.059,0.974,1.781,0.010,1,1,1534,5569,7,241268,1901,952,920,5621,17,0,17,1,16777216,908,0.202,0,0.352
1,911,10654.003,level1,0,1024,640,9.933,1,9.966,9.966,10.000,0,0.215,8.523,0.066,0.698,1.507,0.009,1,1,1524,5506,7,239484,1901,954,918,5628,17,0,17,1,16777216,909,0.196,0,0.245
1,912,10662.782,level1,0,1024,640,9.126,1,9.090,9.090,9.000,0,0.255,8.151,0.091,0.687,1.779,0.010,1,1,1487,5417,7,234036,1901,979,893,5635,17,0,17,1,16777216,910,0.190,0,0.268
1,913,10671.470,level1,0,1024,640,8.558,1,8.704,8.704,9.000,0,0.117,8.254,0.117,0.687,1.965,0.018,1,1,1477,5321,7,231988,1901,981,891,5642,17,0,17,1,16777216,911,0.191,0,0.195
1,914,10680.404,level1,0,1024,640,8.937,1,8.831,8.831,8.000,0,0.219,8.311,0.058,1.127,1.864,0.010,1,1,1472,5306,7,231228,1901,982,890,5649,17,0,17,1,16777216,912,0.194,0,0.336
1,915,10691.269,level1,0,1024,640,9.022,1,8.980,8.980,10.000,0,0.260,10.107,0.103,0.750,1.994,0.014,1,1,1472,5306,7,231228,1901,982,890,5656,17,0,17,1,16777216,913,0.188,0,0.382
1,916,10700.996,level1,0,1024,640,10.618,1,10.719,10.719,10.000,0,0.164,9.257,0.063,0.686,1.804,0.010,1,1,1450,5257,7,228020,1901,1000,872,5663,17,0,17,1,16777216,914,0.200,0,0.236
1,917,10710.768,level1,0,1024,640,9.851,1,9.813,9.813,10.000,0,0.201,9.184,0.058,0.728,2.084,0.014,1,1,1460,5287,7,229540,1901,998,874,5670,17,0,17,1,16777216,915,0.201,0,0.322
1,918,10720.120,level1,0,1024,640,9.739,1,9.736,9.736,10.000,0,0.204,8.778,0.077,0.769,2.124,0.012,1,1,1460,5287,7,229540,1901,998,874,5677,17,0,17,1,16777216,916,1.088,0,0.286
1,919,10728.446,level1,0,1024,640,9.335,1,9.365,9.365,9.000,0,0.175,7.772,0.073,0.801,1.852,0.016,1,1,1467,5326,7,230748,1901,997,875,5684,17,0,17,1,16777216,917,0.185,0,0.296
1,920,10737.303,level1,0,1024,640,8.300,1,8.287,8.287,7.000,0,0.183,8.347,0.056,0.688,1.829,0.010,1,1,1467,5326,7,230748,1901,997,875,5691,17,0,17,1,16777216,918,0.199,0,0.261
1,921,10745.735,level1,0,1024,640,8.969,1,8.968,8.968,10.000,0,0.188,7.762,0.104,0.680,1.658,0.021,1,1,1472,5374,7,231772,1901,996,876,5698,17,0,17,1,16777216,919,0.195,0,0.371
1,922,10754.716,level1,0,1024,640,8.331,1,8.334,8.334,8.000,0,0.183,8.465,0.051,0.696,1.875,0.009,1,1,1472,5374,7,231772,1901,996,876,5705,17,0,17,1,16777216,920,1.081,0,0.273
1,923,10763.182,level1,0,1024,640,8.980,1,8.955,8.955,10.000,0,0.207,7.864,0.138,0.695,1.591,0.011,1,1,1477,5389,7,232532,1901,995,877,5712,17,0,17,1,16777216,921,0.191,0,0.246
1,924,10773.320,level1,0,1024,640,8.669,1,8.684,8.684,8.000,0,0.191,9.412,0.060,0.711,1.947,0.011,1,1,1477,5389,7,232532,1901,995,877,5719,17,0,17,1,16777216,922,0.196,0,0.461
1,925,10782.450,level1,0,1024,640,9.873,1,9.927,9.927,10.000,0,0.141,8.550,0.178,0.690,2.228,0.017,1,1,1482,5404,7,233292,1901,994,878,5726,17,0,17,1,16777216,923,0.192,0,0.254
1,926,10791.190,level1,0,1024,640,9.120,1,9.112,9.112,9.000,0,0.150,8.279,0.068,0.694,1.946,0.012,1,1,1482,5404,7,233292,1901,994,878,5733,17,0,17,1,16777216,924,0.203,0,0.233
1,927,10800.312,level1,0,1024,640,8.812,1,8.793,8.793,10.000,0,0.165,8.591,0.069,0.771,2.282,0.013,1,1,1492,5467,7,235076,1901,992,880,5740,17,0,17,1,16777216,925,0.188,0,0.286
1,928,10809.820,level1,0,1024,640,9.162,1,9.143,9.143,8.000,0,0.186,8.932,0.073,0.731,1.973,0.012,1,1,1487,5452,7,234316,1901,993,879,5747,17,0,17,1,16777216,926,0.197,0,0.308
1,929,10820.429,level1,0,1024,640,9.460,1,9.500,9.500,10.000,0,0.140,10.058,0.097,1.096,2.809,0.011,1,1,1514,5582,7,238812,1901,974,898,5754,17,0,17,1,16777216,927,0.188,0,0.301
1,930,10829.448,level1,0,1024,640,10.564,1,10.560,10.560,10.000,0,0.141,8.482,0.127,0.782,1.707,0.018,1,1,1541,5608,7,242476,2047,1095,921,5761,17,0,17,1,16777216,928,0.195,0,0.252
1,931,10838.428,level1,0,1024,640,9.024,1,9.013,9.013,9.000,0,0.162,8.495,0.070,0.796,2.065,0.013,1,1,1541,5608,7,242476,2047,1095,921,5768,17,0,17,1,16777216,929,0.193,0,0.247
1,932,10847.854,level1,0,1024,640,8.971,1,8.987,8.987,10.000,0,0.145,8.804,0.102,0.760,2.182,0.013,1,1,1521,5548,7,239436,2047,1099,917,5775,17,0,17,1,16777216,930,0.191,0,0.253
1,933,10857.877,level1,0,1024,640,9.429,1,9.413,9.413,9.000,0,0.162,9.556,0.057,0.712,1.857,0.013,1,1,1521,5548,7,239436,2047,1099,917,5782,17,0,17,1,16777216,931,0.194,0,0.237
1,934,10866.671,level1,0,1024,640,10.109,1,10.064,10.064,10.000,0,0.205,8.166,0.133,0.685,1.896,0.027,1,1,1489,5441,7,234484,1982,1059,893,5789,17,0,17,1,16777216,932,0.189,0,0.281
1,935,10876.633,level1,0,1024,640,8.889,1,8.844,8.844,9.000,0,0.251,9.306,0.065,0.683,1.876,0.011,1,1,1484,5426,7,233724,1982,1060,892,5796,17,0,17,1,16777216,933,0.195,0,0.331
1,936,10886.006,level1,0,1024,640,9.852,1,9.911,9.911,10.000,0,0.193,8.831,0.061,0.861,2.444,0.009,1,1,1479,5411,7,232964,1982,1061,891,5803,17,0,17,1,16777216,934,0.200,0,0.281
1,937,10895.081,level1,0,1024,640,9.375,1,9.357,9.357,9.000,0,0.208,8.525,0.067,0.764,2.060,0.013,1,1,1454,5338,7,229180,1982,1080,872,5810,17,0,17,1,16777216,935,1.090,0,0.265
1,938,10905.814,level1,0,1024,640,9.255,1,9.304,9.304,9.000,0,0.161,9.974,0.094,0.728,1.915,0.009,1,1,1454,5338,7,229180,1982,1080,872,5817,17,0,17,1,16777216,936,0.195,0,0.492
1,939,10916.193,level1,0,1024,640,10.896,1,10.788,10.788,11.000,0,0.268,8.827,0.725,0.657,2.117,0.036,1,1,1451,5314,7,228604,1982,1081,871,5824,17,0,17,1,16777216,937,0.188,0,0.549
1,940,10924.953,level1,0,1024,640,10.032,1,10.131,10.131,11.000,0,0.170,8.176,0.106,0.814,1.795,0.014,1,1,1451,5314,7,228604,1982,1081,871,5831,17,0,17,1,16777216,938,0.181,0,0.299
1,941,10934.958,level1,0,1024,640,8.796,1,8.764,8.764,8.000,0,0.196,9.374,0.117,0.828,2.139,0.014,1,1,1451,5314,7,228604,1982,1081,871,5838,17,0,17,1,16777216,939,0.187,0,0.306
1,942,10944.823,level1,0,1024,640,9.897,1,9.957,9.957,10.000,0,0.133,9.401,0.059,1.084,2.375,0.013,1,1,1451,5314,7,228604,1982,1081,871,5845,17,0,17,1,16777216,940,0.199,0,0.258
1,943,10956.691,level1,0,1024,640,12.126,1,9.813,9.813,10.000,0,0.150,9.077,0.125,0.684,1.908,0.019,1,1,1461,5344,7,230124,1982,1079,873,5852,17,0,17,1,16777216,941,0.189,0,0.206
1,944,10966.730,level1,0,1024,640,10.908,1,13.102,13.102,13.000,0,0.135,8.267,0.066,0.658,1.843,0.036,1,1,1466,5359,7,230884,1982,1078,874,5859,17,0,17,1,16777216,942,0.189,0,1.439
1,945,10977.695,level1,0,1024,640,9.626,1,9.320,9.320,9.000,0,0.562,9.574,0.097,0.684,2.854,0.019,1,1,1466,5359,7,230884,1982,1078,874,5866,17,0,17,1,16777216,943,0.189,0,0.717
1,946,10990.868,level1,0,1024,640,12.631,1,10.629,10.629,11.000,0,0.241,10.140,0.075,0.712,1.915,0.012,1,1,1471,5374,7,231644,1982,1077,875,5873,17,0,17,1,16777216,944,0.200,0,0.382
1,947,11002.085,level1,0,1024,640,11.413,1,13.076,13.076,13.000,0,0.180,9.922,0.096,0.876,1.895,0.013,1,1,1471,5374,7,231644,1982,1077,875,5880,17,0,17,1,16777216,945,0.194,0,0.287
1,948,11013.917,level1,0,1024,640,12.353,1,11.194,11.194,11.000,0,0.141,9.414,0.083,0.706,1.624,0.013,1,1,1478,5387,7,232644,1982,1076,876,5887,17,0,17,1,16777216,946,0.228,0,0.266
1,949,11023.448,level1,0,1024,640,10.544,1,11.789,11.789,12.000,0,0.271,8.311,0.173,0.694,1.940,0.019,1,1,1493,5430,7,234908,1982,1059,893,5894,17,0,17,1,16777216,947,0.196,0,0.222
1,950,11033.538,level1,0,1024,640,9.186,1,9.781,9.781,10.000,0,0.220,9.326,0.064,0.737,1.648,0.010,1,1,1519,5487,7,238692,1982,1037,915,5901,17,0,17,1,16777216,948,0.191,0,0.473
1,951,11045.235,level1,0,1024,640,12.077,1,9.893,9.893,10.000,0,0.191,8.942,0.068,0.724,1.843,0.011,1,1,1514,5472,7,237932,1982,1038,914,5908,17,0,17,1,16777216,949,0.195,0,0.275
1,952,11055.334,level1,0,1024,640,9.636,1,11.655,11.655,11.000,0,0.146,9.304,0.169,0.923,2.218,0.017,1,1,1506,5433,7,236596,1982,1040,912,5915,17,0,17,1,16777216,950,0.202,0,0.234
1,953,11064.743,level1,0,1024,640,9.892,1,10.120,10.120,11.000,0,0.155,8.917,0.073,0.682,1.917,0.012,1,1,1481,5365,7,232852,1982,1063,889,5922,17,0,17,1,16777216,951,0.280,0,0.255
1,954,11075.893,level1,0,1024,640,12.175,1,9.366,9.366,9.000,0,0.136,7.799,0.165,0.668,1.389,0.012,1,1,1476,5350,7,232092,1982,1064,888,5929,17,0,17,1,16777216,952,0.200,0,0.212
1,955,11085.811,level1,0,1024,640,9.093,1,11.406,11.406,12.000,0,0.219,8.627,0.161,1.113,2.351,0.017,1,1,1458,5288,7,229292,1982,1068,884,5936,17,0,17,1,16777216,953,0.198,0,0.461
1,956,11095.705,level1,0,1024,640,9.381,1,9.798,9.798,9.000,0,0.235,9.233,0.070,0.686,1.659,0.011,1,1,1445,5201,7,226932,1982,1071,881,5943,17,0,17,1,16777216,954,0.206,0,0.348
1,957,11106.860,level1,0,1024,640,12.000,1,9.741,9.741,10.000,0,0.124,8.392,0.066,0.658,1.750,0.012,1,1,1418,5104,7,222700,1982,1090,862,5950,17,0,17,1,16777216,955,0.188,0,0.196
1,958,11115.930,level1,0,1024,640,9.566,1,11.394,11.394,11.000,0,0.194,7.901,0.061,0.765,2.014,0.012,1,1,1413,5056,7,221676,1982,1091,861,5957,17,0,17,1,16777216,956,0.186,0,0.433
1,959,11126.563,level1,0,1024,640,10.193,1,8.848,8.848,9.000,0,0.135,8.342,0.060,0.661,1.739,0.010,1,1,1413,5056,7,221676,1982,1091,861,5964,17,0,17,1,16777216,957,0.199,0,0.212
1,960,11135.504,level1,0,1024,640,9.291,1,10.677,10.677,11.000,0,0.207,7.993,0.059,0.652,1.448,0.010,1,1,1408,5008,7,220652,1913,1024,860,5971,17,0,17,1,16777216,958,0.186,0,0.256
1,961,11143.973,level1,0,1024,640,8.448,1,8.882,8.882,8.000,0,0.192,8.002,0.070,0.722,1.825,0.012,1,1,1413,5056,7,221676,1913,1023,861,5978,17,0,17,1,16777216,959,0.197,0,0.198
1,962,11152.833,level1,0,1024,640,8.643,1,8.568,8.568,9.000,0,0.253,8.220,0.070,0.656,1.721,0.010,1,1,1418,5071,7,222436,1913,1022,862,5985,17,0,17,1,16777216,960,0.192,0,0.293
1,963,11163.059,level1,0,1024,640,10.482,1,8.798,8.798,8.000,0,0.178,7.931,0.103,1.069,1.732,0.010,1,1,1418,5071,7,222436,1913,1022,862,5992,17,0,17,1,16777216,961,0.186,0,0.234
1,964,11172.320,level1,0,1024,640,9.342,1,10.271,10.271,11.000,0,0.473,7.896,0.057,0.659,1.791,0.009,1,1,1423,5086,7,223196,1913,1021,863,5999,17,0,17,1,16777216,962,0.194,0,0.280
1,965,11181.841,level1,0,1024,640,8.412,1,9.229,9.229,9.000,0,0.204,9.004,0.059,0.783,2.379,0.012,1,1,1423,5086,7,223196,1913,1021,863,6006,17,0,17,1,16777216,963,0.194,0,0.247
1,966,11192.141,level1,0,1024,640,11.246,1,9.559,9.559,9.000,0,0.209,8.054,0.061,0.688,1.398,0.010,1,1,1423,5086,7,223196,1913,1021,863,6013,17,0,17,1,16777216,964,0.183,0,0.285
1,967,11202.584,level1,0,1024,640,9.410,1,10.258,10.258,11.000,0,0.216,8.521,0.627,0.673,1.508,0.010,1,1,1425,5077,7,223380,1913,1021,863,6020,17,0,17,1,16777216,965,0.193,0,0.243
1,968,11212.145,level1,0,1024,640,11.216,1,10.546,10.546,11.000,0,0.135,7.396,0.099,0.734,1.489,0.012,1,1,1435,5107,7,224900,1913,1019,865,6027,17,0,17,1,16777216,966,0.197,0,0.346
1,969,11220.309,level1,0,1024,640,8.223,1,9.422,9.422,9.000,0,0.127,7.383,0.052,0.623,1.378,0.009,1,1,1432,5083,7,224324,1913,1020,864,6034,17,0,17,1,16777216,967,0.189,0,0.206
1,970,11228.924,level1,0,1024,640,7.799,1,8.173,8.173,8.000,0,0.139,8.172,0.079,0.738,1.938,0.017,1,1,1453,5130,7,227388,1913,1003,881,6041,17,0,17,1,16777216,968,0.198,0,0.217
1,971,11237.342,level1,0,1024,640,8.598,1,8.610,8.610,9.000,0,0.130,8.016,0.055,0.810,1.873,0.010,1,1,1478,5185,7,231028,1913,982,902,6048,17,0,17,1,16777216,969,0.191,0,0.211
1,972,11248.559,level1,0,1024,640,10.382,1,8.467,8.467,8.000,0,0.202,8.834,0.073,0.770,1.954,0.013,1,1,1478,5185,7,231028,1913,982,902,6055,17,0,17,1,16777216,970,0.197,0,0.260
1,973,11257.026,level1,0,1024,640,9.890,1,11.240,11.240,11.000,0,0.205,7.434,0.050,0.697,1.371,0.009,1,1,1468,5089,7,228980,1814,886,900,6062,17,0,17,1,16777216,971,0.185,0,0.281
1,974,11266.013,level1,0,1024,640,8.208,1,8.496,8.496,9.000,0,0.396,8.119,0.143,0.691,2.034,0.041,1,1,1463,5074,7,228220,1814,887,899,6069,17,0,17,1,16777216,972,0.183,0,0.312
1,975,11277.518,level1,0,1024,640,10.898,1,8.959,8.959,9.000,0,0.164,8.761,0.108,0.705,1.900,0.016,1,1,1441,5030,7,225052,1814,909,877,6076,17,0,17,1,16777216,973,0.193,0,0.284
1,976,11286.189,level1,0,1024,640,10.016,1,11.559,11.559,11.000,0,0.162,7.465,0.059,0.657,1.330,0.009,1,1,1436,4982,7,224028,1814,910,876,6083,17,0,17,1,16777216,974,0.186,0,0.336
1,977,11295.882,level1,0,1024,640,7.886,1,8.546,8.546,10.000,0,0.139,9.269,0.063,0.660,1.603,0.011,1,1,1428,4943,7,222692,1814,912,874,6090,17,0,17,1,16777216,975,0.185,0,0.211
1,978,11305.939,level1,0,1024,640,11.901,1,9.846,9.846,8.000,0,0.260,7.384,0.103,0.696,1.719,0.011,1,1,1398,4855,7,218148,1739,858,854,6097,17,0,17,1,16777216,976,0.192,0,0.364
1,979,11315.252,level1,0,1024,640,8.569,1,9.914,9.914,11.000,0,0.197,8.161,0.070,1.182,2.596,0.014,1,1,1380,4753,7,215028,1673,797,850,6104,17,0,17,1,16777216,977,0.193,0,0.221
1,980,11324.436,level1,0,1024,640,8.710,1,9.417,9.417,9.000,0,0.146,8.632,0.073,0.678,1.719,0.011,1,1,1380,4753,7,215028,1673,797,850,6111,17,0,17,1,16777216,978,0.200,0,0.326
1,981,11335.885,level1,0,1024,640,11.400,1,9.283,9.283,10.000,0,0.508,8.641,0.112,0.976,2.141,0.020,1,1,1376,4707,7,214148,1673,798,849,6118,17,0,17,1,16777216,979,0.187,0,0.422
1,982,11345.086,level1,0,1024,640,9.695,1,11.320,11.320,11.000,0,0.203,8.153,0.107,0.644,1.688,0.014,1,1,1376,4707,7,214148,1673,798,849,6125,17,0,17,1,16777216,980,0.193,0,0.294
1,983,11354.908,level1,0,1024,640,8.893,1,9.332,9.332,9.000,0,0.197,9.120,0.069,0.651,1.726,0.010,1,1,1391,4785,7,216692,1673,795,852,6132,17,0,17,1,16777216,981,0.185,0,0.419
1,984,11365.733,level1,0,1024,640,12.390,1,9.744,9.744,11.000,0,0.270,7.524,0.100,0.741,1.788,0.010,1,1,1396,4800,7,217452,1673,794,853,6139,17,0,17,1,16777216,982,0.182,0,0.346
1,985,11382.274,level1,0,1024,640,10.362,1,10.959,10.959,10.000,0,0.219,13.373,0.429,0.697,2.213,0.230,1,1,1406,4830,7,218972,1777,895,855,6146,17,0,17,1,16777216,983,0.191,0,0.480
1,986,11395.415,level1,0,1024,640,16.539,1,16.418,16.418,17.000,0,0.228,10.238,0.166,0.903,2.083,0.018,1,1,1411,4845,7,219732,1777,894,856,6153,17,0,17,1,16777216,984,0.195,0,0.357
1,987,11406.089,level1,0,1024,640,11.544,1,13.063,13.063,12.000,0,0.189,9.401,0.132,0.678,1.818,0.018,1,1,1414,4869,7,220308,1777,893,857,6160,17,0,17,1,16777216,985,0.192,0,0.279
1,988,11419.218,level1,0,1024,640,14.228,1,10.858,10.858,12.000,0,0.301,8.320,0.116,0.673,1.758,0.014,1,1,1409,4854,7,219548,1777,894,856,6167,17,0,17,1,16777216,986,0.197,0,0.455
1,989,11430.074,level1,0,1024,640,10.040,1,12.877,12.877,12.000,0,0.128,9.057,0.194,0.984,2.619,0.041,1,1,1434,4947,7,223492,1777,877,873,6174,17,0,17,1,16777216,987,0.194,0,0.212
1,990,11443.525,level1,0,1024,640,11.567,1,11.027,11.027,11.000,0,0.252,11.048,0.087,0.739,1.590,0.015,1,1,1458,5033,7,227252,1777,857,893,6181,17,0,17,1,16777216,988,0.187,0,0.382
1,991,11457.508,level1,0,1024,640,14.969,1,13.299,13.299,14.000,0,0.184,10.061,0.087,0.758,1.741,0.054,1,1,1443,4955,7,224708,1777,860,890,6188,17,0,17,1,16777216,989,0.189,0,0.230
1,992,11468.207,level1,0,1024,640,11.706,1,14.125,14.125,14.000,0,0.191,9.034,0.107,0.729,1.970,0.020,1,1,1438,4973,7,224212,1777,861,889,6195,17,0,17,1,16777216,990,0.195,0,0.366
1,993,11479.566,level1,0,1024,640,10.875,1,10.655,10.655,11.000,0,0.144,9.500,0.127,1.081,2.213,0.016,1,1,1411,4881,7,220020,1777,884,866,6202,17,0,17,1,16777216,991,0.200,0,0.328
1,994,11490.840,level1,0,1024,640,11.836,1,11.328,11.328,10.000,0,0.227,8.972,0.092,0.770,2.139,0.015,1,1,1411,4881,7,220020,1777,884,866,6209,17,0,17,1,16777216,992,0.185,0,0.296
1,995,11502.073,level1,0,1024,640,11.105,1,11.243,11.243,12.000,0,0.184,9.103,0.090,0.658,1.796,0.017,1,1,1396,4836,7,217740,1777,887,863,6216,17,0,17,1,16777216,993,0.186,0,0.264
1,996,11512.480,level1,0,1024,640,11.328,1,11.229,11.229,11.000,0,0.152,8.203,0.069,0.664,1.515,0.013,1,1,1379,4835,7,215556,1777,904,846,6223,17,0,17,1,16777216,994,0.191,0,0.262
1,997,11522.833,level1,0,1024,640,10.350,1,10.403,10.403,10.000,0,0.196,7.863,0.411,1.025,1.800,0.025,1,1,1376,4811,7,214980,1777,905,845,6230,17,0,17,1,16777216,995,0.184,0,0.258
1,998,11534.034,level1,0,1024,640,11.036,1,10.348,10.348,11.000,0,0.375,8.371,0.070,0.654,1.730,0.014,1,1,1376,4818,7,215036,1777,905,845,6237,17,0,17,1,16777216,996,0.194,0,0.251
1,999,11543.394,level1,0,1024,640,9.489,1,11.195,11.195,11.000,0,0.209,8.250,0.062,0.658,1.715,0.010,1,1,1376,4818,7,215036,1777,905,845,6244,17,0,17,1,16777216,997,0.189,0,0.247
1,1000,11551.584,level1,0,1024,640,8.689,1,9.351,9.351,9.000,0,0.133,7.761,0.053,0.654,2.057,0.011,1,1,1381,4833,7,215796,1777,904,846,6251,17,0,17,1,16777216,998,0.183,0,0.239
1,1001,11561.152,level1,0,1024,640,8.245,1,8.233,8.233,9.000,0,0.139,9.046,0.090,0.694,1.814,0.013,1,1,1386,4881,7,216820,1777,903,847,6258,17,0,17,1,16777216,999,0.191,0,0.282
1,1002,11571.878,level1,0,1024,640,10.959,1,9.592,9.592,9.000,0,0.401,8.788,0.115,0.717,1.860,0.013,1,1,1391,4929,7,217844,1777,902,848,6265,17,0,17,1,16777216,1000,0.186,0,0.267
1,1003,11581.673,level1,0,1024,640,10.272,1,10.660,10.660,11.000,0,0.189,8.319,0.108,0.672,1.917,0.019,1,1,1394,4953,7,218420,1777,901,849,6272,17,0,17,1,16777216,1001,0.195,0,0.238
1,1004,11591.251,level1,0,1024,640,9.935,1,10.049,10.049,10.000,0,0.299,7.988,0.082,0.665,1.478,0.016,1,1,1389,4905,7,217396,1777,902,848,6279,17,0,17,1,16777216,1002,0.186,0,0.492
1,1005,11600.513,level1,0,1024,640,8.560,1,9.380,9.380,9.000,0,0.188,8.685,0.087,0.671,2.290,0.017,1,1,1394,4920,7,218156,1777,901,849,6286,17,0,17,1,16777216,1003,0.191,0,0.294
1,1006,11610.133,level1,0,1024,640,9.957,1,9.252,9.252,9.000,0,0.160,8.365,0.069,0.669,1.659,0.012,1,1,1397,4937,7,218676,1777,900,850,6293,17,0,17,1,16777216,1004,0.188,0,0.285
1,1007,11620.465,level1,0,1024,640,9.939,1,9.602,9.602,11.000,0,0.207,8.749,0.078,0.684,1.699,0.013,1,1,1397,4937,7,218676,1777,900,850,6300,17,0,17,1,16777216,1005,0.193,0,0.267
1,1008,11631.589,level1,0,1024,640,10.902,1,10.286,10.286,9.000,0,0.211,8.968,0.081,1.194,2.107,0.013,1,1,1407,4967,7,220196,1777,898,852,6307,17,0,17,1,16777216,1006,0.180,0,0.221
1,1009,11641.485,level1,0,1024,640,10.579,1,11.264,11.264,12.000,0,0.201,8.294,0.074,0.721,1.651,0.013,1,1,1416,4947,7,221188,1777,885,865,6314,17,0,17,1,16777216,1007,0.189,0,0.360
1,1010,11653.888,level1,0,1024,640,12.104,1,9.761,9.761,9.000,0,0.135,8.563,0.102,0.677,1.836,0.015,1,1,1411,4899,7,220164,1777,886,864,6321,17,0,17,1,16777216,1008,0.182,0,0.225
1,1011,11663.527,level1,0,1024,640,10.349,1,12.471,12.471,13.000,0,0.193,7.882,0.073,0.649,1.496,0.016,1,1,1411,4899,7,220164,1777,886,864,6328,17,0,17,1,16777216,1009,0.195,0,0.292
1,1012,11673.378,level1,0,1024,640,9.606,1,9.740,9.740,10.000,0,0.142,8.071,0.128,1.309,2.327,0.018,1,1,1403,4827,7,218564,1689,801,862,6335,17,0,17,1,16777216,1010,0.205,0,0.394
1,1013,11683.977,level1,0,1024,640,10.068,1,9.717,9.717,9.000,0,0.133,8.649,0.082,0.674,1.337,0.013,1,1,1401,4836,7,218380,1689,801,862,6342,17,0,17,1,16777216,1011,0.269,0,0.260
1,1014,11693.340,level1,0,1024,640,10.329,1,10.561,10.561,11.000,0,0.137,7.659,0.106,0.676,1.437,0.011,1,1,1401,4836,7,218380,1689,801,862,6349,17,0,17,1,16777216,1012,0.184,0,0.222
1,1015,11702.855,level1,0,1024,640,9.306,1,9.355,9.355,9.000,0,0.128,7.885,0.090,0.703,1.531,0.013,1,1,1401,4836,7,218380,1689,801,862,6356,17,0,17,1,16777216,1013,0.183,0,0.215
1,1016,11713.181,level1,0,1024,640,10.069,1,9.921,9.921,10.000,0,0.169,8.113,0.118,0.786,1.537,0.012,1,1,1384,4802,7,215932,1689,818,845,6363,17,0,17,1,16777216,1014,0.179,0,0.615
1,1017,11722.159,level1,0,1024,640,9.525,1,9.966,9.966,11.000,0,0.151,7.595,0.090,1.115,1.985,0.010,1,1,1394,4865,7,217716,1689,816,847,6370,17,0,17,1,16777216,1015,0.193,0,0.260
1,1018,11730.758,level1,0,1024,640,8.222,1,9.023,9.023,8.000,0,0.219,7.977,0.081,0.661,1.576,0.010,1,1,1394,4865,7,217716,1689,816,847,6377,17,0,17,1,16777216,1016,0.189,0,0.306
1,1019,11739.113,level1,0,1024,640,8.551,1,8.576,8.576,9.000,0,0.192,7.817,0.050,0.658,2.063,0.010,1,1,1394,4865,7,217716,1689,816,847,6384,17,0,17,1,16777216,1017,0.189,0,0.282
1,1020,11747.366,level1,0,1024,640,8.334,1,8.330,8.330,8.000,0,0.202,7.723,0.062,0.657,1.424,0.009,1,1,1394,4865,7,217716,1689,816,847,6391,17,0,17,1,16777216,1018,0.190,0,0.258
1,1021,11755.741,level1,0,1024,640,8.255,1,8.328,8.328,8.000,0,0.125,7.836,0.069,0.648,1.739,0.013,1,1,1399,4880,7,218476,1689,815,848,6398,17,0,17,1,16777216,1019,0.187,0,0.332
1,1022,11764.101,level1,0,1024,640,8.305,1,8.296,8.296,9.000,0,0.140,7.913,0.048,0.703,2.296,0.011,1,1,1399,4880,7,218476,1689,815,848,6405,17,0,17,1,16777216,1020,0.184,0,0.254
1,1023,11772.419,level1,0,1024,640,8.416,1,8.357,8.357,8.000,0,0.199,7.811,0.052,0.687,1.808,0.009,1,1,1399,4880,7,218476,1689,815,848,6412,17,0,17,1,16777216,1021,0.189,0,0.251
1,1024,11780.471,level1,0,1024,640,8.457,1,8.421,8.421,8.000,0,0.235,7.347,0.109,0.672,1.829,0.022,1,1,1399,4880,7,218476,1689,815,848,6419,17,0,17,1,16777216,1022,0.184,0,0.353
1,1025,11788.547,level1,0,1024,640,8.010,1,8.031,8.031,8.000,0,0.214,7.454,0.068,0.827,1.746,0.012,1,1,1404,4895,7,219236,1689,814,849,6426,17,0,17,1,16777216,1023,0.185,0,0.332
1,1026,11797.018,level1,0,1024,640,8.029,1,8.019,8.019,8.000,0,0.218,7.838,0.127,0.657,1.632,0.008,1,1,1401,4871,7,218660,1689,815,848,6433,17,0,17,1,16777216,1024,0.198,0,0.276
1,1027,11806.555,level1,0,1024,640,8.521,1,8.533,8.533,9.000,0,0.212,7.800,1.179,0.654,2.077,0.015,1,1,1406,4886,7,219420,1689,814,849,6440,17,0,17,1,16777216,1025,0.182,0,0.338
1,1028,11816.837,level1,0,1024,640,11.048,1,9.416,9.416,10.000,0,0.152,8.153,0.062,0.720,1.773,0.010,1,1,1406,4886,7,219420,1689,814,849,6447,17,0,17,1,16777216,1026,0.263,0,0.217
1,1029,11825.596,level1,0,1024,640,9.137,1,10.264,10.264,10.000,0,0.196,7.781,0.056,1.451,2.121,0.010,1,1,1406,4886,7,219420,1689,814,849,6454,17,0,17,1,16777216,1027,0.190,0,0.199
1,1030,11834.383,level1,0,1024,640,8.347,1,8.850,8.850,8.000,0,0.210,8.204,0.073,0.664,1.861,0.012,1,1,1416,4949,7,221204,1689,812,851,6461,17,0,17,1,16777216,1028,0.195,0,0.289
1,1031,11842.552,level1,0,1024,640,8.644,1,8.733,8.733,9.000,0,0.125,7.729,0.071,0.688,2.044,0.010,1,1,1416,4949,7,221204,1689,812,851,6468,17,0,17,1,16777216,1029,0.187,0,0.235
1,1032,11851.053,level1,0,1024,640,8.277,1,8.194,8.194,8.000,0,0.207,7.954,0.072,0.821,1.933,0.010,1,1,1416,4949,7,221204,1689,812,851,6475,17,0,17,1,16777216,1030,0.196,0,0.261
1,1033,11859.058,level1,0,1024,640,8.531,1,8.517,8.517,9.000,0,0.220,7.441,0.059,0.691,1.769,0.009,1,1,1411,4934,7,220444,1689,813,850,6482,17,0,17,1,16777216,1031,0.193,0,0.273
1,1034,11868.608,level1,0,1024,640,8.092,1,8.067,8.067,8.000,0,0.242,8.886,0.071,0.680,1.493,0.010,1,1,1411,4934,7,220444,1689,813,850,6489,17,0,17,1,16777216,1032,0.179,0,0.337
1,1035,11877.062,level1,0,1024,640,9.420,1,9.466,9.466,9.000,0,0.199,7.944,0.049,0.694,1.729,0.009,1,1,1424,4960,7,222316,1689,800,863,6496,17,0,17,1,16777216,1033,0.191,0,0.255
1,1036,11885.153,level1,0,1024,640,8.429,1,8.421,8.421,9.000,0,0.208,7.591,0.062,0.697,1.757,0.011,1,1,1419,4945,7,221556,1689,801,862,6503,17,0,17,1,16777216,1034,0.193,0,0.222
1,1037,11893.306,level1,0,1024,640,8.038,1,8.127,8.127,8.000,0,0.121,7.721,0.047,0.680,1.762,0.008,1,1,1414,4930,7,220796,1689,802,861,6510,17,0,17,1,16777216,1035,0.192,0,0.258
1,1038,11901.133,level1,0,1024,640,8.122,1,8.070,8.070,8.000,0,0.172,7.424,0.048,0.695,1.692,0.009,1,1,1414,4930,7,220796,1689,802,861,6517,17,0,17,1,16777216,1036,0.191,0,0.175
1,1039,11909.219,level1,0,1024,640,7.895,1,7.891,7.891,8.000,0,0.176,7.605,0.059,0.712,1.658,0.010,1,1,1414,4930,7,220796,1689,802,861,6524,17,0,17,1,16777216,1037,0.189,0,0.239
1,1040,11917.811,level1,0,1024,640,8.135,1,8.110,8.110,8.000,0,0.201,8.071,0.051,0.691,1.802,0.010,1,1,1414,4930,7,220796,1689,802,861,6531,17,0,17,1,16777216,1038,0.183,0,0.263
1,1041,11925.712,level1,0,1024,640,8.575,1,8.509,8.509,9.000,0,0.267,7.401,0.048,0.713,1.695,0.009,1,1,1414,4930,7,220796,1689,802,861,6538,17,0,17,1,16777216,1039,0.187,0,0.179
1,1042,11934.097,level1,0,1024,640,7.971,1,8.067,8.067,8.000,0,0.172,7.800,0.060,1.003,1.730,0.010,1,1,1409,4915,7,220036,1689,803,860,6545,17,0,17,1,16777216,1040,0.181,0,0.343
1,1043,11942.223,level1,0,1024,640,8.312,1,8.293,8.293,9.000,0,0.188,7.621,0.055,0.660,1.541,0.008,1,1,1409,4915,7,220036,1689,803,860,6552,17,0,17,1,16777216,1041,0.183,0,0.254
1,1044,11950.898,level1,0,1024,640,8.203,1,8.197,8.197,7.000,0,0.194,8.082,0.065,0.692,2.309,0.011,1,1,1409,4915,7,220036,1689,803,860,6559,17,0,17,1,16777216,1042,0.187,0,0.321
1,1045,11958.867,level1,0,1024,640,8.630,1,8.619,8.619,9.000,0,0.205,7.439,0.047,0.663,1.475,0.009,1,1,1409,4948,7,220300,1623,738,860,6566,17,0,17,1,16777216,1043,0.207,0,0.268
1,1046,11967.599,level1,0,1024,640,8.922,1,8.994,8.994,9.000,0,0.136,7.205,0.090,0.655,1.738,0.012,1,1,1409,4948,7,220300,1623,738,860,6573,17,0,17,1,16777216,1044,0.186,0,1.291
1,1047,11975.752,level1,0,1024,640,7.955,1,7.944,7.944,8.000,0,0.147,7.196,0.298,0.650,1.879,0.013,1,1,1409,4948,7,220300,1623,738,860,6580,17,0,17,1,16777216,1045,0.192,0,0.503
1,1048,11984.350,level1,0,1024,640,7.862,1,7.866,7.866,7.000,0,0.143,8.181,0.050,0.651,1.742,0.008,1,1,1412,4965,7,220820,1623,737,861,6587,17,0,17,1,16777216,1046,0.186,0,0.219
1,1049,11992.865,level1,0,1024,640,8.568,1,8.590,8.590,10.000,0,0.121,7.255,0.919,0.648,1.848,0.018,1,1,1415,4989,7,221396,1623,736,862,6594,17,0,17,1,16777216,1047,0.184,0,0.211
1,1050,12004.676,level1,0,1024,640,11.205,1,8.850,8.850,8.000,0,0.204,8.702,0.081,0.739,1.842,0.015,1,1,1415,4989,7,221396,1623,736,862,6601,17,0,17,1,16777216,1048,0.181,0,0.546
1,1051,12014.653,level1,0,1024,640,9.926,1,11.566,11.566,12.000,0,0.201,8.731,0.102,0.698,1.423,0.014,1,1,1410,4941,7,220372,1623,737,861,6608,17,0,17,1,16777216,1049,0.190,0,0.300
1,1052,12023.446,level1,0,1024,640,9.335,1,9.965,9.965,10.000,0,0.203,8.180,0.111,0.814,1.681,0.015,1,1,1415,4956,7,221132,1623,736,862,6615,17,0,17,1,16777216,1050,0.185,0,0.286
1,1053,12033.080,level1,0,1024,640,8.884,1,8.817,8.817,8.000,0,0.263,8.953,0.087,0.701,1.867,0.012,1,1,1420,4971,7,221892,1623,735,863,6622,17,0,17,1,16777216,1051,0.185,0,0.312
1,1054,12044.008,level1,0,1024,640,11.315,1,9.605,9.605,10.000,0,0.257,8.535,0.119,0.974,1.993,0.014,1,1,1420,4938,7,221628,1623,735,863,6629,17,0,17,1,16777216,1052,0.191,0,0.285
1,1055,12053.519,level1,0,1024,640,9.221,1,10.957,10.957,11.000,0,0.230,8.882,0.063,0.686,1.799,0.010,1,1,1420,4938,7,221628,1623,735,863,6636,17,0,17,1,16777216,1053,0.247,0,0.313
1,1056,12061.331,level1,0,1024,640,9.435,1,9.465,9.465,10.000,0,0.214,7.262,0.061,0.703,1.429,0.009,1,1,1425,4986,7,222652,1623,734,864,6643,17,0,17,1,16777216,1054,0.195,0,0.266
1,1057,12069.229,level1,0,1024,640,7.645,1,7.744,7.744,8.000,0,0.118,7.527,0.048,0.668,1.770,0.009,1,1,1446,5028,7,225676,1623,713,885,6650,17,0,17,1,16777216,1055,0.198,0,0.200
1,1058,12077.976,level1,0,1024,640,8.094,1,7.983,7.983,8.000,0,0.227,8.024,0.201,0.676,1.816,0.026,1,1,1446,5028,7,225676,1623,713,885,6657,17,0,17,1,16777216,1056,0.184,0,0.283
1,1059,12087.139,level1,0,1024,640,9.824,1,9.061,9.061,8.000,0,0.206,7.488,0.078,0.673,1.379,0.012,1,1,1446,5028,7,225676,1623,713,885,6664,17,0,17,1,16777216,1057,0.195,0,0.597
1,1060,12097.880,level1,0,1024,640,8.322,1,8.963,8.963,9.000,0,0.343,9.909,0.076,1.062,2.766,0.036,1,1,1451,5043,7,226436,1623,712,886,6671,17,0,17,1,16777216,1058,0.203,0,0.396
1,1061,12108.782,level1,0,1024,640,12.567,1,10.556,10.556,10.000,0,0.144,8.255,0.067,0.719,1.782,0.011,1,1,1456,5058,7,227196,1623,711,887,6678,17,0,17,1,16777216,1059,0.188,0,0.212
1,1062,12117.360,level1,0,1024,640,9.209,1,10.954,10.954,12.000,0,0.201,7.607,0.083,0.813,1.924,0.016,1,1,1456,5058,7,227196,1623,711,887,6685,17,0,17,1,16777216,1060,0.202,0,0.264
1,1063,12127.843,level1,0,1024,640,8.207,1,8.605,8.605,8.000,0,0.217,9.867,0.098,0.700,2.498,0.017,1,1,1456,5091,7,227460,1623,711,887,6692,17,0,17,1,16777216,1061,0.188,0,0.291
1,1064,12136.412,level1,0,1024,640,10.973,1,10.497,10.497,10.000,0,0.144,7.440,0.123,0.658,1.400,0.010,1,1,1461,5106,7,228220,1623,710,888,6699,17,0,17,1,16777216,1062,0.185,0,0.306
1,1065,12144.903,level1,0,1024,640,8.450,1,8.716,8.716,10.000,0,0.420,7.553,0.051,0.669,2.057,0.009,1,1,1456,5058,7,227196,1623,711,887,6706,17,0,17,1,16777216,1063,0.193,0,0.447
1,1066,12152.803,level1,0,1024,640,7.989,1,8.293,8.293,8.000,0,0.124,7.463,0.052,0.669,1.805,0.009,1,1,1438,5022,7,224604,1623,729,869,6713,17,0,17,1,16777216,1064,0.269,0,0.255
1,1067,12160.472,level1,0,1024,640,7.870,1,7.856,7.856,8.000,0,0.139,7.272,0.042,0.659,1.738,0.008,1,1,1438,5022,7,224604,1623,729,869,6720,17,0,17,1,16777216,1065,0.186,0,0.211
1,1068,12170.289,level1,0,1024,640,7.746,1,7.635,7.635,7.000,0,0.248,9.272,0.112,0.964,2.162,0.018,1,1,1438,4989,7,224340,1623,729,869,6727,17,0,17,1,16777216,1066,0.194,0,0.178
1,1069,12181.035,level1,0,1024,640,10.382,1,9.965,9.965,10.000,0,0.372,9.637,0.109,0.952,1.992,0.017,1,1,1421,4955,7,221892,1623,746,852,6734,17,0,17,1,16777216,1067,0.238,0,0.322
1,1070,12190.424,level1,0,1024,640,10.841,1,10.746,10.746,11.000,0,0.222,8.221,0.076,0.674,1.565,0.013,1,1,1421,4955,7,221892,1623,746,852,6741,17,0,17,1,16777216,1068,0.189,0,0.319
1,1071,12200.642,level1,0,1024,640,9.824,1,9.322,9.322,9.000,0,0.161,8.509,0.180,0.860,2.076,0.019,1,1,1421,4955,7,221892,1623,746,852,6748,17,0,17,1,16777216,1069,0.191,0,0.257
1,1072,12212.405,level1,0,1024,640,10.202,1,10.311,10.311,11.000,0,0.259,9.333,0.913,0.709,1.836,0.020,1,1,1426,4970,7,222652,1623,745,853,6755,17,0,17,1,16777216,1070,0.191,0,0.351
1,1073,12226.339,level1,0,1024,640,13.468,1,11.858,11.858,12.000,0,0.258,9.910,0.807,0.721,2.866,0.030,1,1,1426,4970,7,222652,1623,745,853,6762,17,0,17,1,16777216,1071,0.183,0,0.440
1,1074,12239.724,level1,0,1024,640,15.311,1,14.088,14.088,14.000,0,0.242,8.607,0.184,0.721,1.927,0.019,1,1,1421,4922,7,221628,1623,746,852,6769,17,0,17,1,16777216,1072,0.206,0,0.599
1,1075,12249.943,level1,0,1024,640,10.846,1,13.279,13.279,13.000,0,0.295,8.082,0.083,0.668,2.097,0.023,1,1,1421,4922,7,221628,1623,746,852,6776,17,0,17,1,16777216,1073,0.208,0,0.488
1,1076,12264.886,level1,0,1024,640,9.976,1,10.287,10.287,10.000,0,1.088,12.904,0.227,0.943,2.559,0.037,1,1,1422,4924,8,221824,1624,745,853,6783,19,0,19,1,16777216,1074,0.192,0,0.562
1,1077,12275.183,level1,0,1024,640,14.396,1,14.673,14.673,15.000,0,0.225,8.933,0.099,1.026,2.210,0.017,1,1,1422,4924,8,221824,1624,745,853,6791,19,0,19,1,16777216,1075,0.188,0,0.291
1,1078,12286.062,level1,0,1024,640,11.808,1,10.241,10.241,10.000,0,0.143,8.037,0.068,0.714,1.811,0.015,1,1,1425,4948,8,222400,1624,744,854,6799,19,0,19,1,16777216,1076,0.199,0,0.237
1,1079,12298.777,level1,0,1024,640,9.224,1,11.010,11.010,11.000,0,0.304,11.499,0.095,0.883,2.250,0.018,1,1,1427,4939,8,222584,1624,744,854,6807,19,0,19,1,16777216,1077,0.254,0,0.365
1,1080,12309.547,level1,0,1024,640,12.589,1,12.590,12.590,13.000,0,0.141,9.644,0.131,0.963,2.511,0.016,1,1,1442,4984,8,224864,1624,741,857,6815,19,0,19,1,16777216,1078,0.251,0,0.242
1,1081,12319.963,level1,0,1024,640,10.664,1,10.762,10.762,10.000,0,0.196,8.702,0.823,1.039,2.067,0.016,1,1,1442,4984,8,224864,1624,741,857,6823,19,0,19,1,16777216,1079,0.237,0,0.233
1,1082,12331.279,level1,0,1024,640,10.373,1,10.741,10.741,11.000,0,0.280,9.658,0.811,0.833,2.105,0.017,1,1,1442,4984,8,224864,1624,741,857,6831,19,0,19,1,16777216,1080,0.240,0,0.558
1,1083,12340.793,level1,0,1024,640,11.245,1,11.125,11.125,11.000,0,0.178,8.647,0.093,0.750,1.863,0.012,1,1,1442,4984,8,224864,1624,741,857,6839,19,0,19,1,16777216,1081,1.137,0,0.367
1,1084,12352.375,level1,0,1024,640,9.768,1,9.453,9.453,10.000,0,0.226,10.208,0.342,0.946,1.853,0.018,1,1,1442,4984,8,224864,1624,741,857,6847,19,0,19,1,16777216,1082,0.248,0,0.304
1,1085,12364.836,level1,0,1024,640,14.228,1,11.582,11.582,12.000,0,0.282,8.666,0.119,0.870,1.793,0.018,1,1,1437,4936,8,223840,1624,742,856,6855,19,0,19,1,16777216,1083,0.245,0,0.306
1,1086,12375.920,level1,0,1024,640,10.666,1,12.645,12.645,12.000,0,0.318,9.098,0.107,0.675,2.309,0.013,1,1,1449,4960,8,225568,1624,730,868,6863,19,0,19,1,16777216,1084,0.249,0,0.484
1,1087,12387.210,level1,0,1024,640,9.641,1,10.866,10.866,12.000,0,0.159,10.283,0.568,0.905,2.259,0.022,1,1,1449,4960,8,225568,1624,730,868,6871,19,0,19,1,16777216,1085,0.242,0,0.272
1,1088,12397.955,level1,0,1024,640,11.541,1,11.435,11.435,11.000,0,0.264,9.915,0.141,0.720,1.890,0.018,1,1,1449,4960,8,225568,1624,730,868,6879,19,0,19,1,16777216,1086,0.253,0,0.415
1,1089,12407.412,level1,0,1024,640,10.961,1,10.598,10.598,10.000,0,0.162,8.467,0.085,0.787,1.945,0.015,1,1,1444,4912,8,224544,1624,731,867,6887,19,0,19,1,16777216,1087,0.244,0,0.269
1,1090,12418.182,level1,0,1024,640,9.095,1,9.500,9.500,10.000,0,0.221,10.100,0.127,0.856,2.257,0.024,1,1,1444,4912,8,224544,1624,731,867,6895,19,0,19,1,16777216,1088,0.248,0,0.313
1,1091,12428.426,level1,0,1024,640,10.984,1,10.790,10.790,10.000,0,0.275,9.396,0.091,1.051,2.529,0.018,1,1,1439,4897,8,223784,1624,732,866,6903,19,0,19,1,16777216,1089,0.244,0,0.332
1,1092,12438.141,level1,0,1024,640,10.706,1,10.178,10.178,11.000,0,0.286,8.414,0.083,0.687,1.440,0.015,1,1,1436,4873,8,223208,1624,733,865,6911,19,0,19,1,16777216,1090,0.247,0,0.264
1,1093,12447.369,level1,0,1024,640,8.863,1,9.665,9.665,9.000,0,0.141,8.485,0.375,0.913,1.970,0.019,1,1,1436,4873,8,223208,1624,733,865,6919,19,0,19,1,16777216,1091,0.249,0,0.216
1,1094,12456.447,level1,0,1024,640,9.332,1,9.281,9.281,9.000,0,0.184,8.532,0.076,0.699,1.390,0.013,1,1,1436,4873,8,223208,1624,733,865,6927,19,0,19,1,16777216,1092,0.244,0,0.269
1,1095,12465.189,level1,0,1024,640,9.290,1,9.068,9.068,9.000,0,0.129,7.943,0.115,0.637,1.748,0.011,1,1,1419,4839,8,220760,1624,750,848,6935,19,0,19,1,16777216,1093,0.252,0,0.258
1,1096,12473.710,level1,0,1024,640,8.437,1,8.709,8.709,9.000,0,0.143,8.077,0.067,0.637,2.101,0.014,1,1,1419,4839,8,220760,1624,750,848,6943,19,0,19,1,16777216,1094,0.248,0,0.226
1,1097,12483.454,level1,0,1024,640,8.484,1,8.489,8.489,8.000,0,0.140,9.313,0.090,0.726,2.002,0.030,1,1,1419,4839,8,220760,1624,750,848,6951,19,0,19,1,16777216,1095,0.245,0,0.194
1,1098,12492.785,level1,0,1024,640,10.221,1,9.826,9.826,10.000,0,0.155,8.444,0.070,0.692,1.770,0.012,1,1,1419,4872,8,221024,1624,750,848,6959,19,0,19,1,16777216,1096,0.247,0,0.276
1,1099,12501.855,level1,0,1024,640,9.582,1,9.331,9.331,10.000,0,0.229,7.905,0.098,0.668,1.540,0.020,1,1,1424,4887,8,221784,1624,749,849,6967,19,0,19,1,16777216,1097,0.248,0,0.276
1,1100,12513.726,level1,0,1024,640,8.547,1,9.096,9.096,9.000,0,0.232,10.802,0.522,0.719,1.959,0.048,1,1,1424,4887,8,221784,1624,749,849,6975,19,0,19,1,16777216,1098,0.241,0,0.299
1,1101,12523.843,level1,0,1024,640,12.302,1,12.143,12.143,12.000,0,0.270,9.066,0.075,1.053,2.116,0.012,1,1,1434,4950,8,223568,1624,747,851,6983,19,0,19,1,16777216,1099,0.239,0,0.574
1,1102,12533.916,level1,0,1024,640,10.226,1,9.840,9.840,10.000,0,0.218,8.920,0.068,0.690,2.268,0.022,1,1,1439,4998,8,224592,1624,746,852,6991,19,0,19,1,16777216,1100,0.244,0,0.297
1,1103,12543.640,level1,0,1024,640,9.360,1,10.007,10.007,10.000,0,0.134,8.922,0.428,0.733,1.775,0.014,1,1,1439,4998,8,224592,1624,746,852,6999,19,0,19,1,16777216,1101,0.245,0,0.232
1,1104,12553.681,level1,0,1024,640,10.001,1,9.842,9.842,9.000,0,0.293,9.049,0.341,0.829,2.736,0.030,1,1,1439,4998,8,224592,1624,746,852,7007,19,0,19,1,16777216,1102,0.244,0,0.349
1,1105,12563.632,level1,0,1024,640,10.358,1,10.047,10.047,10.000,0,0.292,8.910,0.074,0.690,2.153,0.014,1,1,1439,4998,8,224592,1624,746,852,7015,19,0,19,1,16777216,1103,0.243,0,0.355
1,1106,12574.367,level1,0,1024,640,9.360,1,9.834,9.834,11.000,0,0.130,9.968,0.390,0.828,2.252,0.024,1,1,1444,5013,8,225352,1624,745,853,7023,19,0,19,1,16777216,1104,0.248,0,0.238
1,1107,12585.342,level1,0,1024,640,10.885,1,10.827,10.827,10.000,0,0.188,10.338,0.110,1.078,2.195,0.019,1,1,1444,5013,8,225352,1624,745,853,7031,19,0,19,1,16777216,1105,0.247,0,0.330
1,1108,12594.957,level1,0,1024,640,11.349,1,10.924,10.924,12.000,0,0.223,8.648,0.068,0.659,2.201,0.012,1,1,1438,4965,8,224200,1624,747,851,7039,19,0,19,1,16777216,1106,0.255,0,0.279
1,1109,12604.818,level1,0,1024,640,9.493,1,9.886,9.886,9.000,0,0.216,8.860,0.222,1.045,2.211,0.028,1,1,1449,4987,8,225784,1624,736,862,7047,19,0,19,1,16777216,1107,0.245,0,0.548
1,1110,12615.883,level1,0,1024,640,10.793,1,9.557,9.557,10.000,0,0.214,9.232,0.121,0.746,2.714,0.018,1,1,1449,4987,8,225784,1624,736,862,7055,19,0,19,1,16777216,1108,0.241,0,0.248
1,1111,12624.658,level1,0,1024,640,10.348,1,11.095,11.095,11.000,0,0.156,7.644,0.139,0.681,1.635,0.053,1,1,1449,4987,8,225784,1624,736,862,7063,19,0,19,1,16777216,1109,0.244,0,0.277
1,1112,12635.443,level1,0,1024,640,8.611,1,8.979,8.979,9.000,0,0.340,9.595,0.360,0.934,1.779,0.020,1,1,1449,4987,8,225784,1624,736,862,7071,19,0,19,1,16777216,1110,0.250,0,0.471
1,1113,12647.018,level1,0,1024,640,10.513,1,10.618,10.618,10.000,0,0.234,10.711,0.305,1.342,2.717,0.020,1,1,1449,4987,8,225784,1624,736,862,7079,19,0,19,1,16777216,1111,0.237,0,0.315
1,1114,12656.363,level1,0,1024,640,11.895,1,11.598,11.598,12.000,0,0.220,8.391,0.078,1.125,1.840,0.013,1,1,1443,4946,8,224688,1624,738,860,7087,19,0,19,1,16777216,1112,0.244,0,0.332
1,1115,12667.558,level1,0,1024,640,10.970,1,9.291,9.291,10.000,0,0.219,8.599,0.094,0.781,1.915,0.019,1,1,1443,4946,8,224688,1624,738,860,7095,19,0,19,1,16777216,1113,0.244,0,0.283
1,1116,12676.439,level1,0,1024,640,9.830,1,11.194,11.194,10.000,0,0.209,7.589,0.155,0.688,1.704,0.020,1,1,1440,4929,8,224168,1624,739,859,7103,19,0,19,1,16777216,1114,0.241,0,0.282
1,1117,12684.393,level1,0,1024,640,8.298,1,8.875,8.875,10.000,0,0.263,7.324,0.074,0.666,1.718,0.024,1,1,1423,4895,8,221720,1624,756,842,7111,19,0,19,1,16777216,1115,0.239,0,0.276
1,1118,12692.935,level1,0,1024,640,7.869,1,7.940,7.940,8.000,0,0.198,8.019,0.054,0.684,1.839,0.009,1,1,1423,4895,8,221720,1624,756,842,7119,19,0,19,1,16777216,1116,0.247,0,0.262
1,1119,12701.396,level1,0,1024,640,8.603,1,8.562,8.562,8.000,0,0.240,7.875,0.057,0.694,1.882,0.011,1,1,1423,4895,8,221720,1624,756,842,7127,19,0,19,1,16777216,1117,0.241,0,0.283
1,1120,12709.939,level1,0,1024,640,8.302,1,8.397,8.397,8.000,0,0.145,8.106,0.067,1.221,2.375,0.014,1,1,1417,4845,8,220552,1624,757,841,7135,19,0,19,1,16777216,1118,0.248,0,0.219
1,1121,12718.095,level1,0,1024,640,8.922,1,8.645,8.645,10.000,0,0.215,7.354,0.053,0.656,1.814,0.011,1,1,1422,4860,8,221312,1624,756,842,7143,19,0,19,1,16777216,1119,0.245,0,0.321
1,1122,12725.850,level1,0,1024,640,7.805,1,8.064,8.064,7.000,0,0.164,7.238,0.117,0.788,1.859,0.012,1,1,1427,4875,8,222072,1624,755,843,7151,19,0,19,1,16777216,1120,0.199,0,0.230
1,1123,12733.979,level1,0,1024,640,7.951,1,7.925,7.925,7.000,0,0.188,7.482,0.052,0.742,1.864,0.019,1,1,1427,4875,8,222072,1624,755,843,7159,19,0,19,1,16777216,1121,0.207,0,0.395
1,1124,12741.697,level1,0,1024,640,7.931,1,7.984,7.984,9.000,0,0.135,7.265,0.056,0.669,1.388,0.009,1,1,1432,4923,8,223096,1624,754,844,7167,19,0,19,1,16777216,1122,0.188,0,0.256
1,1125,12748.781,level1,0,1024,640,7.686,1,7.678,7.678,8.000,0,0.143,6.663,0.056,0.691,1.386,0.008,1,1,1432,4923,8,223096,1624,754,844,7175,19,0,19,1,16777216,1123,0.187,0,0.215
1,1126,12757.361,level1,0,1024,640,7.148,1,7.138,7.138,7.000,0,0.152,8.047,0.103,0.924,2.408,0.012,1,1,1432,4923,8,223096,1624,754,844,7183,19,0,19,1,16777216,1124,0.199,0,0.268
1,1127,12766.383,level1,0,1024,640,8.601,1,8.563,8.563,8.000,0,0.192,8.522,0.050,0.678,1.369,0.008,1,1,1435,4940,8,223616,1624,753,845,7191,19,0,19,1,16777216,1125,0.192,0,0.252
1,1128,12775.078,level1,0,1024,640,9.129,1,9.114,9.114,10.000,0,0.207,8.082,0.056,0.659,2.080,0.010,1,1,1435,4940,8,223616,1624,753,845,7199,19,0,19,1,16777216,1126,0.190,0,0.343
1,1129,12784.169,level1,0,1024,640,8.599,1,8.638,8.638,8.000,0,0.164,8.570,0.061,0.667,1.863,0.009,1,1,1440,4955,8,224376,1624,752,846,7207,19,0,19,1,16777216,1127,0.277,0,0.285
1,1130,12794.045,level1,0,1024,640,10.350,1,9.016,9.016,10.000,0,0.209,8.074,0.082,0.756,2.227,0.025,1,1,1443,4979,8,224952,1624,751,847,7215,19,0,19,1,16777216,1128,0.200,0,0.211
1,1131,12802.805,level1,0,1024,640,8.628,1,9.929,9.929,9.000,0,0.201,8.236,0.051,0.664,1.797,0.011,1,1,1448,4994,8,225712,1624,750,848,7223,19,0,19,1,16777216,1129,0.190,0,0.263
1,1132,12811.444,level1,0,1024,640,8.788,1,8.722,8.722,9.000,0,0.260,8.089,0.050,0.655,2.136,0.012,1,1,1448,4994,8,225712,1624,750,848,7231,19,0,19,1,16777216,1130,0.197,0,0.227
1,1133,12819.548,level1,0,1024,640,8.601,1,8.724,8.724,8.000,0,0.143,7.576,0.064,0.731,1.424,0.009,1,1,1448,4994,8,225712,1624,750,848,7239,19,0,19,1,16777216,1131,0.196,0,0.312
1,1134,12827.779,level1,0,1024,640,8.129,1,8.067,8.067,9.000,0,0.206,7.685,0.058,0.676,1.847,0.013,1,1,1453,5009,8,226472,1624,749,849,7247,19,0,19,1,16777216,1132,0.198,0,0.275
1,1135,12837.492,level1,0,1024,640,8.931,1,8.915,8.915,9.000,0,0.222,8.459,0.067,0.700,1.785,0.031,1,1,1471,5094,8,229456,1690,802,861,7255,19,0,19,1,16777216,1133,0.193,0,0.958
1,1136,12846.126,level1,0,1024,640,9.534,1,9.011,9.011,8.000,0,0.204,7.557,0.069,0.702,1.573,0.010,1,1,1471,5094,8,229456,1690,802,861,7263,19,0,19,1,16777216,1134,0.198,0,0.256
1,1137,12856.821,level1,0,1024,640,10.483,1,8.624,8.624,10.000,0,0.196,7.769,0.068,0.706,1.506,0.011,1,1,1476,5109,8,230216,1690,801,862,7271,19,0,19,1,16777216,1135,0.188,0,0.246
1,1138,12866.002,level1,0,1024,640,8.731,1,10.872,10.872,10.000,0,0.199,8.209,0.077,1.033,2.359,0.046,1,1,1476,5109,8,230216,1690,801,862,7279,19,0,19,1,16777216,1136,0.202,0,0.423
1,1139,12875.110,level1,0,1024,640,8.690,1,9.014,9.014,8.000,0,0.139,8.616,0.088,0.712,1.705,0.009,1,1,1476,5109,8,230216,1690,801,862,7287,19,0,19,1,16777216,1137,0.196,0,0.256
1,1140,12883.768,level1,0,1024,640,9.124,1,9.115,9.115,10.000,0,0.148,8.127,0.112,0.683,1.620,0.020,1,1,1481,5157,8,231240,1690,800,863,7295,19,0,19,1,16777216,1138,0.194,0,0.263
1,1141,12892.286,level1,0,1024,640,8.629,1,8.602,8.602,9.000,0,0.176,8.062,0.066,0.722,1.814,0.008,1,1,1486,5179,8,232056,1690,799,864,7303,19,0,19,1,16777216,1139,0.195,0,0.206
1,1142,12901.002,level1,0,1024,640,8.555,1,8.585,8.585,8.000,0,0.144,8.226,0.064,0.706,1.437,0.010,1,1,1486,5179,8,232056,1690,799,864,7311,19,0,19,1,16777216,1140,0.204,0,0.273
1,1143,12909.531,level1,0,1024,640,8.741,1,8.731,8.731,9.000,0,0.151,7.983,0.095,1.200,2.378,0.010,1,1,1505,5217,8,234792,1690,780,883,7319,19,0,19,1,16777216,1141,0.195,0,0.287
1,1144,12919.100,level1,0,1024,640,8.496,1,8.499,8.499,9.000,0,0.153,9.038,0.112,0.721,1.533,0.020,1,1,1510,5232,8,235552,1690,779,884,7327,19,0,19,1,16777216,1142,0.199,0,0.258
1,1145,12927.867,level1,0,1024,640,9.766,1,9.665,9.665,9.000,0,0.251,8.078,0.073,0.978,2.072,0.017,1,1,1515,5280,8,236576,1789,876,885,7335,19,0,19,1,16777216,1143,0.195,0,0.354
1,1146,12938.394,level1,0,1024,640,9.758,1,8.847,8.847,9.000,0,0.364,8.839,0.083,0.751,2.132,0.016,1,1,1515,5280,8,236576,1789,876,885,7343,19,0,19,1,16777216,1144,0.207,0,0.433
1,1147,12947.292,level1,0,1024,640,9.434,1,10.377,10.377,11.000,0,0.219,8.331,0.055,0.698,1.793,0.011,1,1,1515,5280,8,236576,1789,876,885,7351,19,0,19,1,16777216,1145,0.194,0,0.283
1,1148,12957.032,level1,0,1024,640,9.275,1,9.152,9.152,9.000,0,0.343,8.763,0.070,0.697,1.618,0.015,1,1,1515,5280,8,236576,1789,876,885,7359,19,0,19,1,16777216,1146,0.209,0,0.536
1,1149,12967.071,level1,0,1024,640,10.355,1,9.513,9.513,9.000,0,0.202,8.452,0.082,0.688,1.816,0.015,1,1,1498,5246,8,234128,1789,893,868,7367,19,0,19,1,16777216,1147,0.193,0,0.311
1,1150,12976.100,level1,0,1024,640,10.293,1,11.319,11.319,11.000,0,0.161,7.211,0.060,0.728,1.453,0.010,1,1,1481,5212,8,231680,1789,910,851,7375,19,0,19,1,16777216,1148,0.200,0,1.587
1,1151,12985.723,level1,0,1024,640,8.063,1,7.979,7.979,9.000,0,0.247,8.766,0.063,0.716,1.887,0.010,1,1,1481,5212,8,231680,1789,910,851,7383,19,0,19,1,16777216,1149,0.193,0,0.540
1,1152,12995.891,level1,0,1024,640,10.937,1,9.409,9.409,8.000,0,0.326,7.994,0.067,0.714,1.474,0.011,1,1,1476,5197,8,230920,1789,911,850,7391,19,0,19,1,16777216,1150,0.202,0,0.325
1,1153,13004.480,level1,0,1024,640,8.502,1,10.138,10.138,11.000,0,0.139,8.043,0.105,0.688,1.651,0.014,1,1,1476,5197,8,230920,1789,911,850,7399,19,0,19,1,16777216,1151,0.194,0,0.295
1,1154,13015.514,level1,0,1024,640,8.717,1,8.643,8.643,9.000,0,0.207,10.372,0.090,0.748,1.930,0.012,1,1,1476,5197,8,230920,1789,911,850,7407,19,0,19,1,16777216,1152,0.199,0,0.347
1,1155,13025.959,level1,0,1024,640,11.540,1,11.020,11.020,10.000,0,0.183,9.303,0.067,0.897,2.073,0.012,1,1,1476,5197,8,230920,1789,911,850,7415,19,0,19,1,16777216,1153,0.198,0,0.334
1,1156,13034.631,level1,0,1024,640,9.744,1,10.340,10.340,12.000,0,0.136,8.243,0.056,0.699,1.885,0.010,1,1,1476,5197,8,230920,1789,911,850,7423,19,0,19,1,16777216,1154,0.204,0,0.231
1,1157,13044.040,level1,0,1024,640,9.064,1,8.787,8.787,8.000,0,0.409,8.533,0.111,0.861,2.162,0.014,1,1,1476,5197,8,230920,1789,911,850,7431,19,0,19,1,16777216,1155,0.197,0,0.344
1,1158,13055.315,level1,0,1024,640,10.922,1,9.325,9.325,10.000,0,0.212,8.902,0.095,0.847,2.031,0.013,1,1,1476,5197,8,230920,1789,911,850,7439,19,0,19,1,16777216,1156,0.201,0,0.262
1,1159,13064.124,level1,0,1024,640,9.984,1,11.236,11.236,10.000,0,0.150,7.749,0.073,0.687,1.406,0.012,1,1,1476,5197,8,230920,1789,911,850,7447,19,0,19,1,16777216,1157,0.189,0,0.224
1,1160,13074.333,level1,0,1024,640,9.319,1,8.854,8.854,10.000,0,0.156,8.631,0.081,0.791,1.777,0.012,1,1,1476,5197,8,230920,1789,911,850,7455,19,0,19,1,16777216,1158,0.205,0,0.267
1,1161,13083.107,level1,0,1024,640,9.140,1,10.192,10.192,10.000,0,0.169,8.232,0.113,0.742,1.876,0.016,1,1,1476,5197,8,230920,1789,911,850,7463,19,0,19,1,16777216,1159,0.198,0,0.250
1,1162,13094.228,level1,0,1024,640,11.200,1,9.192,9.192,9.000,0,0.178,8.181,0.087,0.702,1.690,0.017,1,1,1476,5197,8,230920,1789,911,850,7471,19,0,19,1,16777216,1160,0.204,0,0.668
1,1163,13103.562,level1,0,1024,640,9.403,1,10.736,10.736,10.000,0,0.152,8.106,0.093,1.212,2.087,0.018,1,1,1476,5197,8,230920,1789,911,850,7479,19,0,19,1,16777216,1161,0.199,0,0.285
1,1164,13113.612,level1,0,1024,640,8.866,1,9.550,9.550,10.000,0,0.159,9.266,0.114,0.822,2.005,0.013,1,1,1476,5197,8,230920,1789,911,850,7487,19,0,19,1,16777216,1162,0.191,0,0.500
1,1165,13122.609,level1,0,1024,640,9.923,1,9.893,9.893,9.000,0,0.185,8.352,0.105,0.746,2.116,0.012,1,1,1476,5197,8,230920,1789,911,850,7495,19,0,19,1,16777216,1163,0.195,0,0.336
1,1166,13131.379,level1,0,1024,640,8.822,1,8.886,8.886,10.000,0,0.126,8.343,0.063,0.702,1.852,0.011,1,1,1481,5212,8,231680,1789,910,851,7503,19,0,19,1,16777216,1164,0.200,0,0.233
1,1167,13140.085,level1,0,1024,640,8.749,1,8.741,8.741,9.000,0,0.135,8.303,0.059,0.711,2.275,0.010,1,1,1486,5227,8,232440,1789,909,852,7511,19,0,19,1,16777216,1165,0.190,0,0.203
1,1168,13148.427,level1,0,1024,640,8.749,1,8.690,8.690,8.000,0,0.193,7.878,0.075,0.727,1.788,0.010,1,1,1491,5275,8,233464,1789,908,853,7519,19,0,19,1,16777216,1166,0.191,0,0.188
1,1169,13156.922,level1,0,1024,640,8.530,1,8.502,8.502,8.000,0,0.221,7.826,0.095,0.680,1.824,0.012,1,1,1491,5275,8,233464,1789,908,853,7527,19,0,19,1,16777216,1167,0.194,0,0.346
1,1170,13168.956,level1,0,1024,640,8.705,1,8.640,8.640,9.000,0,0.284,11.067,0.180,0.861,2.474,0.037,1,1,1504,5322,8,235504,1789,905,856,7535,19,0,19,1,16777216,1168,0.268,0,0.489
1,1171,13179.712,level1,0,1024,640,11.785,1,11.858,11.858,12.000,0,0.213,10.090,0.128,0.793,1.868,0.018,1,1,1504,5322,8,235504,1789,905,856,7543,19,0,19,1,16777216,1169,0.201,0,0.315
1,1172,13191.918,level1,0,1024,640,13.474,1,10.775,10.775,11.000,0,0.353,8.745,0.204,0.739,1.651,0.021,1,1,1509,5337,8,236264,1789,904,857,7551,19,0,19,1,16777216,1170,0.205,0,0.330
1,1173,13200.906,level1,0,1024,640,10.069,1,12.373,12.373,12.000,0,0.367,7.809,0.061,0.776,2.139,0.011,1,1,1522,5358,8,238096,1789,887,874,7559,19,0,19,1,16777216,1171,0.204,0,0.492
1,1174,13209.916,level1,0,1024,640,8.386,1,8.768,8.768,9.000,0,0.224,8.429,0.065,0.754,1.661,0.012,1,1,1539,5392,8,240544,1789,870,891,7567,19,0,19,1,16777216,1172,0.209,0,0.281
1,1175,13218.551,level1,0,1024,640,8.945,1,9.015,9.015,9.000,0,0.155,8.126,0.059,0.729,2.259,0.013,1,1,1539,5392,8,240544,1789,870,891,7575,19,0,19,1,16777216,1173,0.196,0,0.286
1,1176,13226.765,level1,0,1024,640,8.546,1,8.564,8.564,9.000,0,0.140,7.798,0.054,0.743,1.477,0.009,1,1,1539,5392,8,240544,1789,870,891,7583,19,0,19,1,16777216,1174,0.204,0,0.216
1,1177,13236.210,level1,0,1024,640,8.460,1,8.373,8.373,8.000,0,0.224,8.506,0.331,0.718,2.184,0.010,1,1,1539,5392,8,240544,1789,870,891,7591,19,0,19,1,16777216,1175,0.195,0,0.374
1,1178,13245.179,level1,0,1024,640,9.345,1,9.353,9.353,10.000,0,0.217,8.402,0.060,0.741,1.936,0.010,1,1,1539,5392,8,240544,1789,870,891,7599,19,0,19,1,16777216,1176,0.205,0,0.283
1,1179,13254.178,level1,0,1024,640,8.783,1,8.871,8.871,8.000,0,0.131,8.611,0.066,0.792,2.215,0.010,1,1,1539,5392,8,240544,1789,870,891,7607,19,0,19,1,16777216,1177,0.203,0,0.185
1,1180,13262.683,level1,0,1024,640,9.109,1,9.095,9.095,10.000,0,0.140,8.019,0.055,0.763,1.816,0.009,1,1,1539,5392,8,240544,1789,870,891,7615,19,0,19,1,16777216,1178,0.268,0,0.281
1,1181,13271.853,level1,0,1024,640,8.538,1,8.467,8.467,8.000,0,0.214,8.621,0.085,0.761,2.186,0.013,1,1,1539,5392,8,240544,1789,870,891,7623,19,0,19,1,16777216,1179,0.201,0,0.243
1,1182,13280.476,level1,0,1024,640,9.189,1,9.209,9.209,9.000,0,0.194,8.091,0.049,0.733,1.526,0.009,1,1,1539,5392,8,240544,1789,870,891,7631,19,0,19,1,16777216,1180,0.200,0,0.282
1,1183,13289.224,level1,0,1024,640,8.490,1,8.533,8.533,8.000,0,0.152,8.342,0.056,0.868,2.172,0.012,1,1,1544,5407,8,241304,1789,869,892,7639,19,0,19,1,16777216,1181,0.201,0,0.193
1,1184,13297.751,level1,0,1024,640,8.846,1,8.858,8.858,9.000,0,0.138,7.982,0.098,1.204,1.962,0.011,1,1,1544,5407,8,241304,1789,869,892,7647,19,0,19,1,16777216,1182,0.206,0,0.301
1,1185,13307.709,level1,0,1024,640,8.793,1,8.673,8.673,9.000,0,0.253,9.177,0.067,0.808,2.108,0.016,1,1,1544,5407,8,241304,1789,869,892,7655,19,0,19,1,16777216,1183,0.201,0,0.448
1,1186,13318.611,level1,0,1024,640,11.583,1,9.823,9.823,10.000,0,0.164,8.475,0.087,1.251,1.968,0.013,1,1,1544,5407,8,241304,1789,869,892,7663,19,0,19,1,16777216,1184,0.205,0,0.313
1,1187,13327.850,level1,0,1024,640,9.760,1,10.864,10.864,10.000,0,0.204,7.971,0.070,0.765,2.105,0.015,1,1,1544,5407,8,241304,1789,869,892,7671,19,0,19,1,16777216,1185,0.201,0,0.275
1,1188,13337.124,level1,0,1024,640,8.559,1,9.246,9.246,9.000,0,0.221,8.631,0.125,0.805,1.946,0.014,1,1,1544,5407,8,241304,1789,869,892,7679,19,0,19,1,16777216,1186,0.202,0,0.281
1,1189,13345.475,level1,0,1024,640,9.279,1,9.298,9.298,10.000,0,0.208,7.784,0.046,0.712,1.873,0.009,1,1,1527,5373,8,238856,1789,886,875,7687,19,0,19,1,16777216,1187,0.196,0,0.306
1,1190,13354.452,level1,0,1024,640,8.255,1,8.261,8.261,8.000,0,0.203,8.421,0.130,0.828,2.013,0.014,1,1,1527,5373,8,238856,1789,886,875,7695,19,0,19,1,16777216,1188,0.212,0,0.215
1,1191,13363.805,level1,0,1024,640,9.553,1,9.290,9.290,10.000,0,0.453,8.293,0.057,0.757,2.090,0.012,1,1,1528,5375,8,239000,1790,887,875,7703,20,0,20,1,16777216,1189,0.201,0,0.521
1,1192,13372.577,level1,0,1024,640,8.716,1,9.035,9.035,9.000,0,0.149,8.355,0.053,0.736,1.877,0.008,1,1,1528,5375,8,239000,1790,887,875,7711,20,0,20,1,16777216,1190,0.251,0,0.209
1,1193,13381.214,level1,0,1024,640,8.845,1,8.782,8.782,8.000,0,0.212,8.131,0.068,0.780,1.770,0.009,1,1,1528,5375,8,239000,1790,887,875,7719,20,0,20,1,16777216,1191,0.274,0,0.219
1,1194,13389.633,level1,0,1024,640,8.583,1,8.635,8.635,9.000,0,0.159,7.986,0.049,0.731,1.885,0.009,1,1,1528,5375,8,239000,1790,887,875,7727,20,0,20,1,16777216,1192,0.325,0,0.219
1,1195,13397.776,level1,0,1024,640,8.388,1,8.408,8.408,8.000,0,0.140,7.740,0.050,0.713,1.832,0.009,1,1,1528,5375,8,239000,1790,887,875,7735,20,0,20,1,16777216,1193,0.249,0,0.207
1,1196,13406.147,level1,0,1024,640,8.215,1,8.220,8.220,9.000,0,0.134,7.902,0.044,0.729,2.259,0.010,1,1,1528,5375,8,239000,1790,887,875,7743,20,0,20,1,16777216,1194,0.256,0,0.284
1,1197,13414.129,level1,0,1024,640,8.360,1,8.318,8.318,8.000,0,0.176,7.518,0.050,0.782,1.520,0.010,1,1,1528,5375,8,239000,1790,887,875,7751,20,0,20,1,16777216,1195,0.247,0,0.230
1,1198,13423.652,level1,0,1024,640,8.079,1,7.934,7.934,8.000,0,0.321,8.942,0.071,0.712,2.216,0.014,1,1,1528,5375,8,239000,1790,887,875,7759,20,0,20,1,16777216,1196,0.255,0,0.184
1,1199,13437.802,level1,0,1024,640,12.021,1,9.939,9.939,10.000,0,0.132,10.998,0.142,0.769,2.004,0.019,1,1,1528,5375,8,239000,1790,887,875,7767,20,0,20,1,16777216,1197,0.244,0,0.598
1,1200,13447.868,level1,0,1024,640,12.268,1,13.895,13.895,14.000,0,0.170,8.823,0.116,0.782,1.794,0.017,1,1,1528,5375,8,239000,1790,887,875,7775,20,0,20,1,16777216,1198,0.256,0,0.342
1,1201,13456.451,level1,0,1024,640,9.373,1,10.011,10.011,10.000,0,0.138,8.102,0.047,0.732,1.882,0.008,1,1,1533,5390,8,239760,1790,886,876,7783,20,0,20,1,16777216,1199,0.244,0,0.289
1,1202,13465.912,level1,0,1024,640,8.608,1,8.501,8.501,8.000,0,0.242,8.938,0.065,0.705,2.034,0.013,1,1,1533,5390,8,239760,1790,886,876,7791,20,0,20,1,16777216,1200,0.255,0,0.207
1,1203,13475.196,level1,0,1024,640,9.380,1,9.488,9.488,10.000,0,0.137,8.845,0.062,0.810,1.959,0.010,1,1,1533,5390,8,239760,1790,886,876,7799,20,0,20,1,16777216,1201,0.247,0,0.234
1,1204,13484.109,level1,0,1024,640,9.349,1,9.291,9.291,10.000,0,0.194,8.403,0.068,0.696,2.146,0.015,1,1,1533,5390,8,239760,1790,886,876,7807,20,0,20,1,16777216,1202,0.256,0,0.241
1,1205,13492.779,level1,0,1024,640,8.946,1,8.939,8.939,9.000,0,0.201,8.141,0.054,0.714,1.502,0.010,1,1,1533,5390,8,239760,1790,886,876,7815,20,0,20,1,16777216,1203,0.245,0,0.268
1,1206,13502.215,level1,0,1024,640,8.724,1,8.588,8.588,8.000,0,0.331,8.853,0.055,0.756,1.673,0.009,1,1,1533,5390,8,239760,1790,886,876,7823,20,0,20,1,16777216,1204,0.249,0,0.186
1,1207,13511.128,level1,0,1024,640,9.312,1,9.512,9.512,9.000,0,0.135,8.451,0.058,0.719,1.891,0.010,1,1,1533,5390,8,239760,1790,886,876,7831,20,0,20,1,16777216,1205,0.248,0,0.262
1,1208,13520.833,level1,0,1024,640,9.148,1,9.003,9.003,9.000,0,0.279,9.006,0.059,0.772,2.478,0.013,1,1,1533,5390,8,239760,1790,886,876,7839,20,0,20,1,16777216,1206,0.257,0,0.350
1,1209,13529.612,level1,0,1024,640,9.497,1,9.640,9.640,9.000,0,0.135,8.293,0.052,0.747,1.842,0.009,1,1,1533,5390,8,239760,1790,886,876,7847,20,0,20,1,16777216,1207,0.245,0,0.287
1,1210,13538.390,level1,0,1024,640,8.762,1,8.776,8.776,10.000,0,0.124,8.218,0.144,0.724,2.058,0.037,1,1,1533,5390,8,239760,1790,886,876,7855,20,0,20,1,16777216,1208,0.257,0,0.284
1,1211,13547.002,level1,0,1024,640,8.934,1,8.866,8.866,8.000,0,0.190,7.998,0.045,0.708,1.710,0.008,1,1,1533,5390,8,239760,1790,886,876,7863,20,0,20,1,16777216,1209,0.250,0,0.370
1,1212,13556.033,level1,0,1024,640,8.836,1,8.816,8.816,9.000,0,0.212,8.177,0.060,0.709,1.764,0.010,1,1,1533,5390,8,239760,1790,886,876,7871,20,0,20,1,16777216,1210,0.254,0,0.573
1,1213,13564.220,level1,0,1024,640,8.647,1,8.656,8.656,8.000,0,0.202,7.724,0.053,1.088,1.810,0.010,1,1,1533,5390,8,239760,1790,886,876,7879,20,0,20,1,16777216,1211,0.246,0,0.201
1,1214,13573.181,level1,0,1024,640,8.163,1,8.244,8.244,9.000,0,0.124,8.505,0.071,0.705,1.682,0.011,1,1,1533,5390,8,239760,1790,886,876,7887,20,0,20,1,16777216,1212,0.261,0,0.257
1,1215,13582.040,level1,0,1024,640,9.410,1,9.147,9.147,9.000,0,0.383,7.948,0.075,0.743,1.972,0.017,1,1,1533,5390,8,239760,1790,886,876,7895,20,0,20,1,16777216,1213,0.246,0,0.441
1,1216,13591.014,level1,0,1024,640,8.580,1,8.755,8.755,9.000,0,0.211,8.350,0.066,0.738,1.947,0.011,1,1,1533,5390,8,239760,1790,886,876,7903,20,0,20,1,16777216,1214,0.261,0,0.338
1,1217,13600.700,level1,0,1024,640,8.879,1,8.894,8.894,9.000,0,0.197,9.141,0.083,1.135,2.255,0.011,1,1,1533,5390,8,239760,1790,886,876,7911,20,0,20,1,16777216,1215,0.246,0,0.257
1,1218,13610.555,level1,0,1024,640,9.710,1,9.752,9.752,10.000,0,0.153,9.302,0.067,0.818,1.966,0.011,1,1,1533,5390,8,239760,1790,886,876,7919,20,0,20,1,16777216,1216,0.261,0,0.323
1,1219,13619.683,level1,0,1024,640,9.950,1,9.879,9.879,10.000,0,0.220,8.494,0.053,0.727,1.865,0.009,1,1,1533,5390,8,239760,1790,886,876,7927,20,0,20,1,16777216,1217,0.243,0,0.344
1,1220,13628.982,level1,0,1024,640,9.046,1,9.009,9.009,8.000,0,0.258,8.728,0.072,0.868,2.264,0.012,1,1,1533,5390,8,239760,1790,886,876,7935,20,0,20,1,16777216,1218,0.256,0,0.229
1,1221,13637.936,level1,0,1024,640,9.282,1,9.383,9.383,11.000,0,0.160,8.406,0.063,0.720,1.879,0.010,1,1,1533,5390,8,239760,1790,886,876,7943,20,0,20,1,16777216,1219,0.245,0,0.311
1,1222,13646.814,level1,0,1024,640,8.902,1,8.927,8.927,8.000,0,0.138,8.369,0.078,0.766,1.634,0.013,1,1,1533,5390,8,239760,1790,886,876,7951,20,0,20,1,16777216,1220,0.257,0,0.285
1,1223,13655.863,level1,0,1024,640,9.160,1,9.063,9.063,9.000,0,0.233,8.285,0.053,0.950,1.948,0.008,1,1,1533,5390,8,239760,1790,886,876,7959,20,0,20,1,16777216,1221,0.247,0,0.467
1,1224,13664.899,level1,0,1024,640,8.768,1,8.798,8.798,8.000,0,0.204,8.546,0.061,0.715,1.951,0.009,1,1,1533,5390,8,239760,1790,886,876,7967,20,0,20,1,16777216,1222,0.269,0,0.220
1,1225,13673.625,level1,0,1024,640,9.026,1,9.018,9.018,10.000,0,0.212,8.191,0.115,1.063,1.861,0.016,1,1,1533,5390,8,239760,1790,886,876,7975,20,0,20,1,16777216,1223,0.251,0,0.200
1,1226,13682.683,level1,0,1024,640,8.795,1,8.755,8.755,9.000,0,0.246,8.447,0.121,0.703,1.937,0.010,1,1,1533,5390,8,239760,1790,886,876,7983,20,0,20,1,16777216,1224,0.251,0,0.228
1,1227,13692.778,level1,0,1024,640,9.116,1,9.141,9.141,9.000,0,0.226,9.473,0.076,0.972,2.492,0.012,1,1,1533,5390,8,239760,1790,886,876,7991,20,0,20,1,16777216,1225,0.247,0,0.314
1,1228,13702.062,level1,0,1024,640,9.971,1,10.057,10.057,9.000,0,0.134,8.802,0.059,0.717,1.916,0.010,1,1,1533,5390,8,239760,1790,886,876,7999,20,0,20,1,16777216,1226,0.259,0,0.275
1,1229,13711.258,level1,0,1024,640,9.344,1,9.280,9.280,10.000,0,0.206,8.654,0.059,0.723,1.864,0.010,1,1,1533,5390,8,239760,1790,886,876,8007,20,0,20,1,16777216,1227,0.252,0,0.270
1,1230,13720.173,level1,0,1024,640,9.085,1,9.119,9.119,10.000,0,0.172,8.483,0.059,0.810,2.242,0.010,1,1,1533,5390,8,239760,1790,886,876,8015,20,0,20,1,16777216,1228,0.255,0,0.194
1,1231,13728.636,level1,0,1024,640,9.170,1,9.171,9.171,9.000,0,0.163,7.764,0.072,0.701,1.728,0.011,1,1,1533,5390,8,239760,1790,886,876,8023,20,0,20,1,16777216,1229,0.247,0,0.450
1,1232,13736.720,level1,0,1024,640,8.291,1,8.298,8.298,8.000,0,0.159,7.334,0.294,0.697,1.435,0.009,1,1,1533,5390,8,239760,1790,886,876,8031,20,0,20,1,16777216,1230,0.250,0,0.282
1,1233,13745.741,level1,0,1024,640,8.510,1,8.292,8.292,8.000,0,0.377,8.085,0.055,0.729,2.234,0.011,1,1,1533,5390,8,239760,1790,886,876,8039,20,0,20,1,16777216,1231,0.247,0,0.492
1,1234,13754.543,level1,0,1024,640,8.606,1,8.787,8.787,9.000,0,0.194,8.273,0.062,0.732,1.916,0.010,1,1,1533,5390,8,239760,1790,886,876,8047,20,0,20,1,16777216,1232,0.254,0,0.260
1,1235,13763.308,level1,0,1024,640,8.735,1,8.752,8.752,8.000,0,0.184,8.314,0.052,0.708,2.223,0.010,1,1,1533,5390,8,239760,1790,886,876,8055,20,0,20,1,16777216,1233,0.244,0,0.208
1,1236,13772.763,level1,0,1024,640,8.744,1,8.800,8.800,10.000,0,0.128,8.940,0.135,0.714,1.865,0.010,1,1,1533,5390,8,239760,1790,886,876,8063,20,0,20,1,16777216,1234,0.264,0,0.243
1,1237,13781.916,level1,0,1024,640,9.531,1,9.483,9.483,9.000,0,0.173,8.639,0.058,0.703,2.362,0.011,1,1,1533,5390,8,239760,1790,886,876,8071,20,0,20,1,16777216,1235,0.248,0,0.271
1,1238,13791.430,level1,0,1024,640,9.182,1,9.147,9.147,9.000,0,0.209,8.958,0.071,0.730,1.753,0.013,1,1,1533,5390,8,239760,1790,886,876,8079,20,0,20,1,16777216,1236,0.269,0,0.266
1,1239,13800.247,level1,0,1024,640,9.495,1,9.575,9.575,10.000,0,0.131,8.296,0.055,0.979,2.131,0.010,1,1,1533,5390,8,239760,1790,886,876,8087,20,0,20,1,16777216,1237,0.250,0,0.327
1,1240,13808.700,level1,0,1024,640,8.833,1,8.755,8.755,8.000,0,0.208,7.915,0.057,0.778,1.504,0.009,1,1,1533,5390,8,239760,1790,886,876,8095,20,0,20,1,16777216,1238,0.258,0,0.265
1,1241,13818.142,level1,0,1024,640,8.519,1,8.444,8.444,9.000,0,0.284,8.831,0.064,0.763,2.312,0.012,1,1,1532,5388,8,239616,1790,886,876,8103,20,0,20,1,16777216,1239,0.248,0,0.256
1,1242,13826.260,level1,0,1024,640,9.261,1,9.412,9.412,9.000,0,0.133,7.711,0.042,0.700,1.751,0.008,1,1,1530,5390,8,239376,1790,886,876,8111,20,0,20,1,16777216,1240,0.254,0,0.227
1,1243,13834.580,level1,0,1024,640,8.163,1,8.105,8.105,9.000,0,0.191,7.860,0.051,0.786,1.476,0.008,1,1,1530,5390,8,239376,1790,886,876,8119,20,0,20,1,16777216,1241,0.203,0,0.214
1,1244,13843.403,level1,0,1024,640,8.451,1,8.421,8.421,8.000,0,0.216,8.231,0.051,0.833,1.878,0.009,1,1,1530,5390,8,239376,1790,886,876,8127,20,0,20,1,16777216,1242,0.208,0,0.313
1,1245,13852.161,level1,0,1024,640,8.767,1,8.778,8.778,8.000,0,0.205,8.214,0.059,0.704,1.887,0.010,1,1,1530,5390,8,239376,1790,886,876,8135,20,0,20,1,16777216,1243,0.200,0,0.270
1,1246,13860.544,level1,0,1024,640,8.889,1,8.885,8.885,9.000,0,0.210,7.612,0.155,0.705,1.702,0.008,1,1,1530,5390,8,239376,1790,886,876,8143,20,0,20,1,16777216,1244,0.206,0,0.396
1,1247,13870.231,level1,0,1024,640,8.631,1,8.600,8.600,9.000,0,0.235,8.695,0.128,0.718,1.795,0.039,1,1,1530,5390,8,239376,1790,886,876,8151,20,0,20,1,16777216,1245,0.207,0,0.613
1,1248,13879.981,level1,0,1024,640,9.357,1,9.374,9.374,10.000,0,0.218,9.107,0.110,1.179,2.483,0.020,1,1,1530,5390,8,239376,1790,886,876,8159,20,0,20,1,16777216,1246,0.192,0,0.300
1,1249,13888.432,level1,0,1024,640,9.646,1,9.724,9.724,9.000,0,0.148,7.958,0.063,0.713,1.814,0.012,1,1,1530,5390,8,239376,1790,886,876,8167,20,0,20,1,16777216,1247,0.203,0,0.275
1,1250,13896.580,level1,0,1024,640,8.413,1,8.419,8.419,9.000,0,0.141,7.657,0.099,0.706,1.472,0.012,1,1,1530,5390,8,239376,1790,886,876,8175,20,0,20,1,16777216,1248,0.201,0,0.244
1,1251,13905.758,level1,0,1024,640,8.555,1,8.413,8.413,7.000,0,0.275,8.327,0.053,0.700,1.408,0.008,1,1,1530,5390,8,239376,1790,886,876,8183,20,0,20,1,16777216,1249,0.205,0,0.506
1,1252,13914.227,level1,0,1024,640,8.935,1,9.011,9.011,10.000,0,0.206,7.847,0.066,0.707,1.549,0.011,1,1,1530,5390,8,239376,1790,886,876,8191,20,0,20,1,16777216,1250,0.204,0,0.342
1,1253,13922.856,level1,0,1024,640,8.373,1,8.447,8.447,8.000,0,0.131,8.074,0.096,0.773,1.962,0.010,1,1,1530,5390,8,239376,1790,886,876,8199,20,0,20,1,16777216,1251,0.190,0,0.319
1,1254,13932.611,level1,0,1024,640,8.655,1,8.640,8.640,9.000,0,0.149,9.129,0.139,0.704,2.098,0.028,1,1,1530,5390,8,239376,1790,886,876,8207,20,0,20,1,16777216,1252,0.194,0,0.331
1,1255,13941.222,level1,0,1024,640,9.719,1,9.725,9.725,10.000,0,0.142,8.067,0.094,0.955,2.153,0.009,1,1,1530,5390,8,239376,1790,886,876,8215,20,0,20,1,16777216,1253,0.197,0,0.300
1,1256,13949.157,level1,0,1024,640,8.523,1,8.516,8.516,8.000,0,0.144,7.491,0.084,0.693,1.541,0.010,1,1,1530,5390,8,239376,1790,886,876,8223,20,0,20,1,16777216,1254,0.200,0,0.205
1,1257,13958.290,level1,0,1024,640,8.013,1,8.025,8.025,9.000,0,0.137,8.610,0.084,0.715,2.167,0.012,1,1,1530,5390,8,239376,1790,886,876,8231,20,0,20,1,16777216,1255,0.201,0,0.293
1,1258,13966.500,level1,0,1024,640,9.146,1,9.114,9.114,9.000,0,0.168,7.712,0.047,0.707,1.647,0.008,1,1,1530,5390,8,239376,1790,886,876,8239,20,0,20,1,16777216,1256,1.077,0,0.274
1,1259,13975.881,level1,0,1024,640,8.662,1,8.456,8.456,8.000,0,0.370,8.286,0.191,0.707,1.737,0.037,1,1,1530,5390,8,239376,1790,886,876,8247,20,0,20,1,16777216,1257,0.202,0,0.520
1,1260,13985.804,level1,0,1024,640,10.077,1,10.298,10.298,10.000,0,0.154,8.217,0.105,0.710,1.915,0.015,1,1,1530,5390,8,239376,1790,886,876,8255,20,0,20,1,16777216,1258,0.252,0,1.438
1,1261,13997.639,level1,0,1024,640,9.257,1,9.187,9.187,9.000,0,0.222,10.671,0.229,0.778,1.614,0.024,1,1,1530,5390,8,239376,1790,886,876,8263,20,0,20,1,16777216,1259,0.195,0,0.699
1,1262,14007.441,level1,0,1024,640,11.452,1,11.455,11.455,12.000,0,0.217,9.122,0.129,0.881,1.807,0.017,1,1,1530,5390,8,239376,1790,886,876,8271,20,0,20,1,16777216,1260,0.204,0,0.321
1,1263,14016.505,level1,0,1024,640,9.772,1,9.751,9.751,9.000,0,0.224,8.448,0.094,0.699,1.889,0.011,1,1,1530,5390,8,239376,1790,886,876,8279,20,0,20,1,16777216,1261,0.202,0,0.270
1,1264,14031.099,level1,0,1024,640,9.660,1,9.126,9.126,9.000,0,0.775,13.299,0.176,1.132,2.471,0.019,1,1,1530,5390,8,239376,1790,886,876,8287,20,0,20,1,16777216,1262,0.200,0,0.332
1,1265,14044.363,level1,0,1024,640,14.308,1,14.669,14.669,15.000,0,0.409,12.282,0.150,0.742,1.897,0.016,1,1,1530,5390,8,239376,1790,886,876,8295,20,0,20,1,16777216,1263,0.206,0,0.408
1,1266,14056.639,level1,0,1024,640,12.942,1,13.191,13.191,13.000,0,0.164,11.620,0.147,0.754,1.616,0.015,1,1,1530,5390,8,239376,1790,886,876,8303,20,0,20,1,16777216,1264,0.208,0,0.335
1,1267,14070.544,level1,0,1024,640,12.367,1,12.291,12.291,12.000,0,0.225,13.133,0.172,1.035,2.447,0.026,1,1,1530,5390,8,239376,1790,886,876,8311,20,0,20,1,16777216,1265,0.197,0,0.349
1,1268,14083.808,level1,0,1024,640,13.955,1,13.889,13.889,14.000,0,0.288,12.449,0.164,0.972,2.310,0.022,1,1,1530,5390,8,239376,1790,886,876,8319,20,0,20,1,16777216,1266,0.206,0,0.333
1,1269,14094.974,level1,0,1024,640,13.530,1,13.464,13.464,14.000,0,0.361,10.110,0.141,0.916,2.076,0.015,1,1,1530,5390,8,239376,1790,886,876,8327,20,0,20,1,16777216,1267,0.207,0,0.531
1,1270,14104.646,level1,0,1024,640,10.774,1,10.972,10.972,11.000,0,0.173,9.011,0.137,0.738,2.115,0.015,1,1,1530,5390,8,239376,1790,886,876,8335,20,0,20,1,16777216,1268,0.211,0,0.340
1,1271,14113.454,level1,0,1024,640,9.568,1,9.585,9.585,10.000,0,0.155,8.281,0.107,0.730,1.527,0.012,1,1,1530,5390,8,239376,1790,886,876,8343,20,0,20,1,16777216,1269,0.205,0,0.251
1,1272,14121.787,level1,0,1024,640,8.943,1,8.896,8.896,9.000,0,0.204,7.730,0.050,0.740,1.534,0.009,1,1,1530,5390,8,239376,1790,886,876,8351,20,0,20,1,16777216,1270,0.207,0,0.330
1,1273,14130.100,level1,0,1024,640,8.202,1,8.259,8.259,8.000,0,0.148,7.778,0.112,0.703,1.428,0.011,1,1,1530,5390,8,239376,1790,886,876,8359,20,0,20,1,16777216,1271,0.198,0,0.266
1,1274,14138.253,level1,0,1024,640,8.279,1,8.273,8.273,8.000,0,0.155,7.709,0.055,0.815,1.645,0.010,1,1,1530,5390,8,239376,1790,886,876,8367,20,0,20,1,16777216,1272,0.193,0,0.225
1,1275,14147.179,level1,0,1024,640,8.296,1,8.305,8.305,9.000,0,0.148,8.289,0.104,0.751,1.941,0.010,1,1,1530,5390,8,239376,1790,886,876,8375,20,0,20,1,16777216,1273,0.202,0,0.376
1,1276,14155.481,level1,0,1024,640,8.842,1,8.834,8.834,8.000,0,0.156,7.794,0.059,0.690,1.838,0.012,1,1,1530,5390,8,239376,1790,886,876,8383,20,0,20,1,16777216,1274,0.196,0,0.285
1,1277,14164.655,level1,0,1024,640,8.361,1,8.320,8.320,8.000,0,0.190,8.570,0.096,0.697,2.431,0.011,1,1,1530,5390,8,239376,1790,886,876,8391,20,0,20,1,16777216,1275,0.199,0,0.304
1,1278,14173.037,level1,0,1024,640,9.037,1,9.098,9.098,10.000,0,0.129,7.957,0.054,0.720,1.883,0.011,1,1,1530,5390,8,239376,1790,886,876,8399,20,0,20,1,16777216,1276,0.208,0,0.229
1,1279,14181.802,level1,0,1024,640,8.512,1,8.454,8.454,8.000,0,0.192,8.127,0.137,0.698,2.094,0.028,1,1,1530,5390,8,239376,1790,886,876,8407,20,0,20,1,16777216,1277,0.190,0,0.301
1,1280,14190.117,level1,0,1024,640,8.678,1,8.747,8.747,9.000,0,0.125,7.797,0.105,0.717,1.459,0.010,1,1,1530,5390,8,239376,1790,886,876,8415,20,0,20,1,16777216,1278,0.210,0,0.283
1,1281,14200.418,level1,0,1024,640,8.249,1,8.236,8.236,8.000,0,0.138,9.775,0.177,1.066,2.788,0.035,1,1,1530,5390,8,239376,1790,886,876,8423,20,0,20,1,16777216,1279,0.197,0,0.204
1,1282,14208.709,level1,0,1024,640,10.441,1,10.414,10.414,10.000,0,0.161,7.714,0.089,0.928,1.729,0.011,1,1,1530,5390,8,239376,1790,886,876,8431,20,0,20,1,16777216,1280,0.208,0,0.317
1,1283,14216.584,level1,0,1024,640,8.311,1,8.251,8.251,9.000,0,0.224,7.288,0.079,0.697,1.469,0.011,1,1,1530,5390,8,239376,1790,886,876,8439,20,0,20,1,16777216,1281,0.200,0,0.277
1,1284,14225.272,level1,0,1024,640,7.860,1,7.886,7.886,7.000,0,0.197,8.101,0.094,0.842,1.838,0.010,1,1,1530,5390,8,239376,1790,886,876,8447,20,0,20,1,16777216,1282,0.192,0,0.287
1,1285,14234.283,level1,0,1024,640,8.698,1,8.684,8.684,10.000,0,0.204,8.410,0.097,0.791,1.938,0.030,1,1,1530,5390,8,239376,1790,886,876,8455,20,0,20,1,16777216,1283,0.206,0,0.284
1,1286,14242.788,level1,0,1024,640,9.010,1,9.019,9.019,8.000,0,0.200,7.912,0.091,0.703,1.644,0.012,1,1,1530,5390,8,239376,1790,886,876,8463,20,0,20,1,16777216,1284,0.206,0,0.290
1,1287,14251.761,level1,0,1024,640,8.477,1,8.477,8.477,9.000,0,0.204,8.441,0.058,0.725,1.833,0.010,1,1,1530,5390,8,239376,1790,886,876,8471,20,0,20,1,16777216,1285,1.086,0,0.264
1,1288,14260.482,level1,0,1024,640,8.958,1,8.970,8.970,9.000,0,0.190,8.140,0.121,0.714,1.856,0.025,1,1,1530,5390,8,239376,1790,886,876,8479,20,0,20,1,16777216,1286,0.203,0,0.260
1,1289,14269.314,level1,0,1024,640,8.719,1,8.769,8.769,8.000,0,0.140,8.286,0.089,0.709,1.832,0.010,1,1,1530,5390,8,239376,1790,886,876,8487,20,0,20,1,16777216,1287,0.199,0,0.310
1,1290,14277.758,level1,0,1024,640,8.805,1,8.761,8.761,10.000,0,0.184,7.963,0.050,0.701,1.807,0.011,1,1,1530,5390,8,239376,1790,886,876,8495,20,0,20,1,16777216,1288,0.209,0,0.238
1,1291,14286.409,level1,0,1024,640,8.385,1,8.445,8.445,8.000,0,0.125,8.191,0.087,0.936,1.715,0.009,1,1,1530,5390,8,239376,1790,886,876,8503,20,0,20,1,16777216,1289,0.192,0,0.240
1,1292,14295.006,level1,0,1024,640,8.834,1,8.776,8.776,9.000,0,0.175,7.973,0.070,0.727,1.598,0.009,1,1,1530,5390,8,239376,1790,886,876,8511,20,0,20,1,16777216,1290,0.206,0,0.364
1,1293,14304.107,level1,0,1024,640,8.693,1,8.658,8.658,8.000,0,0.205,8.336,0.115,0.707,2.185,0.010,1,1,1530,5390,8,239376,1790,886,876,8519,20,0,20,1,16777216,1291,0.197,0,0.423
1,1294,14312.725,level1,0,1024,640,8.928,1,8.900,8.900,9.000,0,0.139,8.083,0.059,0.750,1.525,0.011,1,1,1530,5390,8,239376,1790,886,876,8527,20,0,20,1,16777216,1292,0.195,0,0.224
1,1295,14321.882,level1,0,1024,640,8.648,1,8.674,8.674,9.000,0,0.207,8.598,0.052,0.712,2.325,0.012,1,1,1530,5390,8,239376,1790,886,876,8535,20,0,20,1,16777216,1293,0.195,0,0.280
1,1296,14330.807,level1,0,1024,640,9.180,1,9.170,9.170,9.000,0,0.230,8.334,0.062,0.745,1.788,0.013,1,1,1530,5390,8,239376,1790,886,876,8543,20,0,20,1,16777216,1294,0.202,0,0.293
1,1297,14339.959,level1,0,1024,640,8.880,1,8.899,8.899,9.000,0,0.200,8.605,0.063,0.707,2.290,0.013,1,1,1530,5390,8,239376,1790,886,876,8551,20,0,20,1,16777216,1295,0.198,0,0.266
1,1298,14348.814,level1,0,1024,640,9.128,1,9.138,9.138,9.000,0,0.195,8.292,0.101,0.721,1.828,0.010,1,1,1530,5390,8,239376,1790,886,876,8559,20,0,20,1,16777216,1296,0.205,0,0.253
1,1299,14358.099,level1,0,1024,640,8.883,1,8.879,8.879,9.000,0,0.205,8.725,0.072,0.703,2.496,0.012,1,1,1530,5390,8,239376,1790,886,876,8567,20,0,20,1,16777216,1297,0.196,0,0.276
1,1300,14366.439,level1,0,1024,640,9.461,1,9.492,9.492,9.000,0,0.174,7.580,0.096,0.702,1.514,0.008,1,1,1530,5390,8,239376,1790,886,876,8575,20,0,20,1,16777216,1298,0.207,0,0.479
1,1301,14374.964,level1,0,1024,640,8.079,1,8.071,8.071,8.000,0,0.183,8.021,0.098,0.794,1.913,0.033,1,1,1530,5390,8,239376,1790,886,876,8583,20,0,20,1,16777216,1299,0.202,0,0.215
1,1302,14383.298,level1,0,1024,640,8.577,1,8.574,8.574,9.000,0,0.185,7.828,0.050,0.704,1.542,0.009,1,1,1530,5390,8,239376,1790,886,876,8591,20,0,20,1,16777216,1300,0.228,0,0.264
1,1303,14391.960,level1,0,1024,640,8.399,1,8.367,8.367,9.000,0,0.218,8.049,0.090,0.703,1.738,0.009,1,1,1530,5390,8,239376,1790,886,876,8599,20,0,20,1,16777216,1301,0.196,0,0.297
1,1304,14401.727,level1,0,1024,640,8.851,1,8.735,8.735,8.000,0,0.334,8.967,0.089,0.704,1.704,0.009,1,1,1530,5390,8,239376,1790,886,876,8607,20,0,20,1,16777216,1302,0.197,0,0.365
1,1305,14410.559,level1,0,1024,640,9.515,1,9.651,9.651,10.000,0,0.198,8.289,0.085,0.712,1.839,0.009,1,1,1530,5390,8,239376,1790,886,876,8615,20,0,20,1,16777216,1303,0.201,0,0.254
1,1306,14418.561,level1,0,1024,640,8.842,1,8.892,8.892,9.000,0,0.142,7.458,0.077,0.918,1.718,0.010,1,1,1530,5390,8,239376,1790,886,876,8623,20,0,20,1,16777216,1304,0.197,0,0.314
1,1307,14427.034,level1,0,1024,640,8.041,1,7.965,7.965,8.000,0,0.223,7.909,0.057,0.705,1.966,0.010,1,1,1530,5390,8,239376,1790,886,876,8631,20,0,20,1,16777216,1305,0.204,0,0.277
1,1308,14436.214,level1,0,1024,640,8.692,1,8.448,8.448,8.000,0,0.465,8.380,0.075,0.713,2.312,0.018,1,1,1530,5390,8,239376,1790,886,876,8639,20,0,20,1,16777216,1306,0.201,0,0.253
1,1309,14446.685,level1,0,1024,640,9.230,1,9.411,9.411,9.000,0,0.278,9.614,0.080,0.858,1.666,0.014,1,1,1530,5390,8,239376,1790,886,876,8647,20,0,20,1,16777216,1307,0.200,0,0.483
1,1310,14456.256,level1,0,1024,640,10.120,1,10.276,10.276,10.000,0,0.129,9.089,0.057,0.768,1.979,0.010,1,1,1530,5390,8,239376,1790,886,876,8655,20,0,20,1,16777216,1308,0.203,0,0.289
1,1311,14465.536,level1,0,1024,640,9.975,1,9.572,9.572,11.000,0,0.527,8.396,0.054,0.717,1.899,0.008,1,1,1531,5392,8,239520,1790,886,876,8663,21,0,21,1,16777216,1309,0.204,0,0.289
1,1312,14473.613,level1,0,1024,640,8.783,1,9.181,9.181,9.000,0,0.135,7.651,0.093,0.749,1.549,0.010,1,1,1531,5392,8,239520,1790,886,876,8671,21,0,21,1,16777216,1310,0.200,0,0.193
1,1313,14481.908,level1,0,1024,640,8.107,1,8.119,8.119,8.000,0,0.123,7.874,0.058,0.707,1.568,0.010,1,1,1531,5392,8,239520,1790,886,876,8679,21,0,21,1,16777216,1311,0.266,0,0.234
1,1314,14490.799,level1,0,1024,640,8.441,1,8.304,8.304,8.000,0,0.256,8.314,0.068,0.693,2.234,0.013,1,1,1531,5392,8,239520,1790,886,876,8687,21,0,21,1,16777216,1312,0.255,0,0.242
1,1315,14499.067,level1,0,1024,640,8.812,1,8.930,8.930,9.000,0,0.143,7.789,0.050,0.739,1.800,0.010,1,1,1531,5392,8,239520,1790,886,876,8695,21,0,21,1,16777216,1313,0.262,0,0.282
1,1316,14507.006,level1,0,1024,640,8.246,1,8.216,8.216,8.000,0,0.165,7.442,0.090,0.693,1.431,0.009,1,1,1531,5392,8,239520,1790,886,876,8703,21,0,21,1,16777216,1314,0.256,0,0.227
1,1317,14624.775,level1,1,1024,640,10.346,1,8.189,8.189,8.000,0,0.220,114.846,0.106,0.749,1.486,0.016,1,1,1539,5408,33,241972,1790,885,877,8714,43,0,43,1,16777216,1315,0.259,0,0.477
1,1318,14636.042,level1,1,1024,640,116.138,1,118.280,118.280,50.000,1,0.024,10.025,0.058,0.727,1.714,0.014,1,1,1539,5408,33,241972,1790,885,877,8747,43,0,43,1,16777216,1316,0.258,0,0.990
1,1319,14645.123,level1,1,1024,640,10.297,1,10.458,10.458,11.000,0,0.026,8.806,0.061,0.738,1.864,0.014,1,1,1539,5408,33,241972,1790,885,877,8780,43,0,43,1,16777216,1317,0.431,0,0.182
1,1320,14654.684,level1,1,1024,640,9.117,1,9.118,9.118,8.000,0,0.023,9.229,0.082,0.713,2.479,0.041,1,1,1539,5408,33,241972,1790,885,877,8813,43,0,43,1,16777216,1318,0.328,0,0.219
1,1321,14663.055,level1,1,1024,640,9.563,1,9.563,9.563,10.000,0,0.024,8.078,0.042,0.721,1.807,0.011,1,1,1539,5408,33,241972,1790,885,877,8846,43,0,43,1,16777216,1319,0.345,0,0.220
1,1322,14671.528,level1,1,1024,640,8.306,1,8.317,8.317,8.000,0,0.015,8.161,0.122,0.717,2.115,0.036,1,1,1539,5408,33,241972,1790,885,877,8879,43,0,43,1,16777216,1320,0.331,0,0.167
1,1323,14679.827,level1,1,1024,640,8.612,1,8.598,8.598,8.000,0,0.028,7.912,0.061,0.719,1.742,0.013,1,1,1539,5408,33,241972,1790,885,877,8912,43,0,43,1,16777216,1321,0.337,0,0.291
1,1324,14687.970,level1,1,1024,640,8.191,1,8.201,8.201,9.000,0,0.018,7.841,0.085,0.718,1.735,0.015,1,1,1539,5408,33,241972,1790,885,877,8945,43,0,43,1,16777216,1322,0.328,0,0.194
1,1325,14697.279,level1,1,1024,640,8.222,1,8.213,8.213,8.000,0,0.027,8.954,0.059,1.131,2.567,0.014,1,1,1539,5408,33,241972,1790,885,877,8978,43,0,43,1,16777216,1323,0.327,0,0.262
1,1326,14708.412,level1,1,1024,640,11.347,1,9.358,9.358,10.000,0,0.029,8.595,0.201,0.719,2.034,0.017,1,1,1539,5408,33,241972,1790,885,877,9011,43,0,43,1,16777216,1324,0.359,0,0.312
1,1327,14717.083,level1,1,1024,640,9.208,1,11.080,11.080,11.000,0,0.023,8.201,0.061,0.790,1.970,0.033,1,1,1539,5408,33,241972,1790,885,877,9044,43,0,43,1,16777216,1325,0.324,0,0.260
1,1328,14727.042,level1,1,1024,640,8.559,1,8.680,8.680,8.000,0,0.022,9.562,0.100,0.745,1.938,0.013,1,1,1539,5408,33,241972,1790,885,877,9077,43,0,43,1,16777216,1326,0.331,0,0.268
1,1329,14736.066,level1,1,1024,640,9.880,1,9.884,9.884,9.000,0,0.018,8.739,0.066,0.726,1.945,0.015,1,1,1539,5408,33,241972,1790,885,877,9110,43,0,43,1,16777216,1327,0.335,0,0.195
1,1330,14745.452,level1,1,1024,640,9.021,1,9.020,9.020,9.000,0,0.018,9.017,0.146,0.722,2.078,0.039,1,1,1539,5408,33,241972,1790,885,877,9143,43,0,43,1,16777216,1328,0.335,0,0.190
1,1331,14755.023,level1,1,1024,640,9.611,1,9.609,9.609,11.000,0,0.020,9.018,0.113,0.730,1.556,0.022,1,1,1539,5408,33,241972,1790,885,877,9176,43,0,43,1,16777216,1329,0.345,0,0.413
1,1332,14763.473,level1,1,1024,640,9.464,1,9.456,9.456,9.000,0,0.027,7.959,0.157,0.712,1.699,0.036,1,1,1539,5408,33,241972,1790,885,877,9209,43,0,43,1,16777216,1330,0.316,0,0.296
1,1333,14772.718,level1,1,1024,640,8.745,1,8.720,8.720,9.000,0,0.044,8.554,0.063,0.721,1.465,0.018,1,1,1539,5408,33,241972,1790,885,877,9242,43,0,43,1,16777216,1331,0.328,0,0.566
1,1334,14782.036,level1,1,1024,640,8.932,1,8.961,8.961,9.000,0,0.024,8.827,0.174,0.808,1.646,0.034,1,1,1539,5408,33,241972,1790,885,877,9275,43,0,43,1,16777216,1332,0.328,0,0.284
1,1335,14792.552,level1,1,1024,640,9.377,1,9.362,9.362,9.000,0,0.036,10.015,0.127,0.763,2.054,0.027,1,1,1539,5408,33,241972,1790,885,877,9308,43,0,43,1,16777216,1333,0.355,0,0.328
1,1336,14802.542,level1,1,1024,640,10.519,1,10.515,10.515,11.000,0,0.043,9.548,0.066,0.815,1.970,0.015,1,1,1539,5408,33,241972,1790,885,877,9341,43,0,43,1,16777216,1334,0.327,0,0.320
1,1337,14811.394,level1,1,1024,640,9.916,1,9.934,9.934,9.000,0,0.025,8.380,0.166,0.800,1.590,0.027,1,1,1539,5408,33,241972,1790,885,877,9374,43,0,43,1,16777216,1335,0.324,0,0.271
1,1338,14820.720,level1,1,1024,640,9.230,1,9.217,9.217,9.000,0,0.030,8.594,0.052,0.733,1.640,0.012,1,1,1539,5408,33,241972,1790,885,877,9407,43,0,43,1,16777216,1336,0.329,0,0.635
1,1339,14830.553,level1,1,1024,640,8.922,1,8.936,8.936,10.000,0,0.024,9.472,0.084,0.849,2.469,0.023,1,1,1539,5408,33,241972,1790,885,877,9440,43,0,43,1,16777216,1337,0.335,0,0.246
1,1340,14838.983,level1,1,1024,640,9.871,1,9.866,9.866,10.000,0,0.029,8.062,0.053,0.750,1.923,0.060,1,1,1539,5408,33,241972,1790,885,877,9473,43,0,43,1,16777216,1338,0.336,0,0.277
1,1341,14848.673,level1,1,1024,640,8.490,1,8.477,8.477,8.000,0,0.039,9.234,0.081,0.735,2.502,0.021,1,1,1539,5408,33,241972,1790,885,877,9506,43,0,43,1,16777216,1339,0.324,0,0.321
1,1342,14857.982,level1,1,1024,640,9.555,1,9.577,9.577,10.000,0,0.022,8.963,0.107,0.811,1.901,0.016,1,1,1539,5408,33,241972,1790,885,877,9539,43,0,43,1,16777216,1340,0.328,0,0.212
1,1343,14869.607,level1,0,1024,640,12.130,1,9.425,9.425,10.000,0,0.021,8.486,0.078,0.794,1.782,0.011,1,1,1531,5392,8,239520,1790,886,876,9547,43,0,43,1,16777216,1341,0.328,0,0.327
1,1344,14880.330,level1,0,1024,640,10.247,1,12.720,12.720,12.000,0,0.137,8.945,0.094,0.749,2.264,0.013,1,1,1531,5392,8,239520,1790,886,876,9555,43,0,43,1,16777216,1342,0.330,0,1.422
1,1345,14890.284,level1,0,1024,640,9.575,1,9.624,9.624,10.000,0,0.204,9.359,0.061,0.832,1.934,0.010,1,1,1531,5392,8,239520,1790,886,876,9563,43,0,43,1,16777216,1343,0.294,0,0.323
1,1346,14899.207,level1,0,1024,640,10.038,1,9.981,9.981,10.000,0,0.257,8.231,0.074,0.700,1.810,0.009,1,1,1531,5392,8,239520,1790,886,876,9571,43,0,43,1,16777216,1344,0.254,0,0.349
1,1347,14907.562,level1,0,1024,640,8.766,1,8.831,8.831,9.000,0,0.196,7.720,0.173,0.699,1.786,0.038,1,1,1531,5392,8,239520,1790,886,876,9579,43,0,43,1,16777216,1345,0.247,0,0.258
1,1348,14916.503,level1,0,1024,640,8.495,1,8.454,8.454,7.000,0,0.239,8.262,0.077,0.697,1.831,0.009,1,1,1531,5392,8,239520,1790,886,876,9587,43,0,43,1,16777216,1346,0.249,0,0.351
1,1349,14925.630,level1,0,1024,640,8.783,1,8.870,8.870,9.000,0,0.152,8.625,0.058,0.736,1.781,0.010,1,1,1531,5392,8,239520,1790,886,876,9595,43,0,43,1,16777216,1347,0.248,0,0.286
1,1350,14934.574,level1,0,1024,640,9.124,1,9.131,9.131,10.000,0,0.143,8.424,0.080,0.807,1.958,0.012,1,1,1531,5392,8,239520,1790,886,876,9603,43,0,43,1,16777216,1348,0.251,0,0.288
1,1351,14943.659,level1,0,1024,640,8.945,1,8.946,8.946,8.000,0,0.143,8.591,0.053,0.700,2.014,0.010,1,1,1531,5392,8,239520,1790,886,876,9611,43,0,43,1,16777216,1349,0.261,0,0.291
1,1352,14953.490,level1,0,1024,640,9.029,1,9.048,9.048,10.000,0,0.125,9.383,0.061,0.727,1.665,0.010,1,1,1531,5392,8,239520,1790,886,876,9619,43,0,43,1,16777216,1350,0.252,0,0.255
1,1353,14963.974,level1,0,1024,640,12.034,1,9.899,9.899,10.000,0,0.158,7.837,0.059,0.843,2.002,0.009,1,1,1531,5392,8,239520,1790,886,876,9627,43,0,43,1,16777216,1351,0.263,0,0.322
1,1354,14973.419,level1,0,1024,640,8.730,1,10.418,10.418,10.000,0,0.129,8.522,0.087,0.712,1.465,0.014,1,1,1531,5392,8,239520,1790,886,876,9635,43,0,43,1,16777216,1352,0.251,0,0.256
1,1355,14982.412,level1,0,1024,640,9.082,1,9.458,9.458,10.000,0,0.196,8.440,0.080,1.056,2.108,0.011,1,1,1531,5392,8,239520,1790,886,876,9643,43,0,43,1,16777216,1353,0.256,0,0.269
1,1356,14990.473,level1,0,1024,640,9.014,1,9.002,9.002,8.000,0,0.207,7.520,0.048,0.696,1.409,0.008,1,1,1531,5392,8,239520,1790,886,876,9651,43,0,43,1,16777216,1354,0.244,0,0.278
1,1357,14999.915,level1,0,1024,640,8.153,1,8.122,8.122,9.000,0,0.239,8.781,0.076,0.878,2.380,0.015,1,1,1531,5392,8,239520,1790,886,876,9659,43,0,43,1,16777216,1355,0.246,0,0.339
1,1358,15010.837,level1,0,1024,640,9.437,1,9.429,9.429,9.000,0,0.246,10.231,0.110,0.735,1.888,0.012,1,1,1531,5392,8,239520,1790,886,876,9667,43,0,43,1,16777216,1356,0.256,0,0.325
1,1359,15019.405,level1,0,1024,640,10.713,1,10.823,10.823,11.000,0,0.138,8.134,0.063,0.710,1.443,0.011,1,1,1531,5392,8,239520,1790,886,876,9675,43,0,43,1,16777216,1357,0.256,0,0.227
1,1360,15027.640,level1,0,1024,640,8.622,1,8.562,8.562,9.000,0,0.198,7.722,0.088,0.689,1.803,0.008,1,1,1531,5392,8,239520,1790,886,876,9683,43,0,43,1,16777216,1358,0.262,0,0.220
1,1361,15038.702,level1,0,1024,640,8.536,1,8.534,8.534,8.000,0,0.199,10.262,0.073,0.754,1.874,0.012,1,1,1531,5392,8,239520,1790,886,876,9691,43,0,43,1,16777216,1359,0.258,0,0.517
1,1362,15048.327,level1,0,1024,640,10.700,1,10.768,10.768,11.000,0,0.131,9.127,0.133,0.903,2.576,0.022,1,1,1531,5392,8,239520,1790,886,876,9699,43,0,43,1,16777216,1360,0.268,0,0.226
1,1363,15056.839,level1,0,1024,640,9.722,1,9.696,9.696,9.000,0,0.156,7.994,0.057,0.711,1.426,0.010,1,1,1531,5392,8,239520,1790,886,876,9707,43,0,43,1,16777216,1361,0.259,0,0.297
1,1364,15066.311,level1,0,1024,640,8.400,1,8.428,8.428,9.000,0,0.130,9.025,0.097,0.719,2.248,0.013,1,1,1531,5392,8,239520,1790,886,876,9715,43,0,43,1,16777216,1362,0.264,0,0.214
1,1365,15074.741,level1,0,1024,640,9.621,1,9.541,9.541,10.000,0,0.209,7.878,0.054,0.709,1.602,0.009,1,1,1531,5392,8,239520,1790,886,876,9723,43,0,43,1,16777216,1363,0.255,0,0.281
1,1366,15082.993,level1,0,1024,640,8.306,1,8.333,8.333,7.000,0,0.182,7.828,0.050,0.704,1.701,0.009,1,1,1531,5392,8,239520,1790,886,876,9731,43,0,43,1,16777216,1364,0.260,0,0.186
1,1367,15091.530,level1,0,1024,640,8.421,1,8.295,8.295,9.000,0,0.306,7.936,0.059,0.867,1.778,0.011,1,1,1531,5392,8,239520,1790,886,876,9739,43,0,43,1,16777216,1365,0.258,0,0.226
1,1368,15099.871,level1,0,1024,640,8.474,1,8.642,8.642,9.000,0,0.142,7.815,0.047,0.695,1.764,0.009,1,1,1531,5392,8,239520,1790,886,876,9747,43,0,43,1,16777216,1366,0.260,0,0.332
1,1369,15108.322,level1,0,1024,640,8.365,1,8.309,8.309,8.000,0,0.194,7.881,0.066,0.930,1.986,0.015,1,1,1531,5392,8,239520,1790,886,876,9755,43,0,43,1,16777216,1367,0.250,0,0.301
1,1370,15117.937,level1,0,1024,640,8.459,1,8.430,8.430,8.000,0,0.225,9.009,0.094,0.751,2.038,0.016,1,1,1531,5392,8,239520,1790,886,876,9763,43,0,43,1,16777216,1368,0.319,0,0.279
1,1371,15129.009,level1,1,1024,640,11.793,1,9.615,9.615,10.000,0,0.223,8.287,0.095,0.887,1.987,0.016,1,1,1539,5408,33,241972,1790,885,877,9796,43,0,43,1,16777216,1369,0.263,0,0.278
1,1372,15139.225,level1,1,1024,640,9.819,1,12.069,12.069,12.000,0,0.026,8.673,0.107,0.983,2.212,0.018,1,1,1539,5408,33,241972,1790,885,877,9829,43,0,43,1,16777216,1370,0.268,0,1.276
1,1373,15148.336,level1,1,1024,640,9.087,1,9.209,9.209,9.000,0,0.031,8.707,0.096,0.740,2.006,0.030,1,1,1539,5408,33,241972,1790,885,877,9862,43,0,43,1,16777216,1371,0.337,0,0.270
1,1374,15157.566,level1,1,1024,640,9.110,1,9.113,9.113,9.000,0,0.027,8.815,0.108,0.778,1.807,0.020,1,1,1539,5408,33,241972,1790,885,877,9895,43,0,43,1,16777216,1372,0.327,0,0.271
1,1375,15167.540,level1,1,1024,640,9.221,1,9.218,9.218,10.000,0,0.028,9.566,0.111,0.738,2.075,0.042,1,1,1539,5408,33,241972,1790,885,877,9928,43,0,43,1,16777216,1373,0.356,0,0.259
1,1376,15177.572,level1,1,1024,640,10.090,1,10.093,10.093,9.000,0,0.026,9.500,0.118,0.757,1.995,0.020,1,1,1539,5408,33,241972,1790,885,877,9961,43,0,43,1,16777216,1374,0.335,0,0.377
1,1377,15187.694,level1,1,1024,640,9.872,1,9.876,9.876,10.000,0,0.022,9.756,0.111,0.742,2.048,0.028,1,1,1539,5408,33,241972,1790,885,877,9994,43,0,43,1,16777216,1375,0.348,0,0.223
1,1378,15198.394,level1,1,1024,640,10.273,1,10.250,10.250,11.000,0,0.044,10.131,0.163,1.131,2.254,0.030,1,1,1539,5408,33,241972,1790,885,877,10027,43,0,43,1,16777216,1376,0.324,0,0.351
1,1379,15209.211,level1,1,1024,640,10.660,1,10.663,10.663,11.000,0,0.041,10.319,0.132,1.052,2.357,0.029,1,1,1539,5408,33,241972,1790,885,877,10060,43,0,43,1,16777216,1377,0.323,0,0.314
1,1380,15220.083,level1,1,1024,640,10.854,1,10.867,10.867,10.000,0,0.029,10.350,0.117,0.855,1.969,0.019,1,1,1539,5408,33,241972,1790,885,877,10093,43,0,43,1,16777216,1378,0.344,0,0.364
1,1381,15229.761,level1,1,1024,640,10.809,1,10.783,10.783,11.000,0,0.054,9.224,0.115,0.752,1.889,0.057,1,1,1539,5408,33,241972,1790,885,877,10126,43,0,43,1,16777216,1379,0.340,0,0.275
1,1382,15239.180,level1,1,1024,640,9.667,1,9.697,9.697,10.000,0,0.025,8.826,0.263,0.806,1.767,0.060,1,1,1539,5408,33,241972,1790,885,877,10159,43,0,43,1,16777216,1380,0.326,0,0.295
1,1383,15252.273,level1,1,1024,640,11.441,1,9.429,9.429,9.000,0,0.038,10.625,0.118,0.824,2.056,0.021,1,1,1539,5408,33,241972,1790,885,877,10192,43,0,43,1,16777216,1381,0.342,0,0.304
1,1384,15263.287,level1,1,1024,640,12.010,1,13.068,13.068,14.000,0,0.029,9.646,0.102,1.089,2.251,0.017,1,1,1539,5408,33,241972,1790,885,877,10225,43,0,43,1,16777216,1382,0.345,0,0.279
1,1385,15272.689,level1,1,1024,640,9.971,1,10.924,10.924,10.000,0,0.025,9.119,0.060,0.717,2.467,0.015,1,1,1539,5408,33,241972,1790,885,877,10258,43,0,43,1,16777216,1383,0.336,0,0.191
1,1386,15282.396,level1,1,1024,640,9.408,1,9.414,9.414,9.000,0,0.020,9.417,0.060,0.735,1.854,0.014,1,1,1539,5408,33,241972,1790,885,877,10291,43,0,43,1,16777216,1384,0.336,0,0.203
1,1387,15290.886,level1,1,1024,640,9.868,1,9.853,9.853,11.000,0,0.035,8.048,0.052,0.746,1.710,0.015,1,1,1539,5408,33,241972,1790,885,877,10324,43,0,43,1,16777216,1385,0.336,0,0.343
1,1388,15299.829,level1,1,1024,640,8.305,1,8.321,8.321,8.000,0,0.020,8.639,0.099,0.749,1.877,0.014,1,1,1539,5408,33,241972,1790,885,877,10357,43,0,43,1,16777216,1386,0.331,0,0.181
1,1389,15308.918,level1,1,1024,640,8.981,1,8.970,8.970,9.000,0,0.029,8.761,0.085,0.739,2.648,0.030,1,1,1539,5408,33,241972,1790,885,877,10390,43,0,43,1,16777216,1387,0.339,0,0.207
1,1390,15318.508,level1,1,1024,640,9.133,1,9.135,9.135,9.000,0,0.028,9.254,0.049,0.740,1.915,0.013,1,1,1539,5408,33,241972,1790,885,877,10423,43,0,43,1,16777216,1388,0.368,0,0.254
1,1391,15327.519,level1,1,1024,640,9.675,1,9.685,9.685,10.000,0,0.019,8.568,0.070,0.715,2.297,0.016,1,1,1539,5408,33,241972,1790,885,877,10456,43,0,43,1,16777216,1389,0.335,0,0.348
1,1392,15336.890,level1,1,1024,640,8.899,1,8.896,8.896,8.000,0,0.022,9.061,0.050,0.733,1.932,0.015,1,1,1539,5408,33,241972,1790,885,877,10489,43,0,43,1,16777216,1390,0.334,0,0.233
1,1393,15345.628,level1,1,1024,640,9.479,1,9.477,9.477,10.000,0,0.024,8.304,0.066,0.792,1.510,0.013,1,1,1539,5408,33,241972,1790,885,877,10522,43,0,43,1,16777216,1391,0.331,0,0.339
1,1394,15353.957,level1,1,1024,640,8.615,1,8.622,8.622,8.000,0,0.018,8.034,0.049,0.721,1.871,0.013,1,1,1539,5408,33,241972,1790,885,877,10555,43,0,43,1,16777216,1392,0.328,0,0.222
1,1395,15362.003,level1,1,1024,640,8.314,1,8.316,8.316,9.000,0,0.016,7.767,0.048,0.714,1.641,0.013,1,1,1539,5408,33,241972,1790,885,877,10588,43,0,43,1,16777216,1393,0.335,0,0.209
1,1396,15370.603,level1,1,1024,640,8.041,1,8.038,8.038,8.000,0,0.018,8.277,0.097,0.788,2.026,0.016,1,1,1539,5408,33,241972,1790,885,877,10621,43,0,43,1,16777216,1394,0.327,0,0.202
1,1397,15379.098,level1,1,1024,640,8.624,1,8.611,8.611,8.000,0,0.026,8.187,0.057,0.918,2.042,0.013,1,1,1539,5408,33,241972,1790,885,877,10654,43,0,43,1,16777216,1395,0.322,0,0.213
1,1398,15387.410,level1,1,1024,640,8.554,1,8.565,8.565,9.000,0,0.021,7.915,0.086,0.706,1.913,0.017,1,1,1539,5408,33,241972,1790,885,877,10687,43,0,43,1,16777216,1396,0.328,0,0.282
1,1399,15396.207,level1,1,1024,640,8.321,1,8.320,8.320,8.000,0,0.022,8.430,0.049,0.737,1.885,0.012,1,1,1539,5408,33,241972,1790,885,877,10720,43,0,43,1,16777216,1397,0.334,0,0.290
1,1400,15404.190,level1,1,1024,640,8.682,1,8.687,8.687,10.000,0,0.018,7.702,0.076,0.719,1.561,0.013,1,1,1539,5408,33,241972,1790,885,877,10753,43,0,43,1,16777216,1398,0.327,0,0.181
1,1401,15412.462,level1,1,1024,640,8.093,1,8.034,8.034,7.000,0,0.062,7.905,0.053,0.782,1.655,0.013,1,1,1539,5408,33,241972,1790,885,877,10786,43,0,43,1,16777216,1399,0.320,0,0.226
1,1402,15421.670,level1,1,1024,640,8.159,1,8.220,8.220,8.000,0,0.016,8.942,0.066,1.003,2.306,0.016,1,1,1539,5408,33,241972,1790,885,877,10819,43,0,43,1,16777216,1400,0.327,0,0.180
1,1403,15430.943,level1,1,1024,640,9.273,1,9.262,9.262,10.000,0,0.025,8.929,0.078,1.119,2.398,0.015,1,1,1539,5408,33,241972,1790,885,877,10852,43,0,43,1,16777216,1401,0.331,0,0.233
1,1404,15440.673,level1,1,1024,640,9.249,1,9.241,9.241,9.000,0,0.029,9.324,0.163,0.794,2.054,0.020,1,1,1539,5408,33,241972,1790,885,877,10885,43,0,43,1,16777216,1402,0.328,0,0.202
1,1405,15449.579,level1,1,1024,640,9.741,1,9.749,9.749,9.000,0,0.025,8.600,0.054,0.940,2.164,0.017,1,1,1539,5408,33,241972,1790,885,877,10918,43,0,43,1,16777216,1403,0.327,0,0.218
1,1406,15458.436,level1,1,1024,640,9.001,1,8.995,8.995,10.000,0,0.030,8.426,0.083,0.712,1.914,0.014,1,1,1539,5408,33,241972,1790,885,877,10951,43,0,43,1,16777216,1404,0.337,0,0.310
1,1407,15466.276,level1,1,1024,640,8.726,1,8.740,8.740,9.000,0,0.019,7.576,0.048,0.727,1.777,0.014,1,1,1539,5408,33,241972,1790,885,877,10984,43,0,43,1,16777216,1405,0.341,0,0.194
1,1408,15474.764,level1,1,1024,640,7.825,1,7.823,7.823,8.000,0,0.020,8.231,0.055,0.722,1.884,0.012,1,1,1539,5408,33,241972,1790,885,877,11017,43,0,43,1,16777216,1406,0.330,0,0.176
1,1409,15483.090,level1,1,1024,640,8.528,1,8.532,8.532,8.000,0,0.017,8.033,0.052,0.721,1.781,0.013,1,1,1539,5408,33,241972,1790,885,877,11050,43,0,43,1,16777216,1407,0.336,0,0.220
1,1410,15491.899,level1,1,1024,640,8.355,1,8.350,8.350,8.000,0,0.021,8.483,0.055,0.719,1.923,0.014,1,1,1539,5408,33,241972,1790,885,877,11083,43,0,43,1,16777216,1408,0.325,0,0.244
1,1411,15499.822,level1,1,1024,640,8.783,1,8.781,8.781,9.000,0,0.022,7.628,0.051,0.716,1.429,0.012,1,1,1539,5408,33,241972,1790,885,877,11116,43,0,43,1,16777216,1409,0.333,0,0.217
1,1412,15508.561,level1,1,1024,640,7.870,1,7.870,7.870,8.000,0,0.022,8.473,0.074,0.719,2.078,0.021,1,1,1539,5408,33,241972,1790,885,877,11149,43,0,43,1,16777216,1410,0.323,0,0.164
1,1413,15516.895,level1,1,1024,640,8.765,1,8.768,8.768,8.000,0,0.020,8.062,0.053,0.727,1.601,0.023,1,1,1539,5408,33,241972,1790,885,877,11182,43,0,43,1,16777216,1411,0.399,0,0.193
1,1414,15525.498,level1,1,1024,640,8.573,1,8.538,8.538,9.000,0,0.048,8.093,0.052,0.742,1.608,0.013,1,1,1539,5408,33,241972,1790,885,877,11215,43,0,43,1,16777216,1412,0.329,0,0.396
1,1415,15534.500,level1,1,1024,640,8.403,1,8.440,8.440,8.000,0,0.019,8.683,0.062,0.943,2.121,0.013,1,1,1539,5408,33,241972,1790,885,877,11248,43,0,43,1,16777216,1413,0.337,0,0.235
1,1416,15543.429,level1,1,1024,640,9.064,1,9.057,9.057,9.000,0,0.025,8.487,0.122,0.721,1.726,0.061,1,1,1539,5408,33,241972,1790,885,877,11281,43,0,43,1,16777216,1414,0.328,0,0.288
1,1417,15552.552,level1,1,1024,640,9.047,1,9.035,9.035,9.000,0,0.035,8.599,0.085,0.771,1.898,0.020,1,1,1539,5408,33,241972,1790,885,877,11314,43,0,43,1,16777216,1415,0.329,0,0.393
1,1418,15561.067,level1,1,1024,640,9.011,1,9.025,9.025,9.000,0,0.023,8.078,0.108,0.731,1.555,0.016,1,1,1539,5408,33,241972,1790,885,877,11347,43,0,43,1,16777216,1416,0.327,0,0.295
1,1419,15571.184,level1,1,1024,640,8.510,1,8.507,8.507,10.000,0,0.026,9.733,0.063,0.751,2.232,0.015,1,1,1539,5408,33,241972,1790,885,877,11380,43,0,43,1,16777216,1417,0.327,0,0.287
1,1420,15581.043,level1,1,1024,640,10.117,1,10.111,10.111,9.000,0,0.033,9.333,0.203,0.783,2.124,0.020,1,1,1539,5408,33,241972,1790,885,877,11413,43,0,43,1,16777216,1418,0.333,0,0.276
1,1421,15591.662,level1,1,1024,640,10.236,1,10.141,10.141,10.000,0,0.127,9.829,0.091,0.765,2.027,0.018,1,1,1539,5408,33,241972,1790,885,877,11446,43,0,43,1,16777216,1419,0.328,0,0.560
1,1422,15601.751,level1,1,1024,640,10.874,1,10.331,10.331,10.000,0,0.035,9.038,0.098,0.818,1.992,0.023,1,1,1539,5408,33,241972,1790,885,877,11479,43,0,43,1,16777216,1420,0.332,0,0.274
1,1423,15612.016,level1,1,1024,640,9.404,1,10.044,10.044,11.000,0,0.028,9.921,0.075,0.774,2.305,0.018,1,1,1539,5408,33,241972,1790,885,877,11512,43,0,43,1,16777216,1421,0.333,0,0.230
1,1424,15621.949,level1,1,1024,640,10.320,1,10.326,10.326,10.000,0,0.026,9.500,0.109,1.047,2.290,0.016,1,1,1539,5408,33,241972,1790,885,877,11545,43,0,43,1,16777216,1422,0.329,0,0.290
1,1425,15631.575,level1,1,1024,640,9.933,1,9.935,9.935,10.000,0,0.023,9.235,0.067,0.726,2.035,0.037,1,1,1539,5408,33,241972,1790,885,877,11578,43,0,43,1,16777216,1423,0.330,0,0.293
1,1426,15642.242,level1,1,1024,640,9.559,1,9.562,9.562,10.000,0,0.022,10.303,0.107,0.742,2.389,0.016,1,1,1539,5408,33,241972,1790,885,877,11611,43,0,43,1,16777216,1424,0.335,0,0.229
1,1427,15651.393,level1,1,1024,640,10.720,1,10.716,10.716,10.000,0,0.025,8.773,0.068,0.724,1.816,0.018,1,1,1539,5408,33,241972,1790,885,877,11644,43,0,43,1,16777216,1425,0.335,0,0.277
1,1428,15661.251,level1,1,1024,640,9.214,1,9.204,9.204,9.000,0,0.033,9.400,0.084,0.729,2.078,0.014,1,1,1539,5408,33,241972,1790,885,877,11677,43,0,43,1,16777216,1426,0.335,0,0.309
1,1429,15672.836,level1,1,1024,640,9.808,1,9.803,9.803,10.000,0,0.033,11.129,0.132,1.110,2.863,0.025,1,1,1539,5408,33,241972,1790,885,877,11710,43,0,43,1,16777216,1427,0.348,0,0.275
1,1430,15683.704,level1,0,1024,640,13.637,1,11.646,11.646,12.000,0,0.030,8.337,0.156,0.716,2.116,0.029,1,1,1531,5392,8,239520,1790,886,876,11718,43,0,43,1,16777216,1428,0.325,0,0.335
1,1431,15693.935,level1,0,1024,640,9.964,1,11.651,11.651,11.000,0,0.171,8.519,0.240,0.730,1.931,0.010,1,1,1531,5392,8,239520,1790,886,876,11726,43,0,43,1,16777216,1429,0.339,0,1.119
1,1432,15702.846,level1,0,1024,640,9.294,1,9.400,9.400,10.000,0,0.239,8.108,0.265,0.706,1.482,0.014,1,1,1531,5392,8,239520,1790,886,876,11734,43,0,43,1,16777216,1430,0.255,0,0.283
1,1433,15713.124,level1,0,1024,640,9.338,1,9.177,9.177,9.000,0,0.396,9.242,0.075,0.772,2.003,0.013,1,1,1531,5392,8,239520,1790,886,876,11742,43,0,43,1,16777216,1431,0.290,0,0.553
1,1434,15724.316,level1,0,1024,640,11.477,1,10.166,10.166,11.000,0,0.278,8.812,0.219,0.747,1.983,0.019,1,1,1531,5392,8,239520,1790,886,876,11750,43,0,43,1,16777216,1432,0.243,0,0.441
1,1435,15734.602,level1,0,1024,640,10.469,1,11.043,11.043,11.000,0,0.241,8.770,0.078,0.789,2.141,0.013,1,1,1531,5392,8,239520,1790,886,876,11758,43,0,43,1,16777216,1433,0.249,0,0.293
1,1436,15744.440,level1,0,1024,640,10.143,1,10.359,10.359,10.000,0,0.162,8.275,0.268,0.734,1.829,0.018,1,1,1531,5392,8,239520,1790,886,876,11766,43,0,43,1,16777216,1434,0.306,0,0.367
1,1437,15755.889,level1,0,1024,640,10.424,1,9.859,9.859,10.000,0,0.243,9.444,0.124,0.823,1.851,0.017,1,1,1531,5392,8,239520,1790,886,876,11774,43,0,43,1,16777216,1435,0.246,0,0.386
1,1438,15767.580,level1,0,1024,640,11.417,1,11.507,11.507,12.000,0,0.205,9.724,0.119,0.721,1.995,0.017,1,1,1531,5392,8,239520,1790,886,876,11782,43,0,43,1,16777216,1436,0.259,0,0.438
1,1439,15778.271,level1,0,1024,640,11.930,1,11.701,11.701,11.000,0,0.478,8.505,0.096,1.077,2.263,0.018,1,1,1531,5392,8,239520,1790,886,876,11790,43,0,43,1,16777216,1437,0.255,0,0.448
1,1440,15789.464,level1,0,1024,640,10.144,1,10.553,10.553,10.000,0,0.146,9.528,0.125,1.027,2.297,0.017,1,1,1531,5392,8,239520,1790,886,876,11798,43,0,43,1,16777216,1438,0.260,0,0.316
1,1441,15802.539,level1,0,1024,640,13.306,1,11.119,11.119,11.000,0,0.147,9.337,0.086,0.762,1.593,0.014,1,1,1531,5392,8,239520,1790,886,876,11806,43,0,43,1,16777216,1439,0.248,0,0.243
1,1442,15813.850,level1,0,1024,640,11.203,1,13.057,13.057,14.000,0,0.211,9.305,0.224,0.797,2.225,0.014,1,1,1531,5392,8,239520,1790,886,876,11814,43,0,43,1,16777216,1440,0.254,0,0.225
1,1443,15823.963,level1,0,1024,640,11.082,1,11.394,11.394,11.000,0,0.200,8.481,0.078,0.741,1.726,0.018,1,1,1531,5392,8,239520,1790,886,876,11822,43,0,43,1,16777216,1441,0.258,0,0.307
1,1444,15834.630,level1,0,1024,640,9.919,1,10.046,10.046,10.000,0,0.139,9.172,0.136,0.764,1.799,0.018,1,1,1530,5390,8,239376,1790,886,876,11830,43,0,43,1,16777216,1442,0.250,0,0.241
1,1445,15845.469,level1,0,1024,640,11.175,1,10.813,10.813,11.000,0,0.162,8.873,0.100,0.814,1.963,0.017,1,1,1530,5390,8,239376,1790,886,876,11838,43,0,43,1,16777216,1443,0.239,0,0.387
1,1446,15856.553,level1,0,1024,640,10.378,1,10.743,10.743,11.000,0,0.235,9.557,0.122,1.526,2.440,0.013,1,1,1530,5390,8,239376,1790,886,876,11846,43,0,43,1,16777216,1444,0.212,0,0.287
1,1447,15867.820,level1,0,1024,640,11.068,1,11.085,11.085,11.000,0,0.191,9.803,0.074,0.778,1.956,0.013,1,1,1530,5390,8,239376,1790,886,876,11854,43,0,43,1,16777216,1445,0.264,0,0.291
1,1448,15879.425,level1,0,1024,640,11.308,1,11.345,11.345,11.000,0,0.246,10.069,0.105,0.873,2.426,0.020,1,1,1530,5390,8,239376,1790,886,876,11862,43,0,43,1,16777216,1446,0.208,0,0.370
1,1449,15892.006,level1,0,1024,640,11.648,1,11.535,11.535,12.000,0,0.180,10.998,0.109,1.077,2.713,0.020,1,1,1530,5390,8,239376,1790,886,876,11870,43,0,43,1,16777216,1447,0.199,0,0.300
1,1450,15902.607,level1,0,1024,640,12.724,1,12.619,12.619,12.000,0,0.173,8.608,0.377,0.794,1.615,0.028,1,1,1530,5390,8,239376,1790,886,876,11878,43,0,43,1,16777216,1448,0.219,0,0.338
1,1451,15913.301,level1,0,1024,640,10.703,1,10.472,10.472,11.000,0,0.144,8.872,0.104,0.789,1.958,0.015,1,1,1530,5390,8,239376,1790,886,876,11886,43,0,43,1,16777216,1449,0.203,0,0.208
1,1452,15924.968,level1,0,1024,640,11.482,1,10.879,10.879,10.000,0,0.171,9.084,0.077,0.727,1.914,0.013,1,1,1530,5390,8,239376,1790,886,876,11894,43,0,43,1,16777216,1450,0.205,0,0.391
1,1453,15936.201,level1,0,1024,640,10.971,1,11.590,11.590,12.000,0,0.206,9.121,0.300,1.177,2.513,0.023,1,1,1530,5390,8,239376,1790,886,876,11902,43,0,43,1,16777216,1451,0.202,0,0.317
1,1454,15947.001,level1,0,1024,640,10.276,1,11.467,11.467,12.000,0,0.259,9.864,0.082,0.826,2.267,0.016,1,1,1530,5390,8,239376,1790,886,876,11910,43,0,43,1,16777216,1452,0.194,0,0.550
1,1455,15957.462,level1,0,1024,640,10.529,1,10.529,10.529,10.000,0,0.166,9.138,0.734,0.732,1.868,0.029,1,1,1530,5390,8,239376,1790,886,876,11918,43,0,43,1,16777216,1453,0.194,0,0.280
1,1456,15967.449,level1,0,1024,640,10.457,1,10.557,10.557,11.000,0,0.194,9.320,0.088,0.997,2.240,0.018,1,1,1530,5390,8,239376,1790,886,876,11926,43,0,43,1,16777216,1454,0.205,0,0.374
1,1457,15979.662,level1,0,1024,640,10.140,1,10.060,10.060,10.000,0,0.273,11.383,0.098,1.094,2.414,0.019,1,1,1530,5390,8,239376,1790,886,876,11934,43,0,43,1,16777216,1455,0.201,0,0.448
1,1458,15990.326,level1,0,1024,640,12.133,1,12.140,12.140,12.000,0,0.255,9.907,0.105,0.992,2.023,0.017,1,1,1530,5390,8,239376,1790,886,876,11942,43,0,43,1,16777216,1456,0.202,0,0.375
1,1459,16000.100,level1,0,1024,640,10.546,1,10.652,10.652,10.000,0,0.158,9.125,0.115,0.709,1.444,0.048,1,1,1530,5390,8,239376,1790,886,876,11950,43,0,43,1,16777216,1457,0.208,0,0.364
1,1460,16010.150,level1,0,1024,640,9.985,1,9.781,9.781,10.000,0,0.360,9.200,0.106,0.747,1.963,0.022,1,1,1530,5390,8,239376,1790,886,876,11958,43,0,43,1,16777216,1458,0.191,0,0.366
1,1461,16024.409,level1,0,1024,640,12.489,1,9.988,9.988,10.000,0,0.155,10.932,0.144,0.775,2.414,0.027,1,1,1530,5390,8,239376,1790,886,876,11966,43,0,43,1,16777216,1459,0.201,0,0.309
1,1462,16037.958,level1,0,1024,640,12.604,1,14.239,14.239,14.000,0,0.151,11.908,0.112,1.022,2.231,0.019,1,1,1530,5390,8,239376,1790,886,876,11974,43,0,43,1,16777216,1460,0.204,0,0.289
1,1463,16047.955,level1,0,1024,640,12.540,1,13.520,13.520,14.000,0,0.249,9.352,0.125,1.028,2.183,0.023,1,1,1532,5388,8,239616,1790,886,876,11982,43,0,43,1,16777216,1461,0.194,0,0.260
1,1464,16059.421,level1,0,1024,640,10.034,1,10.052,10.052,10.000,0,0.231,10.805,0.105,0.956,2.262,0.018,1,1,1532,5388,8,239616,1790,886,876,11990,43,0,43,1,16777216,1462,0.201,0,0.315
1,1465,16068.561,level1,0,1024,640,11.375,1,11.409,11.409,12.000,0,0.196,8.583,0.093,0.803,1.630,0.014,1,1,1532,5388,8,239616,1790,886,876,11998,43,0,43,1,16777216,1463,0.207,0,0.259
1,1466,16083.053,level1,0,1024,640,12.143,1,9.178,9.178,9.000,0,0.242,10.901,0.123,0.790,1.840,0.016,1,1,1532,5388,8,239616,1790,886,876,12006,43,0,43,1,16777216,1464,0.203,0,0.296
1,1467,16094.953,level1,0,1024,640,12.967,1,14.480,14.480,14.000,0,0.211,9.865,0.092,0.785,1.960,0.016,1,1,1527,5373,8,238856,1790,887,875,12014,43,0,43,1,16777216,1465,0.195,0,0.284
1,1468,16105.326,level1,0,1024,640,11.342,1,12.404,12.404,12.000,0,0.236,8.875,0.113,0.750,1.972,0.019,1,1,1527,5373,8,238856,1790,887,875,12022,43,0,43,1,16777216,1466,0.206,0,0.788
1,1469,16117.020,level1,0,1024,640,10.254,1,9.879,9.879,10.000,0,0.252,10.307,0.120,1.237,2.462,0.017,1,1,1527,5373,8,238856,1790,887,875,12030,43,0,43,1,16777216,1467,0.202,0,0.293
1,1470,16127.301,level1,0,1024,640,10.935,1,11.692,11.692,12.000,0,0.204,9.666,0.109,0.771,1.980,0.019,1,1,1527,5373,8,238856,1790,887,875,12038,43,0,43,1,16777216,1468,0.205,0,0.292
1,1471,16137.009,level1,0,1024,640,10.229,1,10.287,10.287,10.000,0,0.144,9.148,0.105,0.865,2.071,0.023,1,1,1527,5373,8,238856,1790,887,875,12046,43,0,43,1,16777216,1469,0.200,0,0.298
1,1472,16147.134,level1,0,1024,640,9.851,1,9.768,9.768,10.000,0,0.222,9.405,0.123,1.101,2.289,0.017,1,1,1527,5373,8,238856,1790,887,875,12054,43,0,43,1,16777216,1470,0.193,0,0.357
1,1473,16156.421,level1,0,1024,640,9.997,1,10.041,10.041,10.000,0,0.186,8.750,0.068,0.744,1.692,0.012,1,1,1527,5373,8,238856,1790,887,875,12062,43,0,43,1,16777216,1471,0.209,0,0.274
1,1474,16165.355,level1,0,1024,640,9.170,1,9.213,9.213,9.000,0,0.140,8.531,0.051,0.730,1.921,0.009,1,1,1527,5373,8,238856,1790,887,875,12070,43,0,43,1,16777216,1472,0.210,0,0.201
1,1475,16175.314,level1,0,1024,640,8.884,1,8.908,8.908,10.000,0,0.121,9.266,0.391,0.751,1.784,0.016,1,1,1527,5373,8,238856,1790,887,875,12078,43,0,43,1,16777216,1473,0.196,0,0.176
1,1476,16184.954,level1,0,1024,640,10.151,1,10.078,10.078,9.000,0,0.192,9.038,0.108,0.867,2.123,0.017,1,1,1527,5373,8,238856,1790,887,875,12086,43,0,43,1,16777216,1474,0.204,0,0.294
1,1477,16193.748,level1,0,1024,640,9.678,1,9.643,9.643,10.000,0,0.227,8.155,0.107,0.716,1.685,0.012,1,1,1532,5388,8,239616,1790,886,876,12094,43,0,43,1,16777216,1475,0.203,0,0.296
1,1478,16205.363,level1,0,1024,640,10.278,1,8.778,8.778,8.000,0,0.169,9.363,0.234,0.817,1.927,0.034,1,1,1532,5388,8,239616,1790,886,876,12102,43,0,43,1,16777216,1476,0.209,0,0.277
1,1479,16216.088,level1,0,1024,640,11.358,1,11.697,11.697,13.000,0,0.196,8.877,0.087,0.814,1.752,0.016,1,1,1532,5388,8,239616,1790,886,876,12110,43,0,43,1,16777216,1477,0.204,0,0.360
1,1480,16226.195,level1,0,1024,640,10.816,1,10.665,10.665,11.000,0,0.213,8.196,0.061,0.719,1.683,0.011,1,1,1530,5390,8,239376,1790,886,876,12118,43,0,43,1,16777216,1478,0.195,0,0.302
1,1481,16236.444,level1,0,1024,640,8.671,1,10.013,10.013,8.000,0,0.198,9.740,0.095,0.799,2.433,0.016,1,1,1530,5390,8,239376,1790,886,876,12126,43,0,43,1,16777216,1479,0.198,0,0.210
1,1482,16247.856,level1,0,1024,640,13.224,1,10.255,10.255,11.000,0,0.141,7.823,0.199,0.718,1.616,0.042,1,1,1530,5390,8,239376,1790,886,876,12134,43,0,43,1,16777216,1480,0.202,0,0.215
1,1483,16257.309,level1,0,1024,640,8.922,1,11.673,11.673,12.000,0,0.271,8.486,0.068,0.713,1.894,0.012,1,1,1530,5390,8,239376,1790,886,876,12142,43,0,43,1,16777216,1481,0.206,0,0.472
1,1484,16267.471,level1,0,1024,640,10.303,1,9.201,9.201,9.000,0,0.298,8.337,0.076,0.745,1.951,0.013,1,1,1530,5390,8,239376,1790,886,876,12150,43,0,43,1,16777216,1482,0.200,0,0.224
1,1485,16278.448,level1,0,1024,640,9.925,1,10.156,10.156,11.000,0,0.166,9.367,0.097,1.280,2.811,0.020,1,1,1530,5390,8,239376,1790,886,876,12158,43,0,43,1,16777216,1483,0.201,0,0.218
1,1486,16288.201,level1,0,1024,640,10.820,1,11.137,11.137,11.000,0,0.252,8.317,0.080,0.695,1.888,0.012,1,1,1530,5390,8,239376,1790,886,876,12166,43,0,43,1,16777216,1484,0.209,0,0.378
1,1487,16297.294,level1,0,1024,640,8.807,1,9.652,9.652,9.000,0,0.125,8.620,0.063,0.744,2.004,0.013,1,1,1530,5390,8,239376,1790,886,876,12174,43,0,43,1,16777216,1485,0.196,0,0.277
1,1488,16306.872,level1,0,1024,640,9.183,1,9.078,9.078,9.000,0,0.228,9.016,0.063,0.744,1.970,0.010,1,1,1530,5390,8,239376,1790,886,876,12182,43,0,43,1,16777216,1486,0.211,0,0.261
1,1489,16317.903,level1,0,1024,640,11.059,1,9.521,9.521,10.000,0,0.260,8.988,0.064,0.727,1.936,0.010,1,1,1530,5390,8,239376,1790,886,876,12190,43,0,43,1,16777216,1487,0.199,0,0.206
1,1490,16326.935,level1,0,1024,640,9.470,1,11.111,11.111,12.000,0,0.125,8.538,0.075,0.711,1.758,0.015,1,1,1530,5390,8,239376,1790,886,876,12198,43,0,43,1,16777216,1488,0.207,0,0.287
1,1491,16335.642,level1,0,1024,640,9.142,1,9.128,9.128,9.000,0,0.140,8.124,0.054,0.704,1.469,0.010,1,1,1530,5390,8,239376,1790,886,876,12206,43,0,43,1,16777216,1489,0.202,0,0.382
1,1492,16343.742,level1,0,1024,640,8.488,1,8.500,8.500,7.000,0,0.129,7.732,0.059,0.741,1.493,0.010,1,1,1530,5390,8,239376,1790,886,876,12214,43,0,43,1,16777216,1490,0.209,0,0.177
1,1493,16353.965,level1,0,1024,640,8.313,1,8.151,8.151,9.000,0,0.281,9.595,0.099,0.781,2.044,0.012,1,1,1530,5390,8,239376,1790,886,876,12222,43,0,43,1,16777216,1491,0.202,0,0.227
1,1494,16364.746,level1,0,1024,640,11.329,1,10.432,10.432,11.000,0,0.239,9.074,0.076,1.106,2.477,0.014,1,1,1530,5390,8,239376,1790,886,876,12230,43,0,43,1,16777216,1492,0.201,0,0.422
1,1495,16374.009,level1,0,1024,640,9.591,1,10.560,10.560,10.000,0,0.212,8.740,0.083,0.756,1.909,0.012,1,1,1530,5390,8,239376,1790,886,876,12238,43,0,43,1,16777216,1493,0.196,0,0.216
1,1496,16382.887,level1,0,1024,640,9.310,1,9.304,9.304,9.000,0,0.211,8.314,0.078,0.871,1.942,0.013,1,1,1530,5390,8,239376,1790,886,876,12246,43,0,43,1,16777216,1494,0.203,0,0.255
1,1497,16393.989,level1,0,1024,640,9.019,1,8.995,8.995,9.000,0,0.247,10.364,0.109,0.760,2.002,0.029,1,1,1530,5390,8,239376,1790,886,876,12254,43,0,43,1,16777216,1495,0.198,0,0.372
1,1498,16404.098,level1,0,1024,640,12.198,1,10.943,10.943,11.000,0,0.137,8.317,0.069,0.706,1.901,0.012,1,1,1530,5390,8,239376,1790,886,876,12262,43,0,43,1,16777216,1496,0.212,0,0.215
1,1499,16412.613,level1,0,1024,640,8.840,1,10.166,10.166,10.000,0,0.171,7.990,0.071,0.714,1.726,0.015,1,1,1530,5390,8,239376,1790,886,876,12270,43,0,43,1,16777216,1497,0.203,0,0.270
1,1500,16421.410,level1,0,1024,640,8.481,1,8.478,8.478,9.000,0,0.180,8.298,0.079,0.724,1.613,0.013,1,1,1530,5390,8,239376,1790,886,876,12278,43,0,43,1,16777216,1498,0.193,0,0.233
1,1501,16431.164,level1,0,1024,640,9.562,1,8.785,8.785,8.000,0,0.173,8.179,0.383,0.906,1.969,0.050,1,1,1535,5405,8,240136,1790,885,877,12286,43,0,43,1,16777216,1499,0.196,0,0.220
1,1502,16442.191,level1,0,1024,640,9.371,1,10.072,10.072,10.000,0,0.254,10.064,0.160,0.762,2.264,0.022,1,1,1535,5405,8,240136,1790,885,877,12294,43,0,43,1,16777216,1500,0.210,0,0.539
1,1503,16451.412,level1,0,1024,640,10.633,1,10.698,10.698,11.000,0,0.182,8.747,0.066,0.851,2.022,0.012,1,1,1518,5371,8,237688,1790,902,860,12302,43,0,43,1,16777216,1501,0.205,0,0.212
1,1504,16460.180,level1,0,1024,640,9.368,1,9.294,9.294,9.000,0,0.251,8.043,0.169,0.703,1.564,0.028,1,1,1523,5386,8,238448,1790,901,861,12310,43,0,43,1,16777216,1502,0.207,0,0.284
1,1505,16469.288,level1,0,1024,640,8.857,1,8.916,8.916,9.000,0,0.202,8.388,0.074,0.738,1.986,0.010,1,1,1523,5386,7,238396,1788,901,860,12317,43,0,43,1,16777216,1503,0.267,0,0.432
1,1506,16478.344,level1,0,1024,640,8.812,1,8.873,8.873,10.000,0,0.143,8.497,0.206,0.821,1.994,0.017,1,1,1545,5435,7,241604,1788,883,878,12324,43,0,43,1,16777216,1504,0.197,0,0.199
1,1507,16488.232,level1,0,1024,640,9.465,1,9.378,9.378,8.000,0,0.225,8.955,0.175,0.777,2.134,0.014,1,1,1545,5435,7,241604,1788,883,878,12331,43,0,43,1,16777216,1505,0.202,0,0.514
1,1508,16498.921,level1,0,1024,640,11.448,1,9.818,9.818,11.000,0,0.395,8.294,0.078,1.070,2.002,0.012,1,1,1545,5435,7,241604,1788,883,878,12338,43,0,43,1,16777216,1506,0.200,0,0.448
1,1509,16508.334,level1,0,1024,640,8.727,1,10.447,10.447,10.000,0,0.141,8.965,0.092,0.839,2.099,0.020,1,1,1555,5465,7,243124,1788,881,880,12345,43,0,43,1,16777216,1507,0.210,0,0.209
1,1510,16518.532,level1,0,1024,640,10.754,1,9.430,9.430,9.000,0,0.164,8.421,0.080,0.741,2.006,0.015,1,1,1565,5561,7,245172,1788,879,882,12352,43,0,43,1,16777216,1508,0.205,0,0.226
1,1511,16528.292,level1,0,1024,640,9.571,1,10.301,10.301,10.000,0,0.214,8.608,0.081,1.014,2.495,0.014,1,1,1560,5546,7,244412,1788,880,881,12359,43,0,43,1,16777216,1509,0.192,0,0.326
1,1512,16538.415,level1,0,1024,640,9.318,1,9.821,9.821,10.000,0,0.230,9.392,0.102,0.799,2.338,0.054,1,1,1543,5545,7,242228,1642,753,864,12366,43,0,43,1,16777216,1510,0.210,0,0.385
1,1513,16548.126,level1,0,1024,640,11.053,1,10.010,10.010,11.000,0,0.191,8.046,0.107,0.819,1.888,0.014,1,1,1553,5575,7,243748,1642,751,866,12373,43,0,43,1,16777216,1511,0.200,0,0.276
1,1514,16558.294,level1,0,1024,640,8.750,1,9.785,9.785,10.000,0,0.240,9.488,0.081,0.845,2.528,0.014,1,1,1558,5590,7,244508,1642,750,867,12380,43,0,43,1,16777216,1512,0.208,0,0.347
1,1515,16568.667,level1,0,1024,640,10.973,1,10.053,10.053,9.000,0,0.142,8.830,0.140,0.757,2.269,0.032,1,1,1558,5590,7,244508,1642,750,867,12387,43,0,43,1,16777216,1513,0.207,0,0.236
1,1516,16577.709,level1,0,1024,640,9.643,1,10.621,10.621,11.000,0,0.169,8.305,0.065,0.755,1.563,0.013,1,1,1558,5590,7,244508,1642,750,867,12394,43,0,43,1,16777216,1514,0.209,0,0.482
1,1517,16586.809,level1,0,1024,640,9.867,1,8.815,8.815,9.000,0,0.203,7.531,0.073,0.721,1.451,0.010,1,1,1558,5590,7,244508,1642,750,867,12401,43,0,43,1,16777216,1515,0.197,0,0.255
1,1518,16595.124,level1,0,1024,640,8.092,1,9.124,9.124,9.000,0,0.202,7.777,0.050,0.923,2.086,0.009,1,1,1558,5590,7,244508,1642,750,867,12408,43,0,43,1,16777216,1516,0.207,0,0.279
1,1519,16603.732,level1,0,1024,640,8.310,1,8.279,8.279,8.000,0,0.226,8.032,0.091,0.799,2.062,0.011,1,1,1558,5590,7,244508,1642,750,867,12415,43,0,43,1,16777216,1517,0.205,0,0.243
1,1520,16612.612,level1,0,1024,640,9.174,1,8.576,8.576,8.000,0,0.143,7.772,0.058,0.829,2.083,0.010,1,1,1558,5590,7,244508,1642,750,867,12422,43,0,43,1,16777216,1518,0.198,0,0.211
1,1521,16620.822,level1,0,1024,640,8.180,1,8.884,8.884,9.000,0,0.129,7.808,0.052,0.728,1.875,0.009,1,1,1558,5590,7,244508,1642,750,867,12429,43,0,43,1,16777216,1519,0.204,0,0.215
1,1522,16629.133,level1,0,1024,640,8.246,1,8.190,8.190,9.000,0,0.184,7.794,0.128,0.749,2.048,0.030,1,1,1558,5590,7,244508,1642,750,867,12436,43,0,43,1,16777216,1520,0.198,0,0.194
1,1523,16637.197,level1,0,1024,640,8.520,1,8.499,8.499,9.000,0,0.203,7.408,0.061,0.750,1.670,0.008,1,1,1558,5590,7,244508,1642,750,867,12443,43,0,43,1,16777216,1521,0.203,0,0.382
1,1524,16645.798,level1,0,1024,640,7.932,1,7.943,7.943,7.000,0,0.195,8.062,0.076,0.748,2.021,0.012,1,1,1558,5590,7,244508,1642,750,867,12450,43,0,43,1,16777216,1522,0.214,0,0.261
1,1525,16658.271,level1,0,1024,640,12.311,1,8.849,8.849,8.000,0,0.354,8.196,0.104,0.727,1.740,0.015,1,1,1558,5590,7,244508,1642,750,867,12457,43,0,43,1,16777216,1523,0.202,0,0.504
1,1526,16667.542,level1,0,1024,640,9.351,1,12.271,12.271,13.000,0,0.345,8.128,0.090,1.384,2.658,0.017,1,1,1572,5623,7,246564,1642,740,877,12464,43,0,43,1,16777216,1524,0.214,0,0.306
1,1527,16676.597,level1,0,1024,640,8.731,1,9.269,9.269,9.000,0,0.196,8.418,0.127,0.732,2.065,0.018,1,1,1567,5575,7,245540,1642,741,876,12471,43,0,43,1,16777216,1525,0.200,0,0.304
1,1528,16685.466,level1,0,1024,640,9.081,1,9.069,9.069,10.000,0,0.208,8.281,0.053,0.749,2.205,0.013,1,1,1567,5582,7,245596,1642,741,876,12478,43,0,43,1,16777216,1526,0.203,0,0.317
1,1529,16695.595,level1,0,1024,640,9.813,1,9.893,9.893,10.000,0,0.131,8.569,0.080,0.768,1.803,0.014,1,1,1567,5582,7,245596,1642,741,876,12485,43,0,43,1,16777216,1527,0.208,0,1.343
1,1530,16704.738,level1,0,1024,640,9.667,1,9.053,9.053,8.000,0,0.187,8.064,0.062,0.726,1.572,0.010,1,1,1567,5582,7,245596,1642,741,876,12492,43,0,43,1,16777216,1528,0.203,0,0.266
1,1531,16714.193,level1,0,1024,640,8.626,1,9.151,9.151,10.000,0,0.212,8.877,0.078,0.766,2.184,0.017,1,1,1567,5582,7,245596,1642,741,876,12499,43,0,43,1,16777216,1529,0.209,0,0.275
1,1532,16723.075,level1,0,1024,640,9.454,1,9.471,9.471,9.000,0,0.199,8.317,0.064,0.720,1.977,0.013,1,1,1562,5567,7,244836,1642,742,875,12506,43,0,43,1,16777216,1530,0.206,0,0.291
1,1533,16731.498,level1,0,1024,640,8.819,1,8.890,8.890,9.000,0,0.132,7.935,0.052,0.748,1.805,0.009,1,1,1562,5567,7,244836,1642,742,875,12513,43,0,43,1,16777216,1531,0.203,0,0.299
1,1534,16740.126,level1,0,1024,640,8.511,1,8.448,8.448,9.000,0,0.194,8.024,0.078,1.035,2.309,0.013,1,1,1562,5567,7,244836,1642,742,875,12520,43,0,43,1,16777216,1532,0.208,0,0.320
1,1535,16752.020,level1,0,1024,640,8.521,1,8.566,8.566,8.000,0,0.144,11.259,0.213,1.107,2.514,0.025,1,1,1562,5567,7,244836,1642,742,875,12527,43,0,43,1,16777216,1533,0.200,0,0.262
1,1536,16763.847,level1,0,1024,640,12.173,1,12.013,12.013,13.000,0,0.304,10.983,0.146,1.062,2.446,0.021,1,1,1557,5552,7,244076,1642,743,874,12534,43,0,43,1,16777216,1534,0.211,0,0.380
1,1537,16774.686,level1,0,1024,640,11.678,1,11.769,11.769,11.000,0,0.204,10.186,0.105,0.824,1.837,0.017,1,1,1557,5552,7,244076,1642,743,874,12541,43,0,43,1,16777216,1535,0.214,0,0.323
1,1538,16783.748,level1,0,1024,640,10.692,1,10.760,10.760,11.000,0,0.151,8.604,0.057,0.752,1.700,0.010,1,1,1566,5580,7,245452,1642,742,875,12548,43,0,43,1,16777216,1536,0.208,0,0.242
1,1539,16792.637,level1,0,1024,640,8.982,1,9.000,9.000,9.000,0,0.133,8.494,0.073,0.789,1.990,0.009,1,1,1571,5628,7,246476,1642,741,876,12555,43,0,43,1,16777216,1537,0.207,0,0.183
1,1540,16801.872,level1,0,1024,640,9.146,1,9.071,9.071,9.000,0,0.206,8.451,0.205,0.839,1.707,0.014,1,1,1576,5676,7,247500,1642,740,877,12562,43,0,43,1,16777216,1538,0.208,0,0.362
1,1541,16813.347,level1,0,1024,640,9.114,1,9.109,9.109,9.000,0,0.207,10.904,0.113,0.780,1.648,0.016,1,1,1581,5691,7,248260,1642,739,878,12569,43,0,43,1,16777216,1539,0.206,0,0.237
1,1542,16824.531,level1,0,1024,640,11.450,1,11.453,11.453,11.000,0,0.209,10.308,0.443,0.841,2.385,0.030,1,1,1586,5706,7,249020,1642,738,879,12576,43,0,43,1,16777216,1540,0.208,0,0.214
1,1543,16835.350,level1,0,1024,640,12.122,1,11.687,11.687,13.000,0,0.171,9.146,0.302,0.826,2.058,0.022,1,1,1559,5642,7,245052,1642,757,860,12583,43,0,43,1,16777216,1541,0.207,0,0.717
1,1544,16846.476,level1,0,1024,640,9.941,1,10.399,10.399,9.000,0,0.186,10.530,0.104,0.787,2.022,0.017,1,1,1559,5642,7,245052,1642,757,860,12590,43,0,43,1,16777216,1542,0.212,0,0.296
1,1545,16857.475,level1,0,1024,640,11.769,1,11.115,11.115,12.000,0,0.165,9.723,0.141,1.243,2.634,0.025,1,1,1564,5657,7,245812,1642,756,861,12597,43,0,43,1,16777216,1543,0.199,0,0.286
1,1546,16871.898,level1,0,1024,640,11.018,1,11.047,11.047,10.000,0,0.260,13.117,0.151,1.142,2.471,0.024,1,1,1569,5672,7,246572,1642,755,862,12604,43,0,43,1,16777216,1544,0.218,0,0.334
1,1547,16884.289,level1,0,1024,640,13.752,1,14.393,14.393,15.000,0,0.163,11.483,0.425,1.146,2.691,0.025,1,1,1569,5672,7,246572,1642,755,862,12611,43,0,43,1,16777216,1545,0.232,0,0.305
1,1548,16895.371,level1,0,1024,640,12.467,1,12.415,12.415,12.000,0,0.221,10.373,0.150,0.984,2.437,0.029,1,1,1569,5672,7,246572,1642,755,862,12618,43,0,43,1,16777216,1546,0.217,0,0.329
1,1549,16905.128,level1,0,1024,640,11.068,1,11.116,11.116,12.000,0,0.172,9.086,0.127,0.780,2.478,0.021,1,1,1569,5672,7,246572,1642,755,862,12625,43,0,43,1,16777216,1547,0.303,0,0.362
1,1550,16914.866,level1,0,1024,640,9.788,1,9.709,9.709,9.000,0,0.249,9.058,0.105,0.776,2.166,0.015,1,1,1569,5672,7,246572,1642,755,862,12632,43,0,43,1,16777216,1548,0.246,0,0.314
1,1551,16924.762,level1,0,1024,640,9.795,1,9.725,9.725,10.000,0,0.312,9.184,0.081,0.772,2.062,0.017,1,1,1569,5672,7,246572,1642,755,862,12639,43,0,43,1,16777216,1549,0.210,0,0.299
1,1552,16934.785,level1,0,1024,640,9.842,1,9.833,9.833,10.000,0,0.325,9.341,0.103,0.808,2.463,0.016,1,1,1574,5687,7,247332,1642,754,863,12646,43,0,43,1,16777216,1550,0.200,0,0.238
1,1553,16944.036,level1,0,1024,640,9.977,1,10.084,10.084,9.000,0,0.224,8.628,0.089,0.861,2.000,0.014,1,1,1574,5687,7,247332,1642,754,863,12653,43,0,43,1,16777216,1551,0.207,0,0.300
1,1554,16953.249,level1,0,1024,640,9.227,1,9.297,9.297,10.000,0,0.150,8.624,0.080,0.940,2.115,0.013,1,1,1574,5687,7,247332,1642,754,863,12660,43,0,43,1,16777216,1552,0.207,0,0.347
1,1555,16962.516,level1,0,1024,640,9.080,1,9.088,9.088,9.000,0,0.148,8.807,0.084,0.827,2.021,0.013,1,1,1574,5687,7,247332,1642,754,863,12667,43,0,43,1,16777216,1553,0.211,0,0.221
1,1556,16971.922,level1,0,1024,640,9.368,1,9.317,9.317,10.000,0,0.197,8.834,0.096,0.789,2.066,0.014,1,1,1582,5703,7,248484,1642,746,871,12674,43,0,43,1,16777216,1554,0.216,0,0.270
1,1557,16982.783,level1,0,1024,640,9.438,1,9.390,9.390,9.000,0,0.243,10.230,0.122,0.809,2.550,0.025,1,1,1583,5705,8,248680,1644,746,872,12682,44,0,44,1,16777216,1555,0.209,0,0.254
1,1558,16993.143,level1,0,1024,640,10.967,1,10.958,10.958,11.000,0,0.252,9.592,0.153,0.838,2.455,0.024,1,1,1578,5690,8,247920,1644,747,871,12690,44,0,44,1,16777216,1556,0.252,0,0.345
1,1559,17003.094,level1,0,1024,640,10.492,1,10.487,10.487,10.000,0,0.257,9.073,0.130,0.815,1.630,0.016,1,1,1583,5705,8,248680,1644,746,872,12698,44,0,44,1,16777216,1557,0.282,0,0.477
1,1560,17012.879,level1,0,1024,640,9.795,1,9.792,9.792,11.000,0,0.260,9.059,0.135,0.835,1.671,0.015,1,1,1583,5705,8,248680,1644,746,872,12706,44,0,44,1,16777216,1558,0.282,0,0.318
1,1561,17022.611,level1,0,1024,640,9.737,1,9.769,9.769,9.000,0,0.228,9.085,0.105,0.835,2.019,0.016,1,1,1583,5705,8,248680,1644,746,872,12714,44,0,44,1,16777216,1559,0.271,0,0.303
1,1562,17032.050,level1,0,1024,640,9.753,1,9.724,9.724,10.000,0,0.258,8.786,0.090,0.813,1.796,0.013,1,1,1583,5705,8,248680,1644,746,872,12722,44,0,44,1,16777216,1560,0.262,0,0.295
1,1563,17042.129,level1,0,1024,640,9.266,1,9.382,9.382,9.000,0,0.143,9.580,0.108,0.846,1.915,0.017,1,1,1583,5705,8,248680,1644,746,872,12730,44,0,44,1,16777216,1561,0.271,0,0.239
1,1564,17052.289,level1,0,1024,640,10.113,1,10.099,10.099,10.000,0,0.158,9.445,0.289,1.068,2.685,0.026,1,1,1588,5720,8,249440,1644,745,873,12738,44,0,44,1,16777216,1562,0.268,0,0.258
1,1565,17063.065,level1,0,1024,640,10.383,1,10.240,10.240,10.000,0,0.299,10.022,0.105,1.003,2.574,0.016,1,1,1588,5720,8,249440,1644,745,873,12746,44,0,44,1,16777216,1563,0.276,0,0.333
1,1566,17073.438,level1,0,1024,640,10.556,1,10.698,10.698,11.000,0,0.151,9.808,0.137,0.872,2.257,0.018,1,1,1588,5720,8,249440,1644,745,873,12754,44,0,44,1,16777216,1564,0.283,0,0.262
1,1567,17084.559,level1,0,1024,640,10.539,1,10.418,10.418,11.000,0,0.277,10.374,0.150,1.197,2.804,0.026,1,1,1588,5720,8,249440,1644,745,873,12762,44,0,44,1,16777216,1565,0.263,0,0.305
1,1568,17094.629,level1,0,1024,640,11.151,1,11.159,11.159,11.000,0,0.266,9.335,0.110,0.829,1.738,0.017,1,1,1588,5720,8,249440,1644,745,873,12770,44,0,44,1,16777216,1566,0.269,0,0.343
1,1569,17103.314,level1,0,1024,640,9.948,1,10.019,10.019,10.000,0,0.201,8.062,0.119,1.180,2.282,0.018,1,1,1588,5720,8,249440,1644,745,873,12778,44,0,44,1,16777216,1567,0.285,0,0.294
1,1570,17111.082,level1,0,1024,640,8.747,1,8.788,8.788,9.000,0,0.161,7.100,0.103,0.783,1.519,0.011,1,1,1593,5735,8,250200,1644,744,874,12786,44,0,44,1,16777216,1568,0.208,0,0.395
1,1571,17120.493,level1,0,1024,640,7.689,1,7.647,7.647,7.000,0,0.204,8.851,0.074,0.779,1.535,0.012,1,1,1593,5735,8,250200,1644,744,874,12794,44,0,44,1,16777216,1569,0.203,0,0.275
1,1572,17128.275,level1,0,1024,640,9.266,1,9.327,9.327,9.000,0,0.143,7.181,0.260,0.768,1.781,0.019,1,1,1593,5735,8,250200,1644,744,874,12802,44,0,44,1,16777216,1570,0.203,0,0.192
1,1573,17137.243,level1,0,1024,640,9.176,1,7.791,7.791,8.000,0,0.140,7.102,0.130,0.787,1.536,0.030,1,1,1593,5735,8,250200,1644,744,874,12810,44,0,44,1,16777216,1571,0.200,0,0.201
1,1574,17146.578,level1,0,1024,640,7.846,1,9.016,9.016,9.000,0,0.210,8.621,0.102,0.780,1.511,0.010,1,1,1593,5735,8,250200,1644,744,874,12818,44,0,44,1,16777216,1572,0.202,0,0.248
1,1575,17153.965,level1,0,1024,640,9.054,1,9.283,9.283,10.000,0,0.128,6.989,0.067,0.768,1.506,0.020,1,1,1596,5759,8,250776,1644,743,875,12826,44,0,44,1,16777216,1573,0.183,0,0.197
1,1576,17162.197,level1,0,1024,640,7.406,1,7.392,7.392,7.000,0,0.143,7.730,0.151,0.805,1.582,0.014,1,1,1612,5791,8,253080,1644,727,891,12834,44,0,44,1,16777216,1574,0.211,0,0.201
1,1577,17172.212,level1,0,1024,640,10.251,1,8.225,8.225,8.000,0,0.137,7.569,0.076,0.779,1.534,0.010,1,1,1612,5791,8,253080,1644,727,891,12842,44,0,44,1,16777216,1575,0.184,0,0.195
1,1578,17182.134,level1,0,1024,640,8.670,1,10.010,10.010,10.000,0,0.138,8.789,0.109,1.194,2.391,0.017,1,1,1594,5755,8,250488,1644,745,873,12850,44,0,44,1,16777216,1576,0.208,0,0.190
1,1579,17191.530,level1,0,1024,640,9.416,1,10.009,10.009,10.000,0,0.223,8.796,0.081,0.819,1.757,0.014,1,1,1594,5755,8,250488,1644,745,873,12858,44,0,44,1,16777216,1577,0.183,0,0.275
1,1580,17202.715,level1,0,1024,640,12.180,1,9.387,9.387,9.000,0,0.200,7.804,0.078,0.712,1.478,0.013,1,1,1599,5770,8,251248,1644,744,874,12866,44,0,44,1,16777216,1578,0.206,0,0.267
1,1581,17211.244,level1,0,1024,640,8.597,1,11.113,11.113,12.000,0,0.125,7.738,0.076,0.889,1.982,0.015,1,1,1599,5770,8,251248,1644,744,874,12874,44,0,44,1,16777216,1579,0.185,0,0.194
1,1582,17218.925,level1,0,1024,640,8.304,1,8.606,8.606,8.000,0,0.212,7.120,0.072,0.748,1.707,0.013,1,1,1599,5770,8,251248,1644,744,874,12882,44,0,44,1,16777216,1580,0.188,0,0.270
1,1583,17227.636,level1,0,1024,640,7.574,1,7.622,7.622,8.000,0,0.164,8.243,0.084,0.718,1.481,0.012,1,1,1599,5770,8,251248,1644,744,874,12890,44,0,44,1,16777216,1581,0.202,0,0.212
1,1584,17237.654,level1,0,1024,640,11.337,1,8.760,8.760,9.000,0,0.200,6.936,0.072,0.734,1.473,0.010,1,1,1599,5770,8,251248,1644,744,874,12898,44,0,44,1,16777216,1582,0.206,0,0.260
1,1585,17245.749,level1,0,1024,640,7.806,1,10.010,10.010,10.000,0,0.200,7.223,0.074,0.713,1.467,0.011,1,1,1599,5770,8,251248,1644,744,874,12906,44,0,44,1,16777216,1583,0.183,0,0.252
1,1586,17254.734,level1,0,1024,640,9.193,1,8.093,8.093,8.000,0,0.213,7.005,0.083,0.745,1.540,0.015,1,1,1594,5755,8,250488,1644,745,873,12914,44,0,44,1,16777216,1584,0.201,0,0.251
1,1587,17264.983,level1,0,1024,640,8.165,1,8.976,8.976,9.000,0,0.152,9.049,0.125,0.800,1.552,0.012,1,1,1594,5755,8,250488,1644,745,873,12922,44,0,44,1,16777216,1585,0.186,0,0.243
1,1588,17274.632,level1,0,1024,640,9.696,1,10.247,10.247,10.000,0,0.140,8.653,0.473,0.779,1.608,0.015,1,1,1594,5755,8,250488,1644,745,873,12930,44,0,44,1,16777216,1586,0.208,0,0.239
1,1589,17287.440,level1,0,1024,640,11.463,1,9.643,9.643,10.000,0,0.144,9.926,0.544,0.855,1.647,0.012,1,1,1594,5755,8,250488,1644,745,873,12938,44,0,44,1,16777216,1587,0.184,0,0.233
1,1590,17298.136,level1,0,1024,640,12.095,1,12.840,12.840,12.000,0,0.240,8.861,0.211,0.740,1.516,0.014,1,1,1594,5755,8,250488,1644,745,873,12946,44,0,44,1,16777216,1588,0.206,0,0.265
1,1591,17306.295,level1,0,1024,640,9.704,1,10.631,10.631,11.000,0,0.141,7.452,0.076,0.718,1.534,0.014,1,1,1594,5755,8,250488,1644,745,873,12954,44,0,44,1,16777216,1589,0.196,0,0.200
1,1592,17314.131,level1,0,1024,640,8.475,1,8.254,8.254,8.000,0,0.143,6.826,0.063,0.727,1.472,0.010,1,1,1594,5755,8,250488,1644,745,873,12962,44,0,44,1,16777216,1590,0.203,0,0.294
1,1593,17323.595,level1,0,1024,640,9.377,1,7.797,7.797,8.000,0,0.140,6.904,0.072,0.706,1.437,0.010,1,1,1594,5755,8,250488,1644,745,873,12970,44,0,44,1,16777216,1591,0.184,0,0.257
1,1594,17331.157,level1,0,1024,640,7.452,1,9.390,9.390,9.000,0,0.118,6.819,0.265,0.716,1.431,0.009,1,1,1594,5755,8,250488,1644,745,873,12978,44,0,44,1,16777216,1592,0.197,0,0.182
1,1595,17339.114,level1,0,1024,640,7.613,1,7.688,7.688,8.000,0,0.213,7.361,0.068,0.715,1.474,0.012,1,1,1594,5755,8,250488,1644,745,873,12986,44,0,44,1,16777216,1593,0.180,0,0.308
1,1596,17348.362,level1,0,1024,640,9.667,1,7.836,7.836,8.000,0,0.138,6.916,0.094,0.730,1.447,0.009,1,1,1594,5755,8,250488,1644,745,873,12994,44,0,44,1,16777216,1594,0.212,0,0.187
1,1597,17357.118,level1,0,1024,640,7.810,1,9.385,9.385,10.000,0,0.187,7.861,0.094,1.262,2.329,0.016,1,1,1594,5755,8,250488,1644,745,873,13002,44,0,44,1,16777216,1595,0.201,0,0.324
1,1598,17364.766,level1,0,1024,640,8.376,1,8.639,8.639,8.000,0,0.205,6.809,0.418,0.705,1.470,0.010,1,1,1594,5755,8,250488,1644,745,873,13010,44,0,44,1,16777216,1596,0.191,0,0.208
1,1599,17373.624,level1,0,1024,640,7.684,1,7.764,7.764,8.000,0,0.127,8.330,0.073,0.887,1.644,0.010,1,1,1591,5738,8,249968,1644,746,872,13018,44,0,44,1,16777216,1597,0.201,0,0.323
1,1600,17384.427,level1,0,1024,640,11.655,1,8.732,8.732,9.000,0,0.122,7.467,0.083,0.844,1.576,0.010,1,1,1596,5753,8,250728,1644,745,873,13026,44,0,44,1,16777216,1598,0.211,0,0.197
1,1601,17392.571,level1,0,1024,640,8.728,1,10.795,10.795,10.000,0,0.139,6.895,0.071,0.833,1.579,0.011,1,1,1601,5768,8,251488,1644,744,874,13034,44,0,44,1,16777216,1599,0.201,0,0.189
1,1602,17401.376,level1,0,1024,640,8.721,1,8.153,8.153,8.000,0,0.142,6.945,0.105,0.796,1.519,0.010,1,1,1601,5768,8,251488,1644,744,874,13042,44,0,44,1,16777216,1600,0.192,0,0.198
1,1603,17410.257,level1,0,1024,640,7.841,1,8.794,8.794,9.000,0,0.127,8.005,0.087,0.750,1.481,0.013,1,1,1601,5768,8,251488,1644,744,874,13050,44,0,44,1,16777216,1601,0.202,0,0.186
1,1604,17418.559,level1,0,1024,640,8.607,1,9.008,9.008,10.000,0,0.195,7.718,0.070,0.834,1.549,0.010,1,1,1601,5768,8,251488,1644,744,874,13058,44,0,44,1,16777216,1602,0.216,0,0.313
1,1605,17426.564,level1,0,1024,640,8.495,1,8.292,8.292,7.000,0,0.395,7.241,0.057,0.694,1.413,0.008,1,1,1586,5738,8,249328,1644,759,859,13066,44,0,44,1,16777216,1603,0.199,0,0.303
1,1606,17439.187,level1,0,1024,640,10.128,1,7.955,7.955,8.000,0,0.227,9.652,0.139,0.719,1.465,0.010,1,1,1582,5712,8,248608,1644,760,858,13074,44,0,44,1,16777216,1604,0.198,0,0.254
1,1607,17450.654,level1,0,1024,640,10.611,1,12.646,12.646,13.000,0,0.192,10.544,0.102,1.149,2.363,0.014,1,1,1587,5727,8,249368,1644,759,859,13082,44,0,44,1,16777216,1605,0.181,0,0.276
1,1608,17459.788,level1,0,1024,640,11.834,1,11.463,11.463,12.000,0,0.211,7.870,0.076,0.925,1.906,0.012,1,1,1587,5727,8,249368,1644,759,859,13090,44,0,44,1,16777216,1606,0.135,0,0.272
1,1609,17468.706,level1,0,1024,640,9.891,1,9.151,9.151,9.000,0,0.277,6.905,0.070,0.792,1.542,0.010,1,1,1582,5712,8,248608,1644,760,858,13098,44,0,44,1,16777216,1607,0.135,0,0.289
1,1610,17476.975,level1,0,1024,640,7.727,1,8.819,8.819,9.000,0,0.126,7.410,0.107,0.883,1.676,0.012,1,1,1587,5727,8,249368,1644,759,859,13106,44,0,44,1,16777216,1608,0.144,0,0.191
1,1611,17484.480,level1,0,1024,640,8.028,1,8.369,8.369,8.000,0,0.213,6.918,0.073,0.717,1.450,0.030,1,1,1587,5727,8,249368,1644,759,859,13114,44,0,44,1,16777216,1609,0.133,0,0.289
1,1612,17493.644,level1,0,1024,640,8.691,1,7.473,7.473,7.000,0,0.197,7.405,0.062,0.926,1.706,0.009,1,1,1587,5727,8,249368,1644,759,859,13122,44,0,44,1,16777216,1610,0.151,0,0.257
1,1613,17501.618,level1,0,1024,640,8.660,1,9.103,9.103,9.000,0,0.286,6.724,0.055,0.724,1.432,0.008,1,1,1587,5727,8,249368,1644,759,859,13130,44,0,44,1,16777216,1611,0.154,0,0.196
1,1614,17508.888,level1,0,1024,640,7.090,1,7.964,7.964,9.000,0,0.118,6.884,0.075,0.727,1.521,0.010,1,1,1587,5727,8,249368,1644,759,859,13138,44,0,44,1,16777216,1612,0.138,0,0.188
1,1615,17516.175,level1,0,1024,640,7.386,1,7.308,7.308,7.000,0,0.195,6.809,0.053,0.796,1.544,0.008,1,1,1587,5727,8,249368,1644,759,859,13146,44,0,44,1,16777216,1613,0.148,0,0.226
1,1616,17525.938,level1,0,1024,640,9.092,1,7.309,7.309,7.000,0,0.118,7.459,0.073,1.006,1.744,0.009,1,1,1587,5727,8,249368,1644,759,859,13154,44,0,44,1,16777216,1614,0.147,0,0.247
1,1617,17533.778,level1,0,1024,640,8.341,1,9.712,9.712,9.000,0,0.201,6.964,0.067,0.720,1.486,0.011,1,1,1587,5727,8,249368,1644,759,859,13162,44,0,44,1,16777216,1615,0.133,0,0.196
1,1618,17542.292,level1,0,1024,640,8.325,1,7.833,7.833,8.000,0,0.135,7.125,0.095,0.792,1.804,0.012,1,1,1594,5741,8,250376,1644,752,866,13170,44,0,44,1,16777216,1616,0.152,0,0.190
1,1619,17551.627,level1,0,1024,640,9.599,1,8.714,8.714,10.000,0,0.158,6.899,0.057,0.764,1.482,0.008,1,1,1589,5726,8,249616,1644,753,865,13178,44,0,44,1,16777216,1617,0.146,0,0.390
1,1620,17559.321,level1,0,1024,640,7.859,1,9.122,9.122,8.000,0,0.187,6.739,0.053,0.767,1.479,0.008,1,1,1584,5711,8,248856,1644,754,864,13186,44,0,44,1,16777216,1618,0.133,0,0.178
1,1621,17567.239,level1,0,1024,640,7.097,1,7.698,7.698,9.000,0,0.119,6.993,0.618,0.738,1.476,0.010,1,1,1584,5711,8,248856,1644,754,864,13194,44,0,44,1,16777216,1619,0.147,0,0.181
1,1622,17577.813,level1,0,1024,640,10.972,1,8.106,8.106,7.000,0,0.375,7.149,0.065,0.776,1.504,0.010,1,1,1584,5711,8,248856,1644,754,864,13202,44,0,44,1,16777216,1620,0.137,0,0.368
1,1623,17586.005,level1,0,1024,640,8.287,1,10.389,10.389,11.000,0,0.122,7.051,0.068,0.764,1.501,0.011,1,1,1584,5711,8,248856,1644,754,864,13210,44,0,44,1,16777216,1621,0.147,0,0.185
1,1624,17593.912,level1,0,1024,640,8.036,1,8.210,8.210,7.000,0,0.125,6.925,0.066,0.751,1.534,0.009,1,1,1584,5711,8,248856,1644,754,864,13218,44,0,44,1,16777216,1622,0.134,0,0.203
1,1625,17604.131,level1,0,1024,640,9.489,1,8.087,8.087,8.000,0,0.122,7.609,0.111,1.076,2.330,0.009,1,1,1579,5696,8,248096,1546,658,863,13226,44,0,44,1,16777216,1623,0.151,0,0.382
1,1626,17611.645,level1,0,1024,640,8.615,1,10.037,10.037,11.000,0,0.124,6.518,0.101,0.750,1.482,0.015,1,1,1584,5711,8,248856,1546,657,864,13234,44,0,44,1,16777216,1624,0.145,0,0.201
1,1627,17620.175,level1,0,1024,640,6.980,1,7.530,7.530,7.000,0,0.140,8.096,0.073,0.838,1.562,0.009,1,1,1567,5677,8,246408,1482,611,847,13242,44,0,44,1,16777216,1625,0.150,0,0.216
1,1628,17627.029,level1,0,1024,640,8.518,1,8.504,8.504,9.000,0,0.153,6.274,0.231,0.728,1.435,0.008,1,1,1567,5677,8,246408,1402,532,847,13250,44,0,44,1,16777216,1626,0.156,0,0.190
1,1629,17635.929,level1,0,1024,640,6.944,1,6.906,6.906,8.000,0,0.189,7.767,0.692,0.821,1.664,0.013,1,1,1567,5677,8,246408,1402,532,847,13258,44,0,44,1,16777216,1627,0.148,0,0.240
1,1630,17645.010,level1,0,1024,640,10.345,1,9.013,9.013,7.000,0,0.230,7.132,0.064,0.810,1.571,0.012,1,1,1568,5679,9,246604,1402,531,848,13267,45,0,45,1,16777216,1628,0.136,0,0.354
1,1631,17656.548,level1,0,1024,640,8.090,1,8.926,8.926,10.000,0,0.164,10.546,0.099,1.201,2.292,0.020,1,1,1568,5679,9,246604,1402,531,848,13276,45,0,45,1,16777216,1629,0.147,0,0.200
1,1632,17666.686,level1,0,1024,640,11.542,1,11.656,11.656,12.000,0,0.226,8.959,0.281,1.067,1.891,0.014,1,1,1568,5679,9,246604,1402,531,848,13285,45,0,45,1,16777216,1630,0.200,0,0.317
1,1633,17675.598,level1,0,1024,640,11.530,1,10.061,10.061,10.000,0,0.157,6.559,0.064,0.779,1.512,0.011,1,1,1578,5742,9,248388,1402,529,850,13294,45,0,45,1,16777216,1631,0.205,0,0.241
1,1634,17684.336,level1,0,1024,640,8.139,1,8.881,8.881,9.000,0,0.134,7.158,0.065,0.883,1.601,0.010,1,1,1578,5742,9,248388,1402,529,850,13303,45,0,45,1,16777216,1632,0.205,0,0.210
1,1635,17692.853,level1,0,1024,640,8.694,1,8.714,8.714,8.000,0,0.174,6.983,0.062,0.736,2.082,0.012,1,1,1583,5757,9,249148,1402,528,851,13312,45,0,45,1,16777216,1633,0.185,0,0.186
1,1636,17703.678,level1,0,1024,640,11.169,1,9.231,9.231,9.000,0,0.169,6.632,0.070,0.797,1.613,0.011,1,1,1583,5757,9,249148,1402,528,851,13321,45,0,45,1,16777216,1634,0.216,0,0.899
1,1637,17712.961,level1,0,1024,640,9.176,1,10.146,10.146,11.000,0,0.202,6.719,0.089,0.772,1.701,0.012,1,1,1583,5757,9,249148,1402,528,851,13330,45,0,45,1,16777216,1635,0.184,0,0.219
1,1638,17720.653,level1,0,1024,640,8.043,1,9.276,9.276,9.000,0,0.135,6.390,0.065,0.741,1.447,0.009,1,1,1575,5718,9,247812,1402,530,849,13339,45,0,45,1,16777216,1636,0.183,0,0.213
1,1639,17729.637,level1,0,1024,640,8.098,1,7.709,7.709,8.000,0,0.132,6.628,0.714,0.782,1.595,0.012,1,1,1581,5730,9,248676,1402,524,855,13348,45,0,45,1,16777216,1637,0.769,0,0.231
1,1640,17736.891,level1,0,1024,640,7.696,1,8.944,8.944,9.000,0,0.156,6.828,0.073,0.793,1.691,0.011,1,1,1576,5682,9,247652,1402,525,854,13357,45,0,45,1,16777216,1638,0.211,0,0.190
1,1641,17746.879,level1,0,1024,640,9.507,1,7.280,7.280,7.000,0,0.161,7.280,0.103,0.730,2.259,0.012,1,1,1576,5682,9,247652,1402,525,854,13366,45,0,45,1,16777216,1639,0.186,0,0.217
1,1642,17756.279,level1,0,1024,640,8.266,1,10.000,10.000,10.000,0,0.125,7.707,0.809,1.179,2.256,0.010,1,1,1576,5682,9,247652,1402,525,854,13375,45,0,45,1,16777216,1640,0.219,0,0.228
1,1643,17763.465,level1,0,1024,640,8.896,1,9.382,9.382,10.000,0,0.164,6.751,0.055,0.748,1.483,0.009,1,1,1576,5682,9,247652,1402,525,854,13384,45,0,45,1,16777216,1641,0.204,0,0.211
1,1644,17771.003,level1,0,1024,640,7.668,1,7.215,7.215,6.000,0,0.193,6.617,0.060,0.786,1.490,0.009,1,1,1576,5682,9,247652,1402,525,854,13393,45,0,45,1,16777216,1642,0.209,0,0.237
1,1645,17778.421,level1,0,1024,640,7.816,1,7.490,7.490,8.000,0,0.131,6.234,0.045,0.730,1.431,0.008,1,1,1576,5682,9,247652,1402,525,854,13402,45,0,45,1,16777216,1643,0.182,0,0.192
1,1646,17784.920,level1,0,1024,640,6.587,1,7.408,7.408,7.000,0,0.122,6.141,0.049,0.701,1.443,0.012,1,1,1559,5648,9,245204,1402,542,837,13411,45,0,45,1,16777216,1644,0.191,0,0.182
1,1647,17793.022,level1,0,1024,640,7.816,1,6.536,6.536,7.000,0,0.131,6.251,0.224,0.710,1.415,0.009,1,1,1559,5648,9,245204,1402,542,837,13420,45,0,45,1,16777216,1645,0.180,0,0.219
1,1648,17802.301,level1,0,1024,640,8.903,1,8.197,8.197,8.000,0,0.246,6.492,0.360,0.721,1.503,0.009,1,1,1559,5648,9,245204,1402,542,837,13429,45,0,45,1,16777216,1646,0.213,0,0.312
1,1649,17813.564,level1,0,1024,640,11.515,1,9.160,9.160,10.000,0,0.135,6.537,0.064,0.737,1.463,0.010,1,1,1564,5663,9,245964,1402,541,838,13438,45,0,45,1,16777216,1647,0.197,0,0.196
1,1650,17822.251,level1,0,1024,640,7.985,1,11.248,11.248,11.000,0,0.132,7.210,0.091,0.876,2.145,0.014,1,1,1559,5648,9,245204,1402,542,837,13447,45,0,45,1,16777216,1648,0.182,0,0.180
1,1651,17831.019,level1,0,1024,640,8.895,1,8.715,8.715,9.000,0,0.160,7.107,0.068,0.977,2.195,0.011,1,1,1564,5663,9,245964,1402,541,838,13456,45,0,45,1,16777216,1649,0.182,0,0.209
1,1652,17838.650,level1,0,1024,640,7.619,1,8.807,8.807,8.000,0,0.191,7.114,0.071,0.742,1.461,0.011,1,1,1564,5663,9,245964,1402,541,838,13465,45,0,45,1,16777216,1650,0.214,0,0.246
1,1653,17848.979,level1,0,1024,640,8.623,1,7.579,7.579,7.000,0,0.130,8.789,0.103,1.266,1.986,0.012,1,1,1564,5663,9,245964,1402,541,838,13474,45,0,45,1,16777216,1651,0.254,0,0.196
1,1654,17857.303,level1,0,1024,640,10.164,1,10.333,10.333,11.000,0,0.150,6.994,0.059,0.728,1.911,0.012,1,1,1564,5663,9,245964,1402,541,838,13483,45,0,45,1,16777216,1652,0.198,0,0.199
1,1655,17865.810,level1,0,1024,640,8.600,1,8.317,8.317,9.000,0,0.143,6.885,0.074,0.740,1.924,0.019,1,1,1569,5678,9,246724,1402,540,839,13492,45,0,45,1,16777216,1653,0.199,0,0.192
1,1656,17873.945,level1,0,1024,640,8.158,1,8.500,8.500,8.000,0,0.157,6.877,0.061,0.734,1.948,0.012,1,1,1564,5663,9,245964,1402,541,838,13501,45,0,45,1,16777216,1654,0.189,0,0.186
1,1657,17882.208,level1,0,1024,640,7.873,1,8.149,8.149,8.000,0,0.143,7.222,0.105,0.881,2.136,0.016,1,1,1569,5673,9,246684,1402,536,843,13510,45,0,45,1,16777216,1655,0.179,0,0.199
1,1658,17891.263,level1,0,1024,640,9.090,1,8.310,8.310,8.000,0,0.140,7.181,0.112,0.736,2.146,0.042,1,1,1569,5673,9,246684,1402,536,843,13519,45,0,45,1,16777216,1656,0.186,0,0.246
1,1659,17899.685,level1,0,1024,640,7.739,1,9.098,9.098,9.000,0,0.152,7.902,0.074,0.781,1.978,0.012,1,1,1574,5688,9,247444,1402,535,844,13528,45,0,45,1,16777216,1657,0.202,0,0.288
1,1660,17907.551,level1,0,1024,640,8.340,1,8.353,8.353,9.000,0,0.139,7.442,0.060,0.734,1.775,0.011,1,1,1569,5673,9,246684,1402,536,843,13537,45,0,45,1,16777216,1658,0.267,0,0.219
1,1661,17916.740,level1,0,1024,640,9.232,1,7.859,7.859,8.000,0,0.199,7.385,0.073,0.788,1.786,0.011,1,1,1569,5673,9,246684,1402,536,843,13546,45,0,45,1,16777216,1659,0.463,0,0.211
1,1662,17924.704,level1,0,1024,640,7.912,1,9.274,9.274,9.000,0,0.151,6.979,0.525,0.729,1.610,0.023,1,1,1564,5658,9,245924,1335,471,842,13555,45,0,45,1,16777216,1660,0.267,0,0.296
1,1663,17933.038,level1,0,1024,640,8.177,1,8.062,8.062,8.000,0,0.263,7.587,0.080,0.804,1.969,0.012,1,1,1564,5658,9,245924,1335,471,842,13564,45,0,45,1,16777216,1661,0.252,0,0.397
1,1664,17942.350,level1,0,1024,640,8.725,1,8.142,8.142,8.000,0,0.139,8.185,0.069,0.948,1.702,0.010,1,1,1547,5624,9,243476,1335,488,825,13573,45,0,45,1,16777216,1662,0.258,0,0.203
1,1665,17949.529,level1,0,1024,640,8.611,1,9.320,9.320,9.000,0,0.138,6.776,0.048,0.715,1.668,0.009,1,1,1547,5624,9,243476,1335,488,825,13582,45,0,45,1,16777216,1663,0.257,0,0.213
1,1666,17959.979,level1,0,1024,640,7.153,1,7.166,7.166,7.000,0,0.126,7.270,2.844,0.726,1.986,0.046,1,1,1552,5672,9,244500,1335,487,826,13591,45,0,45,1,16777216,1664,0.264,0,0.199
1,1667,17970.227,level1,0,1024,640,11.683,1,10.499,10.499,11.000,0,0.176,8.557,0.126,1.005,1.835,0.018,1,1,1557,5720,9,245524,1335,486,827,13600,45,0,45,1,16777216,1665,0.253,0,0.248
1,1668,17980.914,level1,0,1024,640,10.860,1,10.241,10.241,10.000,0,0.227,8.429,0.082,0.771,1.633,0.014,1,1,1557,5720,9,245524,1335,486,827,13609,45,0,45,1,16777216,1666,0.252,0,0.238
1,1669,17990.425,level1,0,1024,640,8.891,1,10.683,10.683,11.000,0,0.136,7.536,1.594,0.911,2.154,0.022,1,1,1562,5768,9,246548,1335,485,828,13618,45,0,45,1,16777216,1667,0.252,0,0.238
1,1670,18000.032,level1,0,1024,640,9.559,1,9.532,9.532,9.000,0,0.162,9.100,0.080,0.916,2.218,0.015,1,1,1562,5768,9,246548,1335,485,828,13627,45,0,45,1,16777216,1668,0.260,0,0.258
1,1671,18010.088,level1,0,1024,640,10.476,1,9.651,9.651,10.000,0,0.224,8.645,0.114,0.854,2.125,0.015,1,1,1562,5768,9,246548,1335,485,828,13636,45,0,45,1,16777216,1669,0.257,0,0.302
1,1672,18017.186,level1,0,1024,640,9.213,1,10.046,10.046,10.000,0,0.154,6.574,0.070,0.742,1.518,0.013,1,1,1562,5768,9,246548,1335,485,828,13645,45,0,45,1,16777216,1670,0.259,0,0.290
1,1673,18024.751,level1,0,1024,640,7.073,1,7.019,7.019,7.000,0,0.209,7.067,0.070,0.766,1.522,0.010,1,1,1562,5768,9,246548,1335,485,828,13654,45,0,45,1,16777216,1671,0.252,0,0.213
1,1674,18032.509,level1,0,1024,640,7.900,1,7.600,7.600,8.000,0,0.138,6.932,0.063,0.759,1.483,0.010,1,1,1566,5776,9,247124,1335,481,832,13663,45,0,45,1,16777216,1672,0.201,0,0.247
1,1675,18040.475,level1,0,1024,640,8.047,1,7.689,7.689,7.000,0,0.130,6.816,0.097,0.782,2.003,0.020,1,1,1561,5761,9,246364,1335,482,831,13672,45,0,45,1,16777216,1673,0.185,0,0.179
1,1676,18048.512,level1,0,1024,640,7.431,1,8.130,8.130,8.000,0,0.167,7.470,0.050,0.773,2.030,0.010,1,1,1561,5761,9,246364,1335,482,831,13681,45,0,45,1,16777216,1674,0.190,0,0.341
1,1677,18057.160,level1,0,1024,640,7.875,1,7.907,7.907,8.000,0,0.136,8.225,0.065,1.017,2.064,0.010,1,1,1561,5761,9,246364,1335,482,831,13690,45,0,45,1,16777216,1675,0.250,0,0.213
1,1678,18065.230,level1,0,1024,640,9.031,1,8.614,8.614,9.000,0,0.125,7.221,0.109,0.799,2.065,0.016,1,1,1561,5761,9,246364,1335,482,831,13699,45,0,45,1,16777216,1676,0.264,0,0.180
1,1679,18074.067,level1,0,1024,640,8.303,1,8.182,8.182,8.000,0,0.216,7.805,0.060,1.045,2.017,0.012,1,1,1561,5761,8,246312,1335,483,830,13707,45,0,45,1,16777216,1677,0.196,0,0.291
1,1680,18083.356,level1,0,1024,640,9.508,1,8.732,8.732,10.000,0,0.190,7.585,0.062,1.030,1.831,0.011,1,1,1544,5727,8,243864,1335,500,813,13715,45,0,45,1,16777216,1678,0.258,0,0.188
1,1681,18091.075,level1,0,1024,640,8.250,1,9.326,9.326,9.000,0,0.131,7.053,0.064,0.774,1.738,0.014,1,1,1544,5727,8,243864,1335,500,813,13723,45,0,45,1,16777216,1679,0.269,0,0.224
1,1682,18100.178,level1,0,1024,640,8.368,1,8.023,8.023,7.000,0,0.361,7.763,0.089,1.337,2.228,0.009,1,1,1543,5725,8,243720,1335,500,813,13731,45,0,45,1,16777216,1680,0.195,0,0.524
1,1683,18108.388,level1,0,1024,640,8.320,1,8.840,8.840,9.000,0,0.194,7.654,0.085,0.769,2.119,0.010,1,1,1543,5725,8,243720,1335,500,813,13739,45,0,45,1,16777216,1681,0.303,0,0.264
1,1684,18118.228,level1,0,1024,640,8.636,1,8.571,8.571,9.000,0,0.254,8.646,0.298,0.897,1.617,0.021,1,1,1543,5725,8,243720,1335,500,813,13747,45,0,45,1,16777216,1682,0.153,0,0.625
1,1685,18126.454,level1,0,1024,640,10.027,1,9.444,9.444,9.000,0,0.218,7.058,0.086,0.804,2.057,0.019,1,1,1543,5725,8,243720,1335,500,813,13755,45,0,45,1,16777216,1683,0.215,0,0.229
1,1686,18134.631,level1,0,1024,640,8.073,1,8.273,8.273,8.000,0,0.196,7.116,0.131,0.751,1.885,0.016,1,1,1543,5725,8,243720,1335,500,813,13763,45,0,45,1,16777216,1684,0.147,0,0.276
1,1687,18144.692,level1,0,1024,640,8.070,1,8.233,8.233,9.000,0,0.470,7.557,1.679,0.885,1.937,0.015,1,1,1543,5725,8,243720,1335,500,813,13771,45,0,45,1,16777216,1685,0.204,0,0.333
1,1688,18154.841,level1,0,1024,640,9.929,1,10.055,10.055,10.000,0,0.355,9.322,0.135,0.833,2.606,0.027,1,1,1548,5740,8,244480,1335,499,814,13779,45,0,45,1,16777216,1686,0.202,0,0.323
1,1689,18163.341,level1,0,1024,640,10.752,1,10.145,10.145,10.000,0,0.190,7.131,0.072,0.921,1.783,0.011,1,1,1553,5755,8,245240,1335,498,815,13787,45,0,45,1,16777216,1687,0.200,0,0.321
1,1690,18172.268,level1,0,1024,640,7.711,1,8.453,8.453,8.000,0,0.220,8.348,0.074,1.070,2.292,0.011,1,1,1553,5755,8,245240,1335,498,815,13795,45,0,45,1,16777216,1688,0.203,0,0.275
1,1691,18180.789,level1,0,1024,640,9.885,1,8.881,8.881,9.000,0,0.158,6.995,0.063,0.809,1.566,0.010,1,1,1556,5761,8,245672,1335,495,818,13803,45,0,45,1,16777216,1689,0.218,0,0.229
1,1692,18189.471,level1,0,1024,640,8.286,1,8.548,8.548,9.000,0,0.279,7.374,0.081,1.004,2.010,0.016,1,1,1556,5761,8,245672,1335,495,818,13811,45,0,45,1,16777216,1690,0.198,0,0.256
1,1693,18199.307,level1,0,1024,640,8.862,1,8.714,8.714,8.000,0,0.214,8.309,0.120,0.964,2.074,0.016,1,1,1556,5761,8,245672,1335,495,818,13819,45,0,45,1,16777216,1691,0.145,0,0.288
1,1694,18210.132,level1,0,1024,640,9.045,1,9.911,9.911,11.000,0,0.245,10.133,0.076,0.751,1.479,0.011,1,1,1556,5761,8,245672,1335,495,818,13827,45,0,45,1,16777216,1692,0.129,0,0.362
1,1695,18217.630,level1,0,1024,640,10.899,1,10.658,10.658,10.000,0,0.124,6.729,0.079,0.800,1.620,0.013,1,1,1556,5761,8,245672,1335,495,818,13835,45,0,45,1,16777216,1693,0.150,0,0.197
1,1696,18226.852,level1,0,1024,640,8.645,1,7.533,7.533,7.000,0,0.177,7.285,0.100,0.756,1.543,0.014,1,1,1556,5761,8,245672,1335,495,818,13843,45,0,45,1,16777216,1694,0.134,0,0.230
1,1697,18240.502,level1,0,1024,640,11.950,1,9.211,9.211,10.000,0,0.173,8.929,0.156,0.881,2.211,0.018,1,1,1539,5727,8,243224,1335,512,801,13851,45,0,45,1,16777216,1695,0.206,0,0.220
1,1698,18250.669,level1,0,1024,640,11.243,1,13.660,13.660,13.000,0,0.156,7.897,0.112,0.856,2.347,0.020,1,1,1539,5727,8,243224,1335,512,801,13859,45,0,45,1,16777216,1696,0.215,0,0.230
1,1699,18259.813,level1,0,1024,640,10.330,1,10.181,10.181,11.000,0,0.175,6.700,0.124,0.737,1.873,0.023,1,1,1539,5727,8,243224,1335,512,801,13867,45,0,45,1,16777216,1697,0.205,0,0.243
1,1700,18268.857,level1,0,1024,640,8.044,1,9.160,9.160,9.000,0,0.249,7.758,0.067,1.088,2.340,0.011,1,1,1539,5727,8,243224,1335,512,801,13875,45,0,45,1,16777216,1698,0.148,0,0.257
1,1701,18276.335,level1,0,1024,640,8.207,1,9.010,9.010,9.000,0,0.153,7.001,0.093,0.766,1.650,0.009,1,1,1539,5727,8,243224,1335,512,801,13883,45,0,45,1,16777216,1699,0.200,0,0.223
1,1702,18285.908,level1,0,1024,640,8.588,1,7.427,7.427,7.000,0,0.141,7.985,0.094,0.773,2.139,0.017,1,1,1539,5727,8,243224,1335,512,801,13891,45,0,45,1,16777216,1700,0.198,0,0.175
1,1703,18294.910,level1,0,1024,640,9.336,1,9.702,9.702,10.000,0,0.203,7.680,0.066,0.738,1.835,0.010,1,1,1539,5727,8,243224,1335,512,801,13899,45,0,45,1,16777216,1701,0.208,0,0.303
1,1704,18303.065,level1,0,1024,640,8.119,1,8.922,8.922,9.000,0,0.146,7.706,0.076,0.744,2.293,0.010,1,1,1539,5727,8,243224,1335,512,801,13907,45,0,45,1,16777216,1702,0.200,0,0.223
1,1705,18311.314,level1,0,1024,640,8.316,1,8.230,8.230,8.000,0,0.231,7.658,0.057,0.786,2.039,0.009,1,1,1539,5727,8,243224,1335,512,801,13915,45,0,45,1,16777216,1703,0.207,0,0.297
1,1706,18318.828,level1,0,1024,640,8.087,1,8.180,8.180,9.000,0,0.135,7.091,0.050,0.743,1.974,0.009,1,1,1541,5731,8,243512,1335,510,803,13923,45,0,45,1,16777216,1704,0.207,0,0.229
1,1707,18326.562,level1,0,1024,640,7.534,1,7.526,7.526,7.000,0,0.142,7.255,0.086,0.723,1.879,0.028,1,1,1541,5731,8,243512,1335,510,803,13931,45,0,45,1,16777216,1705,0.202,0,0.241
1,1708,18334.722,level1,0,1024,640,7.862,1,7.821,7.821,8.000,0,0.182,7.556,0.084,1.020,2.144,0.010,1,1,1546,5746,8,244272,1335,509,804,13939,45,0,45,1,16777216,1706,0.207,0,0.328
1,1709,18342.141,level1,0,1024,640,8.011,1,8.050,8.050,8.000,0,0.148,7.007,0.042,0.723,1.845,0.008,1,1,1546,5746,8,244272,1335,509,804,13947,45,0,45,1,16777216,1707,0.205,0,0.218
1,1710,18350.074,level1,0,1024,640,7.344,1,7.373,7.373,8.000,0,0.116,7.577,0.060,0.741,1.834,0.011,1,1,1546,5746,8,244272,1335,509,804,13955,45,0,45,1,16777216,1708,0.206,0,0.172
1,1711,18357.596,level1,0,1024,640,7.955,1,7.953,7.953,7.000,0,0.121,7.148,0.056,0.714,1.955,0.017,1,1,1546,5746,8,244272,1335,509,804,13963,45,0,45,1,16777216,1709,0.279,0,0.191
1,1712,18364.884,level1,0,1024,640,7.527,1,7.502,7.502,7.000,0,0.141,6.910,0.055,0.978,2.161,0.007,1,1,1546,5746,8,244272,1335,509,804,13971,45,0,45,1,16777216,1710,0.206,0,0.172
1,1713,18371.752,level1,0,1024,640,7.271,1,7.287,7.287,8.000,0,0.130,6.517,0.046,0.711,1.454,0.009,1,1,1529,5712,8,241824,1335,526,787,13979,45,0,45,1,16777216,1711,0.197,0,0.171
1,1714,18378.613,level1,0,1024,640,6.871,1,6.875,6.875,7.000,0,0.126,6.510,0.042,0.706,1.545,0.008,1,1,1529,5712,8,241824,1335,526,787,13987,45,0,45,1,16777216,1712,0.212,0,0.178
1,1715,18385.840,level1,0,1024,640,6.898,1,6.867,6.867,6.000,0,0.158,6.824,0.056,0.788,1.778,0.008,1,1,1529,5712,8,241824,1335,526,787,13995,45,0,45,1,16777216,1713,0.207,0,0.183
1,1716,18393.890,level1,0,1024,640,7.226,1,7.263,7.263,8.000,0,0.121,7.615,0.090,0.881,2.442,0.015,1,1,1529,5712,8,241824,1335,526,787,14003,45,0,45,1,16777216,1714,0.299,0,0.220
1,1717,18400.910,level1,0,1024,640,8.070,1,8.038,8.038,8.000,0,0.153,6.614,0.042,0.753,1.565,0.008,1,1,1529,5712,8,241824,1335,526,787,14011,45,0,45,1,16777216,1715,0.202,0,0.208
1,1718,18408.206,level1,0,1024,640,6.976,1,6.987,6.987,7.000,0,0.141,6.905,0.071,0.710,2.000,0.013,1,1,1529,5712,8,241824,1335,526,787,14019,45,0,45,1,16777216,1716,0.207,0,0.174
1,1719,18415.252,level1,0,1024,640,7.341,1,7.318,7.318,7.000,0,0.158,6.622,0.059,0.701,1.659,0.006,1,1,1529,5712,8,241824,1335,526,787,14027,45,0,45,1,16777216,1717,0.200,0,0.197
1,1720,18422.432,level1,0,1024,640,6.979,1,7.012,7.012,7.000,0,0.127,6.840,0.041,0.719,1.899,0.007,1,1,1529,5712,8,241824,1335,526,787,14035,45,0,45,1,16777216,1718,0.195,0,0.163
1,1721,18430.780,level1,0,1024,640,7.410,1,7.326,7.326,8.000,0,0.213,7.734,0.086,0.743,2.377,0.011,1,1,1529,5712,8,241824,1335,526,787,14043,45,0,45,1,16777216,1719,0.206,0,0.308
1,1722,18438.568,level1,0,1024,640,8.170,1,8.250,8.250,8.000,0,0.135,7.334,0.104,0.730,2.047,0.031,1,1,1529,5712,8,241824,1335,526,787,14051,45,0,45,1,16777216,1720,0.211,0,0.210
1,1723,18445.654,level1,0,1024,640,7.827,1,7.818,7.818,8.000,0,0.144,6.658,0.039,0.695,1.641,0.007,1,1,1529,5712,8,241824,1335,526,787,14059,45,0,45,1,16777216,1721,0.195,0,0.240
1,1724,18452.744,level1,0,1024,640,6.969,1,7.000,7.000,6.000,0,0.114,6.771,0.047,0.697,1.666,0.009,1,1,1529,5712,8,241824,1335,526,787,14067,45,0,45,1,16777216,1722,0.194,0,0.155
1,1725,18460.745,level1,0,1024,640,7.422,1,7.145,7.145,7.000,0,0.386,7.285,0.109,0.734,1.777,0.026,1,1,1529,5712,8,241824,1335,526,787,14075,45,0,45,1,16777216,1723,0.206,0,0.210
1,1726,18468.320,level1,0,1024,640,7.806,1,8.026,8.026,8.000,0,0.165,7.108,0.057,0.840,1.991,0.012,1,1,1530,5714,8,241968,1335,525,788,14083,45,0,45,1,16777216,1724,0.225,0,0.233
1,1727,18476.292,level1,0,1024,640,7.545,1,7.567,7.567,8.000,0,0.145,7.502,0.091,0.714,1.823,0.012,1,1,1530,5714,8,241968,1335,525,788,14091,45,0,45,1,16777216,1725,0.211,0,0.225
1,1728,18483.466,level1,0,1024,640,7.948,1,7.951,7.951,8.000,0,0.144,6.769,0.049,0.706,1.649,0.010,1,1,1530,5714,8,241968,1335,525,788,14099,45,0,45,1,16777216,1726,0.208,0,0.205
1,1729,18492.088,level1,0,1024,640,7.287,1,7.303,7.303,8.000,0,0.129,8.034,0.117,0.755,2.327,0.013,1,1,1530,5714,8,241968,1335,525,788,14107,45,0,45,1,16777216,1727,0.208,0,0.334
1,1730,18499.876,level1,0,1024,640,8.622,1,8.594,8.594,9.000,0,0.155,7.254,0.065,0.741,1.719,0.012,1,1,1530,5714,8,241968,1335,525,788,14115,45,0,45,1,16777216,1728,0.201,0,0.305
1,1731,18507.410,level1,0,1024,640,7.671,1,7.703,7.703,7.000,0,0.126,7.115,0.067,0.741,1.515,0.010,1,1,1530,5714,8,241968,1335,525,788,14123,45,0,45,1,16777216,1729,0.200,0,0.221
1,1732,18515.449,level1,0,1024,640,7.625,1,7.602,7.602,8.000,0,0.149,7.422,0.172,0.798,1.902,0.058,1,1,1513,5680,8,239520,1335,542,771,14131,45,0,45,1,16777216,1730,0.239,0,0.286
1,1733,18523.812,level1,0,1024,640,8.104,1,8.028,8.028,7.000,0,0.223,7.778,0.076,0.750,1.525,0.013,1,1,1513,5680,8,239520,1335,542,771,14139,45,0,45,1,16777216,1731,0.208,0,0.277
1,1734,18530.996,level1,0,1024,640,8.288,1,8.287,8.287,9.000,0,0.226,6.700,0.051,0.712,1.565,0.009,1,1,1513,5680,8,239520,1335,542,771,14147,45,0,45,1,16777216,1732,0.193,0,0.203
1,1735,18539.033,level1,0,1024,640,7.218,1,7.240,7.240,7.000,0,0.204,7.430,0.138,0.745,1.707,0.010,1,1,1513,5680,8,239520,1335,542,771,14155,45,0,45,1,16777216,1733,0.210,0,0.258
1,1736,18546.723,level1,0,1024,640,8.415,1,8.405,8.405,8.000,0,0.215,6.769,0.048,0.915,1.660,0.008,1,1,1513,5680,8,239520,1335,542,771,14163,45,0,45,1,16777216,1734,0.192,0,0.622
1,1737,18555.021,level1,0,1024,640,7.696,1,7.520,7.520,8.000,0,0.386,7.375,0.070,0.719,1.650,0.011,1,1,1513,5680,8,239520,1335,542,771,14171,45,0,45,1,16777216,1735,0.201,0,0.452
1,1738,18562.070,level1,0,1024,640,7.785,1,8.044,8.044,8.000,0,0.133,6.664,0.045,0.728,1.691,0.008,1,1,1513,5680,8,239520,1335,542,771,14179,45,0,45,1,16777216,1736,0.197,0,0.202
1,1739,18570.459,level1,0,1024,640,7.356,1,7.056,7.056,7.000,0,0.427,7.675,0.067,0.744,2.168,0.011,1,1,1513,5680,8,239520,1335,542,771,14187,45,0,45,1,16777216,1737,0.200,0,0.209
1,1740,18577.648,level1,0,1024,640,8.081,1,8.384,8.384,9.000,0,0.129,6.804,0.046,0.736,1.684,0.008,1,1,1513,5680,8,239520,1335,542,771,14195,45,0,45,1,16777216,1738,0.196,0,0.204
1,1741,18585.379,level1,0,1024,640,7.260,1,7.195,7.195,7.000,0,0.194,7.267,0.054,0.709,1.560,0.013,1,1,1513,5680,8,239520,1335,542,771,14203,45,0,45,1,16777216,1739,0.194,0,0.209
1,1742,18592.665,level1,0,1024,640,7.681,1,7.727,7.727,7.000,0,0.148,6.858,0.066,0.726,1.874,0.010,1,1,1513,5680,8,239520,1335,542,771,14211,45,0,45,1,16777216,1740,0.191,0,0.206
1,1743,18600.866,level1,0,1024,640,7.397,1,7.315,7.315,8.000,0,0.220,7.676,0.054,0.717,2.222,0.011,1,1,1513,5680,8,239520,1335,542,771,14219,45,0,45,1,16777216,1741,0.196,0,0.235
1,1744,18608.468,level1,0,1024,640,8.081,1,8.178,8.178,8.000,0,0.134,7.169,0.082,0.733,1.839,0.009,1,1,1513,5680,8,239520,1335,542,771,14227,45,0,45,1,16777216,1742,0.193,0,0.211
1,1745,18615.301,level1,0,1024,640,7.574,1,7.571,7.571,8.000,0,0.133,6.468,0.042,0.697,1.449,0.008,1,1,1513,5680,8,239520,1335,542,771,14235,45,0,45,1,16777216,1743,0.199,0,0.181
1,1746,18622.903,level1,0,1024,640,6.884,1,6.815,6.815,6.000,0,0.205,7.180,0.049,0.732,1.886,0.008,1,1,1513,5680,8,239520,1335,542,771,14243,45,0,45,1,16777216,1744,0.193,0,0.163
1,1747,18630.984,level1,0,1024,640,7.622,1,7.666,7.666,8.000,0,0.152,7.627,0.060,0.765,2.194,0.011,1,1,1513,5680,8,239520,1335,542,771,14251,45,0,45,1,16777216,1745,0.199,0,0.226
1,1748,18639.319,level1,0,1024,640,8.131,1,8.059,8.059,8.000,0,0.227,7.820,0.071,0.759,1.983,0.012,1,1,1513,5680,8,239520,1335,542,771,14259,45,0,45,1,16777216,1746,0.193,0,0.204
1,1749,19120.529,level1,0,1280,729,452.689,1,8.360,8.360,8.000,0,0.126,9.186,27.206,0.944,2.390,0.015,1,1,1766,6462,8,278160,1481,525,932,14267,45,0,45,1,16777216,1747,0.193,0,0.229
1,1750,19132.726,level1,0,1280,729,39.383,1,483.602,483.602,50.000,1,0.180,9.126,0.102,0.977,2.199,0.016,1,1,1766,6462,8,278160,1481,525,932,14275,45,0,45,1,16777216,1748,0.215,0,2.621
1,1751,19141.498,level1,0,1280,729,9.619,1,9.808,9.808,10.000,0,0.153,8.275,0.105,0.857,2.051,0.031,1,1,1766,6462,8,278160,1481,525,932,14283,45,0,45,1,16777216,1749,0.324,0,0.230
1,1752,19150.598,level1,0,1280,729,8.886,1,8.863,8.863,8.000,0,0.173,8.522,0.073,0.862,1.731,0.011,1,1,1766,6462,8,278160,1481,525,932,14291,45,0,45,1,16777216,1750,0.261,0,0.321
1,1753,19159.844,level1,0,1280,729,8.968,1,8.984,8.984,10.000,0,0.157,8.733,0.138,0.865,2.175,0.011,1,1,1766,6462,8,278160,1481,525,932,14299,45,0,45,1,16777216,1751,0.243,0,0.206
1,1754,19169.222,level1,0,1280,729,9.223,1,9.245,9.245,9.000,0,0.135,8.941,0.086,0.946,1.815,0.011,1,1,1766,6462,8,278160,1481,525,932,14307,45,0,45,1,16777216,1752,0.241,0,0.204
1,1755,19178.977,level1,0,1280,729,9.373,1,9.375,9.375,9.000,0,0.135,9.257,0.151,0.860,2.849,0.040,1,1,1766,6462,7,278108,1479,525,931,14314,45,0,45,1,16777216,1753,0.248,0,0.202
1,1756,19187.115,level1,0,1280,729,10.002,1,9.914,9.914,10.000,0,0.219,7.503,0.042,0.851,1.677,0.008,1,1,1766,6462,7,278108,1479,525,931,14321,45,0,45,1,16777216,1754,0.245,0,0.359
1,1757,19195.807,level1,0,1280,729,7.887,1,7.956,7.956,8.000,0,0.152,8.297,0.054,0.858,1.784,0.010,1,1,1766,6462,7,278108,1479,525,931,14328,45,0,45,1,16777216,1755,0.243,0,0.180
1,1758,19204.132,level1,0,1280,729,8.675,1,8.710,8.710,8.000,0,0.118,7.955,0.047,0.922,1.904,0.009,1,1,1745,6420,7,275084,1479,546,910,14335,45,0,45,1,16777216,1756,0.240,0,0.198
1,1759,19212.180,level1,0,1280,729,8.288,1,8.295,8.295,9.000,0,0.114,7.686,0.073,0.860,2.015,0.009,1,1,1745,6420,7,275084,1479,546,910,14342,45,0,45,1,16777216,1757,0.241,0,0.167
1,1760,19220.567,level1,0,1280,729,8.137,1,8.101,8.101,9.000,0,0.148,7.967,0.044,0.857,1.745,0.009,1,1,1745,6420,7,275084,1479,546,910,14349,45,0,45,1,16777216,1758,0.250,0,0.220
1,1761,19229.692,level1,0,1280,729,8.301,1,8.336,8.336,8.000,0,0.116,8.720,0.114,0.983,2.260,0.013,1,1,1745,6420,7,275084,1479,546,910,14356,45,0,45,1,16777216,1759,0.248,0,0.170
1,1762,19238.657,level1,0,1280,729,9.170,1,9.159,9.159,8.000,0,0.127,8.466,0.161,0.847,2.843,0.039,1,1,1745,6420,7,275084,1479,546,910,14363,45,0,45,1,16777216,1760,0.221,0,0.202
1,1763,19247.871,level1,0,1280,729,9.391,1,9.205,9.205,10.000,0,0.308,8.326,0.127,0.863,1.804,0.016,1,1,1745,6420,7,275084,1479,546,910,14370,45,0,45,1,16777216,1761,0.250,0,0.439
1,1764,19258.057,level1,0,1280,729,8.997,1,9.069,9.069,9.000,0,0.241,9.570,0.072,0.869,2.312,0.012,1,1,1745,6420,7,275084,1479,546,910,14377,45,0,45,1,16777216,1762,0.245,0,0.296
1,1765,19267.696,level1,0,1280,729,10.093,1,10.135,10.135,10.000,0,0.196,9.066,0.120,0.865,1.895,0.017,1,1,1745,6420,7,275084,1479,546,910,14384,45,0,45,1,16777216,1763,0.246,0,0.245
1,1766,19277.140,level1,0,1280,729,9.609,1,9.641,9.641,10.000,0,0.166,8.949,0.070,0.996,2.439,0.013,1,1,1745,6420,7,275084,1479,546,910,14391,45,0,45,1,16777216,1764,0.237,0,0.247
1,1767,19286.340,level1,0,1280,729,9.559,1,9.438,9.438,9.000,0,0.277,8.500,0.163,1.034,2.793,0.040,1,1,1745,6420,7,275084,1479,546,910,14398,45,0,45,1,16777216,1765,0.258,0,0.241
1,1768,19296.117,level1,0,1280,729,9.283,1,9.331,9.331,10.000,0,0.237,9.106,0.052,0.872,2.072,0.012,1,1,1745,6420,7,275084,1479,546,910,14405,45,0,45,1,16777216,1766,0.246,0,0.364
1,1769,19306.289,level1,0,1280,729,9.605,1,9.581,9.581,9.000,0,0.257,9.668,0.056,0.865,2.147,0.010,1,1,1745,6420,7,275084,1479,546,910,14412,45,0,45,1,16777216,1767,0.246,0,0.178
1,1770,19315.803,level1,0,1280,729,10.270,1,10.324,10.324,11.000,0,0.202,8.902,0.066,0.940,2.507,0.015,1,1,1745,6420,7,275084,1479,546,910,14419,45,0,45,1,16777216,1768,0.233,0,0.329
1,1771,19325.686,level1,0,1280,729,9.500,1,9.472,9.472,9.000,0,0.237,9.258,0.093,1.376,2.349,0.011,1,1,1745,6420,7,275084,1479,546,910,14426,45,0,45,1,16777216,1769,0.250,0,0.286
1,1772,19335.105,level1,0,1280,729,9.798,1,9.862,9.862,9.000,0,0.174,8.766,0.203,0.887,2.262,0.038,1,1,1745,6420,7,275084,1479,546,910,14433,45,0,45,1,16777216,1770,0.241,0,0.263
1,1773,19344.675,level1,0,1280,729,10.003,1,9.902,9.902,10.000,0,0.269,8.486,0.053,0.857,2.199,0.009,1,1,1745,6420,7,275084,1479,546,910,14440,45,0,45,1,16777216,1771,0.259,0,0.741
1,1774,19354.803,level1,0,1280,729,9.098,1,9.133,9.133,10.000,0,0.238,9.501,0.068,0.933,2.333,0.012,1,1,1724,6378,7,272060,1479,567,889,14447,45,0,45,1,16777216,1772,0.262,0,0.311
1,1775,19364.282,level1,0,1280,729,10.011,1,10.088,10.088,10.000,0,0.165,8.960,0.074,0.931,2.230,0.012,1,1,1724,6378,7,272060,1479,567,889,14454,45,0,45,1,16777216,1773,0.240,0,0.271
1,1776,19373.289,level1,0,1280,729,9.407,1,9.409,9.409,10.000,0,0.162,8.584,0.054,0.918,2.735,0.010,1,1,1724,6378,7,272060,1479,567,889,14461,45,0,45,1,16777216,1774,0.244,0,0.201
1,1777,19381.929,level1,0,1280,729,8.995,1,8.986,8.986,8.000,0,0.171,8.060,0.218,0.844,2.192,0.018,1,1,1724,6378,7,272060,1479,567,889,14468,45,0,45,1,16777216,1775,0.243,0,0.180
1,1778,19393.203,level1,0,1280,729,8.996,1,8.965,8.965,9.000,0,0.199,10.454,0.104,0.927,2.360,0.015,1,1,1724,6378,7,272060,1479,567,889,14475,45,0,45,1,16777216,1776,0.234,0,0.502
1,1779,19405.198,level1,0,1280,729,12.866,1,11.289,11.289,12.000,0,0.256,9.525,0.157,0.868,2.511,0.030,1,1,1724,6378,7,272060,1479,567,889,14482,45,0,45,1,16777216,1777,0.235,0,0.515
1,1780,19416.397,level1,0,1280,729,11.328,1,11.767,11.767,12.000,0,0.168,9.441,0.117,0.897,1.912,0.021,1,1,1724,6378,7,272060,1479,567,889,14489,45,0,45,1,16777216,1778,0.248,0,0.294
1,1781,19431.774,level1,0,1280,729,12.024,1,11.265,11.265,10.000,0,0.253,12.802,0.107,1.597,3.506,0.023,1,1,1724,6378,7,272060,1479,567,889,14496,45,0,45,1,16777216,1779,0.245,0,0.357
1,1782,19443.253,level1,0,1280,729,14.618,1,15.382,15.382,16.000,0,0.271,9.586,0.185,0.944,2.102,0.015,1,1,1724,6378,7,272060,1479,567,889,14503,45,0,45,1,16777216,1780,0.255,0,0.364
1,1783,19454.634,level1,0,1280,729,12.148,1,11.606,11.606,11.000,0,0.283,8.889,0.117,0.880,2.087,0.021,1,1,1724,6378,7,272060,1479,567,889,14510,45,0,45,1,16777216,1781,0.243,0,0.490
1,1784,19471.118,level1,0,1280,729,14.110,1,11.322,11.322,12.000,0,0.301,11.236,0.142,1.084,2.328,0.022,1,1,1724,6378,7,272060,1479,567,889,14517,45,0,45,1,16777216,1782,0.243,0,0.432
1,1785,19483.388,level1,0,1280,729,14.026,1,16.389,16.389,16.000,0,0.154,9.491,0.132,0.985,2.639,0.021,1,1,1724,6378,7,272060,1479,567,889,14524,45,0,45,1,16777216,1783,0.254,0,0.337
1,1786,19497.118,level1,0,1280,729,11.829,1,12.163,12.163,12.000,0,0.149,11.393,0.130,0.924,2.495,0.023,1,1,1724,6378,7,272060,1479,567,889,14531,45,0,45,1,16777216,1784,0.246,0,0.229
1,1787,19508.200,level1,0,1280,729,13.138,1,13.806,13.806,15.000,0,0.147,9.371,0.097,0.920,2.419,0.018,1,1,1724,6378,7,272060,1479,567,889,14538,45,0,45,1,16777216,1785,0.263,0,0.305
1,1788,19519.584,level1,0,1280,729,11.058,1,11.078,11.078,10.000,0,0.207,9.377,0.416,0.939,2.432,0.021,1,1,1724,6378,7,272060,1479,567,889,14545,45,0,45,1,16777216,1786,0.231,0,0.301
1,1789,19529.588,level1,0,1280,729,11.225,1,11.428,11.428,11.000,0,0.202,8.500,0.072,0.880,1.915,0.015,1,1,1724,6378,7,272060,1479,567,889,14552,45,0,45,1,16777216,1787,0.258,0,0.343
1,1790,19540.391,level1,0,1280,729,10.132,1,9.879,9.879,10.000,0,0.128,9.151,0.091,1.117,2.513,0.014,1,1,1724,6378,7,272060,1479,567,889,14559,45,0,45,1,16777216,1788,0.244,0,0.222
1,1791,19550.697,level1,0,1280,729,11.072,1,10.810,10.810,12.000,0,0.214,8.403,0.076,0.843,1.770,0.016,1,1,1724,6378,7,272060,1479,567,889,14566,45,0,45,1,16777216,1789,0.239,0,0.228
1,1792,19561.745,level1,0,1280,729,10.204,1,10.372,10.372,9.000,0,0.222,9.237,0.085,0.917,1.993,0.014,1,1,1724,6378,7,272060,1479,567,889,14573,45,0,45,1,16777216,1790,0.244,0,0.293
1,1793,19572.433,level1,0,1280,729,11.378,1,10.994,10.994,12.000,0,0.141,8.548,0.084,0.876,1.995,0.017,1,1,1724,6378,7,272060,1479,567,889,14580,45,0,45,1,16777216,1791,0.251,0,0.239
1,1794,19582.774,level1,0,1280,729,10.480,1,10.678,10.678,10.000,0,0.202,8.411,0.082,1.123,2.250,0.013,1,1,1703,6336,7,269036,1479,588,868,14587,45,0,45,1,16777216,1792,0.249,0,0.229
1,1795,19593.073,level1,0,1280,729,10.152,1,10.361,10.361,11.000,0,0.151,8.485,0.154,0.842,2.127,0.026,1,1,1703,6336,7,269036,1479,588,868,14594,45,0,45,1,16777216,1793,0.338,0,0.250
1,1796,19604.456,level1,0,1280,729,11.249,1,10.628,10.628,10.000,0,0.185,8.667,0.104,0.855,1.741,0.014,1,1,1703,6336,7,269036,1479,588,868,14601,45,0,45,1,16777216,1794,0.240,0,0.574
1,1797,19614.950,level1,0,1280,729,11.132,1,11.153,11.153,11.000,0,0.199,8.066,0.071,1.018,1.846,0.012,1,1,1703,6336,7,269036,1479,588,868,14608,45,0,45,1,16777216,1795,0.255,0,0.343
1,1798,19624.745,level1,0,1280,729,9.207,1,10.367,10.367,11.000,0,0.199,8.662,0.062,1.275,2.588,0.012,1,1,1703,6336,7,269036,1479,588,868,14615,45,0,45,1,16777216,1796,0.224,0,0.221
1,1799,19633.553,level1,0,1280,729,9.080,1,9.796,9.796,10.000,0,0.127,8.391,0.061,0.847,1.835,0.010,1,1,1703,6336,7,269036,1479,588,868,14622,45,0,45,1,16777216,1797,0.311,0,0.224
1,1800,19642.705,level1,0,1280,729,8.890,1,8.824,8.824,9.000,0,0.191,8.661,0.053,0.857,2.556,0.011,1,1,1703,6336,7,269036,1479,588,868,14629,45,0,45,1,16777216,1798,0.236,0,0.239
1,1801,19651.446,level1,0,1280,729,9.081,1,9.132,9.132,9.000,0,0.141,8.300,0.075,0.866,1.883,0.010,1,1,1703,6336,7,269036,1479,588,868,14636,45,0,45,1,16777216,1799,0.245,0,0.220
