schema,frame,elapsed_ms,scene,state,width,height,frame_interval_ms,update_calls,update_wall_sum_ms,update_wall_max_ms,simulation_sum_ms,clamped_updates,update_cpu_ms,render_cpu_ms,swap_cpu_ms,sort_cpu_ms,world_submit_cpu_ms,text_submit_cpu_ms,world_draws,text_draws,polygons,triangles,texts,instance_upload_bytes,visited_nodes,culled_branches,submitted_actors,text_cache_hits_total,text_cache_misses_total,text_cache_resets_total,text_cache_entries,atlas_count,atlas_storage_bytes,gpu_source_frame,gpu_elapsed_ms,gpu_query_skipped,previous_logger_cpu_ms
1,1,474.402,tutorial,0,1024,640,-1.000,0,0.000,0.000,0.000,0,0.000,25.989,16.646,1.376,3.522,0.013,1,1,2435,9658,5,389204,2034,909,1097,0,5,0,5,1,16777216,0,-1.000,0,0.000
1,2,490.895,tutorial,0,1024,640,46.346,1,45.857,45.857,47.000,0,0.072,12.651,0.135,1.443,3.346,0.016,1,1,2435,9658,5,389204,2034,909,1097,5,5,0,5,1,16777216,1,0.416,0,1.508
1,3,502.719,tutorial,0,1024,640,13.111,1,15.233,15.233,16.000,0,0.064,11.405,0.094,1.332,2.839,0.014,1,1,2435,9658,5,389204,2034,909,1097,10,5,0,5,1,16777216,0,-1.000,0,0.248
1,4,516.439,tutorial,0,1024,640,11.803,1,11.805,11.805,11.000,0,0.065,13.260,0.156,1.557,2.908,0.013,1,1,2435,9658,5,389204,2034,909,1097,15,5,0,5,1,16777216,2,0.306,0,0.230
1,5,530.263,tutorial,0,1024,640,13.826,1,13.753,13.753,14.000,0,0.134,13.276,0.140,1.294,3.192,0.016,1,1,2435,9658,5,389204,2034,909,1097,20,5,0,5,1,16777216,3,0.295,0,0.262
1,6,544.100,tutorial,0,1024,640,13.956,1,13.983,13.983,14.000,0,0.110,13.144,0.152,1.237,3.857,0.023,1,1,2435,9658,5,389204,2034,909,1097,25,5,0,5,1,16777216,4,0.301,0,0.412
1,7,558.504,tutorial,0,1024,640,13.735,1,13.754,13.754,14.000,0,0.085,13.719,0.245,1.285,3.191,0.033,1,1,2435,9658,5,389204,2034,909,1097,30,5,0,5,1,16777216,5,0.290,0,0.337
1,8,570.906,tutorial,0,1024,640,14.529,1,14.521,14.521,14.000,0,0.095,11.695,0.142,1.250,2.914,0.021,1,1,2435,9658,5,389204,2034,909,1097,35,5,0,5,1,16777216,6,0.309,0,0.451
1,9,582.659,tutorial,0,1024,640,12.120,1,12.170,12.170,12.000,0,0.051,11.299,0.171,1.308,2.780,0.042,1,1,2435,9658,5,389204,2034,909,1097,40,5,0,5,1,16777216,7,0.286,0,0.223
1,10,597.557,tutorial,0,1024,640,11.942,1,11.909,11.909,12.000,0,0.083,14.309,0.114,2.048,3.976,0.025,1,1,2435,9658,5,389204,2034,909,1097,45,5,0,5,1,16777216,8,0.292,0,0.372
1,11,610.791,tutorial,0,1024,640,15.077,1,14.832,14.832,15.000,0,0.089,12.408,0.175,1.274,2.686,0.019,1,1,2435,9658,5,389204,2034,909,1097,50,5,0,5,1,16777216,9,0.309,0,0.313
1,12,622.565,tutorial,0,1024,640,12.897,1,13.167,13.167,13.000,0,0.058,11.347,0.113,1.289,2.553,0.012,1,1,2435,9658,5,389204,2034,909,1097,55,5,0,5,1,16777216,10,0.303,0,0.245
1,13,635.552,tutorial,0,1024,640,11.744,1,11.750,11.750,12.000,0,0.053,12.572,0.128,1.373,3.365,0.017,1,1,2435,9658,5,389204,2034,909,1097,60,5,0,5,1,16777216,11,0.302,0,0.221
1,14,649.501,tutorial,0,1024,640,13.091,1,13.053,13.053,14.000,0,0.089,13.428,0.134,1.268,3.619,0.039,1,1,2435,9658,5,389204,2034,909,1097,65,5,0,5,1,16777216,12,0.295,0,0.287
1,15,662.622,tutorial,0,1024,640,14.096,1,14.033,14.033,13.000,0,0.153,12.446,0.135,1.343,2.789,0.014,1,1,2435,9658,5,389204,2034,909,1097,70,5,0,5,1,16777216,13,0.359,0,0.362
1,16,676.960,tutorial,0,1024,640,13.190,1,13.250,13.250,13.000,0,0.091,13.631,0.103,1.322,3.040,0.014,1,1,2435,9658,5,389204,2034,909,1097,75,5,0,5,1,16777216,14,0.289,0,0.497
1,17,693.190,tutorial,0,1024,640,14.301,1,14.286,14.286,15.000,0,0.100,15.391,0.270,1.323,3.864,0.021,1,1,2435,9658,5,389204,2034,909,1097,80,5,0,5,1,16777216,15,0.300,0,0.448
1,18,707.322,tutorial,0,1024,640,16.127,1,16.142,16.142,16.000,0,0.092,13.527,0.139,1.301,3.161,0.021,1,1,2435,9658,5,389204,2034,909,1097,85,5,0,5,1,16777216,16,0.304,0,0.359
1,19,721.605,tutorial,0,1024,640,14.111,1,14.135,14.135,13.000,0,0.070,13.545,0.290,1.421,3.723,0.034,1,1,2435,9658,5,389204,2034,909,1097,90,5,0,5,1,16777216,17,0.294,0,0.363
1,20,736.761,tutorial,0,1024,640,14.374,1,14.346,14.346,15.000,0,0.088,14.480,0.140,1.958,4.740,0.026,1,1,2435,9658,5,389204,2034,909,1097,95,5,0,5,1,16777216,18,0.304,0,0.426
1,21,755.236,tutorial,0,1024,640,15.134,1,15.119,15.119,16.000,0,0.112,17.822,0.135,2.162,4.553,0.026,1,1,2435,9658,5,389204,2034,909,1097,100,5,0,5,1,16777216,19,0.309,0,0.388
1,22,770.017,tutorial,0,1024,640,18.383,1,18.397,18.397,18.000,0,0.099,13.954,0.405,2.389,4.259,0.019,1,1,2435,9658,5,389204,2034,909,1097,105,5,0,5,1,16777216,20,0.308,0,0.311
1,23,787.313,tutorial,0,1024,640,17.853,1,14.839,14.839,15.000,0,0.091,13.659,0.145,2.104,3.895,0.016,1,1,2435,9658,5,389204,2034,909,1097,110,5,0,5,1,16777216,21,0.325,0,0.369
1,24,803.474,tutorial,0,1024,640,16.540,1,17.183,17.183,16.000,0,0.071,13.207,0.219,1.726,3.266,0.015,1,1,2435,9658,5,389204,2034,909,1097,115,5,0,5,1,16777216,22,0.323,0,0.255
1,25,839.957,tutorial,0,1024,640,35.492,1,35.473,35.473,36.000,0,0.120,14.172,0.244,1.792,3.661,0.019,1,1,2435,9658,5,389204,2034,909,1097,120,5,0,5,1,16777216,23,0.296,0,19.563
1,26,855.137,tutorial,0,1024,640,14.739,1,17.172,17.172,17.000,0,0.056,14.526,0.329,1.372,3.712,0.050,1,1,2435,9658,5,389204,2034,909,1097,125,5,0,5,1,16777216,24,0.299,0,0.257
1,27,870.586,tutorial,0,1024,640,15.872,1,15.826,15.826,17.000,0,0.096,14.313,0.120,1.402,3.138,0.017,1,1,2435,9658,5,389204,2034,909,1097,130,5,0,5,1,16777216,25,0.330,0,0.903
1,28,882.523,tutorial,0,1024,640,14.792,1,14.821,14.821,14.000,0,0.072,11.483,0.097,1.378,2.683,0.012,1,1,2435,9658,5,389204,2034,909,1097,135,5,0,5,1,16777216,26,0.303,0,0.275
1,29,895.466,tutorial,0,1024,640,11.920,1,11.939,11.939,12.000,0,0.051,12.478,0.123,1.423,3.508,0.023,1,1,2435,9658,5,389204,2034,909,1097,140,5,0,5,1,16777216,27,0.321,0,0.278
1,30,907.987,tutorial,0,1024,640,12.977,1,12.970,12.970,13.000,0,0.061,12.040,0.102,1.249,2.867,0.014,1,1,2435,9658,5,389204,2034,909,1097,145,5,0,5,1,16777216,28,0.306,0,0.304
1,31,920.150,tutorial,0,1024,640,12.592,1,12.577,12.577,12.000,0,0.073,11.628,0.089,1.234,2.915,0.014,1,1,2435,9658,5,389204,2034,909,1097,150,5,0,5,1,16777216,29,0.295,0,0.360
1,32,932.919,tutorial,0,1024,640,12.119,1,12.105,12.105,13.000,0,0.086,12.225,0.139,1.247,3.337,0.042,1,1,2435,9658,5,389204,2034,909,1097,155,5,0,5,1,16777216,30,0.299,0,0.301
1,33,945.179,tutorial,0,1024,640,12.734,1,12.751,12.751,13.000,0,0.069,11.710,0.182,1.234,2.962,0.039,1,1,2435,9658,5,389204,2034,909,1097,160,5,0,5,1,16777216,31,0.294,0,0.283
1,34,957.090,tutorial,0,1024,640,12.300,1,12.309,12.309,12.000,0,0.066,11.347,0.155,1.334,2.755,0.030,1,1,2435,9658,5,389204,2034,909,1097,165,5,0,5,1,16777216,32,0.300,0,0.334
1,35,1296.893,tutorial,0,1024,640,336.567,1,11.905,11.905,11.000,0,0.045,14.589,0.151,1.803,3.931,0.017,1,1,2435,9658,5,389204,2034,909,1097,170,5,0,5,1,16777216,33,0.287,0,0.329
1,36,1349.986,tutorial,0,1024,640,57.636,1,382.007,382.007,50.000,1,0.073,10.125,0.074,1.201,2.517,0.009,1,1,2435,9658,5,389204,2034,909,1097,175,5,0,5,1,16777216,34,0.292,0,42.528
1,37,1363.423,tutorial,0,1024,640,10.458,1,10.774,10.774,10.000,0,0.040,13.097,0.081,1.217,2.434,0.009,1,1,2435,9658,5,389204,2034,909,1097,180,5,0,5,1,16777216,35,0.305,0,0.214
1,38,1374.167,tutorial,0,1024,640,13.810,1,13.410,13.410,14.000,0,0.060,10.031,0.081,1.203,2.496,0.011,1,1,2435,9658,5,389204,2034,909,1097,185,5,0,5,1,16777216,36,0.205,0,0.187
1,39,1384.589,tutorial,0,1024,640,10.363,1,10.760,10.760,11.000,0,0.042,10.100,0.071,1.220,2.642,0.012,1,1,2435,9658,5,389204,2034,909,1097,190,5,0,5,1,16777216,37,0.215,0,0.204
1,40,1395.774,tutorial,0,1024,640,10.489,1,10.477,10.477,10.000,0,0.052,10.780,0.087,1.262,2.480,0.009,1,1,2435,9658,5,389204,2034,909,1097,195,5,0,5,1,16777216,38,0.205,0,0.258
1,41,1406.213,tutorial,0,1024,640,11.113,1,11.121,11.121,11.000,0,0.042,10.116,0.077,1.212,2.432,0.008,1,1,2435,9658,5,389204,2034,909,1097,200,5,0,5,1,16777216,39,0.210,0,0.195
1,42,1416.280,tutorial,0,1024,640,10.433,1,10.439,10.439,10.000,0,0.039,9.775,0.052,1.205,2.381,0.008,1,1,2435,9658,5,389204,2034,909,1097,205,5,0,5,1,16777216,40,0.211,0,0.195
1,43,1426.240,tutorial,0,1024,640,10.081,1,10.054,10.054,10.000,0,0.065,9.661,0.046,1.217,2.388,0.007,1,1,2435,9658,5,389204,2034,909,1097,210,5,0,5,1,16777216,41,0.220,0,0.182
1,44,1436.504,tutorial,0,1024,640,9.934,1,9.952,9.952,10.000,0,0.049,9.980,0.056,1.230,2.371,0.007,1,1,2435,9658,5,389204,2034,909,1097,215,5,0,5,1,16777216,42,0.216,0,0.174
1,45,1446.908,tutorial,0,1024,640,10.254,1,10.264,10.264,11.000,0,0.038,10.079,0.106,1.393,2.844,0.016,1,1,2435,9658,5,389204,2034,909,1097,220,5,0,5,1,16777216,43,0.213,0,0.175
1,46,1457.161,tutorial,0,1024,640,10.459,1,10.446,10.446,10.000,0,0.048,9.917,0.063,1.198,2.376,0.008,1,1,2435,9658,5,389204,2034,909,1097,225,5,0,5,1,16777216,44,0.216,0,0.216
1,47,1467.816,tutorial,0,1024,640,10.224,1,10.216,10.216,10.000,0,0.058,10.329,0.080,1.235,2.488,0.011,1,1,2435,9658,5,389204,2034,909,1097,230,5,0,5,1,16777216,45,0.213,0,0.180
1,48,1479.526,tutorial,0,1024,640,11.402,1,10.703,10.703,12.000,0,0.078,10.628,0.091,1.218,2.367,0.009,1,1,2435,9658,5,389204,2034,909,1097,235,5,0,5,1,16777216,46,0.210,0,0.227
1,49,1490.875,tutorial,0,1024,640,11.737,1,12.182,12.182,11.000,0,0.043,10.074,0.257,1.225,2.474,0.010,1,1,2435,9658,5,389204,2034,909,1097,240,5,0,5,1,16777216,47,0.214,0,0.699
1,50,1501.553,tutorial,0,1024,640,10.568,1,10.840,10.840,11.000,0,0.042,10.395,0.047,1.202,2.334,0.007,1,1,2435,9658,5,389204,2034,909,1097,245,5,0,5,1,16777216,48,0.216,0,0.190
1,51,1511.532,tutorial,0,1024,640,10.689,1,10.682,10.682,11.000,0,0.049,9.686,0.046,1.202,2.340,0.007,1,1,2435,9658,5,389204,2034,909,1097,250,5,0,5,1,16777216,49,0.216,0,0.194
1,52,1521.404,tutorial,0,1024,640,9.973,1,9.985,9.985,10.000,0,0.038,9.591,0.039,1.195,2.315,0.013,1,1,2435,9658,5,389204,2034,909,1097,255,5,0,5,1,16777216,50,0.216,0,0.200
1,53,1531.665,tutorial,0,1024,640,9.961,1,9.944,9.944,10.000,0,0.053,9.874,0.057,1.239,2.384,0.008,1,1,2435,9658,5,389204,2034,909,1097,260,5,0,5,1,16777216,51,0.216,0,0.271
1,54,1542.850,tutorial,0,1024,640,10.226,1,10.232,10.232,10.000,0,0.047,10.835,0.054,1.201,2.345,0.058,1,1,2435,9658,5,389204,2034,909,1097,265,5,0,5,1,16777216,52,0.215,0,0.242
1,55,3763.407,tutorial,0,1024,640,2217.985,1,11.160,11.160,11.000,0,0.044,13.393,0.069,1.998,3.161,0.010,1,1,2435,9658,5,389204,2034,909,1097,270,5,0,5,1,16777216,53,0.221,0,0.217
1,56,3776.435,tutorial,0,1024,640,15.958,1,2221.358,2221.358,50.000,1,0.045,10.462,0.069,1.286,2.509,0.009,1,1,2435,9658,5,389204,2034,909,1097,275,5,0,5,1,16777216,54,0.215,0,1.018
1,57,3788.820,tutorial,0,1024,640,11.684,1,12.212,12.212,12.000,0,0.048,11.123,0.105,1.252,3.105,0.012,1,1,2435,9658,5,389204,2034,909,1097,280,5,0,5,1,16777216,55,0.207,0,0.203
1,58,3803.706,tutorial,0,1024,640,12.785,1,12.440,12.440,13.000,0,0.062,13.236,0.095,1.266,2.891,0.012,1,1,2435,9658,5,389204,2034,909,1097,285,5,0,5,1,16777216,56,0.207,0,0.257
1,59,3817.998,tutorial,0,1024,640,15.496,1,14.961,14.961,15.000,0,0.065,11.947,0.182,1.304,2.744,0.034,1,1,2435,9658,5,389204,2034,909,1097,290,5,0,5,1,16777216,57,0.294,0,0.332
1,60,3833.944,tutorial,0,1024,640,13.777,1,14.410,14.410,14.000,0,0.081,14.138,0.158,1.887,3.843,0.016,1,1,2435,9658,5,389204,2034,909,1097,295,5,0,5,1,16777216,58,0.293,0,0.434
1,61,3848.365,tutorial,0,1024,640,16.241,1,15.823,15.823,16.000,0,0.083,12.334,0.142,1.246,3.112,0.021,1,1,2435,9658,5,389204,2034,909,1097,300,5,0,5,1,16777216,59,0.298,0,0.326
1,62,3862.595,tutorial,0,1024,640,14.323,1,14.430,14.430,15.000,0,0.051,12.246,0.133,1.438,3.146,0.014,1,1,2435,9658,5,389204,2034,909,1097,305,5,0,5,1,16777216,60,0.303,0,0.336
1,63,3876.037,tutorial,0,1024,640,14.193,1,14.168,14.168,14.000,0,0.050,11.537,0.094,1.381,2.994,0.014,1,1,2435,9658,5,389204,2034,909,1097,310,5,0,5,1,16777216,61,0.288,0,0.274
1,64,3889.456,tutorial,0,1024,640,13.165,1,13.425,13.425,14.000,0,0.052,11.772,0.115,1.264,3.025,0.017,1,1,2435,9658,5,389204,2034,909,1097,315,5,0,5,1,16777216,62,0.294,0,0.258
1,65,3903.465,tutorial,0,1024,640,13.649,1,13.421,13.421,13.000,0,0.066,12.105,0.141,1.262,2.913,0.018,1,1,2435,9658,5,389204,2034,909,1097,320,5,0,5,1,16777216,63,0.317,0,0.260
1,66,3916.433,tutorial,0,1024,640,13.686,1,14.057,14.057,14.000,0,0.053,11.452,0.077,1.244,2.687,0.012,1,1,2435,9658,5,389204,2034,909,1097,325,5,0,5,1,16777216,64,0.290,0,0.309
1,67,3930.572,tutorial,0,1024,640,13.345,1,12.909,12.909,13.000,0,0.040,12.007,0.314,1.255,3.250,0.018,1,1,2435,9658,5,389204,2034,909,1097,330,5,0,5,1,16777216,65,0.299,0,0.250
1,68,3944.115,tutorial,0,1024,640,13.470,1,14.210,14.210,14.000,0,0.109,12.270,0.125,1.291,2.672,0.014,1,1,2435,9658,5,389204,2034,909,1097,335,5,0,5,1,16777216,66,0.287,0,0.322
1,69,3957.225,tutorial,0,1024,640,13.862,1,13.527,13.527,13.000,0,0.051,11.569,0.076,1.248,2.807,0.012,1,1,2435,9658,5,389204,2034,909,1097,340,5,0,5,1,16777216,67,0.368,0,0.304
1,70,3970.885,tutorial,0,1024,640,12.023,1,13.122,13.122,14.000,0,0.049,13.160,0.121,1.664,3.647,0.018,1,1,2435,9658,5,389204,2034,909,1097,345,5,0,5,1,16777216,68,0.291,0,0.317
1,71,3983.898,tutorial,0,1024,640,14.511,1,13.607,13.607,14.000,0,0.063,11.719,0.066,1.277,2.687,0.013,1,1,2435,9658,5,389204,2034,909,1097,350,5,0,5,1,16777216,69,0.299,0,0.264
1,72,3995.325,tutorial,0,1024,640,12.110,1,13.002,13.002,13.000,0,0.064,11.050,0.052,1.203,2.372,0.009,1,1,2435,9658,5,389204,2034,909,1097,355,5,0,5,1,16777216,70,0.278,0,0.254
1,73,4007.814,tutorial,0,1024,640,11.370,1,11.365,11.365,11.000,0,0.068,12.155,0.067,1.215,2.925,0.013,1,1,2435,9658,5,389204,2034,909,1097,360,5,0,5,1,16777216,71,0.292,0,0.193
1,74,4021.055,tutorial,0,1024,640,13.406,1,12.524,12.524,12.000,0,0.058,11.976,0.076,1.303,2.924,0.010,1,1,2435,9658,5,389204,2034,909,1097,365,5,0,5,1,16777216,72,0.286,0,0.227
1,75,4032.599,tutorial,0,1024,640,12.338,1,13.241,13.241,14.000,0,0.047,11.181,0.080,1.290,2.729,0.010,1,1,2435,9658,5,389204,2034,909,1097,370,5,0,5,1,16777216,73,0.287,0,0.228
1,76,4045.274,tutorial,0,1024,640,13.142,1,11.556,11.556,12.000,0,0.044,10.689,0.106,1.216,2.495,0.010,1,1,2435,9658,5,389204,2034,909,1097,375,5,0,5,1,16777216,74,0.284,0,0.241
1,77,4058.260,tutorial,0,1024,640,12.299,1,12.667,12.667,12.000,0,0.044,10.553,0.929,1.202,2.432,0.009,1,1,2435,9658,5,389204,2034,909,1097,380,5,0,5,1,16777216,75,0.290,0,0.231
1,78,4069.325,tutorial,0,1024,640,11.834,1,13.054,13.054,12.000,0,0.046,10.649,0.064,1.208,2.543,0.009,1,1,2435,9658,5,389204,2034,909,1097,385,5,0,5,1,16777216,76,0.288,0,0.299
1,79,4080.686,tutorial,0,1024,640,11.069,1,11.070,11.070,12.000,0,0.046,10.953,0.052,1.250,2.699,0.008,1,1,2435,9658,5,389204,2034,909,1097,390,5,0,5,1,16777216,77,0.291,0,0.303
1,80,4091.893,tutorial,0,1024,640,11.231,1,11.237,11.237,11.000,0,0.039,10.856,0.125,1.337,2.569,0.009,1,1,2435,9658,5,389204,2034,909,1097,395,5,0,5,1,16777216,78,0.276,0,0.181
1,81,4103.272,tutorial,0,1024,640,11.237,1,11.231,11.231,11.000,0,0.045,11.073,0.051,1.210,2.545,0.007,1,1,2435,9658,5,389204,2034,909,1097,400,5,0,5,1,16777216,79,0.288,0,0.205
1,82,4114.629,tutorial,0,1024,640,11.373,1,11.378,11.378,12.000,0,0.039,11.056,0.051,1.229,2.677,0.008,1,1,2435,9658,5,389204,2034,909,1097,405,5,0,5,1,16777216,80,0.287,0,0.204
1,83,4126.023,tutorial,0,1024,640,11.340,1,11.341,11.341,12.000,0,0.039,11.080,0.081,1.229,2.772,0.011,1,1,2435,9658,5,389204,2034,909,1097,410,5,0,5,1,16777216,81,0.302,0,0.188
1,84,4137.759,tutorial,0,1024,640,11.438,1,11.433,11.433,10.000,0,0.044,11.403,0.055,1.215,2.654,0.009,1,1,2435,9658,5,389204,2034,909,1097,415,5,0,5,1,16777216,82,0.294,0,0.227
1,85,4148.611,tutorial,0,1024,640,11.707,1,11.711,11.711,12.000,0,0.040,10.562,0.044,1.195,2.588,0.007,1,1,2435,9658,5,389204,2034,909,1097,420,5,0,5,1,16777216,83,0.297,0,0.202
1,86,4160.172,tutorial,0,1024,640,10.851,1,10.853,10.853,11.000,0,0.038,11.258,0.056,1.199,2.649,0.008,1,1,2435,9658,5,389204,2034,909,1097,425,5,0,5,1,16777216,84,0.290,0,0.202
1,87,4170.966,tutorial,0,1024,640,11.549,1,11.549,11.549,11.000,0,0.038,10.502,0.057,1.213,2.429,0.009,1,1,2435,9658,5,389204,2034,909,1097,430,5,0,5,1,16777216,85,0.367,0,0.190
1,88,4182.225,tutorial,0,1024,640,10.804,1,10.803,10.803,11.000,0,0.039,10.959,0.055,1.262,2.862,0.009,1,1,2435,9658,5,389204,2034,909,1097,435,5,0,5,1,16777216,86,0.272,0,0.200
1,89,4193.147,tutorial,0,1024,640,11.283,1,11.273,11.273,12.000,0,0.049,10.609,0.045,1.227,2.727,0.008,1,1,2435,9658,5,389204,2034,909,1097,440,5,0,5,1,16777216,87,0.291,0,0.212
1,90,4204.289,tutorial,0,1024,640,10.891,1,10.893,10.893,11.000,0,0.048,10.853,0.051,1.195,2.796,0.007,1,1,2435,9658,5,389204,2034,909,1097,445,5,0,5,1,16777216,88,0.295,0,0.185
1,91,4216.824,tutorial,0,1024,640,11.142,1,11.150,11.150,11.000,0,0.039,12.216,0.080,1.736,3.731,0.013,1,1,2435,9658,5,389204,2034,909,1097,450,5,0,5,1,16777216,89,0.299,0,0.193
1,92,4229.053,tutorial,0,1024,640,12.644,1,12.622,12.622,12.000,0,0.060,11.787,0.095,1.357,2.859,0.014,1,1,2435,9658,5,389204,2034,909,1097,455,5,0,5,1,16777216,90,0.293,0,0.279
1,93,4241.977,tutorial,0,1024,640,12.271,1,12.249,12.249,13.000,0,0.077,12.010,0.523,1.477,3.300,0.015,1,1,2435,9658,5,389204,2034,909,1097,460,5,0,5,1,16777216,91,0.299,0,0.298
1,94,4254.588,tutorial,0,1024,640,13.887,1,12.933,12.933,12.000,0,0.071,11.169,0.089,1.233,2.603,0.013,1,1,2435,9658,5,389204,2034,909,1097,465,5,0,5,1,16777216,92,0.292,0,0.307
1,95,4268.063,tutorial,0,1024,640,13.466,1,12.550,12.550,13.000,0,0.051,11.197,0.070,1.232,2.449,0.010,1,1,2435,9658,5,389204,2034,909,1097,470,5,0,5,1,16777216,93,0.309,0,0.248
1,96,4284.142,tutorial,0,1024,640,12.842,1,13.459,13.459,14.000,0,0.049,14.405,0.099,1.293,3.253,0.012,1,1,2435,9658,5,389204,2034,909,1097,475,5,0,5,1,16777216,94,0.295,0,0.232
1,97,4301.788,tutorial,0,1024,640,16.189,1,16.151,16.151,16.000,0,0.076,15.841,0.117,1.560,3.541,0.016,1,1,2435,9658,5,389204,2034,909,1097,480,5,0,5,1,16777216,95,0.295,0,0.302
1,98,4316.832,tutorial,0,1024,640,17.563,1,17.594,17.594,17.000,0,0.058,13.345,0.095,1.346,2.545,0.013,1,1,2435,9658,5,389204,2034,909,1097,485,5,0,5,1,16777216,96,0.293,0,0.251
1,99,4332.465,tutorial,0,1024,640,14.933,1,15.062,15.062,15.000,0,0.044,14.044,0.097,1.584,3.202,0.013,1,1,2435,9658,5,389204,2034,909,1097,490,5,0,5,1,16777216,97,0.295,0,0.269
1,100,4346.245,tutorial,0,1024,640,15.988,1,15.671,15.671,16.000,0,0.066,11.868,0.066,1.204,3.023,0.010,1,1,2435,9658,5,389204,2034,909,1097,495,5,0,5,1,16777216,98,0.299,0,0.306
1,101,4359.820,tutorial,0,1024,640,13.213,1,13.715,13.715,14.000,0,0.043,12.174,0.120,1.229,2.504,0.015,1,1,2435,9658,5,389204,2034,909,1097,500,5,0,5,1,16777216,99,0.287,0,0.242
1,102,4373.359,tutorial,0,1024,640,13.812,1,14.150,14.150,14.000,0,0.049,11.945,0.077,1.214,2.394,0.010,1,1,2435,9658,5,389204,2034,909,1097,505,5,0,5,1,16777216,100,0.291,0,0.816
1,103,4387.481,tutorial,0,1024,640,13.883,1,12.965,12.965,13.000,0,0.066,12.178,0.083,1.247,2.641,0.012,1,1,2435,9658,5,389204,2034,909,1097,510,5,0,5,1,16777216,101,0.303,0,0.243
1,104,4400.713,tutorial,0,1024,640,13.685,1,14.156,14.156,14.000,0,0.043,11.740,0.068,1.265,2.731,0.011,1,1,2435,9658,5,389204,2034,909,1097,515,5,0,5,1,16777216,102,0.290,0,0.278
1,105,4413.892,tutorial,0,1024,640,13.324,1,13.271,13.271,14.000,0,0.064,11.327,0.335,1.203,2.432,0.014,1,1,2435,9658,5,389204,2034,909,1097,520,5,0,5,1,16777216,103,0.297,0,0.316
1,106,4426.244,tutorial,0,1024,640,13.188,1,13.106,13.106,12.000,0,0.053,10.770,0.057,1.201,2.372,0.009,1,1,2435,9658,5,389204,2034,909,1097,525,5,0,5,1,16777216,104,0.292,0,0.244
1,107,4437.731,tutorial,0,1024,640,11.099,1,12.317,12.317,12.000,0,0.057,11.147,0.068,1.388,3.012,0.008,1,1,2435,9658,5,389204,2034,909,1097,530,5,0,5,1,16777216,105,0.298,0,0.209
1,108,4449.133,tutorial,0,1024,640,11.487,1,11.506,11.506,12.000,0,0.039,11.070,0.060,1.200,2.962,0.010,1,1,2435,9658,5,389204,2034,909,1097,535,5,0,5,1,16777216,106,0.287,0,0.228
1,109,4460.170,tutorial,0,1024,640,11.463,1,11.442,11.442,12.000,0,0.059,10.651,0.054,1.232,2.877,0.010,1,1,2435,9658,5,389204,2034,909,1097,540,5,0,5,1,16777216,107,0.292,0,0.267
1,110,4471.897,tutorial,0,1024,640,11.042,1,11.039,11.039,11.000,0,0.062,11.336,0.052,1.551,3.362,0.008,1,1,2435,9658,5,389204,2034,909,1097,545,5,0,5,1,16777216,108,0.277,0,0.267
1,111,4482.556,tutorial,0,1024,640,11.625,1,11.647,11.647,11.000,0,0.042,10.355,0.067,1.224,2.402,0.008,1,1,2435,9658,5,389204,2034,909,1097,550,5,0,5,1,16777216,109,0.301,0,0.190
1,112,4493.572,tutorial,0,1024,640,10.671,1,10.676,10.676,11.000,0,0.037,10.718,0.050,1.209,2.640,0.009,1,1,2435,9658,5,389204,2034,909,1097,555,5,0,5,1,16777216,110,0.291,0,0.206
1,113,4504.935,tutorial,0,1024,640,11.033,1,11.017,11.017,11.000,0,0.054,11.039,0.058,1.248,2.428,0.008,1,1,2435,9658,5,389204,2034,909,1097,560,5,0,5,1,16777216,111,0.295,0,0.207
1,114,4517.841,tutorial,0,1024,640,11.895,1,11.394,11.394,12.000,0,0.079,11.825,0.281,1.224,2.721,0.014,1,1,2435,9658,5,389204,2034,909,1097,565,5,0,5,1,16777216,112,0.281,0,0.238
1,115,4530.384,tutorial,0,1024,640,13.830,1,12.904,12.904,12.000,0,0.051,10.734,0.085,1.309,2.477,0.009,1,1,2435,9658,5,389204,2034,909,1097,570,5,0,5,1,16777216,113,0.294,0,0.235
1,116,4542.632,tutorial,0,1024,640,11.845,1,12.667,12.667,13.000,0,0.065,11.165,0.060,1.300,2.774,0.009,1,1,2435,9658,5,389204,2034,909,1097,575,5,0,5,1,16777216,114,0.289,0,0.359
1,117,4556.690,tutorial,0,1024,640,12.961,1,12.217,12.217,12.000,0,0.070,12.229,0.093,1.361,3.392,0.020,1,1,2435,9658,5,389204,2034,909,1097,580,5,0,5,1,16777216,115,0.308,0,0.327
1,118,4570.638,tutorial,0,1024,640,13.699,1,14.038,14.038,14.000,0,0.065,12.481,0.089,1.296,3.319,0.013,1,1,2435,9658,5,389204,2034,909,1097,585,5,0,5,1,16777216,116,0.365,0,0.308
1,119,4585.352,tutorial,0,1024,640,13.842,1,13.931,13.931,15.000,0,0.063,13.352,0.090,1.245,3.123,0.015,1,1,2435,9658,5,389204,2034,909,1097,590,5,0,5,1,16777216,117,0.300,0,0.290
1,120,4598.950,tutorial,0,1024,640,14.886,1,14.751,14.751,14.000,0,0.068,12.064,0.090,1.213,3.041,0.015,1,1,2435,9658,5,389204,2034,909,1097,595,5,0,5,1,16777216,118,0.286,0,0.326
1,121,4613.732,tutorial,0,1024,640,14.809,1,13.593,13.593,13.000,0,0.064,12.062,0.067,1.213,3.242,0.009,1,1,2435,9658,5,389204,2034,909,1097,600,5,0,5,1,16777216,119,0.298,0,0.322
1,122,4627.389,tutorial,0,1024,640,13.876,1,14.704,14.704,15.000,0,0.065,11.824,0.086,1.216,2.470,0.015,1,1,2435,9658,5,389204,2034,909,1097,605,5,0,5,1,16777216,120,0.289,0,0.243
1,123,4644.237,tutorial,0,1024,640,13.552,1,13.757,13.757,14.000,0,0.093,15.103,0.102,1.266,3.250,0.013,1,1,2435,9658,5,389204,2034,909,1097,610,5,0,5,1,16777216,121,0.289,0,0.343
1,124,4657.881,tutorial,0,1024,640,17.007,1,16.870,16.870,17.000,0,0.061,11.761,0.083,1.212,2.389,0.010,1,1,2435,9658,5,389204,2034,909,1097,615,5,0,5,1,16777216,122,0.320,0,0.365
1,125,4671.091,tutorial,0,1024,640,13.711,1,13.628,13.628,13.000,0,0.052,11.247,0.093,1.399,2.577,0.010,1,1,2435,9658,5,389204,2034,909,1097,620,5,0,5,1,16777216,123,0.288,0,0.348
1,126,4685.210,tutorial,0,1024,640,12.801,1,13.109,13.109,14.000,0,0.078,12.591,0.071,1.324,3.074,0.011,1,1,2435,9658,5,389204,2034,909,1097,625,5,0,5,1,16777216,124,0.368,0,0.248
1,127,4698.313,tutorial,0,1024,640,13.906,1,14.096,14.096,14.000,0,0.044,11.784,0.073,1.220,2.909,0.013,1,1,2435,9658,5,389204,2034,909,1097,630,5,0,5,1,16777216,125,0.299,0,0.226
1,128,4711.984,tutorial,0,1024,640,13.370,1,13.323,13.323,13.000,0,0.075,12.043,0.111,1.730,3.648,0.019,1,1,2435,9658,5,389204,2034,909,1097,635,5,0,5,1,16777216,126,0.287,0,0.440
1,129,4724.854,tutorial,0,1024,640,14.014,1,13.564,13.564,13.000,0,0.071,10.928,0.087,1.217,2.455,0.010,1,1,2435,9658,5,389204,2034,909,1097,640,5,0,5,1,16777216,127,0.296,0,0.338
1,130,4738.116,tutorial,0,1024,640,12.649,1,12.744,12.744,13.000,0,0.042,11.562,0.066,1.245,2.452,0.011,1,1,2435,9658,5,389204,2034,909,1097,645,5,0,5,1,16777216,128,0.283,0,0.213
1,131,4751.334,tutorial,0,1024,640,13.389,1,13.378,13.378,14.000,0,0.080,11.384,0.072,1.597,2.807,0.010,1,1,2434,9656,5,389060,2034,909,1097,650,5,0,5,1,16777216,129,0.301,0,0.329
1,132,4764.767,tutorial,0,1024,640,12.973,1,13.135,13.135,13.000,0,0.045,11.777,0.139,1.240,2.520,0.014,1,1,2434,9656,5,389060,2034,909,1097,655,5,0,5,1,16777216,130,0.292,0,0.247
1,133,4778.288,tutorial,0,1024,640,14.009,1,14.687,14.687,14.000,0,0.048,11.361,0.069,1.217,2.653,0.011,1,1,2434,9656,5,389060,2034,909,1097,660,5,0,5,1,16777216,131,0.242,0,1.500
1,134,4792.638,tutorial,0,1024,640,13.292,1,12.236,12.236,13.000,0,0.062,12.409,0.078,1.312,2.931,0.011,1,1,2434,9656,5,389060,2034,909,1097,665,5,0,5,1,16777216,132,0.232,0,0.215
1,135,4807.196,tutorial,0,1024,640,14.167,1,14.456,14.456,14.000,0,0.048,12.803,0.076,1.240,2.651,0.011,1,1,2434,9656,5,389060,2034,909,1097,670,5,0,5,1,16777216,133,0.239,0,0.320
1,136,4819.887,tutorial,0,1024,640,14.441,1,14.465,14.465,14.000,0,0.069,10.988,0.140,1.323,2.819,0.018,1,1,2434,9656,5,389060,2034,909,1097,675,5,0,5,1,16777216,134,0.247,0,0.227
1,137,4832.880,tutorial,0,1024,640,12.436,1,12.705,12.705,13.000,0,0.053,11.619,0.067,1.273,2.953,0.013,1,1,2434,9656,5,389060,2034,909,1097,680,5,0,5,1,16777216,135,0.243,0,0.241
1,138,4844.836,tutorial,0,1024,640,12.954,1,12.990,12.990,14.000,0,0.042,10.620,0.067,1.354,2.527,0.009,1,1,2434,9656,5,389060,2034,909,1097,685,5,0,5,1,16777216,136,0.239,0,0.239
1,139,4857.207,tutorial,0,1024,640,12.133,1,11.971,11.971,10.000,0,0.041,10.858,0.066,1.305,2.479,0.009,1,1,2434,9656,5,389060,2034,909,1097,690,5,0,5,1,16777216,137,0.247,0,0.255
1,140,4871.308,tutorial,0,1024,640,12.645,1,12.344,12.344,13.000,0,0.069,12.263,0.118,1.460,3.416,0.014,1,1,2434,9656,5,389060,2034,909,1097,695,5,0,5,1,16777216,138,0.233,0,0.227
1,141,4883.648,tutorial,0,1024,640,13.776,1,14.116,14.116,15.000,0,0.045,10.875,0.071,1.378,2.615,0.010,1,1,2434,9656,5,389060,2034,909,1097,700,5,0,5,1,16777216,139,0.236,0,0.242
1,142,4896.086,tutorial,0,1024,640,12.556,1,12.363,12.363,13.000,0,0.080,10.771,0.058,1.215,2.393,0.009,1,1,2434,9656,5,389060,2034,909,1097,705,5,0,5,1,16777216,140,0.235,0,0.265
1,143,4907.674,tutorial,0,1024,640,11.121,1,12.407,12.407,11.000,0,0.052,11.230,0.065,1.215,2.828,0.009,1,1,2434,9656,5,389060,2034,909,1097,710,5,0,5,1,16777216,141,0.244,0,0.235
1,144,4919.356,tutorial,0,1024,640,11.571,1,11.586,11.586,12.000,0,0.039,11.350,0.049,1.219,2.687,0.009,1,1,2434,9656,5,389060,2034,909,1097,715,5,0,5,1,16777216,142,0.242,0,0.232
1,145,4931.291,tutorial,0,1024,640,11.687,1,11.664,11.664,12.000,0,0.060,11.560,0.087,1.501,3.288,0.013,1,1,2434,9656,5,389060,2034,909,1097,720,5,0,5,1,16777216,143,0.243,0,0.214
1,146,6199.735,tutorial,0,1024,640,1266.889,1,12.012,12.012,12.000,0,0.048,13.044,0.163,2.431,4.266,0.017,1,1,2434,9656,5,389060,2034,909,1097,725,5,0,5,1,16777216,144,0.227,0,0.291
1,147,6255.869,tutorial,0,1024,640,58.057,1,1311.361,1311.361,50.000,1,0.110,11.163,0.118,1.269,2.473,0.012,1,1,2434,9656,5,389060,2034,909,1097,730,5,0,5,1,16777216,145,0.283,0,43.201
1,148,6269.929,tutorial,0,1024,640,13.253,1,13.177,13.177,14.000,0,0.046,11.977,0.110,1.267,2.927,0.016,1,1,2434,9656,5,389060,2034,909,1097,735,5,0,5,1,16777216,146,0.241,0,0.251
1,149,6285.530,tutorial,0,1024,640,13.630,1,14.066,14.066,14.000,0,0.049,13.651,0.411,1.435,3.232,0.019,1,1,2434,9656,5,389060,2034,909,1097,740,5,0,5,1,16777216,147,0.245,0,0.256
1,150,6300.292,tutorial,0,1024,640,15.640,1,15.607,15.607,15.000,0,0.108,13.058,0.125,1.397,3.065,0.014,1,1,2434,9656,5,389060,2034,909,1097,745,5,0,5,1,16777216,148,0.298,0,0.252
1,151,6315.688,tutorial,0,1024,640,14.649,1,14.799,14.799,15.000,0,0.071,13.808,0.123,1.344,3.591,0.031,1,1,2434,9656,5,389060,2034,909,1097,750,5,0,5,1,16777216,149,0.240,0,0.298
1,152,6332.196,tutorial,0,1024,640,15.593,1,15.335,15.335,15.000,0,0.055,14.683,0.161,1.534,3.508,0.016,1,1,2434,9656,5,389060,2034,909,1097,755,5,0,5,1,16777216,150,0.261,0,0.239
1,153,6350.365,tutorial,0,1024,640,17.747,1,16.588,16.588,17.000,0,0.115,15.129,0.139,1.471,3.254,0.036,1,1,2434,9656,5,389060,2034,909,1097,760,5,0,5,1,16777216,151,0.249,0,0.315
1,154,6366.779,tutorial,0,1024,640,17.142,1,18.085,18.085,18.000,0,0.059,13.794,0.744,1.310,3.302,0.015,1,1,2434,9656,5,389060,2034,909,1097,765,5,0,5,1,16777216,152,0.242,0,0.234
1,155,6382.644,tutorial,0,1024,640,17.765,1,16.587,16.587,16.000,0,0.084,12.509,0.129,1.334,2.862,0.015,1,1,2434,9656,5,389060,2034,909,1097,770,5,0,5,1,16777216,153,0.252,0,0.408
1,156,6398.320,tutorial,0,1024,640,16.083,1,15.711,15.711,16.000,0,0.052,12.138,0.097,1.280,2.826,0.013,1,1,2434,9656,5,389060,2034,909,1097,775,5,0,5,1,16777216,154,0.251,0,0.253
1,157,6412.002,tutorial,0,1024,640,13.941,1,15.699,15.699,15.000,0,0.044,11.863,0.113,1.253,2.501,0.012,1,1,2434,9656,5,389060,2034,909,1097,780,5,0,5,1,16777216,155,0.250,0,0.276
1,158,6424.911,tutorial,0,1024,640,13.428,1,13.646,13.646,14.000,0,0.043,11.332,0.124,1.211,2.395,0.010,1,1,2434,9656,5,389060,2034,909,1097,785,5,0,5,1,16777216,156,0.249,0,0.239
1,159,6437.894,tutorial,0,1024,640,13.035,1,12.887,12.887,13.000,0,0.046,11.319,0.087,1.209,2.754,0.010,1,1,2434,9656,5,389060,2034,909,1097,790,5,0,5,1,16777216,157,0.251,0,0.219
1,160,6450.683,tutorial,0,1024,640,12.813,1,13.015,13.015,14.000,0,0.062,11.258,0.124,1.372,3.192,0.012,1,1,2434,9656,5,389060,2034,909,1097,795,5,0,5,1,16777216,158,0.237,0,0.250
1,161,6463.846,tutorial,0,1024,640,12.950,1,12.798,12.798,13.000,0,0.046,11.525,0.070,1.207,2.383,0.010,1,1,2434,9656,5,389060,2034,909,1097,800,5,0,5,1,16777216,159,0.245,0,0.259
1,162,6476.909,tutorial,0,1024,640,13.615,1,13.106,13.106,11.000,0,0.042,10.917,0.123,1.251,2.441,0.012,1,1,2434,9656,5,389060,2034,909,1097,805,5,0,5,1,16777216,160,0.230,0,0.203
1,163,6489.780,tutorial,0,1024,640,13.023,1,13.086,13.086,14.000,0,0.055,10.792,0.097,1.218,2.449,0.012,1,1,2434,9656,5,389060,2034,909,1097,810,5,0,5,1,16777216,161,0.243,0,0.225
1,164,6503.237,tutorial,0,1024,640,12.398,1,12.894,12.894,13.000,0,0.054,11.821,0.129,1.230,2.954,0.012,1,1,2434,9656,5,389060,2034,909,1097,815,5,0,5,1,16777216,162,0.282,0,0.247
1,165,6514.968,tutorial,0,1024,640,12.215,1,13.423,13.423,14.000,0,0.044,11.398,0.067,1.242,3.152,0.010,1,1,2434,9656,5,389060,2034,909,1097,820,5,0,5,1,16777216,163,0.252,0,0.214
1,166,6526.349,tutorial,0,1024,640,11.992,1,11.737,11.737,11.000,0,0.041,10.796,0.059,1.190,2.847,0.009,1,1,2434,9656,5,389060,2034,909,1097,825,5,0,5,1,16777216,164,0.242,0,0.222
1,167,6537.555,tutorial,0,1024,640,11.225,1,11.442,11.442,12.000,0,0.076,10.790,0.046,1.297,2.970,0.009,1,1,2434,9656,5,389060,2034,909,1097,830,5,0,5,1,16777216,165,0.248,0,0.282
1,168,6547.953,tutorial,0,1024,640,11.076,1,11.120,11.120,10.000,0,0.038,10.117,0.041,1.186,2.557,0.007,1,1,2434,9656,5,389060,2034,909,1097,835,5,0,5,1,16777216,166,0.230,0,0.197
1,169,6559.169,tutorial,0,1024,640,10.396,1,10.400,10.400,11.000,0,0.035,10.923,0.054,1.343,3.298,0.010,1,1,2434,9656,5,389060,2034,909,1097,840,5,0,5,1,16777216,167,0.248,0,0.199
1,170,6570.125,tutorial,0,1024,640,11.366,1,11.338,11.338,11.000,0,0.063,10.520,0.047,1.200,2.671,0.009,1,1,2434,9656,5,389060,2034,909,1097,845,5,0,5,1,16777216,168,0.232,0,0.322
1,171,6581.003,tutorial,0,1024,640,10.836,1,10.862,10.862,12.000,0,0.038,10.517,0.089,1.338,2.564,0.018,1,1,2434,9656,5,389060,2034,909,1097,850,5,0,5,1,16777216,169,0.236,0,0.227
1,172,6592.099,tutorial,0,1024,640,10.920,1,10.895,10.895,10.000,0,0.061,10.734,0.051,1.196,2.592,0.009,1,1,2434,9656,5,389060,2034,909,1097,855,5,0,5,1,16777216,170,0.246,0,0.243
1,173,6602.542,tutorial,0,1024,640,11.054,1,11.078,11.078,12.000,0,0.038,10.129,0.045,1.194,2.353,0.007,1,1,2434,9656,5,389060,2034,909,1097,860,5,0,5,1,16777216,171,0.249,0,0.226
1,174,6612.870,tutorial,0,1024,640,10.383,1,10.385,10.385,10.000,0,0.036,10.035,0.079,1.198,2.368,0.008,1,1,2434,9656,5,389060,2034,909,1097,865,5,0,5,1,16777216,172,0.243,0,0.168
1,175,6623.482,tutorial,0,1024,640,10.374,1,10.373,10.373,11.000,0,0.036,10.312,0.046,1.203,2.595,0.008,1,1,2434,9656,5,389060,2034,909,1097,870,5,0,5,1,16777216,173,0.233,0,0.213
1,176,6635.160,tutorial,0,1024,640,10.582,1,10.582,10.582,10.000,0,0.037,11.321,0.132,1.229,2.681,0.012,1,1,2434,9656,5,389060,2034,909,1097,875,5,0,5,1,16777216,174,0.240,0,0.182
1,177,6647.647,tutorial,0,1024,640,12.104,1,11.996,11.996,12.000,0,0.140,11.773,0.064,1.227,2.566,0.010,1,1,2434,9656,5,389060,2034,909,1097,880,5,0,5,1,16777216,175,0.248,0,0.495
1,178,6659.830,tutorial,0,1024,640,12.180,1,12.269,12.269,12.000,0,0.056,11.738,0.102,1.229,2.792,0.012,1,1,2434,9656,5,389060,2034,909,1097,885,5,0,5,1,16777216,176,0.266,0,0.281
1,179,6671.258,tutorial,0,1024,640,12.241,1,12.209,12.209,12.000,0,0.080,10.969,0.057,1.567,3.144,0.009,1,1,2434,9656,5,389060,2034,909,1097,890,5,0,5,1,16777216,177,0.249,0,0.305
1,180,6683.129,tutorial,0,1024,640,11.346,1,11.374,11.374,12.000,0,0.060,11.436,0.115,1.271,2.882,0.011,1,1,2434,9656,5,389060,2034,909,1097,895,5,0,5,1,16777216,178,0.239,0,0.253
1,181,6695.324,tutorial,0,1024,640,12.004,1,11.979,11.979,12.000,0,0.083,11.682,0.061,1.210,3.039,0.009,1,1,2434,9656,5,389060,2034,909,1097,900,5,0,5,1,16777216,179,0.239,0,0.355
1,182,6707.201,tutorial,0,1024,640,12.038,1,12.072,12.072,12.000,0,0.051,11.529,0.053,1.203,2.640,0.014,1,1,2434,9656,5,389060,2034,909,1097,905,5,0,5,1,16777216,180,0.247,0,0.239
1,183,6719.401,tutorial,0,1024,640,11.979,1,11.987,11.987,12.000,0,0.043,11.747,0.056,1.226,2.733,0.011,1,1,2434,9656,5,389060,2034,909,1097,910,5,0,5,1,16777216,181,0.243,0,0.347
1,184,6731.530,tutorial,0,1024,640,12.162,1,12.150,12.150,12.000,0,0.055,11.645,0.123,1.744,3.473,0.013,1,1,2434,9656,5,389060,2034,909,1097,915,5,0,5,1,16777216,182,0.239,0,0.297
1,185,6743.414,tutorial,0,1024,640,12.209,1,12.191,12.191,12.000,0,0.065,11.331,0.113,1.212,2.984,0.014,1,1,2434,9656,5,389060,2034,909,1097,920,5,0,5,1,16777216,183,0.247,0,0.359
1,186,6756.036,tutorial,0,1024,640,11.847,1,11.857,11.857,12.000,0,0.063,12.167,0.053,1.246,3.006,0.008,1,1,2434,9656,5,389060,2034,909,1097,925,5,0,5,1,16777216,184,0.243,0,0.333
1,187,6769.189,tutorial,0,1024,640,12.613,1,12.527,12.527,13.000,0,0.146,12.681,0.077,1.198,2.661,0.013,1,1,2434,9656,5,389060,2034,909,1097,930,5,0,5,1,16777216,185,0.247,0,0.237
1,188,6780.696,tutorial,0,1024,640,13.130,1,13.212,13.212,13.000,0,0.065,11.080,0.057,1.417,3.042,0.012,1,1,2434,9656,5,389060,2034,909,1097,935,5,0,5,1,16777216,186,0.239,0,0.297
1,189,6792.154,tutorial,0,1024,640,11.523,1,11.545,11.545,11.000,0,0.043,11.020,0.052,1.427,2.609,0.008,1,1,2434,9656,5,389060,2034,909,1097,940,5,0,5,1,16777216,187,0.248,0,0.335
1,190,6803.512,tutorial,0,1024,640,11.519,1,11.331,11.331,11.000,0,0.181,10.863,0.048,1.195,2.400,0.008,1,1,2434,9656,5,389060,2034,909,1097,945,5,0,5,1,16777216,188,0.238,0,0.209
1,191,6815.790,tutorial,0,1024,640,11.445,1,11.591,11.591,13.000,0,0.079,11.687,0.058,1.256,2.894,0.008,1,1,2434,9656,5,389060,2034,909,1097,950,5,0,5,1,16777216,189,0.241,0,0.441
1,192,6827.190,tutorial,0,1024,640,12.083,1,12.126,12.126,11.000,0,0.041,11.010,0.052,1.247,2.753,0.008,1,1,2434,9656,5,389060,2034,909,1097,955,5,0,5,1,16777216,190,0.237,0,0.290
1,193,6840.113,tutorial,0,1024,640,11.975,1,11.907,11.907,13.000,0,0.102,11.874,0.135,1.608,3.284,0.016,1,1,2434,9656,5,389060,2034,909,1097,960,5,0,5,1,16777216,191,0.247,0,0.795
1,194,6856.557,tutorial,0,1024,640,12.475,1,12.498,12.498,11.000,0,0.083,15.828,0.151,1.761,4.017,0.014,1,1,2434,9656,5,389060,2034,909,1097,965,5,0,5,1,16777216,192,0.245,0,0.368
1,195,6870.421,tutorial,0,1024,640,16.444,1,16.407,16.407,17.000,0,0.121,13.265,0.131,1.465,3.322,0.013,1,1,2434,9656,5,389060,2034,909,1097,970,5,0,5,1,16777216,193,0.252,0,0.331
1,196,6882.190,tutorial,0,1024,640,13.762,1,13.831,13.831,14.000,0,0.054,11.327,0.079,1.270,2.772,0.060,1,1,2434,9656,5,389060,2034,909,1097,975,5,0,5,1,16777216,194,0.242,0,0.301
1,197,6893.748,tutorial,0,1024,640,11.771,1,11.772,11.772,12.000,0,0.050,11.136,0.058,1.200,2.420,0.009,1,1,2434,9656,5,389060,2034,909,1097,980,5,0,5,1,16777216,195,0.247,0,0.304
1,198,6905.498,tutorial,0,1024,640,11.546,1,11.538,11.538,12.000,0,0.061,11.347,0.052,1.209,2.718,0.007,1,1,2434,9656,5,389060,2034,909,1097,985,5,0,5,1,16777216,196,0.286,0,0.284
1,199,6917.374,tutorial,0,1024,640,11.787,1,11.695,11.695,11.000,0,0.151,11.423,0.064,1.308,2.977,0.009,1,1,2434,9656,5,389060,2034,909,1097,990,5,0,5,1,16777216,197,0.239,0,0.229
1,200,6928.782,tutorial,0,1024,640,11.856,1,11.957,11.957,12.000,0,0.053,10.934,0.105,1.200,2.406,0.011,1,1,2434,9656,5,389060,2034,909,1097,995,5,0,5,1,16777216,198,0.236,0,0.308
1,201,6940.832,tutorial,0,1024,640,11.514,1,11.348,11.348,11.000,0,0.219,11.471,0.099,1.272,2.678,0.009,1,1,2434,9656,5,389060,2034,909,1097,1000,5,0,5,1,16777216,199,0.237,0,0.249
1,202,6953.539,tutorial,0,1024,640,11.923,1,12.101,12.101,13.000,0,0.041,12.303,0.056,1.214,2.798,0.008,1,1,2434,9656,5,389060,2034,909,1097,1005,5,0,5,1,16777216,200,0.226,0,0.299
1,203,6964.975,tutorial,0,1024,640,12.697,1,12.636,12.636,12.000,0,0.102,11.049,0.050,1.411,3.101,0.008,1,1,2434,9656,5,389060,2034,909,1097,1010,5,0,5,1,16777216,201,0.238,0,0.229
1,204,6976.357,tutorial,0,1024,640,11.375,1,11.411,11.411,12.000,0,0.067,11.015,0.089,1.195,2.407,0.008,1,1,2434,9656,5,389060,2034,909,1097,1015,5,0,5,1,16777216,202,0.239,0,0.204
1,205,6989.150,tutorial,0,1024,640,11.437,1,11.418,11.418,11.000,0,0.085,12.270,0.188,1.217,2.658,0.017,1,1,2434,9656,5,389060,2034,909,1097,1020,5,0,5,1,16777216,203,0.230,0,0.238
1,206,7000.840,tutorial,0,1024,640,13.174,1,13.146,13.146,13.000,0,0.110,10.867,0.111,1.325,2.509,0.010,1,1,2434,9656,5,389060,2034,909,1097,1025,5,0,5,1,16777216,204,0.231,0,0.590
1,207,7012.866,tutorial,0,1024,640,11.348,1,11.408,11.408,11.000,0,0.049,11.602,0.053,1.232,2.658,0.008,1,1,2434,9656,5,389060,2034,909,1097,1030,5,0,5,1,16777216,205,0.234,0,0.309
1,208,7024.586,tutorial,0,1024,640,11.938,1,11.928,11.928,12.000,0,0.064,11.383,0.054,1.203,2.467,0.010,1,1,2434,9656,5,389060,2034,909,1097,1035,5,0,5,1,16777216,206,0.234,0,0.213
1,209,7036.235,tutorial,0,1024,640,11.791,1,11.785,11.785,12.000,0,0.065,11.245,0.050,1.237,2.628,0.008,1,1,2434,9656,5,389060,2034,909,1097,1040,5,0,5,1,16777216,207,0.236,0,0.277
1,210,7047.887,tutorial,0,1024,640,11.563,1,11.568,11.568,12.000,0,0.066,11.308,0.075,1.213,2.614,0.009,1,1,2434,9656,5,389060,2034,909,1097,1045,5,0,5,1,16777216,208,0.237,0,0.197
1,211,7059.678,tutorial,0,1024,640,11.674,1,11.702,11.702,12.000,0,0.038,11.395,0.102,1.272,2.530,0.013,1,1,2434,9656,5,389060,2034,909,1097,1050,5,0,5,1,16777216,209,0.250,0,0.246
1,212,7071.950,tutorial,0,1024,640,11.869,1,11.835,11.835,12.000,0,0.067,11.800,0.104,1.243,3.322,0.011,1,1,2434,9656,5,389060,2034,909,1097,1055,5,0,5,1,16777216,210,0.240,0,0.289
1,213,7084.155,tutorial,0,1024,640,12.202,1,12.230,12.230,12.000,0,0.044,11.858,0.049,1.241,3.029,0.007,1,1,2434,9656,5,389060,2034,909,1097,1060,5,0,5,1,16777216,211,0.247,0,0.248
1,214,7096.530,tutorial,0,1024,640,12.174,1,12.147,12.147,11.000,0,0.070,11.977,0.124,1.292,2.491,0.011,1,1,2434,9656,5,389060,2034,909,1097,1065,5,0,5,1,16777216,212,0.241,0,0.191
1,215,7108.958,tutorial,0,1024,640,12.500,1,12.499,12.499,14.000,0,0.070,11.902,0.132,1.307,3.094,0.023,1,1,2434,9656,5,389060,2034,909,1097,1070,5,0,5,1,16777216,213,0.250,0,0.312
1,216,7121.073,tutorial,0,1024,640,12.888,1,12.847,12.847,12.000,0,0.110,11.205,0.058,1.241,2.981,0.009,1,1,2434,9656,5,389060,2034,909,1097,1075,5,0,5,1,16777216,214,0.244,0,0.730
1,217,7132.361,tutorial,0,1024,640,11.497,1,11.570,11.570,11.000,0,0.041,10.978,0.076,1.294,2.965,0.010,1,1,2434,9656,5,389060,2034,909,1097,1080,5,0,5,1,16777216,215,0.251,0,0.188
1,218,7143.537,tutorial,0,1024,640,11.316,1,11.297,11.297,12.000,0,0.059,10.874,0.042,1.193,3.004,0.008,1,1,2434,9656,5,389060,2034,909,1097,1085,5,0,5,1,16777216,216,0.242,0,0.197
1,219,7154.588,tutorial,0,1024,640,11.136,1,11.156,11.156,11.000,0,0.039,10.779,0.050,1.198,2.676,0.007,1,1,2434,9656,5,389060,2034,909,1097,1090,5,0,5,1,16777216,217,0.243,0,0.177
1,220,7165.632,tutorial,0,1024,640,11.101,1,11.103,11.103,11.000,0,0.037,10.688,0.084,1.425,2.933,0.007,1,1,2434,9656,5,389060,2034,909,1097,1095,5,0,5,1,16777216,218,0.240,0,0.230
1,221,7176.038,tutorial,0,1024,640,11.001,1,10.998,10.998,11.000,0,0.040,10.127,0.051,1.198,2.355,0.007,1,1,2434,9656,5,389060,2034,909,1097,1100,5,0,5,1,16777216,219,0.322,0,0.184
1,222,7187.181,tutorial,0,1024,640,10.459,1,10.445,10.445,10.000,0,0.053,10.805,0.056,1.207,2.665,0.008,1,1,2434,9656,5,389060,2034,909,1097,1105,5,0,5,1,16777216,220,0.240,0,0.223
1,223,7198.469,tutorial,0,1024,640,11.093,1,11.109,11.109,11.000,0,0.037,10.960,0.095,1.203,2.514,0.009,1,1,2434,9656,5,389060,2034,909,1097,1110,5,0,5,1,16777216,221,0.248,0,0.188
1,224,7210.536,tutorial,0,1024,640,11.723,1,11.651,11.651,12.000,0,0.101,11.273,0.125,1.232,2.681,0.015,1,1,2434,9656,5,389060,2034,909,1097,1115,5,0,5,1,16777216,222,0.243,0,0.550
1,225,7222.655,tutorial,0,1024,640,12.781,1,12.839,12.839,13.000,0,0.045,10.682,0.058,1.202,2.678,0.009,1,1,2434,9656,5,389060,2034,909,1097,1120,5,0,5,1,16777216,223,0.248,0,1.324
1,226,7234.364,tutorial,0,1024,640,11.039,1,11.030,11.030,11.000,0,0.059,11.357,0.053,1.198,2.863,0.008,1,1,2434,9656,5,389060,2034,909,1097,1125,5,0,5,1,16777216,224,0.248,0,0.235
1,227,7245.333,tutorial,0,1024,640,11.641,1,11.661,11.661,12.000,0,0.039,10.604,0.133,1.243,2.469,0.011,1,1,2434,9656,5,389060,2034,909,1097,1130,5,0,5,1,16777216,225,0.249,0,0.188
1,228,7256.842,tutorial,0,1024,640,11.001,1,10.984,10.984,11.000,0,0.056,11.190,0.055,1.412,3.012,0.009,1,1,2434,9656,5,389060,2034,909,1097,1135,5,0,5,1,16777216,226,0.244,0,0.202
1,229,7268.535,tutorial,0,1024,640,11.478,1,11.495,11.495,11.000,0,0.040,11.344,0.116,1.214,2.742,0.010,1,1,2434,9656,5,389060,2034,909,1097,1140,5,0,5,1,16777216,227,0.242,0,0.189
1,230,7281.099,tutorial,0,1024,640,12.660,1,11.772,11.772,12.000,0,0.125,11.281,0.082,1.241,2.757,0.010,1,1,2434,9656,5,389060,2034,909,1097,1145,5,0,5,1,16777216,228,0.236,0,0.266
1,231,7294.180,tutorial,0,1024,640,11.704,1,12.562,12.562,13.000,0,0.064,12.670,0.070,1.223,2.822,0.013,1,1,2434,9656,5,389060,2034,909,1097,1150,5,0,5,1,16777216,229,0.248,0,0.264
1,232,7305.897,tutorial,0,1024,640,13.144,1,13.140,13.140,13.000,0,0.073,11.236,0.076,1.197,3.117,0.014,1,1,2434,9656,5,389060,2034,909,1097,1155,5,0,5,1,16777216,230,0.240,0,0.323
1,233,7317.884,tutorial,0,1024,640,11.689,1,11.719,11.719,12.000,0,0.042,11.544,0.068,1.337,3.263,0.009,1,1,2434,9656,5,389060,2034,909,1097,1160,5,0,5,1,16777216,231,0.295,0,0.326
1,234,7330.831,tutorial,0,1024,640,11.932,1,11.905,11.905,11.000,0,0.071,12.479,0.146,1.217,3.377,0.016,1,1,2434,9656,5,389060,2034,909,1097,1165,5,0,5,1,16777216,232,0.244,0,0.244
1,235,7346.133,tutorial,0,1024,640,12.929,1,12.954,12.954,13.000,0,0.046,14.903,0.094,1.666,3.685,0.013,1,1,2434,9656,5,389060,2034,909,1097,1170,5,0,5,1,16777216,233,0.246,0,0.251
1,236,7360.920,tutorial,0,1024,640,15.342,1,15.326,15.326,15.000,0,0.056,14.322,0.118,1.432,2.692,0.030,1,1,2434,9656,5,389060,2034,909,1097,1175,5,0,5,1,16777216,234,0.246,0,0.274
1,237,7375.058,tutorial,0,1024,640,14.759,1,14.754,14.754,15.000,0,0.067,13.662,0.157,1.773,4.218,0.021,1,1,2434,9656,5,389060,2034,909,1097,1180,5,0,5,1,16777216,235,0.248,0,0.241
1,238,7387.355,tutorial,0,1024,640,14.257,1,14.224,14.224,14.000,0,0.099,11.795,0.068,1.215,2.511,0.010,1,1,2434,9656,5,389060,2034,909,1097,1185,5,0,5,1,16777216,236,0.246,0,0.323
1,239,7398.569,tutorial,0,1024,640,12.131,1,12.190,12.190,13.000,0,0.041,10.875,0.072,1.200,2.506,0.008,1,1,2434,9656,5,389060,2034,909,1097,1190,5,0,5,1,16777216,237,0.253,0,0.221
1,240,7409.975,tutorial,0,1024,640,11.303,1,11.302,11.302,11.000,0,0.041,10.986,0.063,1.218,2.570,0.011,1,1,2434,9656,5,389060,2034,909,1097,1195,5,0,5,1,16777216,238,0.244,0,0.308
1,241,7421.344,tutorial,0,1024,640,11.370,1,11.362,11.362,12.000,0,0.050,10.922,0.128,1.253,2.698,0.011,1,1,2434,9656,5,389060,2034,909,1097,1200,5,0,5,1,16777216,239,0.254,0,0.264
1,242,7433.736,tutorial,0,1024,640,12.610,1,11.336,11.336,11.000,0,0.053,10.723,0.105,1.245,2.664,0.011,1,1,2434,9656,5,389060,2034,909,1097,1205,5,0,5,1,16777216,240,0.248,0,0.229
1,243,7445.346,tutorial,0,1024,640,11.838,1,12.436,12.436,13.000,0,0.069,10.505,0.095,1.211,2.380,0.009,1,1,2434,9656,5,389060,2034,909,1097,1210,5,0,5,1,16777216,241,0.308,0,0.274
1,244,7456.731,tutorial,0,1024,640,10.855,1,11.533,11.533,10.000,0,0.048,11.065,0.068,1.203,2.584,0.009,1,1,2434,9656,5,389060,2034,909,1097,1215,5,0,5,1,16777216,242,0.244,0,0.198
1,245,7467.551,tutorial,0,1024,640,11.413,1,11.418,11.418,12.000,0,0.042,10.488,0.052,1.364,2.675,0.026,1,1,2434,9656,5,389060,2034,909,1097,1220,5,0,5,1,16777216,243,0.238,0,0.231
1,246,7478.190,tutorial,0,1024,640,10.860,1,10.828,10.828,11.000,0,0.064,10.269,0.050,1.196,2.616,0.009,1,1,2434,9656,5,389060,2034,909,1097,1225,5,0,5,1,16777216,244,0.265,0,0.240
1,247,7488.418,tutorial,0,1024,640,10.552,1,10.586,10.586,10.000,0,0.041,9.954,0.041,1.196,2.457,0.007,1,1,2434,9656,5,389060,2034,909,1097,1230,5,0,5,1,16777216,245,0.240,0,0.187
1,248,7499.887,tutorial,0,1024,640,10.379,1,10.369,10.369,11.000,0,0.050,11.026,0.059,1.218,2.577,0.009,1,1,2434,9656,5,389060,2034,909,1097,1235,5,0,5,1,16777216,246,0.244,0,0.328
1,249,7510.557,tutorial,0,1024,640,11.418,1,11.396,11.396,12.000,0,0.065,10.219,0.118,1.367,2.671,0.011,1,1,2434,9656,5,389060,2034,909,1097,1240,5,0,5,1,16777216,247,0.249,0,0.255
1,250,7521.003,tutorial,0,1024,640,10.611,1,10.638,10.638,10.000,0,0.044,10.129,0.043,1.252,2.517,0.007,1,1,2434,9656,5,389060,2034,909,1097,1245,5,0,5,1,16777216,248,0.241,0,0.223
1,251,7531.848,tutorial,0,1024,640,10.399,1,10.401,10.401,10.000,0,0.042,10.515,0.100,1.207,2.460,0.008,1,1,2434,9656,5,389060,2034,909,1097,1250,5,0,5,1,16777216,249,0.238,0,0.178
1,252,7542.650,tutorial,0,1024,640,10.883,1,10.862,10.862,11.000,0,0.060,10.486,0.051,1.202,2.569,0.008,1,1,2434,9656,5,389060,2034,909,1097,1255,5,0,5,1,16777216,250,0.239,0,0.195
1,253,7555.952,tutorial,0,1024,640,13.029,1,10.801,10.801,11.000,0,0.046,10.740,0.071,1.193,2.864,0.013,1,1,2434,9656,5,389060,2034,909,1097,1260,5,0,5,1,16777216,251,0.245,0,0.195
1,254,7567.869,tutorial,0,1024,640,11.991,1,13.364,13.364,13.000,0,0.050,10.687,0.051,1.207,2.613,0.009,1,1,2434,9656,5,389060,2034,909,1097,1265,5,0,5,1,16777216,252,0.294,0,0.257
1,255,7579.312,tutorial,0,1024,640,11.180,1,11.877,11.877,12.000,0,0.051,10.896,0.100,1.220,2.676,0.012,1,1,2434,9656,5,389060,2034,909,1097,1270,5,0,5,1,16777216,253,0.250,0,0.216
1,256,7590.984,tutorial,0,1024,640,11.346,1,11.524,11.524,12.000,0,0.041,11.265,0.060,1.278,2.615,0.009,1,1,2434,9656,5,389060,2034,909,1097,1275,5,0,5,1,16777216,254,0.241,0,0.295
1,257,7601.411,tutorial,0,1024,640,11.594,1,11.596,11.596,12.000,0,0.040,10.117,0.042,1.210,2.495,0.006,1,1,2434,9656,5,389060,2034,909,1097,1280,5,0,5,1,16777216,255,0.246,0,0.221
1,258,7612.093,tutorial,0,1024,640,10.594,1,10.566,10.566,10.000,0,0.067,10.193,0.054,1.232,2.561,0.008,1,1,2434,9656,5,389060,2034,909,1097,1285,5,0,5,1,16777216,256,0.327,0,0.360
1,259,7625.487,tutorial,0,1024,640,10.525,1,10.542,10.542,10.000,0,0.051,13.050,0.065,1.705,3.337,0.010,1,1,2434,9656,5,389060,2034,909,1097,1290,5,0,5,1,16777216,257,0.236,0,0.222
1,260,7640.497,tutorial,0,1024,640,13.370,1,13.380,13.380,14.000,0,0.042,14.566,0.188,1.415,3.306,0.019,1,1,2434,9656,5,389060,2034,909,1097,1295,5,0,5,1,16777216,258,0.243,0,0.207
1,261,7652.555,tutorial,0,1024,640,15.084,1,15.062,15.062,15.000,0,0.057,11.660,0.069,1.329,2.920,0.010,1,1,2434,9656,5,389060,2034,909,1097,1300,5,0,5,1,16777216,259,0.245,0,0.258
1,262,7663.752,tutorial,0,1024,640,12.033,1,12.043,12.043,12.000,0,0.054,10.763,0.129,1.234,2.731,0.010,1,1,2434,9656,5,389060,2034,909,1097,1305,5,0,5,1,16777216,260,0.248,0,0.243
1,263,7674.889,tutorial,0,1024,640,11.144,1,11.150,11.150,12.000,0,0.048,10.821,0.064,1.360,2.813,0.009,1,1,2434,9656,5,389060,2034,909,1097,1310,5,0,5,1,16777216,261,0.252,0,0.195
1,264,7689.058,tutorial,0,1024,640,13.648,1,11.160,11.160,10.000,0,0.047,11.302,0.101,1.204,2.578,0.011,1,1,2434,9656,5,389060,2034,909,1097,1315,5,0,5,1,16777216,262,0.290,0,0.220
1,265,7730.903,level1,0,1024,640,42.321,1,14.300,14.300,14.000,0,29.996,10.845,0.086,0.477,0.959,0.023,1,1,1012,2791,7,152228,1744,909,806,1315,12,0,12,1,16777216,263,0.243,0,0.350
1,266,7738.566,level1,0,1024,640,12.184,1,42.253,42.253,42.000,0,0.160,6.355,0.055,0.440,0.885,0.011,1,1,1012,2791,7,152228,1744,909,806,1322,12,0,12,1,16777216,264,0.256,0,0.757
1,267,7747.891,level1,0,1024,640,8.214,1,7.105,7.105,8.000,0,0.114,7.443,0.078,0.779,1.429,0.011,1,1,1012,2791,7,152228,1744,909,806,1329,12,0,12,1,16777216,265,0.203,0,0.200
1,268,7755.098,level1,0,1024,640,7.934,1,9.395,9.395,9.000,0,0.128,6.738,0.057,0.432,0.850,0.008,1,1,1012,2791,7,152228,1744,909,806,1336,12,0,12,1,16777216,266,0.194,0,0.269
1,269,7761.574,level1,0,1024,640,7.209,1,7.156,7.156,8.000,0,0.190,6.011,0.050,0.427,0.903,0.008,1,1,1012,2791,7,152228,1744,909,806,1343,12,0,12,1,16777216,267,0.199,0,0.218
1,270,7767.735,level1,0,1024,640,6.437,1,6.474,6.474,6.000,0,0.150,5.745,0.040,0.439,0.846,0.007,1,1,1012,2791,7,152228,1744,909,806,1350,12,0,12,1,16777216,268,0.194,0,0.217
1,271,7774.032,level1,0,1024,640,6.157,1,6.201,6.201,6.000,0,0.111,5.875,0.051,0.425,0.824,0.008,1,1,1012,2791,7,152228,1744,909,806,1357,12,0,12,1,16777216,269,0.203,0,0.258
1,272,7781.181,level1,0,1024,640,6.267,1,6.252,6.252,6.000,0,0.125,6.738,0.069,0.430,0.882,0.008,1,1,1012,2791,7,152228,1744,909,806,1364,12,0,12,1,16777216,270,0.194,0,0.212
1,273,7787.380,level1,0,1024,640,7.120,1,7.132,7.132,7.000,0,0.111,5.840,0.046,0.491,0.959,0.008,1,1,1012,2791,7,152228,1744,909,806,1371,12,0,12,1,16777216,271,0.197,0,0.196
1,274,7794.171,level1,0,1024,640,6.275,1,6.252,6.252,7.000,0,0.136,6.347,0.054,0.429,0.877,0.007,1,1,1012,2791,7,152228,1744,909,806,1378,12,0,12,1,16777216,272,0.199,0,0.247
1,275,7801.462,level1,0,1024,640,6.791,1,6.736,6.736,6.000,0,0.190,6.856,0.045,0.428,0.882,0.007,1,1,1012,2791,7,152228,1744,909,806,1385,12,0,12,1,16777216,273,0.207,0,0.193
1,276,7807.962,level1,0,1024,640,7.233,1,7.299,7.299,8.000,0,0.125,5.945,0.223,0.437,0.836,0.007,1,1,1012,2791,7,152228,1744,909,806,1392,12,0,12,1,16777216,274,0.198,0,0.202
1,277,7816.213,level1,0,1024,640,8.016,1,6.533,6.533,6.000,0,0.139,6.352,0.051,0.491,0.963,0.008,1,1,1012,2791,7,152228,1744,909,806,1399,12,0,12,1,16777216,275,0.204,0,0.234
1,278,7824.586,level1,0,1024,640,7.506,1,8.240,8.240,8.000,0,0.136,7.213,0.058,0.428,1.010,0.008,1,1,1012,2791,7,152228,1744,909,806,1406,12,0,12,1,16777216,276,0.192,0,0.224
1,279,7831.544,level1,0,1024,640,7.625,1,8.354,8.354,9.000,0,0.143,6.555,0.048,0.435,0.846,0.007,1,1,1012,2791,7,152228,1744,909,806,1413,12,0,12,1,16777216,277,0.197,0,0.205
1,280,7837.932,level1,0,1024,640,6.986,1,6.997,6.997,7.000,0,0.133,5.956,0.050,0.433,0.877,0.007,1,1,1012,2791,7,152228,1744,909,806,1420,12,0,12,1,16777216,278,0.191,0,0.244
1,281,7844.350,level1,0,1024,640,6.327,1,6.321,6.321,7.000,0,0.139,6.052,0.045,0.427,0.818,0.006,1,1,1012,2791,7,152228,1744,909,806,1427,12,0,12,1,16777216,279,0.200,0,0.177
1,282,7850.575,level1,0,1024,640,6.419,1,6.416,6.416,6.000,0,0.141,5.856,0.047,0.428,0.877,0.007,1,1,1012,2791,7,152228,1744,909,806,1434,12,0,12,1,16777216,280,0.194,0,0.174
1,283,7856.690,level1,0,1024,640,6.249,1,6.276,6.276,6.000,0,0.112,5.729,0.040,0.423,0.812,0.007,1,1,1012,2791,7,152228,1744,909,806,1441,12,0,12,1,16777216,281,0.201,0,0.225
1,284,7862.841,level1,0,1024,640,6.146,1,6.081,6.081,6.000,0,0.181,5.731,0.041,0.424,0.814,0.008,1,1,1012,2791,7,152228,1744,909,806,1448,12,0,12,1,16777216,282,0.196,0,0.192
1,285,7869.841,level1,0,1024,640,6.071,1,6.131,6.131,7.000,0,0.122,6.651,0.050,0.601,1.008,0.007,1,1,1012,2791,7,152228,1744,909,806,1455,12,0,12,1,16777216,283,0.201,0,0.172
1,286,7876.135,level1,0,1024,640,7.065,1,7.014,7.014,7.000,0,0.170,5.891,0.040,0.452,0.895,0.006,1,1,1012,2791,7,152228,1744,909,806,1462,12,0,12,1,16777216,284,0.188,0,0.186
1,287,7882.298,level1,0,1024,640,6.269,1,6.329,6.329,6.000,0,0.113,5.783,0.043,0.424,0.857,0.007,1,1,1012,2791,7,152228,1744,909,806,1469,12,0,12,1,16777216,285,0.246,0,0.220
1,288,7888.360,level1,0,1024,640,6.156,1,6.160,6.160,6.000,0,0.109,5.692,0.039,0.427,0.829,0.007,1,1,1012,2791,7,152228,1744,909,806,1476,12,0,12,1,16777216,286,0.207,0,0.217
1,289,7894.632,level1,0,1024,640,6.038,1,6.006,6.006,5.000,0,0.141,5.918,0.048,0.424,0.879,0.007,1,1,1012,2791,7,152228,1744,909,806,1483,12,0,12,1,16777216,287,0.207,0,0.162
1,290,7900.896,level1,0,1024,640,6.385,1,6.385,6.385,7.000,0,0.140,5.800,0.045,0.442,0.838,0.007,1,1,1012,2791,7,152228,1744,909,806,1490,12,0,12,1,16777216,288,0.196,0,0.273
1,291,7906.896,level1,0,1024,640,6.180,1,6.162,6.162,6.000,0,0.158,5.626,0.039,0.431,0.835,0.006,1,1,1012,2791,7,152228,1744,909,806,1497,12,0,12,1,16777216,289,0.199,0,0.172
1,292,7913.344,level1,0,1024,640,6.032,1,6.032,6.032,6.000,0,0.159,6.031,0.049,0.435,0.878,0.007,1,1,1012,2791,7,152228,1744,909,806,1504,12,0,12,1,16777216,290,0.197,0,0.204
1,293,7920.296,level1,0,1024,640,6.449,1,6.418,6.418,6.000,0,0.189,6.526,0.058,0.432,0.837,0.007,1,1,1012,2791,7,152228,1744,909,806,1511,12,0,12,1,16777216,291,0.202,0,0.174
1,294,7926.460,level1,0,1024,640,7.027,1,7.099,7.099,8.000,0,0.118,5.678,0.042,0.424,0.844,0.007,1,1,1012,2791,7,152228,1744,909,806,1518,12,0,12,1,16777216,292,0.193,0,0.320
1,295,7933.400,level1,0,1024,640,6.025,1,6.000,6.000,5.000,0,0.143,6.574,0.062,0.433,0.923,0.009,1,1,1012,2791,7,152228,1744,909,806,1525,12,0,12,1,16777216,293,0.208,0,0.158
1,296,7940.713,level1,0,1024,640,7.136,1,7.076,7.076,8.000,0,0.199,6.763,0.049,0.427,0.840,0.008,1,1,1012,2791,7,152228,1744,909,806,1532,12,0,12,1,16777216,294,0.199,0,0.292
1,297,7948.011,level1,0,1024,640,7.205,1,7.292,7.292,7.000,0,0.115,6.850,0.053,0.428,0.918,0.008,1,1,1012,2791,7,152228,1744,909,806,1539,12,0,12,1,16777216,295,0.203,0,0.271
1,298,7954.905,level1,0,1024,640,7.380,1,7.296,7.296,8.000,0,0.195,6.364,0.055,0.428,0.835,0.008,1,1,1012,2791,7,152228,1744,909,806,1546,12,0,12,1,16777216,296,0.194,0,0.269
1,299,7962.233,level1,0,1024,640,6.949,1,6.939,6.939,6.000,0,0.208,6.746,0.053,0.427,0.827,0.008,1,1,1012,2791,7,152228,1744,909,806,1553,12,0,12,1,16777216,297,0.199,0,0.315
1,300,7968.764,level1,0,1024,640,7.314,1,7.317,7.317,7.000,0,0.205,5.970,0.045,0.425,0.822,0.007,1,1,1012,2791,7,152228,1744,909,806,1560,12,0,12,1,16777216,298,0.190,0,0.303
1,301,7976.005,level1,0,1024,640,6.745,1,6.649,6.649,7.000,0,0.301,6.463,0.049,0.434,0.921,0.007,1,1,1012,2791,7,152228,1744,909,806,1567,12,0,12,1,16777216,299,0.202,0,0.418
1,302,7983.115,level1,0,1024,640,6.923,1,7.047,7.047,8.000,0,0.178,6.656,0.043,0.437,0.872,0.007,1,1,1012,2791,7,152228,1744,909,806,1574,12,0,12,1,16777216,300,0.196,0,0.228
1,303,7990.335,level1,0,1024,640,7.058,1,7.058,7.058,6.000,0,0.177,6.764,0.097,0.429,1.239,0.011,1,1,1012,2791,7,152228,1744,909,806,1581,12,0,12,1,16777216,301,0.190,0,0.175
1,304,7996.725,level1,0,1024,640,7.214,1,7.264,7.264,8.000,0,0.123,5.991,0.047,0.430,0.853,0.029,1,1,1012,2791,7,152228,1744,909,806,1588,12,0,12,1,16777216,302,0.194,0,0.220
1,305,8003.864,level1,0,1024,640,6.457,1,6.425,6.425,6.000,0,0.154,6.671,0.049,0.437,0.887,0.007,1,1,1012,2791,7,152228,1744,909,806,1595,12,0,12,1,16777216,303,0.197,0,0.254
1,306,8010.988,level1,0,1024,640,7.035,1,7.060,7.060,8.000,0,0.134,6.760,0.049,0.434,0.848,0.007,1,1,1012,2791,7,152228,1744,909,806,1602,12,0,12,1,16777216,304,0.191,0,0.176
1,307,8017.143,level1,0,1024,640,7.235,1,7.210,7.210,7.000,0,0.159,5.685,0.044,0.425,0.849,0.007,1,1,1012,2791,7,152228,1744,909,806,1609,12,0,12,1,16777216,305,0.203,0,0.260
1,308,8023.452,level1,0,1024,640,6.101,1,6.084,6.084,5.000,0,0.177,5.888,0.049,0.437,0.874,0.007,1,1,1012,2791,7,152228,1744,909,806,1616,12,0,12,1,16777216,306,0.195,0,0.191
1,309,8029.493,level1,0,1024,640,6.235,1,6.295,6.295,7.000,0,0.117,5.703,0.040,0.445,0.901,0.007,1,1,1012,2791,7,152228,1744,909,806,1623,12,0,12,1,16777216,307,0.201,0,0.176
1,310,8035.749,level1,0,1024,640,6.169,1,6.130,6.130,5.000,0,0.155,5.788,0.042,0.424,0.815,0.008,1,1,1012,2791,7,152228,1744,909,806,1630,12,0,12,1,16777216,308,0.199,0,0.264
1,311,8043.189,level1,0,1024,640,6.330,1,6.157,6.157,7.000,0,0.325,6.864,0.075,0.434,0.870,0.007,1,1,1012,2791,7,152228,1744,909,806,1637,12,0,12,1,16777216,309,0.204,0,0.167
1,312,8050.196,level1,0,1024,640,7.471,1,7.590,7.590,7.000,0,0.208,6.423,0.052,0.679,1.131,0.008,1,1,1012,2791,7,152228,1744,909,806,1644,12,0,12,1,16777216,310,0.197,0,0.307
1,313,8057.225,level1,0,1024,640,6.830,1,6.927,6.927,8.000,0,0.114,6.625,0.049,0.432,0.862,0.007,1,1,1012,2791,7,152228,1744,909,806,1651,12,0,12,1,16777216,311,0.199,0,0.235
1,314,8064.497,level1,0,1024,640,7.323,1,7.107,7.107,6.000,0,0.328,6.578,0.045,0.437,0.898,0.007,1,1,1012,2791,7,152228,1744,909,806,1658,12,0,12,1,16777216,312,0.197,0,0.311
1,315,8072.051,level1,0,1024,640,7.125,1,7.122,7.122,8.000,0,0.328,6.993,0.058,0.432,0.838,0.007,1,1,1012,2791,7,152228,1744,909,806,1665,12,0,12,1,16777216,313,0.193,0,0.164
1,316,8079.690,level1,0,1024,640,7.817,1,7.818,7.818,8.000,0,0.330,6.826,0.047,0.488,0.896,0.008,1,1,1012,2791,7,152228,1744,909,806,1672,12,0,12,1,16777216,314,0.198,0,0.426
1,317,8086.282,level1,0,1024,640,7.288,1,7.479,7.479,7.000,0,0.141,6.130,0.047,0.433,0.877,0.007,1,1,1012,2791,7,152228,1744,909,806,1679,12,0,12,1,16777216,315,0.203,0,0.267
1,318,8093.957,level1,0,1024,640,6.921,1,6.794,6.794,7.000,0,0.268,6.882,0.049,0.434,0.849,0.007,1,1,1012,2791,7,152228,1744,909,806,1686,12,0,12,1,16777216,316,0.189,0,0.469
1,319,8102.543,level1,0,1024,640,7.519,1,7.596,7.596,8.000,0,0.190,7.896,0.101,0.617,1.061,0.010,1,1,1012,2791,7,152228,1744,909,806,1693,12,0,12,1,16777216,317,0.200,0,0.384
1,320,8110.419,level1,0,1024,640,8.690,1,8.527,8.527,8.000,0,0.352,7.129,0.056,0.493,1.020,0.009,1,1,1012,2791,7,152228,1744,909,806,1700,12,0,12,1,16777216,318,0.198,0,0.330
1,321,8117.399,level1,0,1024,640,7.666,1,7.822,7.822,8.000,0,0.197,6.451,0.047,0.441,0.856,0.007,1,1,1012,2791,7,152228,1744,909,806,1707,12,0,12,1,16777216,319,0.207,0,0.278
1,322,8124.561,level1,0,1024,640,6.934,1,6.961,6.961,6.000,0,0.167,6.673,0.053,0.448,0.965,0.007,1,1,1012,2791,7,152228,1744,909,806,1714,12,0,12,1,16777216,320,0.192,0,0.260
1,323,8132.461,level1,0,1024,640,7.356,1,7.091,7.091,8.000,0,0.422,7.217,0.053,0.434,0.964,0.007,1,1,1012,2791,7,152228,1744,909,806,1721,12,0,12,1,16777216,321,0.199,0,0.189
1,324,8139.386,level1,0,1024,640,7.757,1,8.041,8.041,8.000,0,0.151,6.374,0.064,0.438,1.026,0.013,1,1,1012,2791,7,152228,1744,909,806,1728,12,0,12,1,16777216,322,0.193,0,0.329
1,325,8146.688,level1,0,1024,640,6.932,1,6.892,6.892,7.000,0,0.191,6.716,0.092,0.432,1.029,0.022,1,1,1012,2791,7,152228,1744,909,806,1735,12,0,12,1,16777216,323,0.197,0,0.296
1,326,8154.352,level1,0,1024,640,7.453,1,7.337,7.337,7.000,0,0.305,6.975,0.046,0.432,0.957,0.007,1,1,1012,2791,7,152228,1744,909,806,1742,12,0,12,1,16777216,324,0.182,0,0.329
1,327,8162.294,level1,0,1024,640,7.756,1,7.715,7.715,8.000,0,0.339,7.099,0.105,0.472,1.060,0.010,1,1,1012,2791,7,152228,1744,909,806,1749,12,0,12,1,16777216,325,0.198,0,0.379
1,328,8169.938,level1,0,1024,640,7.771,1,7.879,7.879,8.000,0,0.229,7.016,0.061,0.472,0.997,0.007,1,1,1012,2791,7,152228,1744,909,806,1756,12,0,12,1,16777216,326,0.194,0,0.318
1,329,8176.707,level1,0,1024,640,7.530,1,7.586,7.586,7.000,0,0.184,6.270,0.048,0.441,0.976,0.008,1,1,1012,2791,7,152228,1744,909,806,1763,12,0,12,1,16777216,327,0.204,0,0.261
1,330,8184.411,level1,0,1024,640,6.792,1,6.811,6.811,7.000,0,0.162,7.177,0.052,0.435,1.027,0.008,1,1,1012,2791,7,152228,1744,909,806,1770,12,0,12,1,16777216,328,0.190,0,0.302
1,331,8193.452,level1,0,1024,640,8.928,1,7.586,7.586,8.000,0,0.242,7.247,0.094,0.557,1.212,0.010,1,1,1012,2791,7,152228,1744,909,806,1777,12,0,12,1,16777216,329,0.198,0,0.185
1,332,8201.957,level1,0,1024,640,8.302,1,9.193,9.193,9.000,0,0.297,7.471,0.073,0.446,0.880,0.009,1,1,1012,2791,7,152228,1744,909,806,1784,12,0,12,1,16777216,330,0.192,0,0.334
1,333,8210.938,level1,0,1024,640,8.932,1,8.448,8.448,9.000,0,0.142,7.513,0.081,0.466,0.910,0.011,1,1,1012,2791,7,152228,1744,909,806,1791,12,0,12,1,16777216,331,0.205,0,0.280
1,334,8218.280,level1,0,1024,640,8.058,1,9.018,9.018,9.000,0,0.140,6.828,0.051,0.462,0.988,0.007,1,1,1012,2791,7,152228,1744,909,806,1798,12,0,12,1,16777216,332,0.192,0,0.316
1,335,8225.332,level1,0,1024,640,7.843,1,7.820,7.820,7.000,0,0.161,6.039,0.048,0.450,0.893,0.007,1,1,1012,2791,7,152228,1744,909,806,1805,12,0,12,1,16777216,333,0.203,0,0.796
1,336,8232.553,level1,0,1024,640,6.554,1,6.536,6.536,7.000,0,0.180,6.700,0.054,0.444,0.985,0.008,1,1,1012,2791,7,152228,1744,909,806,1812,12,0,12,1,16777216,334,0.195,0,0.281
1,337,8240.521,level1,0,1024,640,7.618,1,7.198,7.198,7.000,0,0.174,7.050,0.054,0.466,0.894,0.008,1,1,1012,2791,7,152228,1744,909,806,1819,12,0,12,1,16777216,335,0.194,0,0.257
1,338,8247.351,level1,0,1024,640,7.513,1,7.990,7.990,8.000,0,0.118,6.381,0.042,0.443,0.900,0.007,1,1,1012,2791,7,152228,1744,909,806,1826,12,0,12,1,16777216,336,0.190,0,0.279
1,339,8255.691,level1,0,1024,640,6.816,1,6.788,6.788,6.000,0,0.152,7.842,0.102,0.550,1.107,0.010,1,1,1012,2791,7,152228,1744,909,806,1833,12,0,12,1,16777216,337,0.200,0,0.237
1,340,8264.621,level1,0,1024,640,9.406,1,8.460,8.460,9.000,0,0.366,7.411,0.058,0.438,0.994,0.010,1,1,1012,2791,7,152228,1744,909,806,1840,12,0,12,1,16777216,338,0.195,0,0.355
1,341,8273.635,level1,0,1024,640,8.499,1,8.761,8.761,9.000,0,0.284,7.923,0.062,0.439,0.891,0.011,1,1,1012,2791,7,152228,1744,909,806,1847,12,0,12,1,16777216,339,0.203,0,0.187
1,342,8283.249,level1,0,1024,640,9.592,1,9.131,9.131,9.000,0,0.198,7.935,0.072,0.701,1.116,0.008,1,1,1012,2791,7,152228,1744,909,806,1854,12,0,12,1,16777216,340,0.197,0,0.303
1,343,8290.650,level1,0,1024,640,9.125,1,9.573,9.573,10.000,0,0.126,6.181,0.100,0.443,0.985,0.012,1,1,1012,2791,7,152228,1744,909,806,1861,12,0,12,1,16777216,341,0.203,0,0.262
1,344,8296.934,level1,0,1024,640,6.657,1,7.370,7.370,7.000,0,0.139,5.866,0.044,0.434,0.868,0.007,1,1,1012,2791,7,152228,1744,909,806,1868,12,0,12,1,16777216,342,0.188,0,0.232
1,345,8304.938,level1,0,1024,640,6.284,1,6.247,6.247,7.000,0,0.175,7.566,0.062,0.435,1.069,0.009,1,1,1012,2791,7,152228,1744,909,806,1875,12,0,12,1,16777216,343,0.202,0,0.195
1,346,8313.197,level1,0,1024,640,9.163,1,8.060,8.060,7.000,0,0.159,6.668,0.057,0.483,0.900,0.009,1,1,1012,2791,7,152228,1744,909,806,1882,12,0,12,1,16777216,344,0.195,0,0.250
1,347,8320.687,level1,0,1024,640,7.149,1,8.293,8.293,9.000,0,0.130,6.972,0.094,0.434,0.974,0.011,1,1,1012,2791,7,152228,1744,909,806,1889,12,0,12,1,16777216,345,0.201,0,0.284
1,348,8328.432,level1,0,1024,640,8.234,1,7.396,7.396,8.000,0,0.118,6.525,0.052,0.499,0.940,0.008,1,1,1012,2791,7,152228,1744,909,806,1896,12,0,12,1,16777216,346,0.197,0,0.191
1,349,8337.936,level1,0,1024,640,7.267,1,7.833,7.833,7.000,0,0.180,8.708,0.105,0.663,1.414,0.017,1,1,1012,2791,7,152228,1744,909,806,1903,12,0,12,1,16777216,347,0.201,0,0.278
1,350,8347.668,level1,0,1024,640,10.715,1,9.537,9.537,10.000,0,0.200,7.764,0.067,0.438,0.925,0.011,1,1,1012,2791,7,152228,1744,909,806,1910,12,0,12,1,16777216,348,0.189,0,0.311
1,351,8360.267,level1,0,1024,640,9.668,1,9.649,9.649,9.000,0,0.182,10.666,0.095,0.458,1.061,0.013,1,1,1012,2791,7,152228,1744,909,806,1917,12,0,12,1,16777216,349,0.206,0,0.228
1,352,8371.791,level1,0,1024,640,12.496,1,12.616,12.616,13.000,0,0.120,9.681,0.108,0.713,1.244,0.014,1,1,1012,2791,7,152228,1744,909,806,1924,12,0,12,1,16777216,350,0.197,0,0.245
1,353,8380.970,level1,0,1024,640,10.953,1,11.523,11.523,12.000,0,0.141,7.897,0.119,1.469,2.234,0.016,1,1,1012,2791,7,152228,1744,909,806,1931,12,0,12,1,16777216,351,0.195,0,0.243
1,354,8389.058,level1,0,1024,640,9.507,1,9.152,9.152,9.000,0,0.138,6.526,0.071,0.480,0.904,0.012,1,1,1012,2791,7,152228,1744,909,806,1938,12,0,12,1,16777216,352,0.196,0,0.217
1,355,8397.726,level1,0,1024,640,7.868,1,8.138,8.138,7.000,0,0.134,7.293,0.104,0.436,0.956,0.011,1,1,1012,2791,7,152228,1744,909,806,1945,12,0,12,1,16777216,353,0.209,0,0.267
1,356,8405.807,level1,0,1024,640,9.014,1,8.612,8.612,10.000,0,0.142,6.373,0.091,0.432,1.178,0.016,1,1,1012,2791,7,152228,1744,909,806,1952,12,0,12,1,16777216,354,0.196,0,0.211
1,357,8414.041,level1,0,1024,640,7.737,1,8.183,8.183,7.000,0,0.159,6.835,0.125,0.579,1.240,0.013,1,1,1012,2791,7,152228,1744,909,806,1959,12,0,12,1,16777216,355,0.200,0,0.313
1,358,8422.423,level1,0,1024,640,8.571,1,8.251,8.251,9.000,0,0.188,6.649,0.124,0.542,1.196,0.012,1,1,1012,2791,7,152228,1744,909,806,1966,12,0,12,1,16777216,356,0.195,0,0.331
1,359,8431.208,level1,0,1024,640,8.512,1,8.547,8.547,8.000,0,0.133,6.917,0.128,0.555,1.051,0.011,1,1,1012,2791,7,152228,1744,909,806,1973,12,0,12,1,16777216,357,0.192,0,0.495
1,360,8439.091,level1,0,1024,640,8.330,1,8.517,8.517,9.000,0,0.132,6.515,0.082,0.454,1.056,0.009,1,1,1012,2791,7,152228,1744,909,806,1980,12,0,12,1,16777216,358,0.196,0,0.227
1,361,8447.321,level1,0,1024,640,8.010,1,7.856,7.856,7.000,0,0.133,6.760,0.059,0.443,1.049,0.008,1,1,1012,2791,7,152228,1744,909,806,1987,12,0,12,1,16777216,359,0.196,0,0.202
1,362,8456.290,level1,0,1024,640,8.855,1,8.286,8.286,9.000,0,0.193,6.871,0.061,0.474,1.052,0.010,1,1,1012,2791,7,152228,1744,909,806,1994,12,0,12,1,16777216,360,0.182,0,0.256
1,363,8464.477,level1,0,1024,640,8.142,1,8.943,8.943,9.000,0,0.121,6.912,0.065,0.435,1.034,0.010,1,1,1012,2791,7,152228,1744,909,806,2001,12,0,12,1,16777216,361,0.202,0,0.232
1,364,8472.338,level1,0,1024,640,8.319,1,8.161,8.161,8.000,0,0.126,6.458,0.061,0.448,1.022,0.010,1,1,1012,2791,7,152228,1744,909,806,2008,12,0,12,1,16777216,362,0.193,0,0.205
1,365,8479.921,level1,0,1024,640,7.904,1,7.857,7.857,7.000,0,0.183,6.141,0.058,0.440,0.867,0.008,1,1,1012,2791,7,152228,1744,909,806,2015,12,0,12,1,16777216,363,0.204,0,0.201
1,366,8487.722,level1,0,1024,640,7.505,1,7.591,7.591,7.000,0,0.170,6.379,0.116,0.493,0.911,0.008,1,1,1012,2791,7,152228,1744,909,806,2022,12,0,12,1,16777216,364,0.203,0,0.209
1,367,8495.929,level1,0,1024,640,8.298,1,7.787,7.787,9.000,0,0.114,6.344,0.060,0.441,1.002,0.010,1,1,1012,2791,7,152228,1744,909,806,2029,12,0,12,1,16777216,365,0.198,0,0.195
1,368,8503.938,level1,0,1024,640,8.210,1,8.207,8.207,8.000,0,0.134,6.147,0.055,0.452,0.865,0.009,1,1,1012,2791,7,152228,1744,909,806,2036,12,0,12,1,16777216,366,0.186,0,0.195
1,369,8512.274,level1,0,1024,640,7.966,1,8.004,8.004,8.000,0,0.123,6.507,0.066,0.445,1.023,0.010,1,1,1012,2791,7,152228,1744,909,806,2043,12,0,12,1,16777216,367,0.199,0,0.191
1,370,8520.400,level1,0,1024,640,8.279,1,8.345,8.345,8.000,0,0.116,6.359,0.061,0.467,0.909,0.010,1,1,1012,2791,7,152228,1744,909,806,2050,12,0,12,1,16777216,368,0.196,0,0.198
1,371,8528.407,level1,0,1024,640,7.704,1,8.179,8.179,9.000,0,0.123,6.669,0.054,0.437,0.871,0.008,1,1,1012,2791,7,152228,1744,909,806,2057,12,0,12,1,16777216,369,0.241,0,0.252
1,372,8537.235,level1,0,1024,640,8.154,1,7.944,7.944,8.000,0,0.109,7.331,0.066,0.438,1.044,0.010,1,1,1012,2791,7,152228,1744,909,806,2064,12,0,12,1,16777216,370,0.195,0,0.189
1,373,8545.437,level1,0,1024,640,8.958,1,8.890,8.890,9.000,0,0.380,6.567,0.073,0.436,1.400,0.017,1,1,1012,2791,7,152228,1744,909,806,2071,12,0,12,1,16777216,371,0.197,0,0.250
1,374,8554.508,level1,0,1024,640,8.026,1,8.155,8.155,8.000,0,0.119,7.576,0.109,0.468,1.160,0.011,1,1,1012,2791,7,152228,1744,909,806,2078,12,0,12,1,16777216,372,0.193,0,0.204
1,375,8564.088,level1,0,1024,640,9.310,1,9.069,9.069,9.000,0,0.219,7.881,0.075,0.441,0.932,0.010,1,1,1012,2791,7,152228,1744,909,806,2085,12,0,12,1,16777216,373,0.207,0,0.202
1,376,8573.626,level1,0,1024,640,9.706,1,9.585,9.585,10.000,0,0.124,7.716,0.071,0.671,1.125,0.010,1,1,1012,2791,7,152228,1744,909,806,2092,12,0,12,1,16777216,374,0.199,0,0.207
1,377,8582.322,level1,0,1024,640,9.637,1,9.562,9.562,9.000,0,0.154,6.793,0.053,0.469,1.032,0.009,1,1,1012,2791,7,152228,1744,909,806,2099,12,0,12,1,16777216,375,0.202,0,0.230
1,378,8589.780,level1,0,1024,640,7.149,1,8.652,8.652,9.000,0,0.111,7.080,0.075,0.540,1.079,0.018,1,1,1012,2791,7,152228,1744,909,806,2106,12,0,12,1,16777216,376,0.191,0,0.187
1,379,8596.537,level1,0,1024,640,7.485,1,7.469,7.469,8.000,0,0.126,6.384,0.044,0.428,0.841,0.008,1,1,1012,2791,7,152228,1744,909,806,2113,12,0,12,1,16777216,377,0.199,0,0.198
1,380,8603.667,level1,0,1024,640,6.719,1,6.724,6.724,6.000,0,0.118,6.774,0.064,0.449,0.960,0.008,1,1,1012,2791,7,152228,1744,909,806,2120,12,0,12,1,16777216,378,0.185,0,0.166
1,381,8610.294,level1,0,1024,640,7.243,1,7.162,7.162,7.000,0,0.194,6.175,0.047,0.430,0.914,0.007,1,1,1012,2791,7,152228,1744,909,806,2127,12,0,12,1,16777216,379,0.182,0,0.197
1,382,8617.558,level1,0,1024,640,6.790,1,6.852,6.852,7.000,0,0.139,6.628,0.069,0.445,1.044,0.010,1,1,1012,2791,7,152228,1744,909,806,2134,12,0,12,1,16777216,380,0.198,0,0.422
1,383,8625.930,level1,0,1024,640,8.346,1,7.072,7.072,8.000,0,0.116,6.662,0.060,0.441,0.867,0.010,1,1,1012,2791,7,152228,1744,909,806,2141,12,0,12,1,16777216,381,0.195,0,0.230
1,384,8636.999,level1,0,1024,640,8.740,1,8.332,8.332,7.000,0,0.111,8.949,0.101,0.473,1.090,0.013,1,1,1012,2791,7,152228,1744,909,806,2148,12,0,12,1,16777216,382,0.196,0,0.191
1,385,8646.337,level1,0,1024,640,10.733,1,11.150,11.150,12.000,0,0.142,7.219,0.436,0.447,1.186,0.018,1,1,1012,2791,7,152228,1744,909,806,2155,12,0,12,1,16777216,383,0.196,0,0.270
1,386,8654.712,level1,0,1024,640,9.130,1,9.594,9.594,10.000,0,0.337,6.841,0.061,0.690,1.367,0.010,1,1,1012,2791,7,152228,1744,909,806,2162,12,0,12,1,16777216,384,0.195,0,0.526
1,387,8662.611,level1,0,1024,640,8.423,1,8.073,8.073,7.000,0,0.140,6.320,0.057,0.459,0.901,0.010,1,1,1012,2791,7,152228,1744,909,806,2169,12,0,12,1,16777216,385,0.199,0,0.225
1,388,8671.372,level1,0,1024,640,7.758,1,7.897,7.897,9.000,0,0.142,7.312,0.068,0.453,1.031,0.010,1,1,1012,2791,7,152228,1744,909,806,2176,12,0,12,1,16777216,386,0.191,0,0.224
1,389,8680.847,level1,0,1024,640,9.475,1,8.789,8.789,8.000,0,0.182,7.303,0.077,0.558,1.041,0.010,1,1,1012,2791,7,152228,1744,909,806,2183,12,0,12,1,16777216,387,0.192,0,0.251
1,390,8688.365,level1,0,1024,640,8.578,1,9.490,9.490,9.000,0,0.137,6.240,0.080,0.461,0.882,0.008,1,1,1012,2791,7,152228,1744,909,806,2190,12,0,12,1,16777216,388,0.195,0,0.267
1,391,8696.731,level1,0,1024,640,7.396,1,7.561,7.561,8.000,0,0.199,7.219,0.072,0.476,0.890,0.009,1,1,1012,2791,7,152228,1744,909,806,2197,12,0,12,1,16777216,389,0.197,0,0.308
1,392,8704.432,level1,0,1024,640,8.583,1,8.312,8.312,8.000,0,0.155,6.336,0.055,0.435,0.846,0.009,1,1,1012,2791,7,152228,1744,909,806,2204,12,0,12,1,16777216,390,0.199,0,0.254
1,393,8712.003,level1,0,1024,640,7.841,1,7.655,7.655,7.000,0,0.136,6.072,0.067,0.439,0.959,0.012,1,1,1012,2791,7,152228,1744,909,806,2211,12,0,12,1,16777216,391,0.196,0,0.208
1,394,8720.130,level1,0,1024,640,7.446,1,7.622,7.622,8.000,0,0.187,6.741,0.078,0.471,1.094,0.011,1,1,1012,2791,7,152228,1744,909,806,2218,12,0,12,1,16777216,392,0.194,0,0.260
1,395,8727.644,level1,0,1024,640,8.011,1,8.157,8.157,9.000,0,0.284,6.262,0.062,0.499,0.917,0.031,1,1,1012,2791,7,152228,1744,909,806,2225,12,0,12,1,16777216,393,0.200,0,0.289
1,396,8736.210,level1,0,1024,640,7.929,1,7.475,7.475,7.000,0,0.150,6.890,0.069,0.436,0.883,0.009,1,1,1012,2791,7,152228,1744,909,806,2232,12,0,12,1,16777216,394,0.193,0,0.252
1,397,8744.215,level1,0,1024,640,8.621,1,9.295,9.295,9.000,0,0.139,6.274,0.070,0.440,0.865,0.010,1,1,1012,2791,7,152228,1744,909,806,2239,12,0,12,1,16777216,395,0.202,0,0.981
1,398,8752.439,level1,0,1024,640,7.906,1,7.224,7.224,7.000,0,0.128,6.566,0.095,0.439,0.888,0.010,1,1,1012,2791,7,152228,1744,909,806,2246,12,0,12,1,16777216,396,0.194,0,0.201
1,399,8760.840,level1,0,1024,640,7.990,1,8.243,8.243,9.000,0,0.123,7.000,0.074,0.463,0.896,0.009,1,1,1012,2791,7,152228,1744,909,806,2253,12,0,12,1,16777216,397,0.196,0,0.219
1,400,8769.310,level1,0,1024,640,8.629,1,8.390,8.390,8.000,0,0.194,6.859,0.056,0.435,1.004,0.011,1,1,1012,2791,7,152228,1744,909,806,2260,12,0,12,1,16777216,398,0.191,0,0.208
1,401,8777.174,level1,0,1024,640,8.389,1,8.574,8.574,9.000,0,0.180,6.339,0.051,0.436,0.855,0.008,1,1,1012,2791,7,152228,1744,909,806,2267,12,0,12,1,16777216,399,0.240,0,0.312
1,402,8784.473,level1,0,1024,640,6.752,1,7.752,7.752,7.000,0,0.152,6.889,0.048,0.447,0.977,0.008,1,1,1012,2791,7,152228,1744,909,806,2274,12,0,12,1,16777216,400,0.199,0,0.201
1,403,8792.192,level1,0,1024,640,7.372,1,7.384,7.384,8.000,0,0.144,7.217,0.068,0.497,1.166,0.011,1,1,1012,2791,7,152228,1744,909,806,2281,12,0,12,1,16777216,401,0.199,0,0.286
1,404,8799.600,level1,0,1024,640,8.254,1,7.755,7.755,7.000,0,0.214,6.390,0.048,0.456,1.080,0.010,1,1,1012,2791,7,152228,1744,909,806,2288,12,0,12,1,16777216,402,0.182,0,0.314
1,405,8806.508,level1,0,1024,640,6.886,1,7.337,7.337,8.000,0,0.192,6.414,0.046,0.439,0.853,0.007,1,1,1012,2791,7,152228,1744,909,806,2295,12,0,12,1,16777216,403,0.205,0,0.250
1,406,8813.709,level1,0,1024,640,6.946,1,7.004,7.004,7.000,0,0.134,6.663,0.052,0.438,0.901,0.007,1,1,1012,2791,7,152228,1744,909,806,2302,12,0,12,1,16777216,404,0.181,0,0.346
1,407,8821.127,level1,0,1024,640,7.169,1,7.108,7.108,7.000,0,0.194,6.887,0.078,0.441,0.858,0.008,1,1,1012,2791,7,152228,1744,909,806,2309,12,0,12,1,16777216,405,0.202,0,0.254
1,408,8828.140,level1,0,1024,640,8.003,1,7.403,7.403,7.000,0,0.170,5.931,0.045,0.439,0.885,0.007,1,1,1012,2791,7,152228,1744,909,806,2316,12,0,12,1,16777216,406,0.188,0,0.238
1,409,8835.097,level1,0,1024,640,6.355,1,6.957,6.957,7.000,0,0.192,6.530,0.047,0.429,0.897,0.007,1,1,1012,2791,7,152228,1744,909,806,2323,12,0,12,1,16777216,407,0.197,0,0.183
1,410,8841.755,level1,0,1024,640,6.904,1,6.965,6.965,7.000,0,0.132,6.255,0.076,0.435,0.901,0.008,1,1,1012,2791,7,152228,1744,909,806,2330,12,0,12,1,16777216,408,0.198,0,0.190
1,411,8848.194,level1,0,1024,640,6.729,1,6.665,6.665,7.000,0,0.191,6.001,0.041,0.430,0.864,0.007,1,1,1012,2791,7,152228,1744,909,806,2337,12,0,12,1,16777216,409,0.206,0,0.197
1,412,8854.855,level1,0,1024,640,6.332,1,6.404,6.404,6.000,0,0.125,6.322,0.048,0.431,0.832,0.007,1,1,1012,2791,7,152228,1744,909,806,2344,12,0,12,1,16777216,410,0.197,0,0.162
1,413,8861.000,level1,0,1024,640,6.690,1,6.692,6.692,7.000,0,0.123,5.786,0.038,0.428,0.862,0.007,1,1,1012,2791,7,152228,1744,909,806,2351,12,0,12,1,16777216,411,0.199,0,0.193
1,414,8867.935,level1,0,1024,640,6.129,1,6.136,6.136,7.000,0,0.116,6.555,0.075,0.448,0.909,0.010,1,1,1012,2791,7,152228,1744,909,806,2358,12,0,12,1,16777216,412,0.193,0,0.185
1,415,8875.903,level1,0,1024,640,7.077,1,6.972,6.972,7.000,0,0.218,7.459,0.062,0.530,1.128,0.008,1,1,1012,2791,7,152228,1744,909,806,2365,12,0,12,1,16777216,413,0.198,0,0.220
1,416,8882.538,level1,0,1024,640,7.900,1,7.953,7.953,8.000,0,0.165,6.199,0.055,0.434,1.009,0.012,1,1,1012,2791,7,152228,1744,909,806,2372,12,0,12,1,16777216,414,0.191,0,0.206
1,417,8891.825,level1,0,1024,640,8.705,1,6.636,6.636,6.000,0,0.114,6.783,0.056,0.437,1.016,0.008,1,1,1012,2791,7,152228,1744,909,806,2379,12,0,12,1,16777216,415,0.206,0,0.208
1,418,8899.786,level1,0,1024,640,7.733,1,9.357,9.357,10.000,0,0.201,6.964,0.103,0.454,1.069,0.009,1,1,1011,2789,7,152084,1744,909,806,2386,12,0,12,1,16777216,416,0.193,0,0.276
1,419,8907.462,level1,0,1024,640,8.530,1,7.877,7.877,7.000,0,0.123,6.102,0.109,0.432,0.916,0.010,1,1,1011,2789,7,152084,1744,909,806,2393,12,0,12,1,16777216,417,0.201,0,0.193
1,420,8914.605,level1,0,1024,640,6.846,1,7.782,7.782,8.000,0,0.205,6.434,0.075,0.543,1.059,0.010,1,1,1011,2789,7,152084,1744,909,806,2400,12,0,12,1,16777216,418,0.142,0,0.296
1,421,8921.483,level1,0,1024,640,6.845,1,7.046,7.046,7.000,0,0.128,6.498,0.044,0.433,0.949,0.006,1,1,1011,2789,7,152084,1744,909,806,2407,12,0,12,1,16777216,419,0.154,0,0.202
1,422,8928.496,level1,0,1024,640,6.844,1,6.858,6.858,7.000,0,0.115,6.230,0.481,0.429,0.979,0.009,1,1,1011,2789,7,152084,1744,909,806,2414,12,0,12,1,16777216,420,0.149,0,0.183
1,423,8935.576,level1,0,1024,640,7.100,1,7.073,7.073,7.000,0,0.141,6.638,0.053,0.598,1.230,0.009,1,1,1006,2741,7,151060,1744,910,805,2421,12,0,12,1,16777216,421,0.148,0,0.242
1,424,8942.067,level1,0,1024,640,7.076,1,7.020,7.020,7.000,0,0.192,6.065,0.041,0.440,0.862,0.007,1,1,1006,2741,7,151060,1744,910,805,2428,12,0,12,1,16777216,422,0.143,0,0.183
1,425,8948.508,level1,0,1024,640,6.424,1,6.504,6.504,6.000,0,0.118,6.080,0.043,0.452,0.878,0.008,1,1,1006,2741,7,151060,1744,910,805,2435,12,0,12,1,16777216,423,0.150,0,0.195
1,426,8955.558,level1,0,1024,640,6.405,1,6.412,6.412,7.000,0,0.110,6.725,0.044,0.451,0.846,0.007,1,1,1006,2741,7,151060,1744,910,805,2442,12,0,12,1,16777216,424,0.128,0,0.167
1,427,8961.999,level1,0,1024,640,7.102,1,7.091,7.091,7.000,0,0.121,6.058,0.051,0.434,0.932,0.008,1,1,1006,2741,7,151060,1744,910,805,2449,12,0,12,1,16777216,425,0.161,0,0.208
1,428,8968.280,level1,0,1024,640,6.424,1,6.421,6.421,6.000,0,0.123,5.926,0.040,0.442,0.850,0.008,1,1,1006,2741,7,151060,1744,910,805,2456,12,0,12,1,16777216,426,0.147,0,0.188
1,429,8976.160,level1,0,1024,640,6.633,1,6.628,6.628,7.000,0,0.127,7.161,0.051,0.669,1.195,0.008,1,1,1006,2741,7,151060,1744,910,805,2463,12,0,12,1,16777216,427,0.151,0,0.531
1,430,8983.482,level1,0,1024,640,7.637,1,7.572,7.572,7.000,0,0.190,6.850,0.046,0.444,0.903,0.007,1,1,1006,2741,7,151060,1744,910,805,2470,12,0,12,1,16777216,428,0.152,0,0.226
1,431,8991.035,level1,0,1024,640,7.639,1,7.453,7.453,8.000,0,0.375,6.752,0.058,0.522,0.953,0.008,1,1,1006,2741,7,151060,1744,910,805,2477,12,0,12,1,16777216,429,0.154,0,0.357
1,432,8997.696,level1,0,1024,640,7.199,1,7.456,7.456,8.000,0,0.119,6.228,0.044,0.439,0.904,0.007,1,1,1006,2741,7,151060,1744,910,805,2484,12,0,12,1,16777216,430,0.142,0,0.261
1,433,9004.933,level1,0,1024,640,6.783,1,6.661,6.661,6.000,0,0.241,6.677,0.049,0.439,0.837,0.007,1,1,1006,2741,7,151060,1744,910,805,2491,12,0,12,1,16777216,431,0.155,0,0.261
1,434,9012.841,level1,0,1024,640,7.294,1,7.162,7.162,8.000,0,0.372,7.290,0.051,0.436,0.892,0.007,1,1,1006,2741,7,151060,1744,910,805,2498,12,0,12,1,16777216,432,0.146,0,0.187
1,435,9019.556,level1,0,1024,640,7.831,1,8.027,8.027,7.000,0,0.180,6.170,0.053,0.477,0.887,0.007,1,1,988,2705,7,148468,1744,928,787,2505,12,0,12,1,16777216,433,0.162,0,0.304
1,436,9026.456,level1,0,1024,640,6.707,1,6.677,6.677,7.000,0,0.211,6.373,0.043,0.432,0.821,0.007,1,1,988,2705,7,148468,1744,928,787,2512,12,0,12,1,16777216,434,0.143,0,0.267
1,437,9033.590,level1,0,1024,640,6.909,1,7.002,7.002,7.000,0,0.118,6.583,0.059,0.431,0.883,0.008,1,1,993,2720,7,149228,1744,927,788,2519,12,0,12,1,16777216,435,0.140,0,0.369
1,438,9040.758,level1,0,1024,640,7.019,1,7.016,7.016,7.000,0,0.116,6.710,0.081,0.470,0.907,0.012,1,1,993,2720,7,149228,1744,927,788,2526,12,0,12,1,16777216,436,0.142,0,0.251
1,439,9048.592,level1,0,1024,640,7.297,1,7.280,7.280,7.000,0,0.137,7.275,0.054,0.427,0.877,0.008,1,1,988,2672,7,148204,1744,928,787,2533,12,0,12,1,16777216,437,0.218,0,0.361
1,440,9056.556,level1,0,1024,640,8.125,1,8.053,8.053,8.000,0,0.207,7.118,0.049,0.426,0.886,0.007,1,1,988,2672,7,148204,1744,928,787,2540,12,0,12,1,16777216,438,0.142,0,0.580
1,441,9063.646,level1,0,1024,640,7.631,1,7.558,7.558,8.000,0,0.280,6.580,0.047,0.428,0.827,0.007,1,1,988,2672,7,148204,1744,928,787,2547,12,0,12,1,16777216,439,0.150,0,0.176
1,442,9071.383,level1,0,1024,640,7.066,1,7.180,7.180,8.000,0,0.162,7.246,0.051,0.431,0.888,0.008,1,1,988,2672,7,148204,1744,928,787,2554,12,0,12,1,16777216,440,0.139,0,0.265
1,443,9078.208,level1,0,1024,640,7.755,1,7.800,7.800,7.000,0,0.123,6.324,0.043,0.432,0.867,0.007,1,1,988,2672,7,148204,1744,928,787,2561,12,0,12,1,16777216,441,0.143,0,0.329
1,444,9086.455,level1,0,1024,640,7.157,1,7.004,7.004,7.000,0,0.275,7.406,0.052,0.436,0.890,0.008,1,1,988,2672,7,148204,1744,928,787,2568,12,0,12,1,16777216,442,0.142,0,0.506
1,445,9093.399,level1,0,1024,640,7.928,1,8.032,8.032,8.000,0,0.167,6.426,0.047,0.423,0.850,0.007,1,1,988,2672,7,148204,1744,928,787,2575,12,0,12,1,16777216,443,0.152,0,0.292
1,446,9100.536,level1,0,1024,640,6.921,1,6.900,6.900,7.000,0,0.193,6.641,0.048,0.468,0.902,0.008,1,1,988,2672,7,148204,1744,928,787,2582,12,0,12,1,16777216,444,0.134,0,0.249
1,447,9107.236,level1,0,1024,640,7.144,1,7.197,7.197,7.000,0,0.139,6.201,0.045,0.529,0.962,0.007,1,1,988,2672,7,148204,1744,928,787,2589,12,0,12,1,16777216,445,0.148,0,0.308
1,448,9114.708,level1,0,1024,640,6.649,1,6.675,6.675,7.000,0,0.116,6.972,0.096,0.423,1.220,0.016,1,1,988,2672,7,148204,1744,928,787,2596,12,0,12,1,16777216,446,0.143,0,0.283
1,449,9121.753,level1,0,1024,640,7.616,1,7.520,7.520,8.000,0,0.211,6.452,0.045,0.435,0.847,0.007,1,1,991,2689,7,148724,1744,927,788,2603,12,0,12,1,16777216,447,0.147,0,0.326
1,450,9128.686,level1,0,1024,640,6.918,1,7.003,7.003,7.000,0,0.126,6.397,0.113,0.437,0.897,0.017,1,1,991,2689,7,148724,1744,927,788,2610,12,0,12,1,16777216,448,0.142,0,0.289
1,451,9136.097,level1,0,1024,640,7.210,1,7.016,7.016,6.000,0,0.288,6.665,0.047,0.471,1.152,0.007,1,1,991,2689,7,148724,1744,927,788,2617,12,0,12,1,16777216,449,0.150,0,0.372
1,452,9142.769,level1,0,1024,640,7.178,1,7.309,7.309,7.000,0,0.182,6.162,0.045,0.433,0.892,0.007,1,1,991,2689,7,148724,1744,927,788,2624,12,0,12,1,16777216,450,0.141,0,0.270
1,453,9151.151,level1,0,1024,640,6.786,1,6.756,6.756,7.000,0,0.214,7.727,0.074,0.440,0.924,0.007,1,1,991,2689,7,148724,1744,927,788,2631,12,0,12,1,16777216,451,0.149,0,0.354
1,454,9157.745,level1,0,1024,640,8.365,1,8.370,8.370,9.000,0,0.213,5.987,0.045,0.443,0.862,0.007,1,1,991,2689,7,148724,1744,927,788,2638,12,0,12,1,16777216,452,0.141,0,0.341
1,455,9165.667,level1,0,1024,640,6.512,1,6.478,6.478,6.000,0,0.247,7.371,0.071,0.450,0.991,0.009,1,1,991,2689,7,148724,1744,927,788,2645,12,0,12,1,16777216,453,0.149,0,0.226
1,456,9173.339,level1,0,1024,640,7.931,1,7.979,7.979,9.000,0,0.199,7.124,0.060,0.445,0.986,0.009,1,1,991,2689,7,148724,1744,927,788,2652,12,0,12,1,16777216,454,0.146,0,0.269
1,457,9180.830,level1,0,1024,640,7.685,1,7.699,7.699,7.000,0,0.185,6.930,0.057,0.436,0.997,0.009,1,1,991,2689,7,148724,1744,927,788,2659,12,0,12,1,16777216,455,0.152,0,0.309
1,458,9187.553,level1,0,1024,640,7.416,1,7.479,7.479,7.000,0,0.123,6.252,0.043,0.443,0.848,0.007,1,1,991,2689,7,148724,1744,927,788,2666,12,0,12,1,16777216,456,0.145,0,0.298
1,459,9194.906,level1,0,1024,640,6.717,1,6.723,6.723,7.000,0,0.118,6.882,0.050,0.440,0.840,0.030,1,1,1008,2723,7,151172,1744,910,805,2673,12,0,12,1,16777216,457,0.156,0,0.299
1,460,9201.497,level1,0,1024,640,7.314,1,7.312,7.312,8.000,0,0.120,6.164,0.045,0.453,0.882,0.007,1,1,1008,2723,7,151172,1744,910,805,2680,12,0,12,1,16777216,458,0.145,0,0.257
1,461,9208.624,level1,0,1024,640,6.606,1,6.610,6.610,6.000,0,0.113,6.661,0.068,0.436,0.848,0.009,1,1,1008,2723,7,151172,1744,910,805,2687,12,0,12,1,16777216,459,0.153,0,0.277
1,462,9216.036,level1,0,1024,640,7.374,1,7.234,7.234,8.000,0,0.253,6.722,0.046,0.459,0.861,0.008,1,1,1003,2708,7,150412,1744,911,804,2694,12,0,12,1,16777216,460,0.146,0,0.384
1,463,9223.835,level1,0,1024,640,7.188,1,7.322,7.322,6.000,0,0.121,7.153,0.224,0.775,1.286,0.007,1,1,1003,2708,7,150412,1744,911,804,2701,12,0,12,1,16777216,461,0.157,0,0.294
1,464,9232.579,level1,0,1024,640,9.709,1,7.866,7.866,9.000,0,0.175,6.359,0.054,0.454,0.952,0.008,1,1,1003,2708,7,150412,1744,911,804,2708,12,0,12,1,16777216,462,0.143,0,0.362
1,465,9240.964,level1,0,1024,640,7.382,1,8.620,8.620,8.000,0,0.137,7.365,0.051,0.434,0.929,0.007,1,1,1003,2708,7,150412,1744,911,804,2715,12,0,12,1,16777216,463,0.151,0,0.237
1,466,9248.035,level1,0,1024,640,7.942,1,8.453,8.453,8.000,0,0.206,6.498,0.046,0.429,0.839,0.007,1,1,1003,2708,7,150412,1744,911,804,2722,12,0,12,1,16777216,464,0.145,0,0.304
1,467,9258.188,level1,0,1024,640,7.364,1,7.054,7.054,8.000,0,0.522,9.159,0.173,0.699,1.479,0.019,1,1,998,2693,7,149652,1744,912,803,2729,12,0,12,1,16777216,465,0.153,0,0.287
1,468,9268.340,level1,0,1024,640,10.164,1,10.258,10.258,10.000,0,0.415,9.231,0.090,0.444,1.099,0.012,1,1,993,2678,7,148892,1744,913,802,2736,12,0,12,1,16777216,466,0.148,0,0.388
1,469,9280.272,level1,0,1024,640,9.731,1,9.972,9.972,10.000,0,0.178,11.384,0.136,0.643,1.337,0.022,1,1,993,2678,7,148892,1744,913,802,2743,12,0,12,1,16777216,467,0.157,0,0.212
1,470,9289.141,level1,0,1024,640,12.194,1,12.089,12.089,12.000,0,0.268,8.102,0.095,0.493,1.240,0.013,1,1,980,2690,7,147324,1744,929,786,2750,12,0,12,1,16777216,468,0.155,0,0.367
1,471,9296.871,level1,0,1024,640,8.710,1,8.779,8.779,8.000,0,0.224,7.163,0.054,0.412,0.875,0.008,1,1,980,2690,7,147324,1744,929,786,2757,12,0,12,1,16777216,469,0.169,0,0.277
1,472,9304.031,level1,0,1024,640,7.538,1,7.646,7.646,8.000,0,0.118,6.793,0.046,0.421,0.906,0.008,1,1,985,2738,7,148348,1744,928,787,2764,12,0,12,1,16777216,470,0.147,0,0.196
1,473,9310.674,level1,0,1024,640,7.126,1,7.136,7.136,7.000,0,0.111,6.312,0.045,0.415,0.893,0.008,1,1,985,2745,7,148404,1744,928,787,2771,12,0,12,1,16777216,471,0.142,0,0.172
1,474,9317.449,level1,0,1024,640,6.677,1,6.651,6.651,7.000,0,0.137,6.401,0.053,0.417,0.900,0.008,1,1,985,2745,7,148404,1744,928,787,2778,12,0,12,1,16777216,472,0.148,0,0.180
1,475,9324.686,level1,0,1024,640,6.838,1,6.779,6.779,6.000,0,0.194,6.801,0.052,0.419,0.932,0.008,1,1,985,2745,7,148404,1744,928,787,2785,12,0,12,1,16777216,473,0.148,0,0.183
1,476,9331.522,level1,0,1024,640,7.214,1,7.270,7.270,8.000,0,0.141,6.423,0.051,0.428,0.856,0.009,1,1,985,2745,7,148404,1744,928,787,2792,12,0,12,1,16777216,474,0.144,0,0.216
1,477,9338.307,level1,0,1024,640,6.786,1,6.806,6.806,7.000,0,0.120,6.433,0.041,0.422,0.881,0.007,1,1,964,2703,7,145380,1744,949,766,2799,12,0,12,1,16777216,475,0.151,0,0.186
1,478,9344.809,level1,0,1024,640,6.755,1,6.768,6.768,7.000,0,0.109,6.179,0.041,0.419,0.859,0.007,1,1,964,2703,7,145380,1744,949,766,2806,12,0,12,1,16777216,476,0.149,0,0.169
1,479,9352.762,level1,0,1024,640,6.508,1,6.498,6.498,6.000,0,0.119,7.545,0.119,0.434,1.027,0.012,1,1,964,2703,7,145380,1744,949,766,2813,12,0,12,1,16777216,477,0.150,0,0.166
1,480,9359.836,level1,0,1024,640,8.025,1,8.010,8.010,8.000,0,0.133,6.670,0.045,0.442,0.842,0.009,1,1,959,2688,7,144620,1744,950,765,2820,12,0,12,1,16777216,478,0.143,0,0.221
1,481,9369.790,level1,0,1024,640,7.006,1,7.024,7.024,7.000,0,0.116,9.538,0.123,0.574,1.030,0.011,1,1,959,2688,7,144620,1744,950,765,2827,12,0,12,1,16777216,479,0.152,0,0.172
1,482,9377.222,level1,0,1024,640,10.034,1,10.009,10.009,10.000,0,0.139,6.974,0.087,0.423,0.932,0.009,1,1,959,2688,7,144620,1744,950,765,2834,12,0,12,1,16777216,480,0.144,0,0.226
1,483,9384.959,level1,0,1024,640,7.349,1,7.379,7.379,7.000,0,0.111,7.369,0.079,0.429,0.857,0.011,1,1,964,2703,7,145380,1744,949,766,2841,12,0,12,1,16777216,481,0.154,0,0.174
1,484,9391.871,level1,0,1024,640,7.926,1,7.820,7.820,9.000,0,0.202,6.377,0.057,0.429,0.966,0.009,1,1,964,2703,7,145380,1744,949,766,2848,12,0,12,1,16777216,482,0.148,0,0.255
1,485,9398.367,level1,0,1024,640,6.778,1,6.872,6.872,6.000,0,0.123,6.081,0.069,0.420,0.852,0.010,1,1,964,2703,7,145380,1744,949,766,2855,12,0,12,1,16777216,483,0.212,0,0.216
1,486,9404.988,level1,0,1024,640,6.542,1,6.472,6.472,7.000,0,0.181,6.180,0.052,0.418,0.846,0.009,1,1,964,2703,7,145380,1744,949,766,2862,12,0,12,1,16777216,484,0.151,0,0.193
1,487,9411.374,level1,0,1024,640,6.545,1,6.616,6.616,7.000,0,0.121,6.022,0.050,0.420,0.904,0.009,1,1,964,2703,7,145380,1744,949,766,2869,12,0,12,1,16777216,485,0.148,0,0.188
1,488,9417.576,level1,0,1024,640,6.513,1,6.513,6.513,6.000,0,0.115,5.723,0.037,0.417,0.797,0.007,1,1,964,2703,7,145380,1744,949,766,2876,12,0,12,1,16777216,486,0.146,0,0.316
1,489,9423.604,level1,0,1024,640,6.101,1,6.085,6.085,7.000,0,0.139,5.650,0.037,0.415,0.827,0.007,1,1,964,2703,7,145380,1744,949,766,2883,12,0,12,1,16777216,487,0.152,0,0.198
1,490,9430.435,level1,0,1024,640,5.964,1,5.996,5.996,5.000,0,0.107,6.493,0.060,0.419,0.816,0.007,1,1,964,2703,7,145380,1744,949,766,2890,12,0,12,1,16777216,488,0.147,0,0.166
1,491,9436.616,level1,0,1024,640,6.868,1,6.855,6.855,7.000,0,0.120,5.825,0.042,0.424,0.810,0.007,1,1,964,2703,7,145380,1744,949,766,2897,12,0,12,1,16777216,489,0.152,0,0.191
1,492,9446.846,level1,0,1024,640,8.758,1,6.156,6.156,6.000,0,0.108,7.211,0.126,0.780,1.440,0.010,1,1,964,2703,7,145380,1744,949,766,2904,12,0,12,1,16777216,490,0.143,0,0.166
1,493,9454.254,level1,0,1024,640,8.547,1,10.268,10.268,10.000,0,0.138,6.118,0.081,0.410,1.124,0.017,1,1,971,2674,7,146044,1744,934,781,2911,12,0,12,1,16777216,491,0.154,0,0.204
1,494,9460.807,level1,0,1024,640,6.755,1,7.529,7.529,8.000,0,0.225,5.953,0.044,0.413,0.810,0.008,1,1,971,2674,7,146044,1744,934,781,2918,12,0,12,1,16777216,492,0.150,0,0.324
1,495,9467.187,level1,0,1024,640,6.285,1,6.400,6.400,6.000,0,0.111,5.692,0.398,0.406,0.790,0.007,1,1,971,2674,7,146044,1744,934,781,2925,12,0,12,1,16777216,493,0.155,0,0.172
1,496,9473.763,level1,0,1024,640,6.616,1,6.513,6.513,7.000,0,0.209,5.983,0.069,0.478,0.884,0.009,1,1,971,2674,7,146044,1744,934,781,2932,12,0,12,1,16777216,494,0.144,0,0.305
1,497,9482.972,level1,0,1024,640,8.605,1,6.484,6.484,6.000,0,0.137,6.584,0.073,0.432,0.971,0.010,1,1,971,2674,7,146044,1744,934,781,2939,12,0,12,1,16777216,495,0.151,0,0.212
1,498,9490.190,level1,0,1024,640,7.741,1,9.204,9.204,9.000,0,0.123,6.076,0.058,0.431,1.015,0.031,1,1,971,2674,7,146044,1744,934,781,2946,12,0,12,1,16777216,496,0.149,0,0.207
1,499,9496.421,level1,0,1024,640,6.533,1,7.265,7.265,8.000,0,0.140,5.790,0.042,0.420,0.924,0.006,1,1,971,2674,7,146044,1744,934,781,2953,12,0,12,1,16777216,497,0.149,0,0.254
1,500,9502.537,level1,0,1024,640,6.110,1,6.141,6.141,6.000,0,0.110,5.799,0.038,0.408,0.797,0.006,1,1,971,2674,7,146044,1744,934,781,2960,12,0,12,1,16777216,498,0.147,0,0.165
1,501,9508.852,level1,0,1024,640,6.115,1,6.117,6.117,6.000,0,0.108,5.996,0.041,0.408,0.874,0.007,1,1,971,2674,7,146044,1744,934,781,2967,12,0,12,1,16777216,499,0.147,0,0.165
1,502,9515.016,level1,0,1024,640,6.335,1,6.324,6.324,6.000,0,0.119,5.829,0.037,0.422,0.865,0.007,1,1,966,2659,7,145284,1744,935,780,2974,12,0,12,1,16777216,500,0.139,0,0.175
1,503,9521.314,level1,0,1024,640,6.160,1,6.167,6.167,6.000,0,0.112,5.958,0.046,0.430,0.809,0.007,1,1,966,2659,7,145284,1744,935,780,2981,12,0,12,1,16777216,501,0.140,0,0.178
1,504,9527.295,level1,0,1024,640,6.302,1,6.288,6.288,6.000,0,0.127,5.644,0.040,0.422,0.794,0.006,1,1,966,2659,7,145284,1744,935,780,2988,12,0,12,1,16777216,502,0.140,0,0.168
1,505,9533.517,level1,0,1024,640,5.990,1,5.971,5.971,6.000,0,0.142,5.868,0.048,0.413,0.802,0.008,1,1,963,2635,7,144708,1677,870,779,2995,12,0,12,1,16777216,503,0.148,0,0.157
1,506,9539.776,level1,0,1024,640,6.253,1,6.285,6.285,7.000,0,0.114,5.876,0.044,0.408,0.799,0.007,1,1,960,2611,7,144132,1677,871,778,3002,12,0,12,1,16777216,504,0.143,0,0.220
1,507,9545.725,level1,0,1024,640,6.241,1,6.216,6.216,6.000,0,0.133,5.592,0.037,0.425,0.800,0.006,1,1,960,2611,7,144132,1677,871,778,3009,12,0,12,1,16777216,505,0.148,0,0.178
1,508,9551.869,level1,0,1024,640,5.933,1,5.943,5.943,6.000,0,0.125,5.791,0.049,0.421,0.809,0.008,1,1,960,2611,7,144132,1677,871,778,3016,12,0,12,1,16777216,506,0.141,0,0.173
1,509,9557.917,level1,0,1024,640,6.172,1,6.173,6.173,7.000,0,0.128,5.680,0.035,0.413,0.821,0.008,1,1,960,2611,7,144132,1677,871,778,3023,12,0,12,1,16777216,507,0.148,0,0.200
1,510,9563.912,level1,0,1024,640,6.023,1,6.033,6.033,6.000,0,0.118,5.652,0.036,0.427,0.835,0.007,1,1,960,2611,7,144132,1677,871,778,3030,12,0,12,1,16777216,508,0.141,0,0.186
1,511,9570.809,level1,0,1024,640,6.066,1,6.062,6.062,5.000,0,0.122,6.443,0.074,0.444,0.844,0.008,1,1,960,2611,7,144132,1677,871,778,3037,12,0,12,1,16777216,509,0.143,0,0.253
1,512,9578.002,level1,0,1024,640,7.156,1,6.980,6.980,8.000,0,0.295,6.489,0.066,0.401,0.818,0.007,1,1,943,2577,7,141684,1677,888,761,3044,12,0,12,1,16777216,510,0.145,0,0.330
1,513,9586.536,level1,0,1024,640,8.918,1,7.125,7.125,6.000,0,0.123,6.119,0.053,0.400,0.849,0.007,1,1,943,2577,7,141684,1677,888,761,3051,12,0,12,1,16777216,511,0.146,0,0.267
1,514,9594.181,level1,0,1024,640,7.012,1,8.489,8.489,9.000,0,0.173,6.750,0.056,0.396,0.832,0.007,1,1,946,2627,7,142468,1677,887,762,3058,12,0,12,1,16777216,512,0.141,0,0.223
1,515,9600.813,level1,0,1024,640,7.219,1,7.672,7.672,8.000,0,0.160,6.161,0.056,0.397,0.809,0.007,1,1,946,2660,7,142732,1677,887,762,3065,12,0,12,1,16777216,513,0.140,0,0.250
1,516,9607.112,level1,0,1024,640,6.635,1,6.672,6.672,6.000,0,0.120,5.812,0.071,0.398,0.783,0.007,1,1,946,2660,7,142732,1677,887,762,3072,12,0,12,1,16777216,514,0.143,0,0.289
1,517,9613.509,level1,0,1024,640,6.274,1,6.257,6.257,6.000,0,0.138,5.961,0.046,0.406,0.817,0.007,1,1,946,2660,7,142732,1677,887,762,3079,12,0,12,1,16777216,515,0.149,0,0.247
1,518,9620.171,level1,0,1024,640,6.521,1,6.317,6.317,7.000,0,0.337,6.100,0.047,0.409,0.787,0.007,1,1,946,2660,7,142732,1677,887,762,3086,12,0,12,1,16777216,516,0.144,0,0.166
1,519,9626.420,level1,0,1024,640,6.536,1,6.763,6.763,7.000,0,0.115,5.820,0.040,0.395,0.777,0.006,1,1,946,2660,7,142732,1677,887,762,3093,12,0,12,1,16777216,517,0.153,0,0.267
1,520,9634.221,level1,0,1024,640,6.271,1,6.219,6.219,6.000,0,0.164,7.273,0.115,0.410,0.976,0.016,1,1,946,2660,7,142732,1677,887,762,3100,12,0,12,1,16777216,518,0.142,0,0.238
1,521,9641.777,level1,0,1024,640,8.113,1,7.960,7.960,7.000,0,0.308,6.782,0.052,0.431,0.846,0.008,1,1,967,2702,7,145756,1677,866,783,3107,12,0,12,1,16777216,519,0.150,0,0.395
1,522,9651.661,level1,0,1024,640,7.307,1,7.444,7.444,8.000,0,0.183,9.343,0.066,0.590,1.164,0.011,1,1,967,2702,7,145756,1677,866,783,3114,12,0,12,1,16777216,520,0.145,0,0.283
1,523,9659.079,level1,0,1024,640,9.809,1,9.831,9.831,10.000,0,0.162,6.970,0.048,0.459,0.880,0.007,1,1,967,2702,7,145756,1677,866,783,3121,12,0,12,1,16777216,521,0.153,0,0.232
1,524,9665.428,level1,0,1024,640,7.379,1,7.396,7.396,8.000,0,0.145,5.945,0.043,0.421,0.826,0.007,1,1,972,2750,7,146780,1677,865,784,3128,12,0,12,1,16777216,522,0.160,0,0.210
1,525,9671.606,level1,0,1024,640,6.345,1,6.314,6.314,6.000,0,0.168,5.777,0.044,0.433,0.820,0.007,1,1,972,2750,7,146780,1677,865,784,3135,12,0,12,1,16777216,523,0.144,0,0.175
1,526,9677.668,level1,0,1024,640,6.137,1,6.194,6.194,6.000,0,0.121,5.706,0.040,0.478,0.868,0.007,1,1,972,2750,7,146780,1677,865,784,3142,12,0,12,1,16777216,524,0.144,0,0.190
1,527,9684.043,level1,0,1024,640,6.065,1,6.057,6.057,7.000,0,0.130,6.013,0.043,0.416,0.830,0.008,1,1,975,2774,7,147356,1677,864,785,3149,12,0,12,1,16777216,525,0.153,0,0.185
1,528,9690.264,level1,0,1024,640,6.364,1,6.360,6.360,6.000,0,0.133,5.870,0.042,0.418,0.810,0.007,1,1,975,2774,7,147356,1677,864,785,3156,12,0,12,1,16777216,526,0.146,0,0.170
1,529,9696.520,level1,0,1024,640,6.301,1,6.248,6.248,6.000,0,0.180,5.824,0.043,0.393,0.810,0.007,1,1,954,2732,7,144332,1677,885,764,3163,12,0,12,1,16777216,527,0.150,0,0.197
1,530,9702.733,level1,0,1024,640,6.221,1,6.229,6.229,6.000,0,0.179,5.813,0.046,0.398,0.807,0.008,1,1,954,2732,7,144332,1677,885,764,3170,12,0,12,1,16777216,528,0.152,0,0.171
1,531,9709.100,level1,0,1024,640,6.296,1,6.283,6.283,7.000,0,0.191,5.882,0.048,0.412,0.972,0.010,1,1,956,2730,7,144572,1677,885,764,3177,12,0,12,1,16777216,529,0.152,0,0.239
1,532,9715.425,level1,0,1024,640,6.378,1,6.399,6.399,6.000,0,0.170,5.834,0.043,0.401,0.987,0.008,1,1,956,2730,7,144572,1677,885,764,3184,12,0,12,1,16777216,530,0.143,0,0.271
1,533,9721.372,level1,0,1024,640,6.199,1,6.243,6.243,6.000,0,0.127,5.586,0.040,0.401,0.784,0.006,1,1,956,2730,7,144572,1677,885,764,3191,12,0,12,1,16777216,531,0.148,0,0.191
1,534,9728.021,level1,0,1024,640,5.995,1,5.934,5.934,6.000,0,0.188,6.230,0.049,0.419,0.905,0.008,1,1,956,2730,7,144572,1677,885,764,3198,12,0,12,1,16777216,532,0.146,0,0.176
1,535,9734.284,level1,0,1024,640,6.691,1,6.755,6.755,6.000,0,0.123,5.803,0.048,0.403,0.793,0.007,1,1,956,2730,7,144572,1677,885,764,3205,12,0,12,1,16777216,533,0.153,0,0.283
1,536,9740.727,level1,0,1024,640,6.179,1,6.170,6.170,7.000,0,0.132,6.048,0.069,0.402,1.107,0.012,1,1,951,2715,7,143812,1677,886,763,3212,12,0,12,1,16777216,534,0.136,0,0.190
1,537,9748.218,level1,0,1024,640,7.351,1,7.365,7.365,7.000,0,0.118,6.209,0.047,0.405,1.014,0.030,1,1,951,2715,7,143812,1677,886,763,3219,12,0,12,1,16777216,535,0.149,0,1.111
1,538,9754.603,level1,0,1024,640,6.578,1,6.570,6.570,6.000,0,0.127,6.005,0.058,0.414,0.966,0.009,1,1,951,2715,7,143812,1677,886,763,3226,12,0,12,1,16777216,536,0.139,0,0.190
1,539,9761.475,level1,0,1024,640,6.460,1,6.400,6.400,7.000,0,0.184,6.413,0.061,0.418,0.831,0.019,1,1,951,2715,7,143812,1677,886,763,3233,12,0,12,1,16777216,537,0.140,0,0.206
1,540,9767.880,level1,0,1024,640,6.878,1,6.882,6.882,7.000,0,0.180,5.959,0.042,0.418,0.916,0.007,1,1,968,2749,7,146260,1677,869,780,3240,12,0,12,1,16777216,538,0.146,0,0.215
1,541,9775.079,level1,0,1024,640,6.309,1,6.370,6.370,6.000,0,0.122,6.840,0.052,0.416,1.010,0.007,1,1,968,2749,7,146260,1677,869,780,3247,12,0,12,1,16777216,539,0.151,0,0.182
1,542,9781.238,level1,0,1024,640,7.250,1,7.236,7.236,7.000,0,0.132,5.760,0.041,0.433,0.859,0.007,1,1,968,2749,7,146260,1677,869,780,3254,12,0,12,1,16777216,540,0.140,0,0.218
1,543,9787.373,level1,0,1024,640,6.114,1,6.140,6.140,6.000,0,0.110,5.779,0.043,0.423,0.880,0.007,1,1,968,2749,7,146260,1677,869,780,3261,12,0,12,1,16777216,541,0.146,0,0.199
1,544,9793.824,level1,0,1024,640,6.168,1,6.141,6.141,6.000,0,0.134,6.058,0.047,0.418,0.814,0.015,1,1,968,2749,7,146260,1677,869,780,3268,12,0,12,1,16777216,542,0.143,0,0.206
1,545,9800.104,level1,0,1024,640,6.457,1,6.413,6.413,7.000,0,0.178,5.879,0.049,0.449,0.894,0.007,1,1,968,2749,7,146260,1677,869,780,3275,12,0,12,1,16777216,543,0.153,0,0.168
1,546,9806.841,level1,0,1024,640,6.302,1,6.348,6.348,7.000,0,0.134,6.301,0.062,0.434,0.845,0.009,1,1,968,2749,7,146260,1677,869,780,3282,12,0,12,1,16777216,544,0.148,0,0.235
1,547,9813.387,level1,0,1024,640,6.800,1,6.719,6.719,6.000,0,0.212,6.057,0.052,0.424,0.830,0.008,1,1,963,2734,7,145500,1677,870,779,3289,12,0,12,1,16777216,545,0.153,0,0.218
1,548,9819.720,level1,0,1024,640,6.496,1,6.520,6.520,7.000,0,0.190,5.900,0.046,0.421,0.826,0.008,1,1,963,2734,7,145500,1677,870,779,3296,12,0,12,1,16777216,546,0.147,0,0.191
1,549,9825.841,level1,0,1024,640,6.286,1,6.325,6.325,6.000,0,0.150,5.744,0.038,0.417,0.852,0.019,1,1,963,2734,7,145500,1677,870,779,3303,12,0,12,1,16777216,547,0.141,0,0.183
1,550,9832.043,level1,0,1024,640,6.134,1,6.099,6.099,6.000,0,0.186,5.800,0.049,0.413,0.798,0.007,1,1,963,2734,7,145500,1677,870,779,3310,12,0,12,1,16777216,548,0.146,0,0.161
1,551,9838.465,level1,0,1024,640,6.267,1,6.257,6.257,6.000,0,0.195,5.956,0.048,0.411,0.828,0.007,1,1,963,2734,7,145500,1677,870,779,3317,12,0,12,1,16777216,549,0.151,0,0.216
1,552,9845.093,level1,0,1024,640,6.491,1,6.410,6.410,7.000,0,0.275,6.096,0.045,0.420,0.801,0.007,1,1,963,2734,7,145500,1677,870,779,3324,12,0,12,1,16777216,550,0.141,0,0.203
1,553,9851.498,level1,0,1024,640,6.471,1,6.602,6.602,7.000,0,0.146,6.021,0.054,0.419,0.805,0.007,1,1,963,2734,7,145500,1677,870,779,3331,12,0,12,1,16777216,551,0.152,0,0.179
1,554,9857.714,level1,0,1024,640,6.482,1,6.437,6.437,6.000,0,0.191,5.768,0.041,0.411,0.868,0.007,1,1,963,2734,7,145500,1677,870,779,3338,12,0,12,1,16777216,552,0.130,0,0.209
1,555,9863.803,level1,0,1024,640,6.157,1,6.179,6.179,6.000,0,0.168,5.702,0.040,0.408,0.790,0.007,1,1,963,2734,7,145500,1677,870,779,3345,12,0,12,1,16777216,553,0.149,0,0.173
1,556,9870.413,level1,0,1024,640,6.142,1,6.122,6.122,7.000,0,0.189,6.144,0.066,0.426,0.855,0.018,1,1,958,2719,7,144740,1677,871,778,3352,12,0,12,1,16777216,554,0.146,0,0.206
1,557,9876.494,level1,0,1024,640,6.577,1,6.643,6.643,6.000,0,0.124,5.676,0.038,0.414,0.812,0.007,1,1,958,2719,7,144740,1677,871,778,3359,12,0,12,1,16777216,555,0.207,0,0.238
1,558,9882.793,level1,0,1024,640,6.006,1,6.013,6.013,6.000,0,0.118,5.958,0.048,0.404,0.821,0.007,1,1,941,2685,7,142292,1677,888,761,3366,12,0,12,1,16777216,556,0.148,0,0.171
1,559,9888.941,level1,0,1024,640,6.402,1,6.406,6.406,6.000,0,0.113,5.709,0.043,0.399,0.895,0.009,1,1,941,2685,7,142292,1677,888,761,3373,12,0,12,1,16777216,557,0.154,0,0.278
1,560,9895.352,level1,0,1024,640,6.253,1,6.166,6.166,6.000,0,0.197,5.864,0.047,0.402,1.046,0.009,1,1,941,2685,7,142292,1677,888,761,3380,12,0,12,1,16777216,558,0.148,0,0.295
1,561,9901.553,level1,0,1024,640,6.286,1,6.291,6.291,6.000,0,0.193,5.777,0.048,0.411,0.915,0.017,1,1,941,2685,7,142292,1677,888,761,3387,12,0,12,1,16777216,559,0.146,0,0.176
1,562,9907.533,level1,0,1024,640,6.203,1,6.247,6.247,7.000,0,0.148,5.563,0.040,0.401,0.787,0.007,1,1,941,2685,7,142292,1677,888,761,3394,12,0,12,1,16777216,560,0.146,0,0.221
1,563,9914.618,level1,0,1024,640,5.903,1,5.920,5.920,6.000,0,0.135,6.705,0.079,0.410,0.880,0.007,1,1,941,2685,7,142292,1677,888,761,3401,12,0,12,1,16777216,561,0.154,0,0.162
1,564,9923.286,level1,0,1024,640,9.248,1,7.179,7.179,7.000,0,0.196,6.152,0.052,0.412,0.791,0.008,1,1,941,2685,7,142292,1677,888,761,3408,12,0,12,1,16777216,562,0.143,0,0.254
1,565,9931.416,level1,0,1024,640,7.302,1,8.645,8.645,9.000,0,0.198,6.960,0.071,0.441,0.893,0.010,1,1,946,2700,7,143052,1677,887,762,3415,12,0,12,1,16777216,563,0.151,0,0.232
1,566,9938.040,level1,0,1024,640,7.490,1,8.159,8.159,8.000,0,0.186,6.096,0.071,0.416,0.866,0.015,1,1,967,2742,7,146076,1677,866,783,3422,12,0,12,1,16777216,564,0.142,0,0.260
1,567,9944.815,level1,0,1024,640,6.503,1,6.582,6.582,7.000,0,0.112,6.387,0.052,0.419,0.822,0.007,1,1,967,2742,7,146076,1677,866,783,3429,12,0,12,1,16777216,565,0.155,0,0.219
1,568,9951.231,level1,0,1024,640,6.790,1,6.767,6.767,6.000,0,0.136,5.980,0.084,0.443,0.853,0.007,1,1,967,2742,7,146076,1677,866,783,3436,12,0,12,1,16777216,566,0.144,0,0.211
1,569,9957.480,level1,0,1024,640,6.384,1,6.402,6.402,7.000,0,0.115,5.886,0.044,0.465,0.957,0.008,1,1,967,2742,7,146076,1677,866,783,3443,12,0,12,1,16777216,567,0.150,0,0.198
1,570,9964.139,level1,0,1024,640,6.371,1,6.336,6.336,6.000,0,0.147,6.172,0.046,0.418,0.864,0.007,1,1,967,2742,7,146076,1677,866,783,3450,12,0,12,1,16777216,568,0.147,0,0.282
1,571,9971.350,level1,0,1024,640,6.709,1,6.647,6.647,7.000,0,0.212,6.671,0.049,0.418,0.823,0.007,1,1,972,2757,7,146836,1677,865,784,3457,12,0,12,1,16777216,569,0.151,0,0.270
1,572,9978.361,level1,0,1024,640,7.236,1,7.260,7.260,7.000,0,0.190,6.450,0.045,0.417,0.848,0.007,1,1,972,2757,7,146836,1677,865,784,3464,12,0,12,1,16777216,570,0.135,0,0.320
1,573,9985.254,level1,0,1024,640,6.999,1,6.970,6.970,6.000,0,0.218,6.343,0.045,0.499,0.963,0.016,1,1,972,2757,7,146836,1677,865,784,3471,12,0,12,1,16777216,571,0.149,0,0.280
1,574,9992.317,level1,0,1024,640,6.818,1,6.865,6.865,8.000,0,0.169,6.585,0.048,0.419,0.813,0.007,1,1,956,2737,7,144628,1677,885,764,3478,12,0,12,1,16777216,572,0.144,0,0.251
1,575,9999.946,level1,0,1024,640,7.241,1,7.069,7.069,6.000,0,0.336,6.975,0.046,0.657,1.166,0.007,1,1,956,2737,7,144628,1677,885,764,3485,12,0,12,1,16777216,573,0.151,0,0.257
1,576,10006.411,level1,0,1024,640,7.506,1,7.657,7.657,9.000,0,0.193,5.922,0.058,0.424,0.838,0.007,1,1,961,2785,7,145652,1677,884,765,3492,12,0,12,1,16777216,574,0.145,0,0.286
1,577,10013.009,level1,0,1024,640,6.417,1,6.434,6.434,6.000,0,0.175,6.116,0.046,0.420,0.852,0.007,1,1,961,2785,7,145652,1677,884,765,3499,12,0,12,1,16777216,575,0.156,0,0.255
1,578,10019.351,level1,0,1024,640,6.575,1,6.520,6.520,6.000,0,0.230,5.881,0.048,0.452,0.862,0.008,1,1,961,2785,7,145652,1677,884,765,3506,12,0,12,1,16777216,576,0.142,0,0.177
1,579,10026.127,level1,0,1024,640,6.571,1,6.493,6.493,7.000,0,0.305,6.091,0.044,0.430,0.823,0.006,1,1,961,2785,7,145652,1677,884,765,3513,12,0,12,1,16777216,577,0.152,0,0.325
1,580,10032.760,level1,0,1024,640,6.662,1,6.770,6.770,7.000,0,0.195,6.059,0.046,0.423,0.844,0.007,1,1,961,2785,7,145652,1677,884,765,3520,12,0,12,1,16777216,578,0.132,0,0.321
1,581,10040.380,level1,0,1024,640,6.535,1,6.598,6.598,6.000,0,0.138,7.141,0.049,0.501,0.942,0.007,1,1,961,2785,7,145652,1677,884,765,3527,12,0,12,1,16777216,579,0.148,0,0.285
1,582,10047.446,level1,0,1024,640,7.858,1,7.840,7.840,8.000,0,0.153,6.354,0.044,0.451,0.839,0.006,1,1,961,2785,7,145652,1677,884,765,3534,12,0,12,1,16777216,580,0.135,0,0.505
1,583,10054.659,level1,0,1024,640,6.763,1,6.725,6.725,6.000,0,0.195,6.799,0.049,0.426,0.875,0.007,1,1,961,2785,7,145652,1677,884,765,3541,12,0,12,1,16777216,581,0.148,0,0.166
1,584,10061.341,level1,0,1024,640,7.376,1,7.379,7.379,8.000,0,0.191,6.109,0.044,0.421,0.868,0.007,1,1,961,2785,7,145652,1677,884,765,3548,12,0,12,1,16777216,582,0.146,0,0.330
1,585,10068.455,level1,0,1024,640,6.558,1,6.634,6.634,7.000,0,0.116,6.636,0.072,0.441,0.951,0.008,1,1,973,2771,7,147076,1677,868,781,3555,12,0,12,1,16777216,583,0.154,0,0.283
1,586,10075.777,level1,0,1024,640,7.303,1,7.176,7.176,7.000,0,0.240,6.671,0.059,0.492,0.926,0.009,1,1,973,2771,7,147076,1677,868,781,3562,12,0,12,1,16777216,584,0.147,0,0.344
1,587,10082.862,level1,0,1024,640,7.167,1,7.197,7.197,7.000,0,0.211,6.589,0.059,0.496,0.938,0.008,1,1,973,2771,7,147076,1677,868,781,3569,12,0,12,1,16777216,585,0.149,0,0.219
1,588,10090.447,level1,0,1024,640,7.130,1,7.142,7.142,8.000,0,0.193,7.016,0.086,0.429,0.967,0.009,1,1,973,2771,7,147076,1677,868,781,3576,12,0,12,1,16777216,586,0.200,0,0.275
1,589,10098.874,level1,0,1024,640,9.339,1,7.586,7.586,7.000,0,0.129,6.133,0.058,0.473,0.874,0.008,1,1,973,2771,7,147076,1677,868,781,3583,12,0,12,1,16777216,587,0.156,0,0.278
1,590,10106.194,level1,0,1024,640,7.239,1,8.360,8.360,8.000,0,0.155,6.222,0.049,0.420,0.874,0.007,1,1,973,2771,7,147076,1677,868,781,3590,12,0,12,1,16777216,588,0.147,0,0.211
1,591,10113.085,level1,0,1024,640,6.771,1,7.393,7.393,8.000,0,0.199,6.333,0.059,0.415,0.845,0.009,1,1,973,2771,7,147076,1677,868,781,3597,12,0,12,1,16777216,589,0.143,0,0.280
1,592,10119.597,level1,0,1024,640,6.860,1,6.883,6.883,7.000,0,0.186,5.999,0.045,0.428,0.837,0.008,1,1,973,2771,7,147076,1677,868,781,3604,12,0,12,1,16777216,590,0.154,0,0.275
1,593,10125.724,level1,0,1024,640,6.472,1,6.472,6.472,6.000,0,0.181,5.661,0.040,0.415,0.811,0.007,1,1,978,2793,7,147892,1677,867,782,3611,12,0,12,1,16777216,591,0.153,0,0.236
1,594,10132.097,level1,0,1024,640,5.999,1,6.053,6.053,6.000,0,0.133,6.022,0.051,0.422,0.896,0.007,1,1,973,2778,7,147132,1677,868,781,3618,12,0,12,1,16777216,592,0.149,0,0.162
1,595,10138.397,level1,0,1024,640,6.451,1,6.419,6.419,7.000,0,0.163,5.882,0.040,0.418,0.872,0.006,1,1,973,2778,7,147132,1677,868,781,3625,12,0,12,1,16777216,593,0.152,0,0.209
1,596,10144.988,level1,0,1024,640,6.536,1,6.479,6.479,6.000,0,0.219,5.899,0.079,0.424,0.814,0.007,1,1,973,2778,7,147132,1677,868,781,3632,12,0,12,1,16777216,594,0.147,0,0.387
1,597,10151.114,level1,0,1024,640,6.304,1,6.402,6.402,6.000,0,0.123,5.729,0.070,0.418,0.842,0.007,1,1,973,2778,7,147132,1677,868,781,3639,12,0,12,1,16777216,595,0.150,0,0.199
1,598,10157.143,level1,0,1024,640,6.187,1,6.187,6.187,7.000,0,0.122,5.597,0.045,0.415,0.811,0.032,1,1,973,2778,7,147132,1677,868,781,3646,12,0,12,1,16777216,596,0.144,0,0.259
1,599,10163.453,level1,0,1024,640,6.028,1,6.028,6.028,5.000,0,0.122,5.850,0.071,0.416,0.826,0.007,1,1,968,2763,7,146372,1677,869,780,3653,12,0,12,1,16777216,597,0.154,0,0.258
1,600,10169.625,level1,0,1024,640,6.237,1,6.244,6.244,7.000,0,0.117,5.816,0.042,0.428,0.852,0.008,1,1,968,2763,7,146372,1677,869,780,3660,12,0,12,1,16777216,598,0.147,0,0.192
1,601,10175.610,level1,0,1024,640,6.164,1,6.159,6.159,6.000,0,0.122,5.640,0.039,0.404,0.803,0.008,1,1,951,2729,7,143924,1677,886,763,3667,12,0,12,1,16777216,599,0.152,0,0.180
1,602,10181.627,level1,0,1024,640,5.979,1,5.973,5.973,6.000,0,0.128,5.676,0.041,0.416,0.868,0.008,1,1,956,2777,7,144948,1677,885,764,3674,12,0,12,1,16777216,600,0.146,0,0.168
1,603,10187.388,level1,0,1024,640,6.017,1,6.014,6.014,6.000,0,0.130,5.426,0.036,0.402,0.832,0.007,1,1,956,2777,7,144948,1677,885,764,3681,12,0,12,1,16777216,601,0.154,0,0.165
1,604,10193.640,level1,0,1024,640,5.844,1,5.785,5.785,5.000,0,0.189,5.822,0.047,0.406,0.815,0.007,1,1,956,2777,7,144948,1677,885,764,3688,12,0,12,1,16777216,602,0.137,0,0.189
1,605,10200.034,level1,0,1024,640,6.337,1,6.392,6.392,7.000,0,0.134,5.884,0.043,0.418,0.878,0.006,1,1,956,2777,7,144948,1677,885,764,3695,12,0,12,1,16777216,603,0.151,0,0.328
1,606,10206.045,level1,0,1024,640,6.230,1,6.236,6.236,7.000,0,0.129,5.641,0.066,0.568,1.002,0.008,1,1,961,2792,7,145708,1677,884,765,3702,12,0,12,1,16777216,604,0.145,0,0.170
1,607,10214.730,level1,0,1024,640,6.209,1,6.133,6.133,6.000,0,0.202,8.062,0.122,0.433,0.984,0.011,1,1,961,2792,7,145708,1677,884,765,3709,12,0,12,1,16777216,605,0.150,0,0.291
1,608,10223.668,level1,0,1024,640,8.659,1,8.699,8.699,8.000,0,0.161,8.356,0.106,0.603,1.227,0.015,1,1,961,2792,7,145708,1677,884,765,3716,12,0,12,1,16777216,606,0.146,0,0.304
1,609,10232.906,level1,0,1024,640,8.968,1,8.922,8.922,9.000,0,0.204,8.636,0.095,0.438,1.079,0.011,1,1,961,2792,7,145708,1677,884,765,3723,12,0,12,1,16777216,607,0.155,0,0.289
1,610,10240.480,level1,0,1024,640,9.312,1,9.333,9.333,10.000,0,0.172,6.901,0.092,0.427,0.882,0.011,1,1,982,2834,7,148732,1677,863,786,3730,12,0,12,1,16777216,608,0.149,0,0.383
1,611,10248.057,level1,0,1024,640,7.394,1,7.447,7.447,7.000,0,0.134,7.111,0.065,0.420,0.985,0.009,1,1,982,2834,7,148732,1677,863,786,3737,12,0,12,1,16777216,609,0.157,0,0.257
1,612,10256.196,level1,0,1024,640,7.544,1,7.560,7.560,8.000,0,0.118,7.712,0.061,0.426,0.953,0.010,1,1,982,2834,7,148732,1677,863,786,3744,12,0,12,1,16777216,610,0.150,0,0.241
1,613,10265.077,level1,0,1024,640,10.585,1,8.133,8.133,7.000,0,0.277,6.017,0.052,0.429,0.836,0.008,1,1,982,2834,7,148732,1677,863,786,3751,12,0,12,1,16777216,611,0.146,0,0.234
1,614,10272.683,level1,0,1024,640,7.325,1,8.833,8.833,10.000,0,0.185,6.294,0.055,0.423,0.838,0.009,1,1,985,2858,7,149308,1677,862,787,3758,12,0,12,1,16777216,612,0.144,0,0.186
1,615,10278.784,level1,0,1024,640,6.682,1,7.622,7.622,7.000,0,0.122,5.726,0.042,0.423,0.856,0.008,1,1,995,2921,7,151092,1677,860,789,3765,12,0,12,1,16777216,613,0.153,0,0.203
1,616,10285.169,level1,0,1024,640,6.209,1,6.134,6.134,6.000,0,0.182,5.900,0.045,0.521,1.013,0.007,1,1,974,2879,7,148068,1677,881,768,3772,12,0,12,1,16777216,614,0.146,0,0.235
1,617,10291.407,level1,0,1024,640,6.361,1,6.384,6.384,6.000,0,0.173,5.779,0.042,0.425,0.906,0.007,1,1,974,2879,7,148068,1677,881,768,3779,12,0,12,1,16777216,615,0.149,0,0.235
1,618,10297.401,level1,0,1024,640,6.161,1,6.206,6.206,6.000,0,0.133,5.613,0.041,0.447,0.852,0.006,1,1,974,2879,7,148068,1677,881,768,3786,12,0,12,1,16777216,616,0.148,0,0.203
1,619,10304.071,level1,0,1024,640,5.998,1,5.960,5.960,6.000,0,0.171,6.272,0.053,0.419,0.869,0.008,1,1,979,2894,7,148828,1677,880,769,3793,12,0,12,1,16777216,617,0.155,0,0.169
1,620,10310.183,level1,0,1024,640,6.701,1,6.724,6.724,7.000,0,0.147,5.671,0.065,0.421,0.888,0.007,1,1,979,2894,7,148828,1677,880,769,3800,12,0,12,1,16777216,618,0.147,0,0.222
1,621,10316.642,level1,0,1024,640,6.116,1,6.092,6.092,6.000,0,0.171,6.029,0.051,0.423,0.829,0.007,1,1,974,2846,7,147804,1677,881,768,3807,12,0,12,1,16777216,619,0.150,0,0.203
1,622,10322.954,level1,0,1024,640,6.438,1,6.493,6.493,7.000,0,0.117,5.910,0.044,0.427,0.875,0.007,1,1,974,2846,7,147804,1677,881,768,3814,12,0,12,1,16777216,620,0.143,0,0.237
1,623,10328.938,level1,0,1024,640,6.320,1,6.247,6.247,6.000,0,0.189,5.568,0.050,0.417,0.861,0.009,1,1,974,2846,7,147804,1677,881,768,3821,12,0,12,1,16777216,621,0.149,0,0.171
1,624,10336.064,level1,0,1024,640,6.216,1,6.163,6.163,6.000,0,0.241,6.470,0.058,0.432,0.911,0.009,1,1,974,2846,7,147804,1677,881,768,3828,12,0,12,1,16777216,622,0.145,0,0.349
1,625,10344.996,level1,0,1024,640,9.051,1,6.988,6.988,8.000,0,0.198,6.360,0.049,0.423,1.034,0.009,1,1,974,2846,7,147804,1677,881,768,3835,12,0,12,1,16777216,623,0.153,0,0.213
1,626,10352.806,level1,0,1024,640,7.279,1,8.988,8.988,9.000,0,0.218,6.874,0.066,0.427,0.850,0.009,1,1,974,2846,7,147804,1677,881,768,3842,12,0,12,1,16777216,624,0.131,0,0.268
1,627,10359.098,level1,0,1024,640,7.306,1,7.741,7.741,8.000,0,0.160,5.876,0.050,0.429,0.935,0.009,1,1,991,2880,7,150252,1677,864,785,3849,12,0,12,1,16777216,625,0.151,0,0.199
1,628,10368.540,level1,0,1024,640,6.375,1,6.341,6.341,5.000,0,0.194,8.895,0.096,0.674,1.403,0.016,1,1,991,2880,7,150252,1677,864,785,3856,12,0,12,1,16777216,626,0.146,0,0.247
1,629,10375.519,level1,0,1024,640,9.526,1,9.550,9.550,10.000,0,0.170,6.394,0.052,0.425,0.988,0.008,1,1,991,2880,7,150252,1677,864,785,3863,12,0,12,1,16777216,627,0.150,0,0.353
1,630,10385.251,level1,0,1024,640,6.774,1,6.811,6.811,7.000,0,0.135,9.288,0.114,0.671,1.571,0.017,1,1,991,2880,7,150252,1677,864,785,3870,12,0,12,1,16777216,628,0.153,0,0.189
1,631,10392.231,level1,0,1024,640,9.926,1,9.864,9.864,9.000,0,0.189,6.399,0.059,0.424,0.851,0.008,1,1,991,2880,7,150252,1677,864,785,3877,12,0,12,1,16777216,629,0.151,0,0.318
1,632,10402.012,level1,0,1024,640,6.918,1,6.934,6.934,8.000,0,0.180,9.238,0.083,0.458,0.888,0.011,1,1,991,2880,7,150252,1677,864,785,3884,12,0,12,1,16777216,630,0.159,0,0.274
1,633,10408.989,level1,0,1024,640,9.687,1,9.738,9.738,9.000,0,0.125,6.490,0.117,0.530,1.149,0.017,1,1,986,2865,7,149492,1613,802,784,3891,12,0,12,1,16777216,631,0.160,0,0.230
1,634,10416.660,level1,0,1024,640,7.416,1,7.243,7.243,8.000,0,0.293,6.794,0.072,0.424,0.971,0.010,1,1,986,2865,7,149492,1613,802,784,3898,12,0,12,1,16777216,632,0.152,0,0.489
1,635,10423.312,level1,0,1024,640,7.275,1,7.401,7.401,7.000,0,0.172,6.195,0.048,0.420,0.889,0.008,1,1,986,2865,7,149492,1613,802,784,3905,12,0,12,1,16777216,633,0.157,0,0.228
1,636,10429.759,level1,0,1024,640,6.658,1,6.630,6.630,7.000,0,0.203,5.961,0.071,0.611,1.108,0.010,1,1,986,2865,7,149492,1613,802,784,3912,12,0,12,1,16777216,634,0.148,0,0.206
1,637,10438.050,level1,0,1024,640,8.116,1,6.465,6.465,6.000,0,0.134,6.129,0.078,0.426,1.030,0.015,1,1,986,2865,7,149492,1613,802,784,3919,12,0,12,1,16777216,635,0.160,0,0.223
1,638,10445.611,level1,0,1024,640,7.246,1,8.497,8.497,8.000,0,0.251,6.431,0.091,0.542,1.241,0.012,1,1,981,2817,7,148468,1613,803,783,3926,12,0,12,1,16777216,636,0.147,0,0.429
1,639,10452.733,level1,0,1024,640,7.081,1,7.472,7.472,8.000,0,0.212,6.516,0.048,0.428,0.845,0.008,1,1,981,2817,7,148468,1613,803,783,3933,12,0,12,1,16777216,637,0.151,0,0.338
1,640,10459.825,level1,0,1024,640,6.867,1,6.955,6.955,8.000,0,0.126,6.692,0.095,0.440,0.885,0.009,1,1,969,2798,7,146780,1613,819,767,3940,12,0,12,1,16777216,638,0.166,0,0.174
1,641,10466.021,level1,0,1024,640,7.118,1,7.111,7.111,6.000,0,0.132,5.829,0.038,0.435,0.887,0.008,1,1,969,2798,7,146780,1613,819,767,3947,12,0,12,1,16777216,639,0.154,0,0.191
1,642,10472.165,level1,0,1024,640,6.257,1,6.212,6.212,6.000,0,0.178,5.678,0.075,0.478,0.946,0.007,1,1,969,2798,7,146780,1613,819,767,3954,12,0,12,1,16777216,640,0.146,0,0.208
1,643,10478.897,level1,0,1024,640,6.138,1,6.140,6.140,6.000,0,0.172,6.267,0.080,0.436,0.883,0.009,1,1,969,2798,7,146780,1613,819,767,3961,12,0,12,1,16777216,641,0.153,0,0.204
1,644,10484.887,level1,0,1024,640,6.728,1,6.729,6.729,7.000,0,0.174,5.570,0.040,0.431,0.934,0.006,1,1,969,2798,7,146780,1613,819,767,3968,12,0,12,1,16777216,642,0.146,0,0.201
1,645,10491.352,level1,0,1024,640,6.002,1,5.992,5.992,6.000,0,0.178,5.996,0.076,0.448,0.942,0.007,1,1,969,2798,7,146780,1613,819,767,3975,12,0,12,1,16777216,643,0.149,0,0.204
1,646,10497.489,level1,0,1024,640,6.427,1,6.494,6.494,7.000,0,0.116,5.743,0.040,0.481,0.874,0.007,1,1,969,2798,7,146780,1613,819,767,3982,12,0,12,1,16777216,644,0.142,0,0.231
1,647,10503.761,level1,0,1024,640,6.114,1,6.116,6.116,6.000,0,0.118,5.893,0.045,0.438,0.894,0.008,1,1,972,2822,7,147356,1613,818,768,3989,12,0,12,1,16777216,645,0.149,0,0.211
1,648,10510.161,level1,0,1024,640,6.399,1,6.379,6.379,6.000,0,0.137,5.880,0.061,0.590,1.108,0.007,1,1,972,2822,7,147356,1613,818,768,3996,12,0,12,1,16777216,646,0.144,0,0.313
1,649,10516.120,level1,0,1024,640,6.317,1,6.323,6.323,7.000,0,0.131,5.545,0.038,0.440,0.842,0.007,1,1,982,2852,7,148876,1613,816,770,4003,12,0,12,1,16777216,647,0.151,0,0.240
1,650,10522.997,level1,0,1024,640,5.901,1,5.911,5.911,6.000,0,0.117,6.511,0.048,0.445,0.855,0.007,1,1,982,2852,7,148876,1613,816,770,4010,12,0,12,1,16777216,648,0.144,0,0.193
1,651,10529.827,level1,0,1024,640,6.946,1,6.874,6.874,6.000,0,0.192,6.388,0.055,0.455,0.934,0.007,1,1,982,2852,7,148876,1613,816,770,4017,12,0,12,1,16777216,649,0.145,0,0.189
1,652,10537.008,level1,0,1024,640,6.963,1,6.898,6.898,7.000,0,0.257,6.596,0.065,0.432,1.014,0.012,1,1,987,2867,7,149636,1613,815,771,4024,12,0,12,1,16777216,650,0.145,0,0.257
1,653,10543.925,level1,0,1024,640,7.124,1,7.190,7.190,8.000,0,0.190,6.410,0.045,0.438,0.971,0.028,1,1,987,2867,7,149636,1613,815,771,4031,12,0,12,1,16777216,651,0.147,0,0.265
1,654,10550.881,level1,0,1024,640,6.868,1,6.860,6.860,6.000,0,0.200,6.455,0.087,0.562,1.003,0.009,1,1,987,2867,7,149636,1613,815,771,4038,12,0,12,1,16777216,652,0.149,0,0.209
1,655,10556.986,level1,0,1024,640,6.878,1,6.953,6.953,7.000,0,0.120,5.731,0.039,0.428,0.875,0.007,1,1,987,2867,7,149636,1613,815,771,4045,12,0,12,1,16777216,653,0.152,0,0.206
1,656,10562.974,level1,0,1024,640,6.110,1,6.060,6.060,6.000,0,0.173,5.596,0.051,0.428,0.834,0.006,1,1,987,2867,7,149636,1613,815,771,4052,12,0,12,1,16777216,654,0.149,0,0.162
1,657,10569.296,level1,0,1024,640,6.024,1,6.084,6.084,6.000,0,0.115,5.892,0.053,0.431,1.086,0.009,1,1,987,2867,7,149636,1613,815,771,4059,12,0,12,1,16777216,655,0.156,0,0.257
1,658,10575.408,level1,0,1024,640,6.369,1,6.340,6.340,7.000,0,0.132,5.648,0.041,0.429,0.830,0.007,1,1,987,2867,7,149636,1613,815,771,4066,12,0,12,1,16777216,656,0.146,0,0.274
1,659,10581.486,level1,0,1024,640,6.094,1,6.033,6.033,6.000,0,0.200,5.602,0.071,0.477,0.900,0.007,1,1,987,2867,7,149636,1613,815,771,4073,12,0,12,1,16777216,657,0.141,0,0.196
1,660,10587.677,level1,0,1024,640,6.054,1,6.074,6.074,5.000,0,0.181,5.770,0.041,0.429,0.834,0.007,1,1,987,2867,7,149636,1613,815,771,4080,12,0,12,1,16777216,658,0.147,0,0.192
1,661,10593.719,level1,0,1024,640,6.124,1,6.198,6.198,7.000,0,0.110,5.688,0.040,0.428,0.837,0.007,1,1,987,2867,7,149636,1613,815,771,4087,12,0,12,1,16777216,659,0.155,0,0.200
1,662,10599.990,level1,0,1024,640,6.091,1,6.023,6.023,6.000,0,0.177,5.834,0.074,0.440,0.888,0.009,1,1,999,2853,7,151060,1613,799,787,4094,12,0,12,1,16777216,660,0.147,0,0.181
1,663,10608.605,level1,0,1024,640,8.126,1,6.306,6.306,7.000,0,0.126,6.345,0.052,0.467,0.956,0.008,1,1,994,2838,7,150300,1613,800,786,4101,12,0,12,1,16777216,661,0.156,0,0.214
1,664,10615.652,level1,0,1024,640,7.231,1,8.648,8.648,8.000,0,0.172,6.150,0.064,0.458,0.896,0.009,1,1,994,2838,7,150300,1613,800,786,4108,12,0,12,1,16777216,662,0.143,0,0.247
1,665,10622.912,level1,0,1024,640,6.637,1,7.027,7.027,7.000,0,0.189,6.787,0.049,0.454,0.874,0.007,1,1,994,2838,7,150300,1613,800,786,4115,12,0,12,1,16777216,663,0.151,0,0.228
1,666,10630.011,level1,0,1024,640,7.160,1,7.213,7.213,7.000,0,0.137,6.665,0.110,0.682,1.482,0.015,1,1,994,2838,7,150300,1613,800,786,4122,12,0,12,1,16777216,664,0.152,0,0.182
1,667,10638.655,level1,0,1024,640,7.359,1,7.247,7.247,8.000,0,0.245,7.948,0.112,0.453,0.877,0.010,1,1,994,2838,7,150300,1613,800,786,4129,12,0,12,1,16777216,665,0.153,0,0.328
1,668,10645.704,level1,0,1024,640,8.554,1,8.625,8.625,8.000,0,0.172,6.503,0.053,0.460,1.045,0.010,1,1,994,2838,7,150300,1613,800,786,4136,12,0,12,1,16777216,666,0.148,0,0.309
1,669,10651.840,level1,0,1024,640,6.858,1,6.916,6.916,7.000,0,0.120,5.794,0.041,0.446,0.944,0.007,1,1,994,2838,7,150300,1522,710,786,4143,12,0,12,1,16777216,667,0.154,0,0.178
1,670,10657.756,level1,0,1024,640,6.230,1,6.158,6.158,6.000,0,0.188,5.463,0.057,0.438,0.868,0.011,1,1,994,2838,7,150300,1522,710,786,4150,12,0,12,1,16777216,668,0.147,0,0.199
1,671,10664.481,level1,0,1024,640,5.952,1,5.959,5.959,6.000,0,0.184,6.240,0.053,0.448,0.948,0.008,1,1,994,2838,7,150300,1522,710,786,4157,12,0,12,1,16777216,669,0.157,0,0.242
1,672,10670.527,level1,0,1024,640,6.665,1,6.737,6.737,7.000,0,0.113,5.627,0.047,0.443,0.852,0.007,1,1,994,2838,7,150300,1522,710,786,4164,12,0,12,1,16777216,670,0.189,0,0.254
1,673,10677.017,level1,0,1024,640,5.991,1,5.983,5.983,6.000,0,0.122,6.106,0.066,0.453,1.064,0.010,1,1,994,2838,7,150300,1522,710,786,4171,12,0,12,1,16777216,671,0.154,0,0.191
1,674,10683.765,level1,0,1024,640,6.623,1,6.552,6.552,7.000,0,0.189,6.225,0.073,0.435,0.990,0.009,1,1,977,2804,7,147852,1522,727,769,4178,12,0,12,1,16777216,672,0.151,0,0.253
1,675,10689.809,level1,0,1024,640,6.643,1,6.718,6.718,6.000,0,0.116,5.641,0.057,0.510,0.951,0.008,1,1,974,2787,7,147332,1522,728,768,4185,12,0,12,1,16777216,673,0.161,0,0.223
1,676,10695.890,level1,0,1024,640,6.063,1,6.059,6.059,6.000,0,0.120,5.678,0.039,0.426,0.870,0.007,1,1,979,2802,7,148092,1627,831,769,4192,12,0,12,1,16777216,674,0.153,0,0.238
1,677,10702.195,level1,0,1024,640,6.042,1,6.020,6.020,6.000,0,0.143,5.934,0.046,0.440,0.856,0.007,1,1,979,2802,7,148092,1627,831,769,4199,12,0,12,1,16777216,675,0.149,0,0.178
1,678,10709.268,level1,0,1024,640,6.412,1,6.362,6.362,7.000,0,0.189,6.580,0.061,0.494,0.943,0.010,1,1,1000,2844,7,151116,1627,810,790,4206,12,0,12,1,16777216,676,0.150,0,0.233
1,679,10716.019,level1,0,1024,640,7.052,1,7.061,7.061,7.000,0,0.183,6.276,0.064,0.447,0.873,0.007,1,1,1003,2868,7,151692,1627,809,791,4213,12,0,12,1,16777216,677,0.164,0,0.222
1,680,10723.359,level1,0,1024,640,6.816,1,6.785,6.785,7.000,0,0.212,6.779,0.083,0.517,0.961,0.010,1,1,1003,2868,7,151692,1627,809,791,4220,12,0,12,1,16777216,678,0.157,0,0.256
1,681,10730.217,level1,0,1024,640,7.362,1,7.439,7.439,7.000,0,0.135,6.304,0.057,0.478,0.933,0.008,1,1,1008,2883,7,152452,1627,808,792,4227,12,0,12,1,16777216,679,0.156,0,0.354
1,682,10737.300,level1,0,1024,640,6.867,1,6.795,6.795,7.000,0,0.203,6.521,0.055,0.473,1.024,0.008,1,1,1013,2898,7,153212,1627,807,793,4234,12,0,12,1,16777216,680,0.148,0,0.291
1,683,10743.646,level1,0,1024,640,6.969,1,7.000,7.000,7.000,0,0.169,5.912,0.042,0.471,0.944,0.007,1,1,1013,2898,7,153212,1627,807,793,4241,12,0,12,1,16777216,681,0.159,0,0.209
1,684,10750.546,level1,0,1024,640,7.092,1,7.145,7.145,7.000,0,0.124,5.717,0.045,0.456,0.940,0.007,1,1,1016,2915,7,153732,1627,806,794,4248,12,0,12,1,16777216,682,0.150,0,1.005
1,685,10757.038,level1,0,1024,640,6.082,1,6.078,6.078,6.000,0,0.128,6.126,0.046,0.443,0.974,0.007,1,1,1021,2930,7,154492,1627,805,795,4255,12,0,12,1,16777216,683,0.153,0,0.187
1,686,10763.153,level1,0,1024,640,6.475,1,6.478,6.478,6.000,0,0.126,5.770,0.042,0.440,0.876,0.007,1,1,1021,2930,7,154492,1627,805,795,4262,12,0,12,1,16777216,684,0.146,0,0.173
1,687,10769.742,level1,0,1024,640,6.102,1,6.104,6.104,7.000,0,0.124,6.222,0.076,0.674,1.235,0.010,1,1,1000,2888,7,151468,1627,826,774,4269,12,0,12,1,16777216,685,0.156,0,0.163
1,688,10777.256,level1,0,1024,640,6.879,1,6.748,6.748,7.000,0,0.252,6.859,0.074,0.528,0.948,0.008,1,1,1008,2960,7,153068,1627,824,776,4276,12,0,12,1,16777216,686,0.147,0,0.320
1,689,10784.232,level1,0,1024,640,7.377,1,7.423,7.423,6.000,0,0.208,6.485,0.047,0.469,0.891,0.008,1,1,1008,2960,7,153068,1627,824,776,4283,12,0,12,1,16777216,687,0.157,0,0.229
1,690,10791.268,level1,0,1024,640,7.003,1,7.016,7.016,8.000,0,0.194,6.491,0.074,0.450,0.917,0.007,1,1,1008,2960,7,153068,1627,824,776,4290,12,0,12,1,16777216,688,0.146,0,0.266
1,691,10798.042,level1,0,1024,640,6.926,1,6.991,6.991,7.000,0,0.118,6.370,0.044,0.495,0.934,0.007,1,1,1008,2960,7,153068,1627,824,776,4297,12,0,12,1,16777216,689,0.155,0,0.225
1,692,10804.902,level1,0,1024,640,7.269,1,7.079,7.079,7.000,0,0.316,5.927,0.078,0.450,0.884,0.024,1,1,1008,2960,7,153068,1627,824,776,4304,12,0,12,1,16777216,690,0.155,0,0.529
1,693,10811.010,level1,0,1024,640,6.385,1,6.522,6.522,6.000,0,0.181,5.682,0.046,0.447,0.877,0.007,1,1,1008,2960,7,153068,1627,824,776,4311,12,0,12,1,16777216,691,0.162,0,0.192
1,694,10818.056,level1,0,1024,640,6.209,1,6.178,6.178,7.000,0,0.206,6.517,0.047,0.518,0.983,0.008,1,1,1025,2994,7,155516,1627,807,793,4318,12,0,12,1,16777216,692,0.148,0,0.261
1,695,10824.686,level1,0,1024,640,7.056,1,7.029,7.029,6.000,0,0.228,6.094,0.044,0.470,0.921,0.007,1,1,1025,2994,7,155516,1627,807,793,4325,12,0,12,1,16777216,693,0.154,0,0.231
1,696,10830.921,level1,0,1024,640,6.458,1,6.589,6.589,7.000,0,0.111,5.836,0.079,0.505,0.938,0.008,1,1,1025,2994,7,155516,1627,807,793,4332,12,0,12,1,16777216,694,0.152,0,0.205
1,697,10836.940,level1,0,1024,640,6.285,1,6.273,6.273,6.000,0,0.122,5.609,0.039,0.434,0.880,0.007,1,1,1020,2946,7,154492,1627,808,792,4339,12,0,12,1,16777216,695,0.152,0,0.243
1,698,10843.544,level1,0,1024,640,5.984,1,5.978,5.978,6.000,0,0.129,6.225,0.044,0.448,0.929,0.007,1,1,1020,2946,7,154492,1627,808,792,4346,12,0,12,1,16777216,696,0.144,0,0.202
1,699,10850.513,level1,0,1024,640,6.664,1,6.602,6.602,7.000,0,0.190,6.523,0.052,0.506,0.933,0.008,1,1,1020,2946,7,154492,1627,808,792,4353,12,0,12,1,16777216,697,0.140,0,0.199
1,700,10857.121,level1,0,1024,640,7.061,1,7.041,7.041,7.000,0,0.204,6.078,0.043,0.483,0.919,0.008,1,1,1020,2946,7,154492,1627,808,792,4360,12,0,12,1,16777216,698,0.141,0,0.271
1,701,10863.671,level1,0,1024,640,6.505,1,6.513,6.513,7.000,0,0.203,6.115,0.051,0.444,0.890,0.008,1,1,1020,2946,7,154492,1627,808,792,4367,12,0,12,1,16777216,699,0.150,0,0.177
1,702,10869.853,level1,0,1024,640,6.535,1,6.565,6.565,6.000,0,0.172,5.770,0.044,0.435,0.859,0.007,1,1,1015,2931,7,153732,1627,809,791,4374,12,0,12,1,16777216,700,0.147,0,0.192
1,703,10875.903,level1,0,1024,640,6.169,1,6.162,6.162,7.000,0,0.180,5.654,0.040,0.433,0.885,0.007,1,1,1015,2931,7,153732,1627,809,791,4381,12,0,12,1,16777216,701,0.166,0,0.171
1,704,10882.249,level1,0,1024,640,6.109,1,6.135,6.135,6.000,0,0.154,5.883,0.047,0.436,0.854,0.008,1,1,1010,2909,7,152916,1627,810,790,4388,12,0,12,1,16777216,702,0.203,0,0.257
1,705,10888.482,level1,0,1024,640,6.290,1,6.306,6.306,6.000,0,0.137,5.833,0.041,0.433,0.867,0.007,1,1,1010,2909,7,152916,1627,810,790,4395,12,0,12,1,16777216,703,0.162,0,0.216
1,706,10894.871,level1,0,1024,640,6.174,1,6.181,6.181,5.000,0,0.132,6.034,0.053,0.426,0.905,0.007,1,1,993,2875,7,150468,1627,827,773,4402,12,0,12,1,16777216,704,0.156,0,0.165
1,707,10901.053,level1,0,1024,640,6.464,1,6.466,6.466,8.000,0,0.119,5.761,0.045,0.439,0.914,0.007,1,1,996,2899,7,151044,1627,826,774,4409,12,0,12,1,16777216,705,0.153,0,0.242
1,708,10907.025,level1,0,1024,640,6.164,1,6.107,6.107,5.000,0,0.185,5.572,0.043,0.437,0.845,0.007,1,1,996,2899,7,151044,1627,826,774,4416,12,0,12,1,16777216,706,0.143,0,0.168
1,709,10913.318,level1,0,1024,640,5.941,1,6.002,6.002,6.000,0,0.125,5.918,0.048,0.455,0.865,0.008,1,1,996,2899,7,151044,1627,826,774,4423,12,0,12,1,16777216,707,0.158,0,0.197
1,710,10919.409,level1,0,1024,640,6.253,1,6.268,6.268,7.000,0,0.110,5.760,0.044,0.496,0.950,0.007,1,1,996,2899,7,151044,1627,826,774,4430,12,0,12,1,16777216,708,0.144,0,0.172
1,711,10925.695,level1,0,1024,640,6.144,1,6.116,6.116,6.000,0,0.133,5.903,0.043,0.437,0.922,0.007,1,1,996,2899,7,151044,1627,826,774,4437,12,0,12,1,16777216,709,0.154,0,0.197
1,712,10931.804,level1,0,1024,640,6.247,1,6.259,6.259,6.000,0,0.126,5.768,0.041,0.444,0.914,0.007,1,1,996,2899,7,151044,1627,826,774,4444,12,0,12,1,16777216,710,0.140,0,0.171
1,713,10937.731,level1,0,1024,640,6.129,1,6.139,6.139,6.000,0,0.116,5.569,0.038,0.432,0.850,0.006,1,1,996,2899,7,151044,1627,826,774,4451,12,0,12,1,16777216,711,0.154,0,0.200
1,714,10944.217,level1,0,1024,640,5.939,1,5.882,5.882,6.000,0,0.172,6.100,0.054,0.440,0.919,0.007,1,1,996,2899,7,151044,1627,826,774,4458,12,0,12,1,16777216,712,0.152,0,0.156
1,715,10951.271,level1,0,1024,640,6.620,1,6.587,6.587,7.000,0,0.204,6.540,0.047,0.459,0.940,0.007,1,1,1001,2914,7,151804,1627,825,775,4465,12,0,12,1,16777216,713,0.155,0,0.255
1,716,10957.591,level1,0,1024,640,6.970,1,7.003,7.003,7.000,0,0.170,5.896,0.043,0.448,0.915,0.007,1,1,1001,2914,7,151804,1627,825,775,4472,12,0,12,1,16777216,714,0.150,0,0.205
1,717,10963.991,level1,0,1024,640,6.315,1,6.280,6.280,6.000,0,0.207,5.979,0.044,0.450,0.919,0.007,1,1,1007,2962,7,152956,1627,823,777,4479,12,0,12,1,16777216,715,0.159,0,0.165
1,718,10970.789,level1,0,1024,640,6.353,1,6.429,6.429,6.000,0,0.132,6.420,0.048,0.476,0.997,0.008,1,1,1033,3019,7,156740,1838,1009,799,4486,12,0,12,1,16777216,716,0.150,0,0.195
1,719,10977.365,level1,0,1024,640,6.830,1,6.847,6.847,7.000,0,0.114,6.176,0.038,0.467,0.883,0.007,1,1,1033,3019,7,156740,1838,1009,799,4493,12,0,12,1,16777216,717,0.153,0,0.243
1,720,10983.966,level1,0,1024,640,6.630,1,6.632,6.632,7.000,0,0.112,6.138,0.046,0.483,0.909,0.006,1,1,1033,3019,7,156740,1838,1009,799,4500,12,0,12,1,16777216,718,0.142,0,0.299
1,721,10991.060,level1,0,1024,640,6.501,1,6.471,6.471,6.000,0,0.141,6.727,0.050,0.476,0.978,0.008,1,1,1033,3019,7,156740,1838,1009,799,4507,12,0,12,1,16777216,719,0.155,0,0.169
1,722,10997.543,level1,0,1024,640,7.127,1,7.115,7.115,7.000,0,0.153,6.093,0.041,0.466,0.880,0.006,1,1,1033,3019,7,156740,1838,1009,799,4514,12,0,12,1,16777216,720,0.147,0,0.190
1,723,11004.289,level1,0,1024,640,6.438,1,6.461,6.461,7.000,0,0.131,6.396,0.047,0.479,0.938,0.007,1,1,1043,3115,7,158788,1838,1007,801,4521,12,0,12,1,16777216,721,0.208,0,0.169
1,724,11011.315,level1,0,1024,640,6.844,1,6.783,6.783,7.000,0,0.190,6.576,0.048,0.477,0.994,0.007,1,1,1053,3145,7,160308,1838,1005,803,4528,12,0,12,1,16777216,722,0.150,0,0.206
1,725,11017.815,level1,0,1024,640,7.023,1,7.095,7.095,7.000,0,0.119,6.016,0.085,0.489,0.971,0.008,1,1,1032,3103,7,157284,1625,816,782,4535,12,0,12,1,16777216,723,0.156,0,0.274
1,726,11024.993,level1,0,1024,640,6.571,1,6.519,6.519,6.000,0,0.169,6.662,0.047,0.495,0.943,0.007,1,1,1049,3137,7,159732,1721,894,799,4542,12,0,12,1,16777216,724,0.152,0,0.293
1,727,11032.401,level1,0,1024,640,7.484,1,7.275,7.275,7.000,0,0.377,6.587,0.046,0.495,0.988,0.007,1,1,1049,3137,7,159732,1721,894,799,4549,12,0,12,1,16777216,725,0.157,0,0.389
1,728,11040.313,level1,0,1024,640,7.162,1,7.398,7.398,8.000,0,0.142,7.338,0.045,0.515,1.079,0.008,1,1,1049,3137,7,159732,1721,894,799,4556,12,0,12,1,16777216,726,0.148,0,0.380
1,729,11047.032,level1,0,1024,640,7.798,1,7.758,7.758,8.000,0,0.181,6.259,0.045,0.489,1.049,0.007,1,1,1044,3122,7,158972,1721,895,798,4563,12,0,12,1,16777216,727,0.155,0,0.227
1,730,11054.294,level1,0,1024,640,6.674,1,6.740,6.740,6.000,0,0.118,6.847,0.045,0.485,0.997,0.007,1,1,1044,3122,7,158972,1721,895,798,4570,12,0,12,1,16777216,728,0.144,0,0.248
1,731,11061.168,level1,0,1024,640,7.277,1,7.277,7.277,8.000,0,0.117,6.426,0.062,0.486,0.954,0.027,1,1,1039,3074,7,157948,1721,896,797,4577,12,0,12,1,16777216,729,0.150,0,0.262
1,732,11068.085,level1,0,1024,640,6.821,1,6.825,6.825,6.000,0,0.114,6.540,0.044,0.478,0.952,0.007,1,1,1039,3074,7,157948,1721,896,797,4584,12,0,12,1,16777216,730,0.150,0,0.214
1,733,11075.451,level1,0,1024,640,6.983,1,6.973,6.973,8.000,0,0.124,6.920,0.047,0.473,0.958,0.007,1,1,1034,3059,7,157188,1721,897,796,4591,12,0,12,1,16777216,731,0.150,0,0.269
1,734,11091.291,level1,1,1024,640,9.475,1,7.382,7.382,7.000,0,0.130,13.263,0.069,0.500,0.993,0.014,1,1,1042,3075,32,159640,1721,896,797,4601,34,0,34,1,16777216,732,0.152,0,0.285
1,735,11101.509,level1,1,1024,640,14.753,1,16.831,16.831,17.000,0,0.021,8.725,0.072,0.736,1.544,0.019,1,1,1042,3075,32,159640,1721,896,797,4633,34,0,34,1,16777216,733,0.143,0,1.276
1,736,11109.852,level1,1,1024,640,9.100,1,9.214,9.214,9.000,0,0.025,7.985,0.055,0.614,1.405,0.016,1,1,1042,3075,32,159640,1721,896,797,4665,34,0,34,1,16777216,734,0.291,0,0.272
1,737,11117.322,level1,1,1024,640,8.413,1,8.414,8.414,9.000,0,0.023,7.045,0.052,0.587,1.017,0.012,1,1,1042,3075,32,159640,1721,896,797,4697,34,0,34,1,16777216,735,0.233,0,0.343
1,738,11124.494,level1,1,1024,640,7.392,1,7.396,7.396,6.000,0,0.019,6.768,0.110,0.485,0.963,0.010,1,1,1042,3075,32,159640,1721,896,797,4729,34,0,34,1,16777216,736,0.226,0,0.270
1,739,11132.444,level1,1,1024,640,7.148,1,7.131,7.131,8.000,0,0.034,7.570,0.109,0.494,1.013,0.033,1,1,1042,3075,32,159640,1721,896,797,4761,34,0,34,1,16777216,737,0.230,0,0.230
1,740,11139.764,level1,1,1024,640,7.992,1,7.999,7.999,8.000,0,0.026,6.952,0.056,0.538,1.088,0.011,1,1,1042,3075,32,159640,1721,896,797,4793,34,0,34,1,16777216,738,0.225,0,0.278
1,741,11146.791,level1,1,1024,640,7.283,1,7.292,7.292,7.000,0,0.019,6.705,0.048,0.482,0.952,0.010,1,1,1042,3075,32,159640,1721,896,797,4825,34,0,34,1,16777216,739,0.233,0,0.251
1,742,11153.915,level1,1,1024,640,7.015,1,7.015,7.015,7.000,0,0.019,6.813,0.048,0.613,1.110,0.010,1,1,1042,3075,32,159640,1721,896,797,4857,34,0,34,1,16777216,740,0.221,0,0.239
1,743,11161.263,level1,1,1024,640,7.221,1,7.220,7.220,8.000,0,0.019,6.940,0.048,0.485,1.062,0.012,1,1,1042,3075,32,159640,1721,896,797,4889,34,0,34,1,16777216,741,0.223,0,0.335
1,744,11168.066,level1,1,1024,640,7.284,1,7.284,7.284,7.000,0,0.018,6.465,0.043,0.498,1.033,0.009,1,1,1042,3075,32,159640,1721,896,797,4921,34,0,34,1,16777216,742,0.219,0,0.271
1,745,11175.419,level1,1,1024,640,6.765,1,6.693,6.693,6.000,0,0.090,7.049,0.047,0.485,0.977,0.012,1,1,1042,3075,32,159640,1721,896,797,4953,34,0,34,1,16777216,743,0.234,0,0.162
1,746,11182.455,level1,1,1024,640,7.354,1,7.424,7.424,8.000,0,0.020,6.733,0.045,0.490,0.976,0.011,1,1,1042,3075,32,159640,1721,896,797,4985,34,0,34,1,16777216,744,0.229,0,0.232
1,747,11190.784,level1,1,1024,640,7.076,1,7.072,7.072,7.000,0,0.024,7.938,0.092,0.589,1.181,0.013,1,1,1042,3075,32,159640,1721,896,797,5017,34,0,34,1,16777216,745,0.225,0,0.268
1,748,11199.295,level1,1,1024,640,9.916,1,8.322,8.322,9.000,0,0.025,6.578,0.048,0.512,1.054,0.012,1,1,1042,3075,32,159640,1721,896,797,5049,34,0,34,1,16777216,746,0.224,0,0.261
1,749,11206.997,level1,1,1024,640,7.257,1,8.497,8.497,8.000,0,0.019,7.009,0.062,0.725,1.350,0.013,1,1,1042,3075,32,159640,1721,896,797,5081,34,0,34,1,16777216,747,0.232,0,0.247
1,750,11214.914,level1,1,1024,640,7.678,1,8.003,8.003,7.000,0,0.052,7.263,0.048,0.492,1.035,0.011,1,1,1042,3075,32,159640,1721,896,797,5113,34,0,34,1,16777216,748,0.228,0,0.545
1,751,11223.112,level1,1,1024,640,7.936,1,7.533,7.533,8.000,0,0.452,7.487,0.086,0.521,1.033,0.011,1,1,1042,3075,32,159640,1721,896,797,5145,34,0,34,1,16777216,749,0.222,0,0.165
1,752,11229.934,level1,1,1024,640,7.852,1,8.287,8.287,8.000,0,0.020,6.496,0.046,0.513,0.932,0.010,1,1,1042,3075,32,159640,1721,896,797,5177,34,0,34,1,16777216,750,0.223,0,0.253
1,753,11236.512,level1,1,1024,640,6.923,1,6.921,6.921,8.000,0,0.022,6.154,0.044,0.490,0.949,0.010,1,1,1042,3075,32,159640,1721,896,797,5209,34,0,34,1,16777216,751,0.236,0,0.351
1,754,11244.415,level1,1,1024,640,6.578,1,6.569,6.569,7.000,0,0.031,7.475,0.048,0.486,0.972,0.011,1,1,1042,3075,32,159640,1721,896,797,5241,34,0,34,1,16777216,752,0.224,0,0.342
1,755,11251.954,level1,1,1024,640,7.794,1,7.802,7.802,7.000,0,0.024,7.179,0.089,0.485,1.016,0.010,1,1,1042,3075,32,159640,1721,896,797,5273,34,0,34,1,16777216,753,0.236,0,0.242
1,756,11259.586,level1,1,1024,640,7.523,1,7.528,7.528,7.000,0,0.019,7.326,0.052,0.600,1.225,0.012,1,1,1042,3075,32,159640,1721,896,797,5305,34,0,34,1,16777216,754,0.222,0,0.231
1,757,11266.438,level1,1,1024,640,7.766,1,7.675,7.675,8.000,0,0.019,6.421,0.043,0.492,0.972,0.010,1,1,1042,3075,32,159640,1721,896,797,5337,34,0,34,1,16777216,755,0.233,0,0.272
1,758,11274.901,level1,1,1024,640,6.808,1,6.875,6.875,7.000,0,0.040,8.071,0.047,0.496,0.986,0.010,1,1,1042,3075,32,159640,1721,896,797,5369,34,0,34,1,16777216,756,0.223,0,0.295
1,759,11282.159,level1,1,1024,640,8.441,1,8.459,8.459,9.000,0,0.025,6.888,0.047,0.487,0.963,0.010,1,1,1042,3075,32,159640,1721,896,797,5401,34,0,34,1,16777216,757,0.228,0,0.293
1,760,11291.114,level1,1,1024,640,7.435,1,7.412,7.412,7.000,0,0.045,8.364,0.089,0.517,1.226,0.015,1,1,1042,3075,32,159640,1721,896,797,5433,34,0,34,1,16777216,758,0.224,0,0.445
1,761,11298.391,level1,1,1024,640,8.750,1,8.770,8.770,9.000,0,0.027,6.917,0.065,0.488,1.020,0.038,1,1,1042,3075,32,159640,1721,896,797,5465,34,0,34,1,16777216,759,0.230,0,0.260
1,762,11306.525,level1,1,1024,640,7.520,1,7.503,7.503,7.000,0,0.042,7.547,0.049,0.491,0.946,0.011,1,1,1042,3075,32,159640,1721,896,797,5497,34,0,34,1,16777216,760,0.229,0,0.486
1,763,11314.234,level1,1,1024,640,7.786,1,7.811,7.811,8.000,0,0.020,7.417,0.100,0.490,0.919,0.010,1,1,1042,3075,32,159640,1721,896,797,5529,34,0,34,1,16777216,761,0.234,0,0.166
1,764,11321.968,level1,1,1024,640,7.993,1,7.959,7.959,8.000,0,0.052,7.211,0.049,0.496,0.997,0.011,1,1,1042,3075,32,159640,1721,896,797,5561,34,0,34,1,16777216,762,0.226,0,0.413
1,765,11329.109,level1,1,1024,640,7.599,1,7.627,7.627,8.000,0,0.025,6.736,0.066,0.496,1.155,0.016,1,1,1042,3075,32,159640,1721,896,797,5593,34,0,34,1,16777216,763,0.231,0,0.307
1,766,11336.605,level1,1,1024,640,7.100,1,7.102,7.102,7.000,0,0.023,7.147,0.052,0.485,1.166,0.013,1,1,1042,3075,32,159640,1721,896,797,5625,34,0,34,1,16777216,764,0.218,0,0.268
1,767,11343.884,level1,1,1024,640,7.564,1,7.564,7.564,8.000,0,0.024,6.867,0.046,0.486,1.006,0.010,1,1,1042,3075,32,159640,1721,896,797,5657,34,0,34,1,16777216,765,0.233,0,0.336
1,768,11351.707,level1,1,1024,640,7.125,1,7.130,7.130,6.000,0,0.019,7.537,0.074,0.489,1.017,0.018,1,1,1042,3075,32,159640,1721,896,797,5689,34,0,34,1,16777216,766,0.242,0,0.188
1,769,11358.627,level1,1,1024,640,7.919,1,7.918,7.918,8.000,0,0.019,6.559,0.053,0.490,0.929,0.018,1,1,1042,3075,32,159640,1721,896,797,5721,34,0,34,1,16777216,767,0.231,0,0.282
1,770,11366.147,level1,1,1024,640,7.072,1,7.069,7.069,7.000,0,0.023,7.014,0.046,0.488,0.992,0.010,1,1,1042,3075,32,159640,1721,896,797,5753,34,0,34,1,16777216,768,0.228,0,0.431
1,771,11373.646,level1,1,1024,640,7.594,1,7.556,7.556,8.000,0,0.058,6.917,0.048,0.493,0.975,0.011,1,1,1042,3075,32,159640,1721,896,797,5785,34,0,34,1,16777216,769,0.216,0,0.466
1,772,11383.472,level1,1,1024,640,7.320,1,7.346,7.346,7.000,0,0.033,9.377,0.094,0.758,1.658,0.023,1,1,1042,3075,32,159640,1721,896,797,5817,34,0,34,1,16777216,770,0.217,0,0.314
1,773,11391.267,level1,1,1024,640,9.941,1,9.942,9.942,10.000,0,0.031,7.236,0.089,0.501,1.153,0.014,1,1,1042,3075,32,159640,1721,896,797,5849,34,0,34,1,16777216,771,0.232,0,0.429
1,774,11401.898,level1,1,1024,640,7.604,1,7.612,7.612,7.000,0,0.024,10.232,0.119,0.788,1.580,0.023,1,1,1042,3075,32,159640,1721,896,797,5881,34,0,34,1,16777216,772,0.217,0,0.248
1,775,11413.272,level1,1,1024,640,12.720,1,10.610,10.610,12.000,0,0.022,8.862,0.143,0.818,1.599,0.025,1,1,1042,3075,32,159640,1721,896,797,5913,34,0,34,1,16777216,773,0.230,0,0.227
1,776,11421.987,level1,1,1024,640,10.080,1,11.441,11.441,11.000,0,0.029,7.570,0.072,0.498,1.176,0.015,1,1,1042,3075,32,159640,1721,896,797,5945,34,0,34,1,16777216,774,0.222,0,0.293
1,777,11429.733,level1,1,1024,640,7.870,1,8.618,8.618,8.000,0,0.025,7.408,0.108,0.573,1.045,0.021,1,1,1042,3075,32,159640,1721,896,797,5977,34,0,34,1,16777216,775,0.237,0,0.197
1,778,11438.041,level1,1,1024,640,7.892,1,7.887,7.887,8.000,0,0.029,7.875,0.058,0.488,0.964,0.015,1,1,1042,3075,32,159640,1721,896,797,6009,34,0,34,1,16777216,776,0.226,0,0.338
1,779,11445.461,level1,1,1024,640,8.161,1,8.139,8.139,8.000,0,0.053,7.137,0.053,0.490,1.038,0.012,1,1,1042,3075,32,159640,1721,896,797,6041,34,0,34,1,16777216,777,0.238,0,0.169
1,780,11452.260,level1,1,1024,640,7.434,1,7.453,7.453,8.000,0,0.034,6.510,0.045,0.496,1.042,0.011,1,1,1042,3075,32,159640,1721,896,797,6073,34,0,34,1,16777216,778,0.221,0,0.202
1,781,11459.394,level1,1,1024,640,6.749,1,6.768,6.768,7.000,0,0.016,6.869,0.072,0.492,0.959,0.013,1,1,1042,3075,32,159640,1721,896,797,6105,34,0,34,1,16777216,779,0.255,0,0.173
1,782,11468.953,level1,1,1024,640,9.284,1,7.147,7.147,7.000,0,0.017,7.138,0.077,0.519,1.220,0.017,1,1,1042,3075,32,159640,1721,896,797,6137,34,0,34,1,16777216,780,0.226,0,0.185
1,783,11478.300,level1,1,1024,640,9.265,1,9.674,9.674,9.000,0,0.024,7.231,0.066,0.489,1.146,0.034,1,1,1042,3075,32,159640,1721,896,797,6169,34,0,34,1,16777216,781,0.238,0,0.299
1,784,11486.665,level1,1,1024,640,8.335,1,9.343,9.343,10.000,0,0.024,7.268,0.060,0.497,0.963,0.030,1,1,1042,3075,32,159640,1721,896,797,6201,34,0,34,1,16777216,782,0.212,0,0.295
1,785,11494.627,level1,1,1024,640,8.238,1,8.247,8.247,8.000,0,0.018,6.995,0.058,0.492,1.087,0.013,1,1,1042,3075,32,159640,1721,896,797,6233,34,0,34,1,16777216,783,0.221,0,0.178
1,786,11501.440,level1,1,1024,640,7.355,1,7.992,7.992,8.000,0,0.021,6.469,0.043,0.488,1.027,0.010,1,1,1042,3075,32,159640,1721,896,797,6265,34,0,34,1,16777216,784,0.220,0,0.208
1,787,11508.378,level1,1,1024,640,6.712,1,6.778,6.778,7.000,0,0.022,6.649,0.088,0.570,1.208,0.014,1,1,1042,3075,32,159640,1721,896,797,6297,34,0,34,1,16777216,785,0.233,0,0.174
1,788,11516.559,level1,1,1024,640,8.083,1,7.006,7.006,7.000,0,0.026,6.777,0.059,0.493,1.103,0.012,1,1,1042,3075,32,159640,1721,896,797,6329,34,0,34,1,16777216,786,0.224,0,0.241
1,789,11523.546,level1,1,1024,640,7.029,1,8.109,8.109,8.000,0,0.019,6.708,0.085,0.540,0.991,0.013,1,1,1042,3075,32,159640,1721,896,797,6361,34,0,34,1,16777216,787,0.232,0,0.170
1,790,11531.277,level1,1,1024,640,7.986,1,7.029,7.029,7.000,0,0.020,6.455,0.083,0.532,1.157,0.018,1,1,1042,3075,32,159640,1721,896,797,6393,34,0,34,1,16777216,788,0.220,0,0.212
1,791,11538.497,level1,1,1024,640,6.941,1,7.884,7.884,8.000,0,0.032,6.736,0.053,0.554,1.042,0.012,1,1,1042,3075,32,159640,1721,896,797,6425,34,0,34,1,16777216,789,0.233,0,0.364
1,792,11546.232,level1,1,1024,640,7.985,1,7.111,7.111,7.000,0,0.026,6.518,0.049,0.503,1.042,0.010,1,1,1042,3075,32,159640,1721,896,797,6457,34,0,34,1,16777216,790,0.220,0,0.255
1,793,11553.383,level1,1,1024,640,6.766,1,7.652,7.652,7.000,0,0.022,6.896,0.056,0.484,0.918,0.011,1,1,1042,3075,32,159640,1721,896,797,6489,34,0,34,1,16777216,791,0.241,0,0.173
1,794,11560.216,level1,1,1024,640,7.175,1,7.173,7.173,8.000,0,0.022,6.565,0.045,0.489,1.027,0.010,1,1,1042,3075,32,159640,1721,896,797,6521,34,0,34,1,16777216,792,0.222,0,0.196
1,795,11567.231,level1,1,1024,640,6.869,1,6.858,6.858,7.000,0,0.029,6.673,0.082,0.482,1.214,0.013,1,1,1042,3075,32,159640,1721,896,797,6553,34,0,34,1,16777216,793,0.223,0,0.220
1,796,11574.181,level1,1,1024,640,7.010,1,7.024,7.024,7.000,0,0.019,6.652,0.044,0.490,1.141,0.011,1,1,1042,3075,32,159640,1721,896,797,6585,34,0,34,1,16777216,794,0.218,0,0.229
1,797,11581.062,level1,1,1024,640,6.959,1,6.955,6.955,7.000,0,0.023,6.574,0.044,0.592,1.035,0.011,1,1,1042,3075,32,159640,1721,896,797,6617,34,0,34,1,16777216,795,0.230,0,0.235
1,798,11587.843,level1,1,1024,640,6.810,1,6.815,6.815,7.000,0,0.018,6.544,0.046,0.486,0.957,0.010,1,1,1042,3075,32,159640,1721,896,797,6649,34,0,34,1,16777216,796,0.221,0,0.169
1,799,11595.012,level1,1,1024,640,6.784,1,6.786,6.786,6.000,0,0.016,6.931,0.044,0.492,1.009,0.010,1,1,1042,3075,32,159640,1721,896,797,6681,34,0,34,1,16777216,797,0.228,0,0.173
1,800,11601.868,level1,1,1024,640,7.202,1,7.197,7.197,8.000,0,0.021,6.585,0.044,0.491,0.989,0.010,1,1,1042,3075,32,159640,1721,896,797,6713,34,0,34,1,16777216,798,0.224,0,0.201
1,801,11608.417,level1,1,1024,640,6.912,1,6.917,6.917,6.000,0,0.017,6.225,0.040,0.503,0.978,0.010,1,1,1042,3075,32,159640,1721,896,797,6745,34,0,34,1,16777216,799,0.230,0,0.262
1,802,11615.144,level1,1,1024,640,6.470,1,6.471,6.471,6.000,0,0.015,6.479,0.043,0.491,0.986,0.011,1,1,1042,3075,32,159640,1721,896,797,6777,34,0,34,1,16777216,800,0.223,0,0.185
1,803,11622.738,level1,1,1024,640,6.740,1,6.732,6.732,8.000,0,0.019,7.108,0.268,0.491,0.957,0.010,1,1,1042,3075,32,159640,1721,896,797,6809,34,0,34,1,16777216,801,0.230,0,0.189
1,804,11629.814,level1,1,1024,640,7.701,1,7.694,7.694,7.000,0,0.031,6.645,0.105,0.717,1.391,0.026,1,1,1042,3075,32,159640,1721,896,797,6841,34,0,34,1,16777216,802,0.256,0,0.284
1,805,11639.948,level1,0,1024,640,9.114,1,7.110,7.110,8.000,0,0.030,7.676,0.096,0.535,1.095,0.012,1,1,1034,3059,7,157188,1721,897,796,6848,34,0,34,1,16777216,803,0.237,0,0.320
1,806,11648.345,level1,0,1024,640,9.261,1,11.040,11.040,11.000,0,0.130,6.858,0.049,0.490,0.976,0.009,1,1,1039,3074,7,157948,1721,896,797,6855,34,0,34,1,16777216,804,0.235,0,1.229
1,807,11655.137,level1,0,1024,640,7.211,1,7.337,7.337,6.000,0,0.130,6.444,0.045,0.468,0.897,0.007,1,1,1022,3040,7,155500,1590,784,780,6862,34,0,34,1,16777216,805,0.158,0,0.169
1,808,11662.003,level1,0,1024,640,6.786,1,6.791,6.791,7.000,0,0.122,6.520,0.050,0.467,0.962,0.007,1,1,1022,3040,7,155500,1590,784,780,6869,34,0,34,1,16777216,806,0.150,0,0.168
1,809,11668.309,level1,0,1024,640,6.883,1,6.877,6.877,8.000,0,0.126,5.952,0.041,0.470,0.944,0.007,1,1,1022,3040,7,155500,1590,784,780,6876,34,0,34,1,16777216,807,0.152,0,0.179
1,810,11674.638,level1,0,1024,640,6.270,1,6.287,6.287,5.000,0,0.112,6.007,0.045,0.464,0.897,0.007,1,1,1022,3040,7,155500,1590,784,780,6883,34,0,34,1,16777216,808,0.147,0,0.161
1,811,11681.295,level1,0,1024,640,6.368,1,6.340,6.340,8.000,0,0.140,6.291,0.050,0.468,0.897,0.007,1,1,1022,3040,7,155500,1590,784,780,6890,34,0,34,1,16777216,809,0.154,0,0.171
1,812,11687.501,level1,0,1024,640,6.638,1,6.656,6.656,6.000,0,0.123,5.869,0.039,0.460,0.919,0.007,1,1,1022,3040,7,155500,1590,784,780,6897,34,0,34,1,16777216,810,0.145,0,0.170
1,813,11693.946,level1,0,1024,640,6.206,1,6.211,6.211,6.000,0,0.118,6.100,0.048,0.464,0.953,0.007,1,1,1022,3040,7,155500,1590,784,780,6904,34,0,34,1,16777216,811,0.151,0,0.176
1,814,11700.393,level1,0,1024,640,6.519,1,6.507,6.507,6.000,0,0.130,6.035,0.041,0.469,0.936,0.007,1,1,1022,3040,7,155500,1590,784,780,6911,34,0,34,1,16777216,812,0.134,0,0.237
1,815,11706.603,level1,0,1024,640,6.357,1,6.378,6.378,7.000,0,0.110,5.885,0.043,0.493,0.945,0.007,1,1,1027,3055,7,156260,1590,783,781,6918,34,0,34,1,16777216,813,0.154,0,0.167
1,816,11714.026,level1,0,1024,640,6.202,1,6.204,6.204,6.000,0,0.108,7.083,0.064,0.503,1.055,0.009,1,1,1027,3055,7,156260,1590,783,781,6925,34,0,34,1,16777216,814,0.146,0,0.162
1,817,11720.534,level1,0,1024,640,7.611,1,7.519,7.519,8.000,0,0.193,5.994,0.051,0.487,1.009,0.007,1,1,1027,3055,7,156260,1590,783,781,6932,34,0,34,1,16777216,815,0.160,0,0.258
1,818,11727.035,level1,0,1024,640,6.378,1,6.428,6.428,6.000,0,0.149,6.124,0.043,0.488,1.037,0.007,1,1,1032,3070,7,157020,1590,782,782,6939,34,0,34,1,16777216,816,0.158,0,0.179
1,819,11733.576,level1,0,1024,640,6.462,1,6.492,6.492,6.000,0,0.117,6.199,0.048,0.512,0.948,0.007,1,1,1032,3070,7,157020,1590,782,782,6946,34,0,34,1,16777216,817,0.157,0,0.170
1,820,11740.016,level1,0,1024,640,6.589,1,6.588,6.588,7.000,0,0.122,6.049,0.049,0.524,0.982,0.008,1,1,1032,3070,7,157020,1590,782,782,6953,34,0,34,1,16777216,818,0.148,0,0.216
1,821,11746.065,level1,0,1024,640,6.419,1,6.417,6.417,6.000,0,0.123,5.692,0.037,0.485,0.912,0.006,1,1,1032,3070,7,157020,1590,782,782,6960,34,0,34,1,16777216,819,0.169,0,0.192
1,822,11752.459,level1,0,1024,640,5.998,1,6.011,6.011,6.000,0,0.110,6.072,0.052,0.499,1.029,0.009,1,1,1032,3070,7,157020,1590,782,782,6967,34,0,34,1,16777216,820,0.144,0,0.155
1,823,11762.208,level1,0,1024,640,9.346,1,6.449,6.449,6.000,0,0.123,6.406,0.120,0.497,1.281,0.017,1,1,1032,3070,7,157020,1590,782,782,6974,34,0,34,1,16777216,821,0.155,0,0.210
1,824,11769.308,level1,0,1024,640,7.588,1,9.958,9.958,11.000,0,0.146,5.983,0.056,0.512,1.074,0.007,1,1,1032,3070,7,157020,1590,782,782,6981,34,0,34,1,16777216,822,0.154,0,0.419
1,825,11775.955,level1,0,1024,640,6.383,1,6.878,6.878,7.000,0,0.141,6.251,0.053,0.492,0.953,0.009,1,1,1035,3094,7,157596,1590,781,783,6988,34,0,34,1,16777216,823,0.158,0,0.198
1,826,11782.311,level1,0,1024,640,6.637,1,6.636,6.636,6.000,0,0.141,5.977,0.045,0.484,0.941,0.008,1,1,1035,3094,7,157596,1590,781,783,6995,34,0,34,1,16777216,824,0.138,0,0.187
1,827,11789.016,level1,0,1024,640,6.365,1,6.378,6.378,7.000,0,0.128,6.308,0.055,0.510,1.029,0.008,1,1,1035,3094,7,157596,1590,781,783,7002,34,0,34,1,16777216,825,0.155,0,0.209
1,828,11795.280,level1,0,1024,640,6.705,1,6.682,6.682,6.000,0,0.150,5.878,0.043,0.495,0.926,0.007,1,1,1035,3094,7,157596,1590,781,783,7009,34,0,34,1,16777216,826,0.145,0,0.186
1,829,11801.561,level1,0,1024,640,6.207,1,6.248,6.248,6.000,0,0.110,5.927,0.070,0.484,1.112,0.008,1,1,1035,3094,7,157596,1590,781,783,7016,34,0,34,1,16777216,827,0.139,0,0.171
1,830,11807.887,level1,0,1024,640,6.391,1,6.303,6.303,7.000,0,0.197,5.891,0.040,0.494,1.004,0.007,1,1,1056,3136,7,160620,1590,760,804,7023,34,0,34,1,16777216,828,0.148,0,0.191
1,831,11814.199,level1,0,1024,640,6.219,1,6.298,6.298,6.000,0,0.117,5.981,0.043,0.503,0.935,0.007,1,1,1056,3136,7,160620,1590,760,804,7030,34,0,34,1,16777216,829,0.152,0,0.165
1,832,11820.719,level1,0,1024,640,6.335,1,6.345,6.345,6.000,0,0.109,6.165,0.044,0.500,1.030,0.008,1,1,1056,3136,7,160620,1590,760,804,7037,34,0,34,1,16777216,830,0.150,0,0.197
1,833,11826.839,level1,0,1024,640,6.566,1,6.530,6.530,7.000,0,0.144,5.729,0.035,0.492,0.947,0.006,1,1,1056,3136,7,160620,1590,760,804,7044,34,0,34,1,16777216,831,0.155,0,0.207
1,834,11833.360,level1,0,1024,640,6.061,1,6.092,6.092,6.000,0,0.115,6.176,0.048,0.509,0.957,0.007,1,1,1056,3136,7,160620,1590,760,804,7051,34,0,34,1,16777216,832,0.141,0,0.179
1,835,11839.506,level1,0,1024,640,6.529,1,6.519,6.519,7.000,0,0.124,5.803,0.038,0.504,0.941,0.006,1,1,1056,3136,7,160620,1590,760,804,7058,34,0,34,1,16777216,833,0.141,0,0.177
1,836,11845.627,level1,0,1024,640,6.111,1,6.130,6.130,6.000,0,0.106,5.811,0.039,0.591,1.052,0.006,1,1,1056,3136,7,160620,1590,760,804,7065,34,0,34,1,16777216,834,0.204,0,0.161
1,837,11852.253,level1,0,1024,640,6.128,1,6.127,6.127,7.000,0,0.107,6.282,0.066,0.500,0.966,0.010,1,1,1061,3151,7,161380,1590,759,805,7072,34,0,34,1,16777216,835,0.206,0,0.167
1,838,11858.796,level1,0,1024,640,6.711,1,6.686,6.686,6.000,0,0.130,6.092,0.089,0.515,1.084,0.010,1,1,1061,3151,7,161380,1590,759,805,7079,34,0,34,1,16777216,836,0.154,0,0.225
1,839,11865.618,level1,0,1024,640,6.524,1,6.509,6.509,6.000,0,0.143,6.416,0.062,0.501,1.003,0.009,1,1,1066,3166,7,162140,1590,758,806,7086,34,0,34,1,16777216,837,0.160,0,0.192
1,840,11872.484,level1,0,1024,640,6.832,1,6.827,6.827,7.000,0,0.151,6.464,0.049,0.500,1.081,0.009,1,1,1066,3166,7,162140,1590,758,806,7093,34,0,34,1,16777216,838,0.158,0,0.196
1,841,11879.405,level1,0,1024,640,6.867,1,6.848,6.848,7.000,0,0.169,6.484,0.084,0.622,1.404,0.013,1,1,1066,3166,7,162140,1590,758,806,7100,34,0,34,1,16777216,839,0.161,0,0.178
1,842,11886.178,level1,0,1024,640,6.987,1,6.958,6.958,7.000,0,0.194,6.304,0.050,0.505,1.143,0.008,1,1,1066,3166,7,162140,1590,758,806,7107,34,0,34,1,16777216,840,0.149,0,0.215
1,843,11895.302,level1,0,1024,640,8.894,1,6.730,6.730,6.000,0,0.131,6.484,0.099,0.507,1.419,0.018,1,1,1066,3166,7,162140,1590,758,806,7114,34,0,34,1,16777216,841,0.142,0,0.174
1,844,11902.713,level1,0,1024,640,7.880,1,9.289,9.289,10.000,0,0.205,6.039,0.075,0.502,1.051,0.012,1,1,1066,3166,7,162140,1590,758,806,7121,34,0,34,1,16777216,842,0.151,0,0.338
1,845,11910.582,level1,0,1024,640,7.535,1,7.270,7.270,7.000,0,0.143,6.374,0.075,0.504,1.369,0.014,1,1,1066,3166,7,162140,1590,758,806,7128,34,0,34,1,16777216,843,0.162,0,0.197
1,846,11917.705,level1,0,1024,640,7.395,1,7.870,7.870,8.000,0,0.153,6.103,0.074,0.509,1.173,0.016,1,1,1066,3166,7,162140,1590,758,806,7135,34,0,34,1,16777216,844,0.153,0,0.199
1,847,11924.620,level1,0,1024,640,7.065,1,7.422,7.422,7.000,0,0.203,5.983,0.044,0.494,0.952,0.022,1,1,1066,3166,7,162140,1590,758,806,7142,34,0,34,1,16777216,845,0.162,0,0.497
1,848,11930.933,level1,0,1024,640,6.338,1,6.590,6.590,7.000,0,0.133,5.956,0.047,0.492,1.054,0.007,1,1,1066,3166,7,162140,1590,758,806,7149,34,0,34,1,16777216,846,0.149,0,0.173
1,849,11937.123,level1,0,1024,640,6.303,1,6.326,6.326,6.000,0,0.109,5.846,0.043,0.490,0.985,0.007,1,1,1066,3166,7,162140,1590,758,806,7156,34,0,34,1,16777216,847,0.158,0,0.186
1,850,11944.029,level1,0,1024,640,6.334,1,6.163,6.163,6.000,0,0.272,6.402,0.059,0.499,0.961,0.007,1,1,1066,3166,7,162140,1590,758,806,7163,34,0,34,1,16777216,848,0.154,0,0.160
1,851,11950.659,level1,0,1024,640,6.920,1,7.008,7.008,8.000,0,0.187,6.125,0.046,0.490,0.966,0.007,1,1,1067,3173,7,162324,1590,761,803,7170,34,0,34,1,16777216,849,0.152,0,0.260
1,852,11957.218,level1,0,1024,640,6.592,1,6.608,6.608,6.000,0,0.176,6.093,0.045,0.492,0.929,0.007,1,1,1067,3173,7,162324,1590,761,803,7177,34,0,34,1,16777216,850,0.151,0,0.238
1,853,11964.264,level1,0,1024,640,6.679,1,6.669,6.669,7.000,0,0.183,6.451,0.053,0.491,0.947,0.007,1,1,1067,3173,7,162324,1590,761,803,7184,34,0,34,1,16777216,851,0.154,0,0.349
1,854,11971.051,level1,0,1024,640,6.953,1,6.979,6.979,7.000,0,0.158,6.273,0.065,0.512,1.132,0.010,1,1,1067,3173,7,162324,1590,761,803,7191,34,0,34,1,16777216,852,0.145,0,0.282
1,855,11980.256,level1,0,1024,640,6.764,1,6.748,6.748,6.000,0,0.177,7.854,0.922,0.524,1.414,0.021,1,1,1067,3173,7,162324,1590,761,803,7198,34,0,34,1,16777216,853,0.155,0,0.243
1,856,11992.555,level1,0,1024,640,9.452,1,9.423,9.423,10.000,0,0.206,11.514,0.110,0.902,1.884,0.019,1,1,1062,3158,7,161564,1590,762,802,7205,34,0,34,1,16777216,854,0.146,0,0.458
1,857,12003.020,level1,0,1024,640,12.881,1,12.278,12.278,12.000,0,0.274,9.084,0.125,0.752,1.380,0.018,1,1,1057,3110,7,160540,1590,763,801,7212,34,0,34,1,16777216,855,0.162,0,0.428
1,858,12014.438,level1,0,1024,640,10.026,1,10.523,10.523,10.000,0,0.283,10.336,0.262,0.746,1.638,0.021,1,1,1057,3110,7,160540,1590,763,801,7219,34,0,34,1,16777216,856,0.156,0,0.495
1,859,12024.571,level1,0,1024,640,12.388,1,11.650,11.650,12.000,0,0.469,8.256,0.092,0.749,1.307,0.013,1,1,1057,3110,7,160540,1590,763,801,7226,34,0,34,1,16777216,857,0.220,0,0.724
1,860,12033.586,level1,0,1024,640,8.750,1,9.654,9.654,10.000,0,0.143,8.426,0.186,0.564,1.065,0.013,1,1,1057,3110,7,160540,1590,763,801,7233,34,0,34,1,16777216,858,0.163,0,0.250
1,861,12044.115,level1,0,1024,640,9.218,1,9.102,9.102,10.000,0,0.262,9.811,0.112,0.732,1.497,0.018,1,1,1057,3110,7,160540,1590,763,801,7240,34,0,34,1,16777216,859,0.160,0,0.334
1,862,12052.302,level1,0,1024,640,10.838,1,10.508,10.508,10.000,0,0.188,7.173,0.099,0.565,1.356,0.016,1,1,1057,3110,7,160540,1590,763,801,7247,34,0,34,1,16777216,860,0.195,0,0.314
1,863,12061.263,level1,0,1024,640,8.368,1,8.090,8.090,8.000,0,0.134,7.771,0.094,0.523,1.316,0.014,1,1,1057,3110,7,160540,1590,763,801,7254,34,0,34,1,16777216,861,0.163,0,0.219
1,864,12076.856,level1,0,1024,640,11.096,1,8.975,8.975,9.000,0,0.131,12.041,0.321,0.850,2.182,0.028,1,1,1057,3110,7,160540,1590,763,801,7261,34,0,34,1,16777216,862,0.158,0,0.232
1,865,12087.256,level1,0,1024,640,13.223,1,15.756,15.756,15.000,0,0.254,9.333,0.203,0.778,1.806,0.021,1,1,1057,3110,7,160540,1590,763,801,7268,34,0,34,1,16777216,863,0.152,0,0.392
1,866,12096.515,level1,0,1024,640,10.419,1,10.604,10.604,11.000,0,0.271,8.299,0.082,0.765,1.690,0.016,1,1,1057,3110,7,160540,1590,763,801,7275,34,0,34,1,16777216,864,0.152,0,0.590
1,867,12105.319,level1,0,1024,640,9.968,1,8.952,8.952,9.000,0,0.555,7.130,0.086,0.490,0.955,0.012,1,1,1057,3110,7,160540,1590,763,801,7282,34,0,34,1,16777216,865,0.160,0,0.293
1,868,12114.151,level1,0,1024,640,7.560,1,8.722,8.722,9.000,0,0.125,8.373,0.114,0.703,1.643,0.016,1,1,1043,3100,7,158668,1590,779,785,7289,34,0,34,1,16777216,866,0.139,0,0.212
1,869,12122.406,level1,0,1024,640,9.095,1,8.917,8.917,8.000,0,0.302,7.569,0.079,0.496,1.148,0.012,1,1,1038,3085,7,157908,1590,780,784,7296,34,0,34,1,16777216,867,0.158,0,0.297
1,870,12130.859,level1,0,1024,640,8.514,1,8.281,8.281,9.000,0,0.135,7.490,0.096,0.513,1.257,0.015,1,1,1038,3085,7,157908,1590,780,784,7303,34,0,34,1,16777216,868,0.157,0,0.324
1,871,12138.537,level1,0,1024,640,8.337,1,8.394,8.394,9.000,0,0.187,6.750,0.177,0.488,0.983,0.011,1,1,1043,3100,7,158668,1590,779,785,7310,34,0,34,1,16777216,869,0.142,0,0.265
1,872,12148.019,level1,0,1024,640,7.509,1,7.769,7.769,7.000,0,0.217,8.045,0.856,0.706,2.057,0.013,1,1,1043,3100,7,158668,1590,779,785,7317,34,0,34,1,16777216,870,0.149,0,0.349
1,873,12157.875,level1,0,1024,640,9.491,1,9.466,9.466,10.000,0,0.243,9.166,0.100,0.516,1.288,0.015,1,1,1043,3100,7,158668,1590,779,785,7324,34,0,34,1,16777216,871,0.145,0,0.338
1,874,12166.930,level1,0,1024,640,11.623,1,9.784,9.784,9.000,0,0.156,6.580,0.118,0.574,1.199,0.012,1,1,1043,3100,7,158668,1590,779,785,7331,34,0,34,1,16777216,872,0.146,0,0.268
1,875,12176.432,level1,0,1024,640,7.648,1,9.078,9.078,9.000,0,0.199,8.291,0.259,0.884,1.695,0.014,1,1,1048,3115,7,159428,1590,778,786,7338,34,0,34,1,16777216,873,0.161,0,0.290
1,876,12187.766,level1,0,1024,640,11.434,1,9.717,9.717,10.000,0,0.327,8.351,0.101,0.533,1.291,0.017,1,1,1053,3163,7,160452,1590,777,787,7345,34,0,34,1,16777216,874,0.203,0,0.505
1,877,12195.848,level1,0,1024,640,9.367,1,11.109,11.109,12.000,0,0.217,7.087,0.080,0.575,1.385,0.013,1,1,1053,3163,7,160452,1590,777,787,7352,34,0,34,1,16777216,875,0.155,0,0.279
1,878,12203.771,level1,0,1024,640,8.051,1,8.027,8.027,7.000,0,0.127,6.941,0.098,0.521,1.156,0.013,1,1,1063,3259,7,162500,1590,775,789,7359,34,0,34,1,16777216,876,0.148,0,0.224
1,879,12213.334,level1,0,1024,640,7.411,1,7.928,7.928,8.000,0,0.135,8.503,0.678,0.695,1.302,0.016,1,1,1068,3274,7,163260,1590,774,790,7366,34,0,34,1,16777216,877,0.160,0,0.230
1,880,12223.486,level1,0,1024,640,11.001,1,9.646,9.646,9.000,0,0.195,8.236,0.106,0.613,1.368,0.012,1,1,1068,3274,7,163260,1590,774,790,7373,34,0,34,1,16777216,878,0.152,0,0.312
1,881,12232.919,level1,0,1024,640,9.154,1,10.086,10.086,11.000,0,0.144,8.537,0.084,0.822,1.429,0.012,1,1,1068,3274,7,163260,1590,774,790,7380,34,0,34,1,16777216,879,0.144,0,0.247
1,882,12240.585,level1,0,1024,640,9.146,1,9.503,9.503,10.000,0,0.190,6.787,0.354,0.578,1.109,0.013,1,1,1073,3322,7,164284,1590,773,791,7387,34,0,34,1,16777216,880,0.142,0,0.316
1,883,12249.753,level1,0,1024,640,7.774,1,7.766,7.766,7.000,0,0.209,8.445,0.090,0.595,1.195,0.029,1,1,1095,3371,7,167492,1590,755,809,7394,34,0,34,1,16777216,881,0.158,0,0.416
1,884,12257.347,level1,0,1024,640,9.267,1,9.000,9.000,9.000,0,0.140,6.806,0.056,0.608,1.193,0.010,1,1,1090,3356,7,166732,1590,756,808,7401,34,0,34,1,16777216,882,0.154,0,0.248
1,885,12265.280,level1,0,1024,640,7.658,1,7.543,7.543,7.000,0,0.140,7.075,0.062,0.522,1.161,0.009,1,1,1090,3356,7,166732,1590,756,808,7408,34,0,34,1,16777216,883,0.156,0,0.196
1,886,12274.545,level1,0,1024,640,7.643,1,8.078,8.078,9.000,0,0.150,8.612,0.146,0.556,1.801,0.058,1,1,1090,3356,7,166732,1590,756,808,7415,34,0,34,1,16777216,884,0.144,0,0.342
1,887,12284.716,level1,0,1024,640,11.080,1,9.262,9.262,9.000,0,0.168,7.673,0.175,0.832,1.615,0.017,1,1,1085,3308,7,165708,1590,757,807,7422,34,0,34,1,16777216,885,0.164,0,0.338
1,888,12293.119,level1,0,1024,640,9.015,1,10.215,10.215,11.000,0,0.192,7.164,0.073,0.633,1.800,0.013,1,1,1082,3291,7,165188,1590,758,806,7429,34,0,34,1,16777216,886,0.135,0,0.383
1,889,12302.564,level1,0,1024,640,7.614,1,8.266,8.266,8.000,0,0.123,8.461,0.601,0.742,1.638,0.021,1,1,1082,3291,7,165188,1590,758,806,7436,34,0,34,1,16777216,887,0.160,0,0.247
1,890,12313.065,level1,0,1024,640,9.526,1,9.495,9.495,10.000,0,0.154,9.771,0.271,0.547,1.537,0.044,1,1,1070,3272,7,163500,1590,774,790,7443,34,0,34,1,16777216,888,0.156,0,0.296
1,891,12324.756,level1,0,1024,640,12.964,1,10.615,10.615,10.000,0,0.233,8.674,0.096,0.686,1.312,0.012,1,1,1070,3272,7,163500,1590,774,790,7450,34,0,34,1,16777216,889,0.149,0,0.404
1,892,12333.022,level1,0,1024,640,9.382,1,11.635,11.635,12.000,0,0.128,7.083,0.562,0.774,1.516,0.017,1,1,1075,3287,7,164260,1590,773,791,7457,34,0,34,1,16777216,890,0.141,0,0.354
1,893,12350.479,level1,0,1024,640,15.975,1,8.249,8.249,7.000,0,0.174,9.014,0.119,0.773,1.523,0.018,1,1,1085,3317,7,165780,1590,771,793,7464,34,0,34,1,16777216,891,0.157,0,0.337
1,894,12359.076,level1,0,1024,640,10.438,1,17.432,17.432,18.000,0,0.229,7.185,0.111,0.552,1.069,0.014,1,1,1095,3380,7,167564,1590,769,795,7471,34,0,34,1,16777216,892,0.155,0,0.312
1,895,12368.886,level1,0,1024,640,8.235,1,8.567,8.567,8.000,0,0.225,8.756,0.111,0.837,1.493,0.018,1,1,1100,3428,7,168588,1590,768,796,7478,34,0,34,1,16777216,893,0.161,0,0.283
1,896,12377.449,level1,0,1024,640,9.427,1,9.852,9.852,10.000,0,0.224,7.887,0.118,0.571,1.088,0.013,1,1,1100,3428,7,168588,1590,768,796,7485,34,0,34,1,16777216,894,0.151,0,0.324
1,897,12387.630,level1,0,1024,640,10.611,1,8.475,8.475,9.000,0,0.229,7.418,0.158,0.534,1.184,0.023,1,1,1100,3428,7,168588,1590,768,796,7492,34,0,34,1,16777216,895,0.166,0,0.237
1,898,12401.837,level1,0,1024,640,8.835,1,10.314,10.314,11.000,0,0.239,10.278,2.657,0.892,1.992,0.023,1,1,1100,3428,7,168588,1590,768,796,7499,34,0,34,1,16777216,896,0.151,0,0.368
1,899,12413.291,level1,0,1024,640,15.257,1,14.231,14.231,13.000,0,0.215,9.017,0.127,0.798,1.703,0.021,1,1,1105,3443,7,169348,1590,767,797,7506,34,0,34,1,16777216,897,0.161,0,0.392
1,900,12423.810,level1,0,1024,640,10.300,1,11.386,11.386,12.000,0,0.240,9.264,0.101,0.561,1.107,0.013,1,1,1122,3477,7,171796,1590,750,814,7513,34,0,34,1,16777216,898,0.165,0,0.326
1,901,12435.540,level1,0,1024,640,9.729,1,10.418,10.418,10.000,0,0.133,11.223,0.140,0.925,2.057,0.020,1,1,1122,3477,7,171796,1590,750,814,7520,34,0,34,1,16777216,899,0.160,0,0.226
1,902,12444.664,level1,0,1024,640,12.526,1,11.777,11.777,12.000,0,0.188,7.693,0.268,0.637,2.020,0.020,1,1,1117,3462,7,171036,1590,751,813,7527,34,0,34,1,16777216,900,0.156,0,0.272
1,903,12454.007,level1,0,1024,640,9.089,1,9.088,9.088,9.000,0,0.145,8.127,0.090,0.538,1.056,0.012,1,1,1139,3506,7,174204,1590,729,835,7534,34,0,34,1,16777216,901,0.167,0,0.236
1,904,12462.572,level1,0,1024,640,8.687,1,9.335,9.335,9.000,0,0.232,7.737,0.357,0.749,1.589,0.014,1,1,1139,3506,7,174204,1590,729,835,7541,34,0,34,1,16777216,902,0.150,0,0.229
1,905,12476.438,level1,0,1024,640,13.926,1,8.628,8.628,9.000,0,0.188,7.906,0.129,0.580,1.162,0.015,1,1,1144,3521,7,174964,1590,728,836,7548,34,0,34,1,16777216,903,0.172,0,0.287
1,906,12485.737,level1,0,1024,640,9.627,1,13.816,13.816,14.000,0,0.140,7.635,0.072,0.896,2.077,0.014,1,1,1129,3509,7,172948,1590,745,819,7555,34,0,34,1,16777216,904,0.150,0,0.240
1,907,12495.698,level1,0,1024,640,8.712,1,9.412,9.412,10.000,0,0.155,8.841,0.114,0.612,1.346,0.014,1,1,1134,3524,7,173708,1590,744,820,7562,34,0,34,1,16777216,905,0.174,0,0.354
1,908,12503.222,level1,0,1024,640,9.495,1,9.895,9.895,9.000,0,0.230,6.895,0.090,0.563,1.167,0.013,1,1,1144,3587,7,175492,1590,742,822,7569,34,0,34,1,16777216,906,0.151,0,0.287
1,909,12511.574,level1,0,1024,640,8.560,1,7.477,7.477,7.000,0,0.141,6.703,0.075,0.574,1.088,0.012,1,1,1123,3545,7,172468,1590,763,801,7576,34,0,34,1,16777216,907,0.164,0,0.241
1,910,12522.769,level1,0,1024,640,9.897,1,8.324,8.324,9.000,0,0.133,7.840,0.235,0.579,1.588,0.017,1,1,1128,3593,7,173492,1590,762,802,7583,34,0,34,1,16777216,908,0.147,0,0.213
1,911,12533.592,level1,0,1024,640,11.500,1,11.233,11.233,11.000,0,0.156,7.289,0.110,0.538,1.252,0.017,1,1,1123,3545,7,172468,1590,763,801,7590,34,0,34,1,16777216,909,0.162,0,0.251
1,912,12542.696,level1,0,1024,640,8.949,1,10.995,10.995,11.000,0,0.820,7.480,0.073,0.533,1.144,0.010,1,1,1124,3547,8,172664,1591,762,802,7597,36,0,36,1,16777216,910,0.149,0,0.417
1,913,12554.269,level1,0,1024,640,10.824,1,8.901,8.901,9.000,0,0.135,7.447,0.853,0.558,1.409,0.012,1,1,1129,3562,8,173424,1591,761,803,7605,36,0,36,1,16777216,911,0.146,0,0.218
1,914,12566.003,level1,0,1024,640,11.432,1,11.588,11.588,12.000,0,0.142,8.497,0.105,0.698,1.391,0.015,1,1,1128,3560,8,173280,1591,761,803,7613,36,0,36,1,16777216,912,0.183,0,0.235
1,915,12574.309,level1,0,1024,640,9.276,1,11.733,11.733,11.000,0,0.161,7.563,0.072,0.923,1.671,0.012,1,1,1133,3575,8,174040,1591,760,804,7621,36,0,36,1,16777216,913,0.206,0,0.231
1,916,12582.289,level1,0,1024,640,8.867,1,8.297,8.297,9.000,0,0.144,6.466,0.280,0.618,1.194,0.017,1,1,1133,3575,8,174040,1591,760,804,7629,36,0,36,1,16777216,914,0.202,0,0.224
1,917,12589.721,level1,0,1024,640,7.163,1,8.021,8.021,8.000,0,0.144,6.925,0.090,0.580,1.410,0.014,1,1,1133,3575,8,174040,1591,760,804,7637,36,0,36,1,16777216,915,0.201,0,0.264
1,918,12599.085,level1,0,1024,640,8.563,1,7.395,7.395,7.000,0,0.143,7.675,0.142,0.735,1.413,0.021,1,1,1128,3560,8,173280,1591,761,803,7645,36,0,36,1,16777216,916,0.206,0,0.229
1,919,12611.712,level1,0,1024,640,8.932,1,9.440,9.440,9.000,0,0.186,11.325,0.186,0.889,1.776,0.022,1,1,1128,3560,8,173280,1591,761,803,7653,36,0,36,1,16777216,917,0.215,0,0.304
1,920,12628.739,level1,0,1024,640,20.539,1,12.687,12.687,14.000,0,0.281,7.662,0.335,0.587,1.335,0.027,1,1,1133,3575,8,174040,1591,760,804,7661,36,0,36,1,16777216,918,0.200,0,0.361
1,921,12637.017,level1,0,1024,640,8.977,1,16.968,16.968,16.000,0,0.315,7.184,0.117,0.552,1.198,0.013,1,1,1138,3590,8,174800,1591,759,805,7669,36,0,36,1,16777216,919,0.210,0,0.304
1,922,12644.392,level1,0,1024,640,7.740,1,8.202,8.202,8.000,0,0.139,6.872,0.066,0.533,1.278,0.013,1,1,1138,3590,8,174800,1591,759,805,7677,36,0,36,1,16777216,920,0.222,0,0.229
1,923,12651.997,level1,0,1024,640,8.068,1,8.122,8.122,9.000,0,0.144,6.424,0.050,0.539,1.146,0.009,1,1,1138,3590,8,174800,1591,759,805,7685,36,0,36,1,16777216,921,0.202,0,0.976
1,924,12658.569,level1,0,1024,640,6.771,1,6.805,6.805,7.000,0,0.115,6.236,0.041,0.551,1.075,0.007,1,1,1138,3590,8,174800,1591,759,805,7693,36,0,36,1,16777216,922,0.207,0,0.177
1,925,12665.038,level1,0,1024,640,6.604,1,6.577,6.577,6.000,0,0.141,6.096,0.045,0.528,1.010,0.008,1,1,1138,3590,8,174800,1591,759,805,7701,36,0,36,1,16777216,923,0.217,0,0.182
1,926,12671.542,level1,0,1024,640,6.424,1,6.456,6.456,6.000,0,0.111,6.174,0.047,0.526,1.093,0.013,1,1,1138,3590,8,174800,1591,759,805,7709,36,0,36,1,16777216,924,0.216,0,0.168
1,927,12678.122,level1,0,1024,640,6.516,1,6.511,6.511,7.000,0,0.115,6.228,0.054,0.523,1.136,0.021,1,1,1138,3590,8,174800,1591,759,805,7717,36,0,36,1,16777216,925,0.203,0,0.175
1,928,12684.930,level1,0,1024,640,6.720,1,6.622,6.622,7.000,0,0.207,6.327,0.044,0.529,1.348,0.007,1,1,1138,3590,8,174800,1591,759,805,7725,36,0,36,1,16777216,926,0.212,0,0.213
1,929,12691.383,level1,0,1024,640,6.778,1,6.864,6.864,7.000,0,0.128,5.999,0.048,0.570,1.091,0.007,1,1,1138,3590,8,174800,1591,759,805,7733,36,0,36,1,16777216,927,0.208,0,0.273
1,930,12698.085,level1,0,1024,640,6.559,1,6.509,6.509,6.000,0,0.176,6.148,0.042,0.544,1.135,0.008,1,1,1138,3590,8,174800,1591,759,805,7741,36,0,36,1,16777216,928,0.198,0,0.328
1,931,12704.582,level1,0,1024,640,6.485,1,6.550,6.550,7.000,0,0.114,6.161,0.041,0.536,1.055,0.007,1,1,1138,3590,8,174800,1591,759,805,7749,36,0,36,1,16777216,929,0.213,0,0.177
1,932,12711.153,level1,0,1024,640,6.494,1,6.491,6.491,6.000,0,0.117,6.227,0.052,0.544,1.185,0.009,1,1,1138,3590,8,174800,1591,759,805,7757,36,0,36,1,16777216,930,0.203,0,0.170
1,933,12717.694,level1,0,1024,640,6.597,1,6.594,6.594,7.000,0,0.118,6.184,0.041,0.527,1.062,0.007,1,1,1138,3590,8,174800,1591,759,805,7765,36,0,36,1,16777216,931,0.210,0,0.193
1,934,12724.266,level1,0,1024,640,6.525,1,6.522,6.522,7.000,0,0.123,6.219,0.052,0.599,1.157,0.007,1,1,1138,3590,8,174800,1591,759,805,7773,36,0,36,1,16777216,932,0.201,0,0.174
1,935,12731.027,level1,0,1024,640,6.620,1,6.618,6.618,6.000,0,0.125,6.354,0.058,0.523,1.191,0.009,1,1,1138,3590,8,174800,1591,759,805,7781,36,0,36,1,16777216,933,0.199,0,0.220
1,936,12737.849,level1,0,1024,640,6.724,1,6.726,6.726,7.000,0,0.122,6.469,0.041,0.621,1.219,0.008,1,1,1155,3624,8,177248,1591,742,822,7789,36,0,36,1,16777216,934,0.209,0,0.185
1,937,12744.836,level1,0,1024,640,6.805,1,6.817,6.817,7.000,0,0.111,6.628,0.063,0.546,1.107,0.009,1,1,1155,3624,8,177248,1591,742,822,7797,36,0,36,1,16777216,935,0.212,0,0.181
1,938,12751.869,level1,0,1024,640,7.009,1,6.996,6.996,6.000,0,0.119,6.570,0.145,0.558,1.234,0.019,1,1,1155,3624,8,177248,1591,742,822,7805,36,0,36,1,16777216,936,0.195,0,0.190
1,939,12758.675,level1,0,1024,640,7.074,1,7.032,7.032,7.000,0,0.166,6.398,0.050,0.612,1.133,0.008,1,1,1155,3624,8,177248,1591,742,822,7813,36,0,36,1,16777216,937,0.217,0,0.188
1,940,12765.293,level1,0,1024,640,6.770,1,6.816,6.816,7.000,0,0.119,6.253,0.042,0.548,1.029,0.007,1,1,1155,3624,8,177248,1591,742,822,7821,36,0,36,1,16777216,938,0.206,0,0.198
1,941,12772.279,level1,0,1024,640,6.578,1,6.583,6.583,6.000,0,0.115,6.644,0.060,0.551,1.196,0.010,1,1,1155,3624,8,177248,1591,742,822,7829,36,0,36,1,16777216,939,0.215,0,0.164
1,942,12778.948,level1,0,1024,640,7.005,1,7.003,7.003,8.000,0,0.116,6.310,0.057,0.554,1.179,0.021,1,1,1155,3624,8,177248,1591,742,822,7837,36,0,36,1,16777216,940,0.203,0,0.180
1,943,12785.583,level1,0,1024,640,6.659,1,6.653,6.653,6.000,0,0.124,6.289,0.054,0.538,1.157,0.019,1,1,1155,3624,8,177248,1591,742,822,7845,36,0,36,1,16777216,941,0.197,0,0.165
1,944,12792.934,level1,0,1024,640,6.859,1,6.778,6.778,7.000,0,0.201,6.760,0.075,0.547,1.091,0.012,1,1,1155,3624,8,177248,1591,742,822,7853,36,0,36,1,16777216,942,0.272,0,0.304
1,945,12799.843,level1,0,1024,640,7.189,1,7.256,7.256,7.000,0,0.132,6.457,0.098,0.568,1.139,0.025,1,1,1155,3624,8,177248,1591,742,822,7861,36,0,36,1,16777216,943,0.219,0,0.211
1,946,12806.464,level1,0,1024,640,6.968,1,6.980,6.980,8.000,0,0.123,6.165,0.044,0.553,1.118,0.008,1,1,1155,3624,8,177248,1591,742,822,7869,36,0,36,1,16777216,944,0.200,0,0.282
1,947,12813.216,level1,0,1024,640,6.508,1,6.509,6.509,6.000,0,0.125,6.403,0.049,0.547,1.146,0.008,1,1,1155,3624,8,177248,1591,742,822,7877,36,0,36,1,16777216,945,0.214,0,0.170
1,948,12820.680,level1,0,1024,640,6.762,1,6.774,6.774,6.000,0,0.113,7.085,0.068,0.570,1.137,0.010,1,1,1155,3624,8,177248,1591,742,822,7885,36,0,36,1,16777216,946,0.204,0,0.192
1,949,12827.303,level1,0,1024,640,7.512,1,7.495,7.495,8.000,0,0.131,6.225,0.039,0.545,1.025,0.007,1,1,1155,3624,8,177248,1591,742,822,7893,36,0,36,1,16777216,947,0.211,0,0.223
1,950,12834.138,level1,0,1024,640,6.537,1,6.558,6.558,6.000,0,0.111,6.510,0.052,0.593,1.211,0.009,1,1,1151,3578,8,176368,1591,743,821,7901,36,0,36,1,16777216,948,0.204,0,0.159
1,951,12840.805,level1,0,1024,640,6.873,1,6.861,6.861,7.000,0,0.120,6.312,0.045,0.602,1.105,0.008,1,1,1151,3578,8,176368,1591,743,821,7909,36,0,36,1,16777216,949,0.279,0,0.185
1,952,12847.413,level1,0,1024,640,6.645,1,6.653,6.653,7.000,0,0.113,6.280,0.040,0.592,1.097,0.007,1,1,1151,3578,8,176368,1591,743,821,7917,36,0,36,1,16777216,950,0.207,0,0.170
1,953,12854.739,level1,0,1024,640,6.738,1,6.701,6.701,7.000,0,0.151,6.614,0.293,0.583,1.214,0.023,1,1,1151,3578,8,176368,1591,743,821,7925,36,0,36,1,16777216,951,0.205,0,0.262
1,954,12861.483,level1,0,1024,640,7.271,1,7.280,7.280,7.000,0,0.139,6.320,0.059,0.623,1.152,0.008,1,1,1151,3578,8,176368,1591,743,821,7933,36,0,36,1,16777216,952,0.208,0,0.214
1,955,12868.739,level1,0,1024,640,6.720,1,6.718,6.718,7.000,0,0.144,6.861,0.055,0.607,1.301,0.009,1,1,1151,3578,8,176368,1591,743,821,7941,36,0,36,1,16777216,953,0.203,0,0.191
1,956,12875.550,level1,0,1024,640,7.238,1,7.258,7.258,7.000,0,0.123,6.450,0.040,0.580,1.194,0.008,1,1,1151,3578,8,176368,1591,743,821,7949,36,0,36,1,16777216,954,0.203,0,0.192
1,957,12882.261,level1,0,1024,640,6.767,1,6.780,6.780,7.000,0,0.112,6.383,0.050,0.581,1.098,0.008,1,1,1151,3578,8,176368,1591,743,821,7957,36,0,36,1,16777216,955,0.212,0,0.162
1,958,12888.915,level1,0,1024,640,6.732,1,6.724,6.724,7.000,0,0.118,6.298,0.056,0.594,1.157,0.031,1,1,1151,3578,8,176368,1591,743,821,7965,36,0,36,1,16777216,956,0.201,0,0.175
1,959,12895.685,level1,0,1024,640,6.683,1,6.681,6.681,6.000,0,0.121,6.400,0.042,0.628,1.218,0.008,1,1,1151,3578,8,176368,1591,743,821,7973,36,0,36,1,16777216,957,0.213,0,0.203
1,960,12903.210,level1,0,1024,640,6.720,1,6.728,6.728,7.000,0,0.112,6.782,0.464,0.582,1.250,0.027,1,1,1151,3578,8,176368,1591,743,821,7981,36,0,36,1,16777216,958,0.208,0,0.161
1,961,12910.117,level1,0,1024,640,7.603,1,7.574,7.574,7.000,0,0.132,6.496,0.056,0.574,1.211,0.008,1,1,1151,3578,8,176368,1591,743,821,7989,36,0,36,1,16777216,959,0.220,0,0.209
1,962,12916.886,level1,0,1024,640,6.923,1,6.927,6.927,8.000,0,0.134,6.348,0.050,0.553,1.079,0.009,1,1,1151,3578,8,176368,1591,743,821,7997,36,0,36,1,16777216,960,0.203,0,0.229
1,963,12923.527,level1,0,1024,640,6.688,1,6.711,6.711,6.000,0,0.115,6.302,0.049,0.540,1.034,0.008,1,1,1151,3578,8,176368,1591,743,821,8005,36,0,36,1,16777216,961,0.210,0,0.171
1,964,12930.339,level1,0,1024,640,6.660,1,6.655,6.655,7.000,0,0.120,6.449,0.054,0.557,1.184,0.008,1,1,1151,3578,8,176368,1591,743,821,8013,36,0,36,1,16777216,962,0.204,0,0.185
1,965,12938.576,level1,0,1024,640,6.934,1,6.863,6.863,7.000,0,0.189,7.664,0.142,0.568,1.163,0.028,1,1,1151,3578,8,176368,1591,743,821,8021,36,0,36,1,16777216,963,0.213,0,0.235
1,966,12946.121,level1,0,1024,640,8.571,1,8.594,8.594,8.000,0,0.160,6.719,0.060,0.582,1.227,0.009,1,1,1151,3578,8,176368,1591,743,821,8029,36,0,36,1,16777216,964,0.222,0,0.587
1,967,12952.908,level1,0,1024,640,7.088,1,7.132,7.132,8.000,0,0.124,6.407,0.070,0.551,1.042,0.008,1,1,1151,3578,8,176368,1591,743,821,8037,36,0,36,1,16777216,965,0.214,0,0.179
1,968,12959.754,level1,0,1024,640,6.801,1,6.796,6.796,6.000,0,0.129,6.465,0.058,0.731,1.391,0.009,1,1,1151,3578,8,176368,1591,743,821,8045,36,0,36,1,16777216,966,0.197,0,0.189
1,969,12966.492,level1,0,1024,640,6.963,1,6.901,6.901,8.000,0,0.187,6.254,0.044,0.542,1.052,0.007,1,1,1151,3578,8,176368,1591,743,821,8053,36,0,36,1,16777216,967,0.208,0,0.244
1,970,12973.296,level1,0,1024,640,6.782,1,6.769,6.769,6.000,0,0.195,6.269,0.052,0.547,1.110,0.009,1,1,1151,3578,8,176368,1591,743,821,8061,36,0,36,1,16777216,968,0.209,0,0.274
1,971,12980.338,level1,0,1024,640,6.779,1,6.789,6.789,7.000,0,0.192,6.525,0.058,0.549,1.154,0.008,1,1,1151,3578,8,176368,1591,743,821,8069,36,0,36,1,16777216,969,0.215,0,0.260
1,972,12987.202,level1,0,1024,640,7.086,1,7.110,7.110,7.000,0,0.166,6.293,0.069,0.553,1.093,0.007,1,1,1151,3578,8,176368,1591,743,821,8077,36,0,36,1,16777216,970,0.208,0,0.327
1,973,12994.759,level1,0,1024,640,6.827,1,6.803,6.803,6.000,0,0.190,7.015,0.076,0.631,1.159,0.011,1,1,1150,3576,8,176224,1591,743,821,8085,36,0,36,1,16777216,971,0.875,0,0.267
1,974,13003.798,level1,0,1024,640,9.270,1,7.539,7.539,8.000,0,0.130,6.794,0.067,0.610,1.122,0.011,1,1,1150,3576,8,176224,1591,743,821,8093,36,0,36,1,16777216,972,0.188,0,0.247
1,975,13012.987,level1,0,1024,640,7.872,1,8.999,8.999,9.000,0,0.191,8.091,0.086,0.595,1.400,0.011,1,1,1150,3576,8,176224,1591,743,821,8101,36,0,36,1,16777216,973,0.162,0,0.208
1,976,13019.865,level1,0,1024,640,8.611,1,9.266,9.266,10.000,0,0.142,6.394,0.051,0.556,1.073,0.008,1,1,1150,3576,8,176224,1591,743,821,8109,36,0,36,1,16777216,974,0.145,0,0.285
1,977,13026.516,level1,0,1024,640,6.874,1,6.825,6.825,6.000,0,0.188,6.176,0.046,0.550,1.102,0.009,1,1,1150,3576,8,176224,1591,743,821,8117,36,0,36,1,16777216,975,0.165,0,0.232
1,978,13033.213,level1,0,1024,640,6.513,1,6.589,6.589,7.000,0,0.115,6.351,0.055,0.586,1.084,0.009,1,1,1150,3576,8,176224,1591,743,821,8125,36,0,36,1,16777216,976,0.149,0,0.171
1,979,13040.992,level1,0,1024,640,7.086,1,6.882,6.882,7.000,0,0.317,6.966,0.131,0.558,1.108,0.010,1,1,1150,3576,8,176224,1591,743,821,8133,36,0,36,1,16777216,977,0.163,0,0.356
1,980,13049.323,level1,0,1024,640,7.546,1,7.706,7.706,7.000,0,0.157,7.548,0.325,0.583,1.318,0.026,1,1,1150,3576,8,176224,1591,743,821,8141,36,0,36,1,16777216,978,0.156,0,0.283
1,981,13057.163,level1,0,1024,640,8.416,1,8.350,8.350,8.000,0,0.217,7.249,0.060,0.593,1.246,0.009,1,1,1150,3576,8,176224,1591,743,821,8149,36,0,36,1,16777216,979,0.155,0,0.301
1,982,13064.497,level1,0,1024,640,7.695,1,7.734,7.734,8.000,0,0.184,6.896,0.051,0.605,1.124,0.008,1,1,1150,3576,8,176224,1591,743,821,8157,36,0,36,1,16777216,980,0.139,0,0.196
1,983,13072.754,level1,0,1024,640,7.305,1,7.340,7.340,8.000,0,0.140,7.808,0.090,0.558,1.404,0.019,1,1,1145,3561,8,175464,1591,744,820,8165,36,0,36,1,16777216,981,0.148,0,0.202
1,984,13080.473,level1,0,1024,640,8.519,1,8.520,8.520,9.000,0,0.144,7.037,0.062,0.565,1.282,0.010,1,1,1145,3561,8,175464,1591,744,820,8173,36,0,36,1,16777216,982,0.160,0,0.465
1,985,13090.427,level1,0,1024,640,9.704,1,7.543,7.543,7.000,0,0.200,7.245,0.104,0.778,1.534,0.014,1,1,1145,3561,8,175464,1591,744,820,8181,36,0,36,1,16777216,983,0.158,0,0.289
1,986,13098.492,level1,0,1024,640,8.299,1,9.985,9.985,10.000,0,0.204,7.023,0.092,0.693,1.447,0.010,1,1,1145,3561,8,175464,1591,744,820,8189,36,0,36,1,16777216,984,0.149,0,0.319
1,987,13105.980,level1,0,1024,640,7.568,1,8.042,8.042,7.000,0,0.148,6.973,0.063,0.571,1.415,0.009,1,1,1145,3561,8,175464,1591,744,820,8197,36,0,36,1,16777216,985,0.162,0,0.297
1,988,13114.191,level1,0,1024,640,7.441,1,7.408,7.408,9.000,0,0.179,7.716,0.087,0.838,1.679,0.013,1,1,1145,3561,8,175464,1591,744,820,8205,36,0,36,1,16777216,986,0.166,0,0.217
1,989,13121.933,level1,0,1024,640,8.300,1,8.274,8.274,7.000,0,0.208,7.161,0.069,0.674,1.253,0.010,1,1,1145,3561,8,175464,1591,744,820,8213,36,0,36,1,16777216,987,0.164,0,0.279
1,990,13128.757,level1,0,1024,640,7.642,1,7.718,7.718,8.000,0,0.132,6.347,0.081,0.564,1.069,0.009,1,1,1145,3561,8,175464,1591,744,820,8221,36,0,36,1,16777216,988,0.150,0,0.256
1,991,13135.746,level1,0,1024,640,6.859,1,6.806,6.806,7.000,0,0.180,6.497,0.061,0.672,1.284,0.011,1,1,1145,3561,8,175464,1591,744,820,8229,36,0,36,1,16777216,989,0.157,0,0.239
1,992,13142.868,level1,0,1024,640,6.887,1,6.951,6.951,7.000,0,0.123,6.740,0.053,0.553,1.235,0.009,1,1,1145,3561,8,175464,1591,744,820,8237,36,0,36,1,16777216,990,0.156,0,0.201
1,993,13150.576,level1,0,1024,640,7.204,1,7.136,7.136,7.000,0,0.190,7.207,0.089,0.588,1.187,0.011,1,1,1145,3561,8,175464,1591,744,820,8245,36,0,36,1,16777216,991,0.159,0,0.214
1,994,13158.195,level1,0,1024,640,7.789,1,7.794,7.794,8.000,0,0.178,7.014,0.114,0.624,1.163,0.009,1,1,1145,3561,8,175464,1591,744,820,8253,36,0,36,1,16777216,992,0.160,0,0.300
1,995,13165.738,level1,0,1024,640,7.515,1,7.544,7.544,7.000,0,0.150,7.084,0.071,0.616,1.173,0.009,1,1,1145,3561,8,175464,1591,744,820,8261,36,0,36,1,16777216,993,0.160,0,0.226
1,996,13173.156,level1,0,1024,640,7.551,1,7.565,7.565,8.000,0,0.139,6.953,0.069,0.562,1.076,0.034,1,1,1145,3561,8,175464,1591,744,820,8269,36,0,36,1,16777216,994,0.156,0,0.248
1,997,13180.484,level1,0,1024,640,7.496,1,7.437,7.437,8.000,0,0.198,6.791,0.064,0.755,1.460,0.012,1,1,1145,3561,8,175464,1591,744,820,8277,36,0,36,1,16777216,995,0.158,0,0.266
1,998,13188.368,level1,0,1024,640,7.208,1,7.283,7.283,7.000,0,0.126,6.829,0.701,0.595,1.368,0.015,1,1,1145,3561,8,175464,1591,744,820,8285,36,0,36,1,16777216,996,0.158,0,0.222
1,999,13197.803,level1,0,1024,640,9.636,1,7.955,7.955,7.000,0,0.144,7.256,0.074,0.563,1.326,0.010,1,1,1145,3561,8,175464,1591,744,820,8293,36,0,36,1,16777216,997,0.152,0,0.293
1,1000,13206.158,level1,0,1024,640,8.515,1,9.402,9.402,10.000,0,0.147,6.959,0.210,0.812,1.790,0.019,1,1,1145,3561,8,175464,1591,744,820,8301,36,0,36,1,16777216,998,0.147,0,0.260
1,1001,13214.375,level1,0,1024,640,8.074,1,8.472,8.472,9.000,0,0.521,7.216,0.097,0.567,1.092,0.010,1,1,1145,3561,8,175464,1591,744,820,8309,36,0,36,1,16777216,999,0.162,0,0.377
1,1002,13222.094,level1,0,1024,640,7.806,1,8.102,8.102,8.000,0,0.222,7.161,0.065,0.555,1.094,0.009,1,1,1148,3585,8,176040,1591,743,821,8317,36,0,36,1,16777216,1000,0.142,0,0.261
1,1003,13232.297,level1,0,1024,640,10.049,1,7.772,7.772,7.000,0,0.217,7.298,0.081,0.548,1.159,0.010,1,1,1143,3570,8,175280,1591,744,820,8325,36,0,36,1,16777216,1001,0.163,0,0.315
1,1004,13239.983,level1,0,1024,640,8.447,1,10.174,10.174,11.000,0,0.236,6.560,0.059,0.582,1.101,0.009,1,1,1148,3585,8,176040,1591,743,821,8333,36,0,36,1,16777216,1002,0.158,0,0.285
1,1005,13246.934,level1,0,1024,640,7.024,1,7.655,7.655,8.000,0,0.144,6.491,0.054,0.548,1.056,0.008,1,1,1131,3551,8,173592,1591,760,804,8341,36,0,36,1,16777216,1003,0.162,0,0.255
1,1006,13257.127,level1,0,1024,640,7.042,1,7.012,7.012,7.000,0,0.172,9.592,0.102,0.551,1.280,0.011,1,1,1131,3551,8,173592,1591,760,804,8349,36,0,36,1,16777216,1004,0.150,0,0.315
1,1007,13264.974,level1,0,1024,640,10.070,1,10.078,10.078,9.000,0,0.166,7.402,0.071,0.551,1.320,0.011,1,1,1131,3551,8,173592,1591,760,804,8357,36,0,36,1,16777216,1005,0.165,0,0.202
1,1008,13272.307,level1,0,1024,640,8.049,1,8.057,8.057,8.000,0,0.156,6.588,0.170,0.548,1.232,0.015,1,1,1136,3566,8,174352,1591,759,805,8365,36,0,36,1,16777216,1006,0.149,0,0.408
1,1009,13279.517,level1,0,1024,640,7.318,1,7.242,7.242,8.000,0,0.233,6.600,0.051,0.589,1.253,0.008,1,1,1136,3566,8,174352,1591,759,805,8373,36,0,36,1,16777216,1007,0.163,0,0.318
1,1010,13286.544,level1,0,1024,640,7.096,1,7.191,7.191,7.000,0,0.139,6.499,0.081,0.553,1.097,0.010,1,1,1136,3566,8,174352,1591,759,805,8381,36,0,36,1,16777216,1008,0.157,0,0.300
1,1011,13295.220,level1,0,1024,640,7.099,1,7.015,7.015,7.000,0,0.221,8.066,0.092,0.559,1.127,0.010,1,1,1141,3614,8,175376,1591,758,806,8389,36,0,36,1,16777216,1009,0.156,0,0.288
1,1012,13302.405,level1,0,1024,640,8.658,1,8.684,8.684,9.000,0,0.194,6.565,0.119,0.531,1.095,0.012,1,1,1141,3614,8,175376,1591,758,806,8397,36,0,36,1,16777216,1010,0.152,0,0.287
1,1013,13310.026,level1,0,1024,640,7.392,1,7.349,7.349,7.000,0,0.232,6.792,0.122,0.747,1.594,0.017,1,1,1146,3629,8,176136,1591,757,807,8405,36,0,36,1,16777216,1011,0.149,0,0.461
1,1014,13317.798,level1,0,1024,640,7.344,1,7.435,7.435,7.000,0,0.148,7.290,0.053,0.593,1.280,0.008,1,1,1146,3629,8,176136,1591,757,807,8413,36,0,36,1,16777216,1012,0.156,0,0.275
1,1015,13325.417,level1,0,1024,640,7.723,1,7.678,7.678,9.000,0,0.192,7.177,0.062,0.549,1.053,0.008,1,1,1156,3699,8,177976,1591,755,809,8421,36,0,36,1,16777216,1013,0.149,0,0.182
1,1016,13334.426,level1,0,1024,640,8.148,1,7.814,7.814,7.000,0,0.526,8.030,0.070,0.893,1.432,0.010,1,1,1161,3747,8,179000,1591,754,810,8429,36,0,36,1,16777216,1014,0.138,0,0.374
1,1017,13341.855,level1,0,1024,640,8.657,1,8.986,8.986,9.000,0,0.192,6.790,0.079,0.542,1.059,0.009,1,1,1161,3747,8,179000,1591,754,810,8437,36,0,36,1,16777216,1015,0.167,0,0.352
1,1018,13348.899,level1,0,1024,640,7.300,1,7.352,7.352,8.000,0,0.146,6.556,0.060,0.533,1.095,0.007,1,1,1166,3795,8,180024,1591,753,811,8445,36,0,36,1,16777216,1016,0.153,0,0.274
1,1019,13356.696,level1,0,1024,640,7.485,1,7.415,7.415,6.000,0,0.209,6.857,0.070,0.540,1.106,0.009,1,1,1166,3795,8,180024,1591,753,811,8453,36,0,36,1,16777216,1017,0.164,0,0.641
1,1020,13364.429,level1,0,1024,640,7.549,1,7.548,7.548,9.000,0,0.215,7.039,0.073,0.898,1.475,0.011,1,1,1171,3810,8,180784,1591,752,812,8461,36,0,36,1,16777216,1018,0.167,0,0.393
1,1021,13374.216,level1,0,1024,640,9.351,1,7.557,7.557,7.000,0,0.133,7.390,0.158,0.630,1.719,0.014,1,1,1171,3810,8,180784,1591,752,812,8469,36,0,36,1,16777216,1019,0.161,0,0.221
1,1022,13381.873,level1,0,1024,640,8.824,1,9.929,9.929,10.000,0,0.164,6.303,0.079,0.541,1.214,0.015,1,1,1176,3825,8,181544,1591,751,813,8477,36,0,36,1,16777216,1020,0.156,0,0.359
1,1023,13389.055,level1,0,1024,640,6.843,1,7.579,7.579,7.000,0,0.171,6.570,0.149,0.634,1.198,0.012,1,1,1176,3825,8,181544,1591,751,813,8485,36,0,36,1,16777216,1021,0.164,0,0.284
1,1024,13396.316,level1,0,1024,640,7.153,1,7.159,7.159,7.000,0,0.166,6.776,0.052,0.550,1.117,0.008,1,1,1176,3825,8,181544,1591,751,813,8493,36,0,36,1,16777216,1022,0.159,0,0.261
1,1025,13403.936,level1,0,1024,640,7.451,1,7.375,7.375,8.000,0,0.240,6.941,0.056,0.549,1.176,0.007,1,1,1176,3825,8,181544,1591,751,813,8501,36,0,36,1,16777216,1023,0.155,0,0.374
1,1026,13412.515,level1,0,1024,640,7.554,1,7.538,7.538,8.000,0,0.252,7.958,0.064,0.550,1.545,0.011,1,1,1176,3825,8,181544,1591,751,813,8509,36,0,36,1,16777216,1024,0.161,0,0.293
1,1027,13423.070,level1,0,1024,640,8.541,1,8.563,8.563,9.000,0,0.230,9.857,0.176,0.569,1.186,0.025,1,1,1176,3825,8,181544,1591,751,813,8517,36,0,36,1,16777216,1025,0.166,0,0.277
1,1028,13432.006,level1,0,1024,640,10.555,1,10.634,10.634,10.000,0,0.156,8.293,0.123,0.917,1.904,0.021,1,1,1192,3857,8,183848,1591,735,829,8525,36,0,36,1,16777216,1026,0.163,0,0.356
1,1029,13441.647,level1,0,1024,640,9.128,1,9.010,9.010,9.000,0,0.271,8.742,0.183,0.599,1.493,0.021,1,1,1192,3857,8,183848,1591,735,829,8533,36,0,36,1,16777216,1027,0.149,0,0.425
1,1030,13451.122,level1,0,1024,640,9.336,1,9.409,9.409,8.000,0,0.196,8.963,0.105,0.648,1.225,0.014,1,1,1192,3857,8,183848,1591,735,829,8541,36,0,36,1,16777216,1028,0.155,0,0.198
1,1031,13458.426,level1,0,1024,640,9.481,1,9.521,9.521,11.000,0,0.157,6.840,0.051,0.584,1.115,0.009,1,1,1192,3857,8,183848,1591,735,829,8549,36,0,36,1,16777216,1029,0.158,0,0.244
1,1032,13467.150,level1,0,1024,640,7.266,1,7.294,7.294,7.000,0,0.135,8.235,0.113,0.584,1.479,0.013,1,1,1192,3857,8,183848,1591,735,829,8557,36,0,36,1,16777216,1030,0.167,0,0.235
1,1033,13474.808,level1,0,1024,640,8.835,1,8.760,8.760,8.000,0,0.207,7.084,0.063,0.580,1.224,0.011,1,1,1192,3857,8,183848,1591,735,829,8565,36,0,36,1,16777216,1031,0.181,0,0.271
1,1034,13484.199,level1,0,1024,640,7.508,1,7.593,7.593,8.000,0,0.123,8.963,0.094,0.578,1.365,0.048,1,1,1192,3857,8,183848,1591,735,829,8573,36,0,36,1,16777216,1032,0.166,0,0.206
1,1035,13491.173,level1,0,1024,640,9.444,1,9.429,9.429,10.000,0,0.138,6.537,0.050,0.577,1.233,0.008,1,1,1182,3794,8,182064,1591,737,827,8581,36,0,36,1,16777216,1033,0.168,0,0.241
1,1036,13498.156,level1,0,1024,640,6.945,1,6.936,6.936,6.000,0,0.144,6.571,0.053,0.576,1.144,0.008,1,1,1182,3794,8,182064,1591,737,827,8589,36,0,36,1,16777216,1034,0.161,0,0.205
1,1037,13504.612,level1,0,1024,640,6.940,1,6.957,6.957,8.000,0,0.131,6.098,0.042,0.552,1.051,0.007,1,1,1179,3777,8,181544,1591,738,826,8597,36,0,36,1,16777216,1035,0.157,0,0.181
1,1038,13511.466,level1,0,1024,640,6.463,1,6.464,6.464,6.000,0,0.130,6.477,0.054,0.559,1.164,0.008,1,1,1179,3777,8,181544,1591,738,826,8605,36,0,36,1,16777216,1036,0.161,0,0.189
1,1039,13517.756,level1,0,1024,640,6.826,1,6.841,6.841,7.000,0,0.115,5.959,0.037,0.547,1.072,0.007,1,1,1162,3743,8,179096,1591,755,809,8613,36,0,36,1,16777216,1037,0.160,0,0.176
1,1040,13524.457,level1,0,1024,640,6.282,1,6.286,6.286,6.000,0,0.111,6.361,0.053,0.556,1.137,0.008,1,1,1160,3752,8,178912,1591,755,809,8621,36,0,36,1,16777216,1038,0.158,0,0.172
1,1041,13531.198,level1,0,1024,640,6.743,1,6.723,6.723,7.000,0,0.130,6.362,0.050,0.567,1.163,0.008,1,1,1160,3752,8,178912,1591,755,809,8629,36,0,36,1,16777216,1039,0.146,0,0.192
1,1042,13537.502,level1,0,1024,640,6.714,1,6.729,6.729,7.000,0,0.116,5.965,0.038,0.552,1.067,0.007,1,1,1160,3752,8,178912,1591,755,809,8637,36,0,36,1,16777216,1040,0.207,0,0.181
1,1043,13543.995,level1,0,1024,640,6.276,1,6.282,6.282,6.000,0,0.111,6.171,0.048,0.555,1.101,0.008,1,1,1165,3800,8,179936,1591,754,810,8645,36,0,36,1,16777216,1041,0.166,0,0.160
1,1044,13550.349,level1,0,1024,640,6.525,1,6.507,6.507,6.000,0,0.125,6.004,0.043,0.546,1.062,0.007,1,1,1165,3800,8,179936,1591,754,810,8653,36,0,36,1,16777216,1042,0.157,0,0.174
1,1045,13556.925,level1,0,1024,640,6.386,1,6.378,6.378,7.000,0,0.136,6.169,0.066,0.554,1.064,0.009,1,1,1170,3815,8,180696,1591,753,811,8661,36,0,36,1,16777216,1043,0.152,0,0.197
1,1046,13563.546,level1,0,1024,640,6.735,1,6.687,6.687,7.000,0,0.177,6.079,0.044,0.561,1.100,0.008,1,1,1170,3815,8,180696,1591,753,811,8669,36,0,36,1,16777216,1044,0.150,0,0.303
1,1047,13570.065,level1,0,1024,640,6.428,1,6.499,6.499,6.000,0,0.112,6.136,0.078,0.554,1.287,0.025,1,1,1170,3815,8,180696,1591,753,811,8677,36,0,36,1,16777216,1045,0.157,0,0.187
1,1048,13576.818,level1,0,1024,640,6.631,1,6.582,6.582,6.000,0,0.159,6.294,0.044,0.565,1.112,0.008,1,1,1175,3830,8,181456,1591,752,812,8685,36,0,36,1,16777216,1046,0.157,0,0.249
1,1049,13583.236,level1,0,1024,640,6.640,1,6.687,6.687,7.000,0,0.115,6.073,0.043,0.553,1.078,0.007,1,1,1180,3845,8,182216,1591,751,813,8693,36,0,36,1,16777216,1047,0.170,0,0.183
1,1050,13590.227,level1,0,1024,640,6.412,1,6.402,6.402,6.000,0,0.125,6.639,0.055,0.818,1.421,0.009,1,1,1185,3860,8,182976,1591,750,814,8701,36,0,36,1,16777216,1048,0.153,0,0.167
1,1051,13596.516,level1,0,1024,640,7.025,1,7.017,7.017,8.000,0,0.132,5.924,0.035,0.552,1.065,0.006,1,1,1190,3875,8,183736,1591,749,815,8709,36,0,36,1,16777216,1049,0.162,0,0.193
1,1052,13603.426,level1,0,1024,640,6.336,1,6.337,6.337,6.000,0,0.132,6.477,0.055,0.563,1.119,0.008,1,1,1190,3875,8,183736,1591,749,815,8717,36,0,36,1,16777216,1050,0.153,0,0.242
1,1053,13609.905,level1,0,1024,640,6.906,1,6.888,6.888,6.000,0,0.145,6.067,0.039,0.564,1.121,0.007,1,1,1198,3947,8,185336,1591,747,817,8725,36,0,36,1,16777216,1051,0.162,0,0.220
1,1054,13616.637,level1,0,1024,640,6.430,1,6.444,6.444,7.000,0,0.129,6.360,0.048,0.680,1.277,0.008,1,1,1208,3977,8,186856,1591,745,819,8733,36,0,36,1,16777216,1052,0.160,0,0.185
1,1055,13623.798,level1,0,1024,640,6.958,1,6.900,6.900,7.000,0,0.192,6.465,0.146,0.586,1.293,0.023,1,1,1208,3977,8,186856,1591,745,819,8741,36,0,36,1,16777216,1053,0.168,0,0.350
1,1056,13630.757,level1,0,1024,640,6.928,1,7.001,7.001,7.000,0,0.120,6.536,0.105,0.697,1.376,0.009,1,1,1208,3977,8,186856,1591,745,819,8749,36,0,36,1,16777216,1054,0.163,0,0.191
1,1057,13640.934,level1,0,1024,640,9.088,1,6.961,6.961,7.000,0,0.132,7.602,0.128,0.766,1.704,0.014,1,1,1208,3977,8,186856,1591,745,819,8757,36,0,36,1,16777216,1055,0.172,0,0.195
1,1058,13648.874,level1,0,1024,640,9.038,1,10.221,10.221,10.000,0,0.146,6.576,0.057,0.743,1.338,0.010,1,1,1208,3977,7,186804,1590,746,818,8764,36,0,36,1,16777216,1056,0.163,0,0.238
1,1059,13656.647,level1,0,1024,640,7.920,1,8.841,8.841,10.000,0,0.141,6.433,0.054,0.599,1.252,0.021,1,1,1224,4009,7,189108,1590,730,834,8771,36,0,36,1,16777216,1057,0.169,0,1.140
1,1060,13663.815,level1,0,1024,640,6.820,1,6.809,6.809,6.000,0,0.153,6.784,0.051,0.671,1.253,0.008,1,1,1235,4074,8,191088,1591,727,837,8779,37,0,37,1,16777216,1058,0.147,0,0.177
1,1061,13670.335,level1,0,1024,640,7.171,1,7.197,7.197,7.000,0,0.126,6.131,0.053,0.595,1.196,0.008,1,1,1235,4074,8,191088,1591,727,837,8787,37,0,37,1,16777216,1059,0.163,0,0.204
1,1062,13677.169,level1,0,1024,640,6.515,1,6.525,6.525,7.000,0,0.117,6.454,0.049,0.602,1.201,0.009,1,1,1255,4114,8,193968,1591,707,857,8795,37,0,37,1,16777216,1060,0.222,0,0.211
1,1063,13684.378,level1,0,1024,640,6.840,1,6.818,6.818,6.000,0,0.138,6.706,0.166,0.606,1.274,0.027,1,1,1260,4162,8,194992,1591,706,858,8803,37,0,37,1,16777216,1061,0.217,0,0.195
1,1064,13691.201,level1,0,1024,640,7.274,1,7.286,7.286,8.000,0,0.125,6.373,0.048,0.634,1.258,0.008,1,1,1260,4162,8,194992,1591,706,858,8811,37,0,37,1,16777216,1062,0.216,0,0.270
1,1065,13697.958,level1,0,1024,640,6.769,1,6.770,6.770,7.000,0,0.126,6.333,0.076,0.610,1.184,0.007,1,1,1260,4162,8,194992,1591,706,858,8819,37,0,37,1,16777216,1063,0.207,0,0.218
1,1066,13704.407,level1,0,1024,640,6.698,1,6.701,6.701,7.000,0,0.123,6.121,0.039,0.613,1.144,0.007,1,1,1255,4147,8,194232,1591,707,857,8827,37,0,37,1,16777216,1064,0.209,0,0.163
1,1067,13711.215,level1,0,1024,640,6.477,1,6.479,6.479,5.000,0,0.120,6.433,0.056,0.637,1.266,0.008,1,1,1255,4147,8,194232,1591,707,857,8835,37,0,37,1,16777216,1065,0.208,0,0.192
1,1068,13717.775,level1,0,1024,640,6.816,1,6.811,6.811,8.000,0,0.126,6.194,0.040,0.603,1.189,0.007,1,1,1228,4088,8,190304,1591,730,834,8843,37,0,37,1,16777216,1066,0.207,0,0.195
1,1069,13724.094,level1,0,1024,640,6.561,1,6.571,6.571,7.000,0,0.111,5.955,0.037,0.591,1.125,0.007,1,1,1228,4088,8,190304,1591,730,834,8851,37,0,37,1,16777216,1067,0.218,0,0.207
1,1070,13732.405,level1,0,1024,640,6.294,1,6.286,6.286,5.000,0,0.125,7.896,0.103,0.620,1.427,0.012,1,1,1233,4103,8,191064,1591,729,835,8859,37,0,37,1,16777216,1068,0.194,0,0.174
1,1071,13740.013,level1,0,1024,640,8.652,1,8.484,8.484,9.000,0,0.284,6.878,0.085,0.716,1.529,0.011,1,1,1225,4071,8,189784,1524,665,833,8867,37,0,37,1,16777216,1069,0.236,0,0.339
1,1072,13749.862,level1,0,1024,640,9.639,1,7.463,7.463,8.000,0,0.134,7.068,0.107,0.747,1.463,0.016,1,1,1225,4071,8,189784,1524,665,833,8875,37,0,37,1,16777216,1070,0.211,0,0.201
1,1073,13757.638,level1,0,1024,640,8.205,1,9.974,9.974,10.000,0,0.152,6.682,0.064,0.593,1.658,0.013,1,1,1225,4071,8,189784,1524,665,833,8883,37,0,37,1,16777216,1071,0.211,0,0.325
1,1074,13764.364,level1,0,1024,640,7.104,1,7.663,7.663,7.000,0,0.133,6.317,0.050,0.583,1.108,0.007,1,1,1225,4071,8,189784,1524,665,833,8891,37,0,37,1,16777216,1072,0.214,0,0.212
1,1075,13771.627,level1,0,1024,640,7.176,1,6.862,6.862,7.000,0,0.454,6.400,0.055,0.594,1.162,0.008,1,1,1225,4071,8,189784,1524,665,833,8899,37,0,37,1,16777216,1073,0.221,0,0.348
1,1076,13779.040,level1,0,1024,640,6.880,1,7.150,7.150,7.000,0,0.181,6.906,0.080,0.588,1.250,0.012,1,1,1208,4037,8,187336,1524,682,816,8907,37,0,37,1,16777216,1074,0.207,0,0.234
1,1077,13788.209,level1,0,1024,640,9.867,1,7.511,7.511,7.000,0,0.181,6.225,0.064,0.669,1.231,0.010,1,1,1203,3989,8,186312,1524,683,815,8915,37,0,37,1,16777216,1075,0.216,0,0.332
1,1078,13795.918,level1,0,1024,640,7.400,1,9.048,9.048,9.000,0,0.122,6.520,0.079,0.687,1.224,0.010,1,1,1203,3989,8,186312,1524,683,815,8923,37,0,37,1,16777216,1076,0.208,0,0.211
1,1079,13803.245,level1,0,1024,640,7.043,1,7.730,7.730,9.000,0,0.201,6.822,0.060,0.599,1.132,0.011,1,1,1203,3989,8,186312,1524,683,815,8931,37,0,37,1,16777216,1077,0.221,0,0.232
1,1080,13810.378,level1,0,1024,640,7.338,1,7.376,7.376,6.000,0,0.162,6.609,0.068,0.770,1.342,0.010,1,1,1203,3989,8,186312,1524,683,815,8939,37,0,37,1,16777216,1078,0.204,0,0.280
1,1081,13817.611,level1,0,1024,640,7.223,1,7.156,7.156,7.000,0,0.235,6.636,0.051,0.587,1.346,0.010,1,1,1203,3989,8,186312,1524,683,815,8947,37,0,37,1,16777216,1079,0.234,0,0.303
1,1082,13824.385,level1,0,1024,640,7.128,1,7.190,7.190,8.000,0,0.174,6.267,0.064,0.633,1.189,0.009,1,1,1203,3989,8,186312,1524,683,815,8955,37,0,37,1,16777216,1080,0.201,0,0.261
1,1083,13831.581,level1,0,1024,640,6.742,1,6.756,6.756,7.000,0,0.154,6.735,0.052,0.592,1.325,0.008,1,1,1208,4004,8,187072,1524,682,816,8963,37,0,37,1,16777216,1081,0.211,0,0.242
1,1084,13838.336,level1,0,1024,640,7.124,1,7.164,7.164,7.000,0,0.120,6.369,0.049,0.587,1.252,0.008,1,1,1208,4004,8,187072,1524,682,816,8971,37,0,37,1,16777216,1082,0.209,0,0.211
1,1085,13845.112,level1,0,1024,640,6.955,1,6.872,6.872,7.000,0,0.197,6.193,0.047,0.595,1.153,0.008,1,1,1208,4004,8,187072,1524,682,816,8979,37,0,37,1,16777216,1083,0.216,0,0.327
1,1086,13851.786,level1,0,1024,640,6.585,1,6.619,6.619,7.000,0,0.160,6.280,0.050,0.758,1.337,0.008,1,1,1203,3982,8,186256,1524,683,815,8987,37,0,37,1,16777216,1084,0.218,0,0.173
1,1087,13859.220,level1,0,1024,640,6.725,1,6.767,6.767,6.000,0,0.124,6.967,0.070,0.597,1.318,0.014,1,1,1203,3982,8,186256,1524,683,815,8995,37,0,37,1,16777216,1085,0.216,0,0.264
1,1088,13866.782,level1,0,1024,640,7.719,1,7.594,7.594,8.000,0,0.250,6.792,0.088,0.660,1.594,0.013,1,1,1230,4085,8,190536,1524,662,836,9003,37,0,37,1,16777216,1086,0.219,0,0.421
1,1089,13874.805,level1,0,1024,640,7.414,1,7.427,7.427,7.000,0,0.238,7.427,0.063,0.639,1.240,0.009,1,1,1230,4085,8,190536,1524,662,836,9011,37,0,37,1,16777216,1087,0.209,0,0.288
1,1090,13881.669,level1,0,1024,640,7.999,1,7.955,7.955,8.000,0,0.273,6.282,0.073,0.609,1.194,0.011,1,1,1230,4085,8,190536,1524,662,836,9019,37,0,37,1,16777216,1088,0.210,0,0.219
1,1091,13889.611,level1,0,1024,640,7.240,1,7.108,7.108,7.000,0,0.413,6.975,0.082,0.655,1.719,0.012,1,1,1230,4085,8,190536,1524,662,836,9027,37,0,37,1,16777216,1089,0.217,0,0.463
1,1092,13897.067,level1,0,1024,640,7.583,1,7.767,7.767,8.000,0,0.226,6.863,0.066,0.622,1.503,0.010,1,1,1230,4052,8,190272,1524,662,836,9035,37,0,37,1,16777216,1090,0.207,0,0.288
1,1093,13903.497,level1,0,1024,640,7.281,1,7.376,7.376,7.000,0,0.131,6.034,0.045,0.590,1.123,0.007,1,1,1209,4010,8,187248,1524,683,815,9043,37,0,37,1,16777216,1091,0.206,0,0.209
1,1094,13910.208,level1,0,1024,640,6.409,1,6.405,6.405,7.000,0,0.140,6.330,0.051,0.542,1.219,0.008,1,1,1209,4010,8,187248,1524,683,815,9051,37,0,37,1,16777216,1092,0.202,0,0.184
1,1095,13916.879,level1,0,1024,640,6.765,1,6.776,6.776,7.000,0,0.123,6.235,0.052,0.545,1.125,0.008,1,1,1204,3995,8,186488,1524,684,814,9059,37,0,37,1,16777216,1093,0.213,0,0.249
1,1096,13923.486,level1,0,1024,640,6.660,1,6.612,6.612,6.000,0,0.168,6.188,0.046,0.533,1.172,0.008,1,1,1204,3995,8,186488,1524,684,814,9067,37,0,37,1,16777216,1094,0.212,0,0.190
1,1097,13930.025,level1,0,1024,640,6.544,1,6.608,6.608,7.000,0,0.115,6.150,0.079,0.530,1.152,0.007,1,1,1204,3995,8,186488,1524,684,814,9075,37,0,37,1,16777216,1095,0.219,0,0.192
1,1098,13937.705,level1,0,1024,640,6.659,1,6.640,6.640,6.000,0,0.133,7.197,0.053,0.592,1.224,0.007,1,1,1204,3995,8,186488,1524,684,814,9083,37,0,37,1,16777216,1096,0.209,0,0.290
1,1099,13945.471,level1,0,1024,640,7.640,1,7.641,7.641,8.000,0,0.132,6.878,0.496,0.561,1.246,0.021,1,1,1199,3980,8,185728,1524,685,813,9091,37,0,37,1,16777216,1097,0.204,0,0.253
1,1100,13953.233,level1,0,1024,640,7.849,1,7.783,7.783,8.000,0,0.197,7.204,0.084,0.562,1.130,0.008,1,1,1199,3980,8,185728,1524,685,813,9099,37,0,37,1,16777216,1098,0.196,0,0.268
1,1101,13960.014,level1,0,1024,640,7.676,1,7.699,7.699,8.000,0,0.173,6.344,0.049,0.657,1.235,0.008,1,1,1199,3980,8,185728,1524,685,813,9107,37,0,37,1,16777216,1099,0.212,0,0.207
1,1102,13967.196,level1,0,1024,640,6.787,1,6.772,6.772,6.000,0,0.180,6.740,0.048,0.553,1.090,0.009,1,1,1199,3980,8,185728,1524,685,813,9115,37,0,37,1,16777216,1100,0.202,0,0.198
1,1103,13974.300,level1,0,1024,640,7.288,1,7.261,7.261,7.000,0,0.205,6.528,0.075,0.536,1.134,0.013,1,1,1204,4028,8,186752,1524,684,814,9123,37,0,37,1,16777216,1101,0.213,0,0.276
1,1104,13982.654,level1,0,1024,640,7.218,1,7.194,7.194,8.000,0,0.235,7.636,0.103,0.788,1.613,0.012,1,1,1204,4028,8,186752,1524,684,814,9131,37,0,37,1,16777216,1102,0.212,0,0.365
1,1105,13991.066,level1,0,1024,640,9.922,1,8.273,8.273,9.000,0,0.223,6.160,0.069,0.557,1.122,0.009,1,1,1204,4028,8,186752,1524,684,814,9139,37,0,37,1,16777216,1103,0.213,0,0.282
1,1106,13998.773,level1,0,1024,640,7.278,1,8.408,8.408,7.000,0,0.212,6.595,0.064,0.547,1.201,0.009,1,1,1204,4028,8,186752,1524,684,814,9147,37,0,37,1,16777216,1104,0.210,0,0.281
1,1107,14006.108,level1,0,1024,640,7.319,1,7.829,7.829,8.000,0,0.238,6.602,0.072,0.674,1.369,0.013,1,1,1204,4028,8,186752,1524,684,814,9155,37,0,37,1,16777216,1105,0.292,0,0.401
1,1108,14012.821,level1,0,1024,640,7.137,1,7.225,7.225,8.000,0,0.164,6.141,0.109,0.557,1.103,0.008,1,1,1209,4043,8,187512,1524,683,815,9163,37,0,37,1,16777216,1106,0.197,0,0.291
1,1109,14019.250,level1,0,1024,640,6.576,1,6.612,6.612,6.000,0,0.125,6.059,0.044,0.550,1.112,0.007,1,1,1209,4043,8,187512,1524,683,815,9171,37,0,37,1,16777216,1107,0.220,0,0.194
1,1110,14025.676,level1,0,1024,640,6.411,1,6.409,6.409,6.000,0,0.131,6.068,0.049,0.540,1.073,0.008,1,1,1214,4065,8,188328,1524,682,816,9179,37,0,37,1,16777216,1108,0.213,0,0.172
1,1111,14032.551,level1,0,1024,640,6.491,1,6.454,6.454,7.000,0,0.166,6.448,0.053,0.555,1.202,0.008,1,1,1219,4080,8,189088,1524,681,817,9187,37,0,37,1,16777216,1109,0.215,0,0.200
1,1112,14039.316,level1,0,1024,640,6.826,1,6.879,6.879,7.000,0,0.116,6.390,0.050,0.570,1.116,0.008,1,1,1224,4095,8,189848,1524,680,818,9195,37,0,37,1,16777216,1110,0.208,0,0.205
1,1113,14045.768,level1,0,1024,640,6.754,1,6.744,6.744,6.000,0,0.124,6.092,0.046,0.556,1.088,0.007,1,1,1224,4095,8,189848,1524,680,818,9203,37,0,37,1,16777216,1111,0.216,0,0.184
1,1114,14052.838,level1,0,1024,640,6.563,1,6.493,6.493,7.000,0,0.191,6.573,0.072,0.569,1.164,0.009,1,1,1219,4080,8,189088,1524,681,817,9211,37,0,37,1,16777216,1112,0.266,0,0.226
1,1115,14059.861,level1,0,1024,640,7.090,1,7.101,7.101,7.000,0,0.183,6.482,0.095,0.693,1.236,0.008,1,1,1237,4116,8,191680,1524,663,835,9219,37,0,37,1,16777216,1113,0.216,0,0.255
1,1116,14067.129,level1,0,1024,640,7.057,1,7.075,7.075,7.000,0,0.157,6.311,0.476,0.583,1.259,0.052,1,1,1237,4116,8,191680,1524,663,835,9227,37,0,37,1,16777216,1114,0.194,0,0.306
1,1117,14073.969,level1,0,1024,640,7.187,1,7.171,7.171,7.000,0,0.155,6.365,0.076,0.590,1.154,0.011,1,1,1234,4092,8,191104,1524,664,834,9235,37,0,37,1,16777216,1115,0.202,0,0.210
1,1118,14080.604,level1,0,1024,640,6.786,1,6.841,6.841,7.000,0,0.127,6.245,0.045,0.604,1.168,0.008,1,1,1234,4092,8,191104,1524,664,834,9243,37,0,37,1,16777216,1116,0.218,0,0.213
1,1119,14087.328,level1,0,1024,640,6.622,1,6.621,6.621,7.000,0,0.121,6.348,0.044,0.636,1.194,0.007,1,1,1239,4107,8,191864,1524,663,835,9251,37,0,37,1,16777216,1117,0.223,0,0.199
1,1120,14094.127,level1,0,1024,640,6.742,1,6.690,6.690,6.000,0,0.179,6.405,0.045,0.591,1.179,0.008,1,1,1244,4122,8,192624,1524,662,836,9259,37,0,37,1,16777216,1118,0.202,0,0.165
1,1121,14102.250,level1,0,1024,640,7.804,1,7.587,7.587,8.000,0,0.395,6.682,0.088,0.587,1.311,0.009,1,1,1223,4080,8,189600,1524,683,815,9267,37,0,37,1,16777216,1119,0.212,0,0.950
1,1122,14111.570,level1,1,1024,640,9.234,1,7.467,7.467,8.000,0,0.126,6.796,0.060,0.588,1.147,0.014,1,1,1223,4064,33,190772,1524,684,814,9300,37,0,37,1,16777216,1120,0.237,0,0.297
1,1123,14120.388,level1,1,1024,640,8.540,1,10.267,10.267,10.000,0,0.025,6.959,0.175,0.763,1.559,0.033,1,1,1223,4064,33,190772,1524,684,814,9333,37,0,37,1,16777216,1121,0.217,0,1.244
1,1124,14127.566,level1,1,1024,640,7.656,1,8.062,8.062,8.000,0,0.028,6.606,0.051,0.580,1.135,0.011,1,1,1223,4064,33,190772,1524,684,814,9366,37,0,37,1,16777216,1122,0.281,0,0.487
1,1125,14134.530,level1,1,1024,640,6.887,1,6.893,6.893,8.000,0,0.023,6.646,0.087,0.566,1.108,0.010,1,1,1223,4064,33,190772,1524,684,814,9399,37,0,37,1,16777216,1123,0.290,0,0.202
1,1126,14141.320,level1,1,1024,640,7.027,1,7.025,7.025,6.000,0,0.024,6.442,0.054,0.572,1.106,0.010,1,1,1223,4064,33,190772,1524,684,814,9432,37,0,37,1,16777216,1124,0.284,0,0.263
1,1127,14148.203,level1,1,1024,640,6.740,1,6.740,6.740,7.000,0,0.025,6.593,0.046,0.563,1.174,0.010,1,1,1223,4064,33,190772,1524,684,814,9465,37,0,37,1,16777216,1125,0.292,0,0.213
1,1128,14155.447,level1,1,1024,640,7.130,1,7.016,7.016,7.000,0,0.138,6.691,0.061,0.589,1.160,0.015,1,1,1223,4064,33,190772,1524,684,814,9498,37,0,37,1,16777216,1126,0.280,0,0.344
1,1129,14163.424,level1,1,1024,640,7.024,1,7.142,7.142,7.000,0,0.022,7.606,0.099,0.690,1.528,0.013,1,1,1223,4064,33,190772,1524,684,814,9531,37,0,37,1,16777216,1127,0.294,0,0.245
1,1130,14170.931,level1,1,1024,640,8.045,1,8.037,8.037,8.000,0,0.023,7.106,0.061,0.574,1.167,0.011,1,1,1223,4064,33,190772,1524,684,814,9564,37,0,37,1,16777216,1128,0.285,0,0.305
1,1131,14177.984,level1,1,1024,640,7.442,1,7.447,7.447,7.000,0,0.024,6.683,0.095,0.691,1.252,0.016,1,1,1223,4064,33,190772,1524,684,814,9597,37,0,37,1,16777216,1129,0.296,0,0.245
1,1132,14185.486,level1,1,1024,640,7.210,1,7.212,7.212,7.000,0,0.021,6.992,0.079,0.644,1.410,0.017,1,1,1223,4064,33,190772,1524,684,814,9630,37,0,37,1,16777216,1130,0.278,0,0.403
1,1133,14193.997,level1,1,1024,640,7.563,1,7.543,7.543,8.000,0,0.040,7.920,0.098,0.806,1.802,0.016,1,1,1223,4064,33,190772,1524,684,814,9663,37,0,37,1,16777216,1131,0.291,0,0.441
1,1134,14201.497,level1,1,1024,640,8.416,1,8.423,8.423,8.000,0,0.032,7.021,0.083,0.565,1.252,0.011,1,1,1223,4064,33,190772,1524,684,814,9696,37,0,37,1,16777216,1132,0.289,0,0.355
1,1135,14209.859,level1,1,1024,640,7.443,1,7.449,7.449,8.000,0,0.028,7.937,0.084,0.725,2.314,0.139,1,1,1223,4064,33,190772,1524,684,814,9729,37,0,37,1,16777216,1133,0.293,0,0.304
1,1136,14217.653,level1,1,1024,640,8.554,1,8.537,8.537,9.000,0,0.033,7.183,0.079,0.574,1.451,0.041,1,1,1223,4064,33,190772,1524,684,814,9762,37,0,37,1,16777216,1134,0.285,0,0.480
1,1137,14226.173,level1,1,1024,640,7.621,1,7.641,7.641,7.000,0,0.024,8.065,0.095,0.586,1.401,0.013,1,1,1223,4064,33,190772,1524,684,814,9795,37,0,37,1,16777216,1135,0.297,0,0.326
1,1138,14234.136,level1,1,1024,640,8.536,1,8.502,8.502,9.000,0,0.053,7.506,0.082,0.570,1.160,0.012,1,1,1223,4064,33,190772,1524,684,814,9828,37,0,37,1,16777216,1136,0.289,0,0.308
1,1139,14241.958,level1,1,1024,640,7.882,1,7.923,7.923,8.000,0,0.018,7.448,0.080,0.897,1.703,0.022,1,1,1223,4064,33,190772,1524,684,814,9861,37,0,37,1,16777216,1137,0.294,0,0.269
1,1140,14250.269,level1,1,1024,640,8.137,1,8.122,8.122,7.000,0,0.025,7.651,0.052,0.814,1.570,0.012,1,1,1223,4064,33,190772,1524,684,814,9894,37,0,37,1,16777216,1138,0.283,0,0.568
1,1141,14258.420,level1,1,1024,640,8.128,1,8.139,8.139,8.000,0,0.021,7.478,0.247,0.569,1.389,0.015,1,1,1223,4064,33,190772,1524,684,814,9927,37,0,37,1,16777216,1139,0.295,0,0.397
1,1142,14268.736,level1,1,1024,640,8.204,1,8.201,8.201,9.000,0,0.024,8.804,1.033,0.894,1.489,0.020,1,1,1223,4064,33,190772,1524,684,814,9960,37,0,37,1,16777216,1140,0.282,0,0.445
1,1143,14279.524,level1,1,1024,640,10.429,1,10.412,10.412,10.000,0,0.039,10.064,0.132,0.939,2.376,0.023,1,1,1223,4064,33,190772,1524,684,814,9993,37,0,37,1,16777216,1141,0.289,0,0.541
1,1144,14290.931,level1,1,1024,640,11.141,1,10.551,10.551,11.000,0,0.034,10.307,0.155,0.864,1.965,0.031,1,1,1223,4064,33,190772,1524,684,814,10026,37,0,37,1,16777216,1142,0.275,0,0.305
1,1145,14303.051,level1,1,1024,640,11.046,1,11.599,11.599,11.000,0,0.074,11.071,0.465,1.000,2.220,0.029,1,1,1223,4064,33,190772,1524,684,814,10059,37,0,37,1,16777216,1143,0.293,0,0.494
1,1146,14312.173,level1,1,1024,640,11.880,1,11.920,11.920,13.000,0,0.036,8.697,0.082,0.594,1.434,0.015,1,1,1223,4064,33,190772,1524,684,814,10092,37,0,37,1,16777216,1144,0.277,0,0.297
1,1147,14321.995,level1,1,1024,640,9.876,1,9.143,9.143,9.000,0,0.040,8.624,0.102,0.853,1.533,0.015,1,1,1223,4064,33,190772,1524,684,814,10125,37,0,37,1,16777216,1145,0.302,0,0.318
1,1148,14329.023,level1,1,1024,640,9.002,1,9.723,9.723,9.000,0,0.046,6.697,0.056,0.562,1.175,0.012,1,1,1223,4064,33,190772,1524,684,814,10158,37,0,37,1,16777216,1146,0.296,0,0.220
1,1149,14340.228,level1,1,1024,640,9.862,1,7.075,7.075,7.000,0,0.024,7.977,0.116,0.971,1.590,0.017,1,1,1223,4064,33,190772,1524,684,814,10191,37,0,37,1,16777216,1147,0.289,0,0.267
1,1150,14348.038,level1,1,1024,640,9.090,1,11.215,11.215,11.000,0,0.026,6.754,0.061,0.576,1.248,0.012,1,1,1223,4064,33,190772,1524,684,814,10224,37,0,37,1,16777216,1148,0.272,0,0.277
1,1151,14354.886,level1,1,1024,640,7.044,1,7.737,7.737,9.000,0,0.019,6.574,0.045,0.560,1.088,0.010,1,1,1223,4064,33,190772,1524,684,814,10257,37,0,37,1,16777216,1149,0.290,0,0.205
1,1152,14361.614,level1,1,1024,640,6.888,1,6.883,6.883,6.000,0,0.024,6.410,0.049,0.562,1.190,0.011,1,1,1223,4064,33,190772,1524,684,814,10290,37,0,37,1,16777216,1150,0.272,0,0.240
1,1153,14369.073,level1,1,1024,640,6.696,1,6.698,6.698,7.000,0,0.021,7.091,0.130,0.567,1.229,0.028,1,1,1223,4064,33,190772,1524,684,814,10323,37,0,37,1,16777216,1151,0.295,0,0.210
1,1154,14376.757,level1,1,1024,640,7.772,1,7.758,7.758,7.000,0,0.033,7.061,0.072,0.576,1.150,0.011,1,1,1223,4064,33,190772,1524,684,814,10356,37,0,37,1,16777216,1152,0.287,0,0.508
1,1155,14384.648,level1,1,1024,640,7.389,1,7.406,7.406,8.000,0,0.019,7.574,0.061,0.566,1.180,0.013,1,1,1223,4064,33,190772,1524,684,814,10389,37,0,37,1,16777216,1153,0.279,0,0.231
1,1156,14392.323,level1,1,1024,640,7.903,1,7.899,7.899,8.000,0,0.023,7.328,0.079,0.617,1.308,0.018,1,1,1223,4064,33,190772,1524,684,814,10422,37,0,37,1,16777216,1154,0.276,0,0.240
1,1157,14400.797,level1,1,1024,640,7.929,1,7.891,7.891,8.000,0,0.060,7.884,0.068,0.790,1.419,0.068,1,1,1223,4064,33,190772,1524,684,814,10455,37,0,37,1,16777216,1155,0.298,0,0.450
1,1158,14408.057,level1,1,1024,640,8.237,1,8.272,8.272,8.000,0,0.025,6.912,0.064,0.606,1.172,0.011,1,1,1223,4064,33,190772,1524,684,814,10488,37,0,37,1,16777216,1156,0.283,0,0.252
1,1159,14416.075,level1,1,1024,640,7.177,1,7.182,7.182,8.000,0,0.021,7.696,0.115,0.611,1.157,0.018,1,1,1223,4064,33,190772,1524,684,814,10521,37,0,37,1,16777216,1157,0.293,0,0.175
1,1160,14423.081,level1,1,1024,640,8.074,1,8.077,8.077,7.000,0,0.018,6.686,0.064,0.566,1.209,0.018,1,1,1223,4064,33,190772,1524,684,814,10554,37,0,37,1,16777216,1158,0.284,0,0.233
1,1161,14434.640,level1,1,1024,640,7.141,1,7.107,7.107,7.000,0,0.048,10.985,0.180,0.631,1.386,0.018,1,1,1223,4064,33,190772,1524,684,814,10587,37,0,37,1,16777216,1159,0.292,0,0.326
1,1162,14443.984,level1,1,1024,640,11.556,1,11.576,11.576,13.000,0,0.032,8.819,0.134,0.907,1.971,0.028,1,1,1223,4064,33,190772,1524,684,814,10620,37,0,37,1,16777216,1160,0.286,0,0.349
1,1163,14453.757,level1,1,1024,640,9.335,1,9.328,9.328,8.000,0,0.038,9.261,0.131,0.609,1.200,0.017,1,1,1223,4064,33,190772,1524,684,814,10653,37,0,37,1,16777216,1161,0.300,0,0.333
1,1164,14493.148,level1,1,1024,640,39.337,1,39.304,39.304,40.000,0,0.071,9.327,0.119,1.253,1.903,0.025,1,1,1223,4064,33,190772,1524,684,814,10686,37,0,37,1,16777216,1162,0.290,0,29.860
1,1165,14500.801,level1,1,1024,640,9.714,1,9.763,9.763,10.000,0,0.025,7.329,0.057,0.623,1.212,0.014,1,1,1223,4064,33,190772,1524,684,814,10719,37,0,37,1,16777216,1163,0.295,0,0.237
1,1166,14510.613,level1,1,1024,640,7.643,1,7.649,7.649,7.000,0,0.020,9.435,0.118,1.029,1.918,0.017,1,1,1223,4064,33,190772,1524,684,814,10752,37,0,37,1,16777216,1164,0.292,0,0.231
1,1167,14519.778,level1,1,1024,640,9.819,1,9.806,9.806,10.000,0,0.028,8.798,0.100,0.750,1.716,0.017,1,1,1223,4064,33,190772,1524,684,814,10785,37,0,37,1,16777216,1165,0.299,0,0.225
1,1168,14528.071,level1,1,1024,640,9.160,1,9.158,9.158,10.000,0,0.034,7.982,0.051,0.882,1.507,0.018,1,1,1223,4064,33,190772,1524,684,814,10818,37,0,37,1,16777216,1166,0.278,0,0.217
1,1169,14535.740,level1,1,1024,640,8.236,1,8.252,8.252,8.000,0,0.018,7.408,0.060,0.578,1.124,0.015,1,1,1223,4064,33,190772,1524,684,814,10851,37,0,37,1,16777216,1167,0.284,0,0.179
1,1170,14542.754,level1,1,1024,640,7.698,1,7.700,7.700,7.000,0,0.016,6.742,0.041,0.572,1.232,0.012,1,1,1223,4064,33,190772,1524,684,814,10884,37,0,37,1,16777216,1168,0.282,0,0.209
1,1171,14551.017,level1,1,1024,640,6.968,1,6.968,6.968,7.000,0,0.016,7.999,0.078,0.583,1.783,0.016,1,1,1223,4064,33,190772,1524,684,814,10917,37,0,37,1,16777216,1169,0.282,0,0.164
1,1172,14558.445,level1,1,1024,640,8.552,1,8.546,8.546,9.000,0,0.020,6.893,0.062,0.780,1.315,0.011,1,1,1223,4064,33,190772,1524,684,814,10950,37,0,37,1,16777216,1170,0.283,0,0.447
1,1173,14566.362,level1,1,1024,640,7.142,1,7.146,7.146,7.000,0,0.018,7.627,0.102,0.589,1.376,0.015,1,1,1223,4064,33,190772,1524,684,814,10983,37,0,37,1,16777216,1171,0.296,0,0.166
1,1174,14574.760,level1,1,1024,640,7.980,1,7.977,7.977,8.000,0,0.020,7.950,0.195,0.571,1.488,0.038,1,1,1223,4064,33,190772,1524,684,814,11016,37,0,37,1,16777216,1172,0.275,0,0.225
1,1175,14584.482,level1,0,1024,640,10.537,1,8.637,8.637,9.000,0,0.024,7.194,0.137,0.595,1.176,0.012,1,1,1215,4048,8,188320,1524,685,813,11024,37,0,37,1,16777216,1173,0.296,0,0.464
1,1176,14594.127,level1,0,1024,640,9.714,1,10.337,10.337,10.000,0,0.137,7.165,0.095,0.714,1.935,0.012,1,1,1214,4046,8,188176,1524,685,813,11032,37,0,37,1,16777216,1174,0.283,0,1.079
1,1177,14601.772,level1,0,1024,640,7.736,1,8.777,8.777,8.000,0,0.256,7.086,0.086,0.577,1.217,0.011,1,1,1219,4061,8,188936,1524,684,814,11040,37,0,37,1,16777216,1175,0.207,0,0.212
1,1178,14608.668,level1,0,1024,640,7.510,1,7.641,7.641,8.000,0,0.126,6.505,0.053,0.582,1.237,0.012,1,1,1219,4061,8,188936,1524,684,814,11048,37,0,37,1,16777216,1176,0.159,0,0.205
1,1179,14615.551,level1,0,1024,640,6.866,1,6.865,6.865,7.000,0,0.127,6.526,0.048,0.575,1.233,0.008,1,1,1219,4061,8,188936,1524,684,814,11056,37,0,37,1,16777216,1177,0.162,0,0.178
1,1180,14622.241,level1,0,1024,640,6.908,1,6.905,6.905,8.000,0,0.130,6.304,0.053,0.576,1.125,0.009,1,1,1219,4061,8,188936,1524,684,814,11064,37,0,37,1,16777216,1178,0.161,0,0.200
1,1181,14631.143,level1,0,1024,640,7.886,1,6.709,6.709,6.000,0,0.131,7.265,0.105,0.872,1.586,0.012,1,1,1219,4061,8,188936,1524,684,814,11072,37,0,37,1,16777216,1179,0.168,0,0.217
1,1182,14638.290,level1,0,1024,640,7.746,1,8.907,8.907,8.000,0,0.146,6.719,0.054,0.569,1.163,0.027,1,1,1219,4061,8,188936,1524,684,814,11080,37,0,37,1,16777216,1180,0.162,0,0.220
1,1183,14645.689,level1,0,1024,640,7.102,1,7.113,7.113,8.000,0,0.136,6.988,0.081,0.589,1.355,0.011,1,1,1219,4061,8,188936,1524,684,814,11088,37,0,37,1,16777216,1181,0.168,0,0.186
1,1184,14652.968,level1,0,1024,640,7.448,1,7.443,7.443,7.000,0,0.139,6.845,0.055,0.603,1.181,0.011,1,1,1224,4076,8,189696,1524,683,815,11096,37,0,37,1,16777216,1182,0.154,0,0.233
1,1185,14661.438,level1,0,1024,640,7.971,1,7.234,7.234,7.000,0,0.143,7.331,0.069,1.069,1.684,0.011,1,1,1224,4076,8,189696,1524,683,815,11104,37,0,37,1,16777216,1183,0.167,0,0.188
1,1186,14668.138,level1,0,1024,640,7.776,1,8.509,8.509,9.000,0,0.144,6.282,0.042,0.595,1.127,0.008,1,1,1224,4076,8,189696,1524,683,815,11112,37,0,37,1,16777216,1184,0.154,0,0.226
1,1187,14675.024,level1,0,1024,640,6.763,1,6.766,6.766,7.000,0,0.140,6.388,0.058,0.602,1.229,0.009,1,1,1234,4172,8,191744,1524,681,817,11120,37,0,37,1,16777216,1185,0.163,0,0.291
1,1188,14684.891,level1,0,1024,640,9.627,1,6.786,6.786,6.000,0,0.135,6.574,0.112,0.590,1.714,0.012,1,1,1234,4172,8,191744,1524,681,817,11128,37,0,37,1,16777216,1186,0.162,0,0.194
1,1189,14692.439,level1,0,1024,640,7.122,1,9.883,9.883,11.000,0,0.127,7.039,0.074,0.631,1.415,0.011,1,1,1234,4172,8,191744,1524,681,817,11136,37,0,37,1,16777216,1187,0.164,0,0.210
1,1190,14699.378,level1,0,1024,640,7.457,1,7.545,7.545,7.000,0,0.132,6.554,0.042,0.613,1.214,0.008,1,1,1244,4202,8,193264,1524,679,819,11144,37,0,37,1,16777216,1188,0.159,0,0.206
1,1191,14705.838,level1,0,1024,640,6.894,1,6.909,6.909,7.000,0,0.115,6.122,0.039,0.588,1.170,0.007,1,1,1244,4202,8,193264,1524,679,819,11152,37,0,37,1,16777216,1189,0.172,0,0.176
1,1192,14712.453,level1,0,1024,640,6.499,1,6.443,6.443,6.000,0,0.174,6.226,0.051,0.595,1.170,0.008,1,1,1241,4185,8,192744,1524,680,818,11160,37,0,37,1,16777216,1190,0.155,0,0.159
1,1193,14719.506,level1,0,1024,640,6.612,1,6.647,6.647,7.000,0,0.139,6.651,0.067,0.896,1.641,0.032,1,1,1241,4185,8,192744,1524,680,818,11168,37,0,37,1,16777216,1191,0.168,0,0.191
1,1194,14726.700,level1,0,1024,640,7.117,1,7.117,7.117,7.000,0,0.135,6.721,0.072,0.605,1.322,0.017,1,1,1246,4200,8,193504,1524,679,819,11176,37,0,37,1,16777216,1192,0.165,0,0.253
1,1195,14733.301,level1,0,1024,640,7.099,1,7.117,7.117,7.000,0,0.121,6.251,0.047,0.627,1.195,0.009,1,1,1246,4200,8,193504,1524,679,819,11184,37,0,37,1,16777216,1193,0.159,0,0.178
1,1196,14740.555,level1,0,1024,640,6.633,1,6.603,6.603,6.000,0,0.150,6.532,0.385,0.647,1.430,0.009,1,1,1264,4236,8,196096,1524,661,837,11192,37,0,37,1,16777216,1194,0.159,0,0.180
1,1197,14747.917,level1,0,1024,640,7.307,1,7.326,7.326,8.000,0,0.132,6.915,0.050,0.998,1.739,0.009,1,1,1269,4251,8,196856,1524,660,838,11200,37,0,37,1,16777216,1195,0.170,0,0.251
1,1198,14755.078,level1,0,1024,640,7.305,1,7.309,7.309,7.000,0,0.129,6.770,0.060,0.603,1.271,0.012,1,1,1264,4236,8,196096,1524,661,837,11208,37,0,37,1,16777216,1196,0.165,0,0.196
1,1199,14763.454,level1,0,1024,640,7.322,1,7.240,7.240,8.000,0,0.209,7.736,0.148,0.572,1.490,0.009,1,1,1259,4221,8,195336,1524,662,836,11216,37,0,37,1,16777216,1197,0.165,0,0.277
1,1200,14771.578,level1,0,1024,640,8.494,1,8.544,8.544,8.000,0,0.157,7.418,0.095,0.580,1.321,0.012,1,1,1254,4206,8,194576,1524,663,835,11224,37,0,37,1,16777216,1198,0.164,0,0.444
1,1201,14778.822,level1,0,1024,640,7.972,1,7.944,7.944,8.000,0,0.188,6.698,0.087,0.607,1.236,0.011,1,1,1233,4164,8,191552,1524,684,814,11232,37,0,37,1,16777216,1199,0.169,0,0.264
1,1202,14786.432,level1,0,1024,640,7.493,1,7.462,7.462,8.000,0,0.218,6.844,0.058,0.668,1.530,0.009,1,1,1228,4149,8,190792,1524,685,813,11240,37,0,37,1,16777216,1200,0.162,0,0.481
1,1203,14794.689,level1,0,1024,640,7.322,1,7.319,7.319,7.000,0,0.220,7.519,0.316,0.577,1.667,0.013,1,1,1228,4149,8,190792,1524,685,813,11248,37,0,37,1,16777216,1201,0.176,0,0.192
1,1204,14803.329,level1,0,1024,640,8.636,1,8.348,8.348,8.000,0,0.239,7.765,0.075,0.602,1.544,0.011,1,1,1228,4149,8,190792,1524,685,813,11256,37,0,37,1,16777216,1202,0.164,0,0.282
1,1205,14813.526,level1,0,1024,640,8.700,1,8.685,8.685,9.000,0,0.522,9.211,0.126,0.601,2.558,0.020,1,1,1228,4149,8,190792,1524,685,813,11264,37,0,37,1,16777216,1203,0.167,0,0.326
1,1206,14821.650,level1,0,1024,640,9.811,1,10.138,10.138,10.000,0,0.196,7.588,0.063,0.598,1.308,0.010,1,1,1228,4149,8,190792,1524,685,813,11272,37,0,37,1,16777216,1204,0.167,0,0.268
1,1207,14831.132,level1,0,1024,640,8.210,1,8.195,8.195,9.000,0,0.213,8.815,0.106,0.975,2.114,0.018,1,1,1225,4125,8,190216,1524,686,812,11280,37,0,37,1,16777216,1205,0.168,0,0.339
1,1208,14840.681,level1,0,1024,640,9.319,1,9.383,9.383,9.000,0,0.147,9.006,0.146,0.731,1.723,0.016,1,1,1225,4125,8,190216,1524,686,812,11288,37,0,37,1,16777216,1206,0.163,0,0.242
1,1209,14851.254,level1,0,1024,640,9.755,1,9.619,9.619,9.000,0,0.284,9.821,0.148,0.628,1.250,0.012,1,1,1225,4125,8,190216,1524,686,812,11296,37,0,37,1,16777216,1207,0.166,0,0.310
1,1210,14858.525,level1,0,1024,640,10.529,1,10.623,10.623,11.000,0,0.191,6.671,0.043,0.588,1.143,0.008,1,1,1225,4125,8,190216,1524,686,812,11304,37,0,37,1,16777216,1208,0.168,0,0.356
1,1211,14865.317,level1,0,1024,640,7.026,1,7.083,7.083,7.000,0,0.135,6.438,0.041,0.573,1.178,0.008,1,1,1225,4125,8,190216,1524,686,812,11312,37,0,37,1,16777216,1209,0.165,0,0.173
1,1212,14872.160,level1,0,1024,640,6.784,1,6.794,6.794,6.000,0,0.126,6.426,0.111,0.579,1.373,0.021,1,1,1230,4140,8,190976,1524,685,813,11320,37,0,37,1,16777216,1210,0.164,0,0.175
1,1213,14878.784,level1,0,1024,640,6.885,1,6.879,6.879,8.000,0,0.131,6.230,0.047,0.584,1.297,0.008,1,1,1230,4140,8,190976,1524,685,813,11328,37,0,37,1,16777216,1211,0.169,0,0.211
1,1214,14885.477,level1,0,1024,640,6.609,1,6.612,6.612,6.000,0,0.128,6.314,0.047,0.587,1.349,0.007,1,1,1230,4140,8,190976,1524,685,813,11336,37,0,37,1,16777216,1212,0.151,0,0.198
1,1215,14892.059,level1,0,1024,640,6.659,1,6.661,6.661,7.000,0,0.122,6.236,0.048,0.574,1.126,0.008,1,1,1230,4140,8,190976,1524,685,813,11344,37,0,37,1,16777216,1213,0.165,0,0.168
1,1216,14898.593,level1,0,1024,640,6.608,1,6.595,6.595,6.000,0,0.134,6.161,0.049,0.579,1.140,0.006,1,1,1230,4140,8,190976,1524,685,813,11352,37,0,37,1,16777216,1214,0.156,0,0.181
1,1217,14904.845,level1,0,1024,640,6.505,1,6.516,6.516,7.000,0,0.128,5.919,0.038,0.572,1.104,0.007,1,1,1230,4140,8,190976,1524,685,813,11360,37,0,37,1,16777216,1215,0.160,0,0.164
1,1218,14911.337,level1,0,1024,640,6.291,1,6.247,6.247,7.000,0,0.172,6.105,0.052,0.575,1.141,0.009,1,1,1230,4140,8,190976,1524,685,813,11368,37,0,37,1,16777216,1216,0.158,0,0.158
1,1219,14917.634,level1,0,1024,640,6.482,1,6.531,6.531,6.000,0,0.123,5.935,0.038,0.573,1.135,0.007,1,1,1227,4123,8,190456,1524,686,812,11376,37,0,37,1,16777216,1217,0.165,0,0.197
1,1220,14924.034,level1,0,1024,640,6.242,1,6.257,6.257,5.000,0,0.109,6.084,0.047,0.569,1.178,0.008,1,1,1227,4123,8,190456,1524,686,812,11384,37,0,37,1,16777216,1218,0.154,0,0.157
1,1221,14930.378,level1,0,1024,640,6.446,1,6.438,6.438,7.000,0,0.114,5.982,0.045,0.584,1.127,0.008,1,1,1232,4138,8,191216,1524,685,813,11392,37,0,37,1,16777216,1219,0.149,0,0.194
1,1222,14937.015,level1,0,1024,640,6.328,1,6.319,6.319,7.000,0,0.125,6.293,0.044,0.574,1.211,0.008,1,1,1237,4186,8,192240,1524,684,814,11400,37,0,37,1,16777216,1220,0.159,0,0.169
1,1223,14943.622,level1,0,1024,640,6.619,1,6.633,6.633,6.000,0,0.112,6.276,0.050,0.582,1.200,0.007,1,1,1254,4220,8,194688,1524,667,831,11408,37,0,37,1,16777216,1221,0.251,0,0.165
1,1224,14950.128,level1,0,1024,640,6.610,1,6.611,6.611,7.000,0,0.110,6.164,0.058,0.591,1.171,0.010,1,1,1254,4220,8,194688,1524,667,831,11416,37,0,37,1,16777216,1222,0.163,0,0.169
1,1225,14956.846,level1,0,1024,640,6.520,1,6.513,6.513,7.000,0,0.117,6.335,0.083,0.588,1.161,0.015,1,1,1254,4220,8,194688,1524,667,831,11424,37,0,37,1,16777216,1223,0.166,0,0.177
1,1226,14963.451,level1,0,1024,640,6.811,1,6.786,6.786,6.000,0,0.139,6.167,0.046,0.580,1.168,0.007,1,1,1254,4220,8,194688,1524,667,831,11432,37,0,37,1,16777216,1224,0.164,0,0.242
1,1227,14970.203,level1,0,1024,640,6.516,1,6.526,6.526,7.000,0,0.128,6.395,0.055,0.866,1.512,0.010,1,1,1254,4220,8,194688,1524,667,831,11440,37,0,37,1,16777216,1225,0.150,0,0.167
1,1228,14976.917,level1,0,1024,640,6.789,1,6.786,6.786,7.000,0,0.132,6.337,0.038,0.591,1.271,0.007,1,1,1251,4203,8,194168,1524,668,830,11448,37,0,37,1,16777216,1226,0.147,0,0.199
1,1229,14983.355,level1,0,1024,640,6.648,1,6.674,6.674,6.000,0,0.110,6.125,0.039,0.593,1.185,0.007,1,1,1227,4144,8,190624,1524,690,808,11456,37,0,37,1,16777216,1227,0.165,0,0.160
1,1230,14989.752,level1,0,1024,640,6.498,1,6.497,6.497,7.000,0,0.110,6.021,0.043,0.578,1.136,0.008,1,1,1222,4129,8,189864,1524,691,807,11464,37,0,37,1,16777216,1228,0.160,0,0.219
1,1231,14996.302,level1,0,1024,640,6.380,1,6.366,6.366,7.000,0,0.121,6.196,0.038,0.585,1.206,0.007,1,1,1222,4129,8,189864,1524,691,807,11472,37,0,37,1,16777216,1229,0.168,0,0.186
1,1232,15002.900,level1,0,1024,640,6.521,1,6.529,6.529,6.000,0,0.115,6.264,0.045,0.574,1.167,0.007,1,1,1227,4177,8,190888,1524,690,808,11480,37,0,37,1,16777216,1230,0.159,0,0.166
1,1233,15009.470,level1,0,1024,640,6.755,1,6.725,6.725,6.000,0,0.147,6.072,0.052,0.613,1.194,0.007,1,1,1227,4177,8,190888,1524,690,808,11488,37,0,37,1,16777216,1231,0.166,0,0.294
1,1234,15016.127,level1,0,1024,640,6.444,1,6.472,6.472,7.000,0,0.119,6.291,0.047,0.602,1.276,0.008,1,1,1227,4177,8,190888,1524,690,808,11496,37,0,37,1,16777216,1232,0.174,0,0.196
1,1235,15022.680,level1,0,1024,640,6.661,1,6.652,6.652,6.000,0,0.127,6.178,0.052,0.597,1.134,0.008,1,1,1227,4177,8,190888,1524,690,808,11504,37,0,37,1,16777216,1233,0.158,0,0.191
1,1236,15029.000,level1,0,1024,640,6.509,1,6.526,6.526,7.000,0,0.111,6.003,0.038,0.573,1.111,0.008,1,1,1224,4160,8,190368,1524,691,807,11512,37,0,37,1,16777216,1234,0.165,0,0.164
1,1237,15035.728,level1,0,1024,640,6.344,1,6.329,6.329,6.000,0,0.125,6.375,0.049,0.570,1.217,0.010,1,1,1224,4160,8,190368,1524,691,807,11520,37,0,37,1,16777216,1235,0.169,0,0.173
1,1238,15042.330,level1,0,1024,640,6.752,1,6.744,6.744,8.000,0,0.132,6.235,0.039,0.565,1.313,0.007,1,1,1224,4160,8,190368,1524,691,807,11528,37,0,37,1,16777216,1236,0.154,0,0.188
1,1239,15048.728,level1,0,1024,640,6.598,1,6.608,6.608,5.000,0,0.124,6.012,0.059,0.632,1.240,0.007,1,1,1220,4114,8,189488,1524,692,806,11536,37,0,37,1,16777216,1237,0.161,0,0.196
1,1240,15055.346,level1,0,1024,640,6.388,1,6.376,6.376,7.000,0,0.134,6.265,0.040,0.640,1.294,0.019,1,1,1220,4114,8,189488,1524,692,806,11544,37,0,37,1,16777216,1238,0.161,0,0.173
1,1241,15062.090,level1,0,1024,640,6.598,1,6.622,6.622,7.000,0,0.112,6.403,0.047,0.610,1.337,0.011,1,1,1220,4114,8,189488,1524,692,806,11552,37,0,37,1,16777216,1239,0.165,0,0.178
1,1242,15068.704,level1,0,1024,640,6.785,1,6.773,6.773,7.000,0,0.123,6.234,0.046,0.583,1.258,0.007,1,1,1220,4114,8,189488,1524,692,806,11560,37,0,37,1,16777216,1240,0.159,0,0.206
1,1243,15075.095,level1,0,1024,640,6.576,1,6.587,6.587,6.000,0,0.112,6.058,0.037,0.567,1.136,0.008,1,1,1220,4114,8,189488,1524,692,806,11568,37,0,37,1,16777216,1241,0.162,0,0.180
1,1244,15081.647,level1,0,1024,640,6.369,1,6.372,6.372,7.000,0,0.109,6.225,0.053,0.568,1.176,0.008,1,1,1220,4114,8,189488,1524,692,806,11576,37,0,37,1,16777216,1242,0.157,0,0.161
1,1245,15088.514,level1,0,1024,640,6.588,1,6.585,6.585,6.000,0,0.112,6.508,0.050,0.572,1.124,0.009,1,1,1220,4114,8,189488,1524,692,806,11584,37,0,37,1,16777216,1243,0.163,0,0.194
1,1246,15094.849,level1,0,1024,640,6.867,1,6.837,6.837,7.000,0,0.137,5.986,0.040,0.567,1.102,0.008,1,1,1220,4114,8,189488,1524,692,806,11592,37,0,37,1,16777216,1244,0.160,0,0.163
1,1247,15101.176,level1,0,1024,640,6.301,1,6.335,6.335,6.000,0,0.109,6.011,0.040,0.562,1.099,0.007,1,1,1220,4114,8,189488,1524,692,806,11600,37,0,37,1,16777216,1245,0.166,0,0.163
1,1248,15107.456,level1,0,1024,640,6.325,1,6.324,6.324,6.000,0,0.110,5.970,0.037,0.580,1.114,0.007,1,1,1225,4129,8,190248,1524,691,807,11608,37,0,37,1,16777216,1246,0.162,0,0.160
1,1249,15113.881,level1,0,1024,640,6.273,1,6.275,6.275,6.000,0,0.109,6.114,0.045,0.565,1.199,0.008,1,1,1225,4129,8,190248,1524,691,807,11616,37,0,37,1,16777216,1247,0.157,0,0.155
1,1250,15120.529,level1,0,1024,640,6.515,1,6.499,6.499,8.000,0,0.121,6.248,0.044,0.567,1.135,0.007,1,1,1225,4129,8,190248,1524,691,807,11624,37,0,37,1,16777216,1248,0.155,0,0.228
1,1251,15127.524,level1,0,1024,640,6.646,1,6.629,6.629,6.000,0,0.137,6.320,0.319,0.569,1.325,0.028,1,1,1225,4129,8,190248,1524,691,807,11632,37,0,37,1,16777216,1249,0.153,0,0.210
1,1252,15134.775,level1,0,1024,640,7.291,1,7.157,7.157,8.000,0,0.273,6.549,0.051,0.585,1.167,0.008,1,1,1225,4129,8,190248,1524,691,807,11640,37,0,37,1,16777216,1250,0.152,0,0.368
1,1253,15141.565,level1,0,1024,640,6.897,1,7.060,7.060,7.000,0,0.113,6.438,0.054,0.620,1.169,0.008,1,1,1225,4129,8,190248,1524,691,807,11648,37,0,37,1,16777216,1251,0.278,0,0.180
1,1254,15148.311,level1,0,1024,640,6.815,1,6.793,6.793,6.000,0,0.130,6.379,0.044,0.591,1.244,0.008,1,1,1225,4129,8,190248,1524,691,807,11656,37,0,37,1,16777216,1252,0.156,0,0.184
1,1255,15157.631,level1,0,1024,640,7.410,1,7.326,7.326,7.000,0,0.216,8.267,0.067,0.683,1.573,0.013,1,1,1239,4106,8,191856,1669,818,823,11664,37,0,37,1,16777216,1253,0.165,0,0.761
1,1256,15164.895,level1,0,1024,640,8.766,1,8.812,8.812,10.000,0,0.169,6.784,0.049,0.584,1.293,0.008,1,1,1239,4106,8,191856,1669,818,823,11672,37,0,37,1,16777216,1254,0.154,0,0.255
1,1257,15171.945,level1,0,1024,640,7.163,1,7.210,7.210,6.000,0,0.124,6.662,0.058,0.581,1.141,0.030,1,1,1244,4121,8,192616,1669,817,824,11680,37,0,37,1,16777216,1255,0.164,0,0.201
1,1258,15179.150,level1,0,1024,640,7.115,1,7.064,7.064,7.000,0,0.171,6.754,0.056,0.580,1.327,0.011,1,1,1239,4106,8,191856,1669,818,823,11688,37,0,37,1,16777216,1256,0.155,0,0.213
1,1259,15186.997,level1,0,1024,640,7.309,1,7.345,7.345,8.000,0,0.137,7.286,0.062,0.688,1.594,0.011,1,1,1239,4073,8,191592,1669,818,823,11696,37,0,37,1,16777216,1257,0.166,0,0.354
1,1260,15194.023,level1,0,1024,640,7.971,1,7.934,7.934,8.000,0,0.170,6.349,0.054,0.600,1.338,0.008,1,1,1218,4031,8,188568,1537,709,802,11704,37,0,37,1,16777216,1258,0.157,0,0.435
1,1261,15200.770,level1,0,1024,640,6.829,1,6.805,6.805,6.000,0,0.194,6.275,0.046,0.564,1.130,0.007,1,1,1218,4031,8,188568,1537,709,802,11712,37,0,37,1,16777216,1259,0.155,0,0.221
1,1262,15207.900,level1,0,1024,640,6.673,1,6.751,6.751,7.000,0,0.121,6.723,0.054,0.587,1.282,0.008,1,1,1218,4031,8,188568,1537,709,802,11720,37,0,37,1,16777216,1260,0.158,0,0.224
1,1263,15214.754,level1,0,1024,640,7.193,1,7.115,7.115,7.000,0,0.197,6.386,0.052,0.562,1.178,0.008,1,1,1218,4031,8,188568,1537,709,802,11728,37,0,37,1,16777216,1261,0.164,0,0.209
1,1264,15221.286,level1,0,1024,640,6.875,1,6.892,6.892,7.000,0,0.178,6.048,0.048,0.545,1.078,0.008,1,1,1215,4007,8,187992,1537,710,801,11736,37,0,37,1,16777216,1262,0.155,0,0.248
1,1265,15228.936,level1,0,1024,640,6.542,1,6.542,6.542,7.000,0,0.178,7.141,0.063,0.548,1.245,0.011,1,1,1215,4007,8,187992,1537,710,801,11744,37,0,37,1,16777216,1263,0.152,0,0.258
1,1266,15237.256,level1,0,1024,640,7.837,1,7.806,7.806,8.000,0,0.213,7.627,0.059,0.894,2.140,0.010,1,1,1215,4007,7,187940,1536,711,800,11751,37,0,37,1,16777216,1264,0.213,0,0.414
1,1267,15243.974,level1,0,1024,640,8.060,1,8.138,8.138,8.000,0,0.125,6.300,0.045,0.557,1.242,0.007,1,1,1215,4007,7,187940,1536,711,800,11758,37,0,37,1,16777216,1265,0.160,0,0.233
1,1268,15250.780,level1,0,1024,640,6.743,1,6.691,6.691,6.000,0,0.186,6.337,0.071,0.548,1.122,0.008,1,1,1215,4007,7,187940,1536,711,800,11765,37,0,37,1,16777216,1266,0.156,0,0.207
1,1269,15257.828,level1,0,1024,640,7.134,1,7.110,7.110,7.000,0,0.203,6.276,0.046,0.555,1.109,0.008,1,1,1215,4007,7,187940,1536,711,800,11772,37,0,37,1,16777216,1267,0.165,0,0.509
1,1270,15265.097,level1,0,1024,640,6.867,1,6.876,6.876,7.000,0,0.199,6.646,0.077,0.772,1.490,0.013,1,1,1215,4007,7,187940,1536,711,800,11779,37,0,37,1,16777216,1268,0.155,0,0.338
1,1271,15275.358,level1,0,1024,640,7.173,1,7.195,7.195,7.000,0,0.168,9.704,0.104,0.779,1.896,0.017,1,1,1215,4007,7,187940,1536,711,800,11786,37,0,37,1,16777216,1269,0.162,0,0.265
1,1272,15284.688,level1,0,1024,640,10.450,1,10.400,10.400,11.000,0,0.226,8.570,0.120,0.844,1.973,0.021,1,1,1220,4022,7,188700,1536,710,801,11793,37,0,37,1,16777216,1270,0.150,0,0.403
1,1273,15293.072,level1,0,1024,640,9.450,1,9.347,9.347,9.000,0,0.329,7.553,0.070,0.578,1.196,0.012,1,1,1223,4039,7,189220,1536,709,802,11800,37,0,37,1,16777216,1271,0.153,0,0.416
1,1274,15300.646,level1,0,1024,640,8.069,1,8.213,8.213,9.000,0,0.185,7.030,0.101,0.572,1.196,0.012,1,1,1223,4039,7,189220,1536,709,802,11807,37,0,37,1,16777216,1272,0.143,0,0.247
1,1275,15307.600,level1,0,1024,640,7.781,1,7.656,7.656,7.000,0,0.310,6.195,0.109,0.572,1.101,0.014,1,1,1223,4039,7,189220,1536,709,802,11814,37,0,37,1,16777216,1273,0.166,0,0.323
1,1276,15315.707,level1,0,1024,640,6.909,1,7.054,7.054,8.000,0,0.165,7.423,0.078,0.606,1.584,0.033,1,1,1223,4039,7,189220,1536,709,802,11821,37,0,37,1,16777216,1274,0.158,0,0.432
1,1277,15323.080,level1,0,1024,640,7.958,1,7.936,7.936,7.000,0,0.186,6.866,0.052,0.579,1.110,0.008,1,1,1223,4039,7,189220,1536,709,802,11828,37,0,37,1,16777216,1275,0.735,0,0.261
1,1278,15332.054,level1,0,1024,640,7.322,1,7.327,7.327,7.000,0,0.180,8.370,0.198,0.710,1.714,0.016,1,1,1223,4039,7,189220,1536,709,802,11835,37,0,37,1,16777216,1276,0.161,0,0.215
1,1279,15339.699,level1,0,1024,640,8.989,1,9.024,9.024,10.000,0,0.140,7.124,0.101,0.567,1.809,0.021,1,1,1223,4039,7,189220,1536,709,802,11842,37,0,37,1,16777216,1277,0.160,0,0.265
1,1280,15347.964,level1,0,1024,640,7.601,1,7.620,7.620,7.000,0,0.131,7.811,0.078,0.626,1.372,0.009,1,1,1223,4039,7,189220,1536,709,802,11849,37,0,37,1,16777216,1278,0.163,0,0.241
1,1281,15356.160,level1,0,1024,640,9.463,1,8.266,8.266,8.000,0,0.188,6.559,0.063,0.775,1.317,0.010,1,1,1218,4024,7,188460,1536,710,801,11856,37,0,37,1,16777216,1279,0.170,0,0.241
1,1282,15364.509,level1,0,1024,640,8.090,1,8.392,8.392,9.000,0,0.194,6.816,0.065,0.766,1.543,0.010,1,1,1231,4032,7,190188,1536,695,816,11863,37,0,37,1,16777216,1280,0.156,0,0.434
1,1283,15373.324,level1,0,1024,640,8.288,1,8.176,8.176,8.000,0,0.195,7.302,0.105,0.759,1.446,0.013,1,1,1236,4047,7,190948,1536,694,817,11870,37,0,37,1,16777216,1281,0.156,0,0.264
1,1284,15381.972,level1,0,1024,640,8.971,1,8.803,8.803,9.000,0,0.245,7.010,0.074,0.599,1.296,0.011,1,1,1236,4047,7,190948,1536,694,817,11877,37,0,37,1,16777216,1282,0.156,0,0.252
1,1285,15391.294,level1,0,1024,640,8.474,1,8.644,8.644,9.000,0,0.128,7.853,0.081,0.608,1.302,0.012,1,1,1241,4062,7,191708,1536,693,818,11884,37,0,37,1,16777216,1283,0.162,0,0.249
1,1286,15399.977,level1,0,1024,640,9.664,1,9.365,9.365,9.000,0,0.235,6.871,0.082,0.661,1.557,0.017,1,1,1220,4020,7,188684,1536,714,797,11891,37,0,37,1,16777216,1284,0.154,0,0.290
1,1287,15409.310,level1,0,1024,640,8.427,1,8.675,8.675,9.000,0,0.149,7.760,0.098,0.659,1.567,0.016,1,1,1225,4068,7,189708,1536,713,798,11898,37,0,37,1,16777216,1285,0.170,0,0.283
1,1288,15418.754,level1,0,1024,640,9.301,1,9.361,9.361,9.000,0,0.200,7.921,0.081,0.878,2.079,0.013,1,1,1217,4029,7,188372,1536,715,796,11905,37,0,37,1,16777216,1286,0.154,0,0.310
1,1289,15427.771,level1,0,1024,640,9.488,1,9.649,9.649,9.000,0,0.249,7.412,0.119,0.849,1.792,0.010,1,1,1217,4029,7,188372,1536,715,796,11912,37,0,37,1,16777216,1287,0.187,0,0.514
1,1290,15436.392,level1,0,1024,640,8.856,1,8.798,8.798,10.000,0,0.185,7.188,0.106,0.786,1.808,0.019,1,1,1217,4029,7,188372,1536,715,796,11919,37,0,37,1,16777216,1288,0.157,0,0.297
1,1291,15449.927,level1,0,1024,640,11.746,1,8.610,8.610,8.000,0,0.199,8.949,0.135,0.641,1.502,0.019,1,1,1217,4029,7,188372,1536,715,796,11926,37,0,37,1,16777216,1289,0.168,0,0.285
1,1292,15461.783,level1,0,1024,640,10.991,1,13.683,13.683,13.000,0,0.245,9.854,0.093,0.613,1.587,0.012,1,1,1217,4029,7,188372,1536,715,796,11933,37,0,37,1,16777216,1290,0.160,0,0.432
1,1293,15474.333,level1,0,1024,640,11.934,1,11.657,11.657,12.000,0,0.126,10.413,0.151,0.941,1.859,0.024,1,1,1217,4029,7,188372,1536,715,796,11940,37,0,37,1,16777216,1291,0.170,0,0.234
1,1294,15485.837,level1,0,1024,640,13.332,1,12.659,12.659,13.000,0,0.285,8.645,0.091,0.643,1.531,0.013,1,1,1218,4031,8,188568,1537,714,797,11948,38,0,38,1,16777216,1292,0.153,0,0.343
1,1295,15493.450,level1,0,1024,640,9.303,1,11.382,11.382,11.000,0,0.227,6.944,0.103,0.577,1.134,0.028,1,1,1218,4031,8,188568,1537,714,797,11956,38,0,38,1,16777216,1293,0.171,0,0.223
1,1296,15501.134,level1,0,1024,640,7.401,1,7.588,7.588,8.000,0,0.142,7.256,0.073,0.692,1.335,0.012,1,1,1218,4031,8,188568,1537,714,797,11964,38,0,38,1,16777216,1294,0.222,0,0.197
1,1297,15509.937,level1,0,1024,640,8.702,1,7.715,7.715,8.000,0,0.191,7.366,0.065,0.917,1.571,0.011,1,1,1218,4031,8,188568,1537,714,797,11972,38,0,38,1,16777216,1295,0.217,0,0.228
1,1298,15517.633,level1,0,1024,640,7.804,1,8.785,8.785,8.000,0,0.158,7.261,0.061,0.569,1.188,0.010,1,1,1218,4031,8,188568,1537,714,797,11980,38,0,38,1,16777216,1296,0.213,0,0.211
1,1299,15524.722,level1,0,1024,640,7.725,1,7.679,7.679,8.000,0,0.119,6.635,0.051,0.568,1.147,0.008,1,1,1218,4031,8,188568,1537,714,797,11988,38,0,38,1,16777216,1297,0.215,0,0.194
1,1300,15532.856,level1,0,1024,640,7.167,1,7.163,7.163,7.000,0,0.207,7.397,0.256,0.570,1.228,0.033,1,1,1218,4031,8,188568,1537,714,797,11996,38,0,38,1,16777216,1298,0.206,0,0.267
1,1301,15541.062,level1,0,1024,640,9.357,1,8.214,8.214,9.000,0,0.154,6.445,0.057,0.613,1.191,0.010,1,1,1218,4031,8,188568,1537,714,797,12004,38,0,38,1,16777216,1299,0.216,0,0.342
1,1302,15548.747,level1,0,1024,640,6.847,1,8.064,8.064,8.000,0,0.132,7.255,0.084,0.567,1.201,0.012,1,1,1218,4031,8,188568,1537,714,797,12012,38,0,38,1,16777216,1300,0.212,0,0.206
1,1303,15555.989,level1,0,1024,640,8.363,1,8.004,8.004,7.000,0,0.398,6.170,0.050,0.576,1.132,0.008,1,1,1218,4031,8,188568,1537,714,797,12020,38,0,38,1,16777216,1301,0.216,0,0.523
1,1304,15562.625,level1,0,1024,640,6.542,1,6.892,6.892,7.000,0,0.139,6.259,0.053,0.579,1.124,0.008,1,1,1218,4031,8,188568,1537,714,797,12028,38,0,38,1,16777216,1302,0.211,0,0.175
1,1305,15569.742,level1,0,1024,640,6.772,1,6.755,6.755,7.000,0,0.151,6.611,0.048,0.779,1.577,0.009,1,1,1218,4031,8,188568,1537,714,797,12036,38,0,38,1,16777216,1303,0.216,0,0.289
1,1306,15576.618,level1,0,1024,640,6.983,1,7.013,7.013,7.000,0,0.129,6.498,0.055,0.565,1.290,0.008,1,1,1218,4031,8,188568,1537,714,797,12044,38,0,38,1,16777216,1304,0.199,0,0.190
1,1307,15582.987,level1,0,1024,640,6.875,1,6.854,6.854,7.000,0,0.149,6.005,0.042,0.561,1.112,0.007,1,1,1218,4031,8,188568,1537,714,797,12052,38,0,38,1,16777216,1305,0.221,0,0.168
1,1308,15589.836,level1,0,1024,640,6.364,1,6.398,6.398,7.000,0,0.116,6.462,0.068,0.639,1.455,0.011,1,1,1218,4031,8,188568,1537,714,797,12060,38,0,38,1,16777216,1306,0.205,0,0.197
1,1309,15597.956,level1,0,1024,640,8.173,1,7.691,7.691,7.000,0,0.122,6.421,0.058,0.564,1.398,0.016,1,1,1218,4031,8,188568,1537,714,797,12068,38,0,38,1,16777216,1307,0.212,0,1.039
1,1310,15605.826,level1,0,1024,640,6.966,1,7.372,7.372,8.000,0,0.189,7.232,0.150,0.565,1.619,0.015,1,1,1218,4031,8,188568,1537,714,797,12076,38,0,38,1,16777216,1308,0.200,0,0.289
1,1311,15614.614,level1,0,1024,640,8.151,1,8.138,8.138,8.000,0,0.203,7.897,0.123,0.589,1.169,0.012,1,1,1218,4031,8,188568,1537,714,797,12084,38,0,38,1,16777216,1309,0.209,0,0.556
1,1312,15623.144,level1,0,1024,640,9.824,1,8.427,8.427,8.000,0,0.129,6.633,0.093,0.663,1.225,0.009,1,1,1218,4031,8,188568,1537,714,797,12092,38,0,38,1,16777216,1310,0.194,0,0.198
1,1313,15634.166,level1,0,1024,640,9.413,1,8.607,8.607,9.000,0,0.207,8.202,0.132,0.829,1.816,0.017,1,1,1223,4079,8,189592,1537,713,798,12100,38,0,38,1,16777216,1311,0.213,0,0.273
1,1314,15645.264,level1,0,1024,640,11.563,1,11.036,11.036,10.000,0,0.219,7.758,0.110,0.625,1.336,0.012,1,1,1223,4079,8,189592,1537,713,798,12108,38,0,38,1,16777216,1312,0.196,0,0.289
1,1315,15654.450,level1,0,1024,640,9.540,1,11.230,11.230,12.000,0,0.161,7.230,0.281,0.562,1.243,0.041,1,1,1233,4142,8,191376,1537,711,800,12116,38,0,38,1,16777216,1313,0.218,0,0.421
1,1316,15662.996,level1,0,1024,640,8.844,1,9.788,9.788,10.000,0,0.145,7.153,0.064,0.624,1.426,0.010,1,1,1249,4174,8,193680,1537,695,816,12124,38,0,38,1,16777216,1314,0.211,0,1.021
1,1317,15671.872,level1,0,1024,640,8.835,1,7.747,7.747,8.000,0,0.132,7.163,0.094,0.617,1.483,0.013,1,1,1249,4174,8,193680,1537,695,816,12132,38,0,38,1,16777216,1315,0.207,0,0.224
1,1318,15681.213,level1,0,1024,640,9.123,1,8.894,8.894,8.000,0,0.136,7.404,0.072,0.596,1.288,0.011,1,1,1249,4174,8,193680,1537,695,816,12140,38,0,38,1,16777216,1316,0.207,0,0.243
1,1319,15690.153,level1,0,1024,640,8.999,1,9.361,9.361,10.000,0,0.141,7.337,0.078,0.602,1.525,0.015,1,1,1254,4222,8,194704,1537,694,817,12148,38,0,38,1,16777216,1317,0.214,0,0.263
1,1320,15699.224,level1,0,1024,640,9.446,1,9.135,9.135,9.000,0,0.214,6.949,0.092,0.615,1.376,0.014,1,1,1254,4222,8,194704,1537,694,817,12156,38,0,38,1,16777216,1318,0.210,0,0.449
1,1321,15708.262,level1,0,1024,640,8.493,1,8.869,8.869,9.000,0,0.130,7.378,0.207,1.065,1.717,0.014,1,1,1254,4222,8,194704,1537,694,817,12164,38,0,38,1,16777216,1319,0.212,0,0.256
1,1322,15717.131,level1,0,1024,640,9.079,1,9.383,9.383,10.000,0,0.189,7.263,0.113,0.668,1.382,0.012,1,1,1246,4183,8,193368,1537,696,815,12172,38,0,38,1,16777216,1320,0.209,0,0.600
1,1323,15726.854,level1,0,1024,640,9.041,1,8.475,8.475,8.000,0,0.139,7.956,0.099,0.605,1.195,0.011,1,1,1246,4183,8,193368,1537,696,815,12180,38,0,38,1,16777216,1321,0.209,0,0.207
1,1324,15735.271,level1,0,1024,640,9.737,1,9.730,9.730,9.000,0,0.125,6.642,0.095,0.641,1.214,0.012,1,1,1220,4126,8,189584,1443,625,793,12188,38,0,38,1,16777216,1322,0.210,0,0.214
1,1325,15744.048,level1,0,1024,640,8.602,1,8.432,8.432,9.000,0,0.128,6.807,0.104,0.672,1.622,0.014,1,1,1220,4126,8,189584,1443,625,793,12196,38,0,38,1,16777216,1323,0.214,0,0.229
1,1326,15753.872,level1,0,1024,640,9.531,1,8.950,8.950,9.000,0,0.216,7.130,0.075,0.618,1.446,0.012,1,1,1217,4102,8,189008,1443,626,792,12204,38,0,38,1,16777216,1324,0.203,0,0.402
1,1327,15762.027,level1,0,1024,640,8.617,1,9.654,9.654,9.000,0,0.142,6.650,0.094,0.562,1.515,0.014,1,1,1217,4102,8,189008,1443,626,792,12212,38,0,38,1,16777216,1325,0.208,0,0.232
1,1328,15770.134,level1,0,1024,640,7.900,1,8.229,8.229,9.000,0,0.178,6.876,0.075,0.638,1.610,0.013,1,1,1217,4102,8,189008,1443,626,792,12220,38,0,38,1,16777216,1326,0.208,0,0.305
1,1329,15777.694,level1,0,1024,640,7.952,1,8.031,8.031,8.000,0,0.163,6.497,0.062,0.618,1.280,0.010,1,1,1217,4102,8,189008,1443,626,792,12228,38,0,38,1,16777216,1327,0.212,0,0.228
1,1330,15786.110,level1,0,1024,640,7.734,1,7.888,7.888,8.000,0,0.161,7.173,0.068,0.569,1.138,0.011,1,1,1217,4102,8,189008,1443,626,792,12236,38,0,38,1,16777216,1328,0.207,0,0.556
1,1331,15793.209,level1,0,1024,640,7.728,1,8.084,8.084,7.000,0,0.151,6.513,0.098,0.570,1.198,0.031,1,1,1214,4078,8,188432,1443,627,791,12244,38,0,38,1,16777216,1329,0.221,0,0.225
1,1332,15800.595,level1,0,1024,640,7.292,1,7.277,7.277,8.000,0,0.269,6.642,0.063,0.632,1.382,0.010,1,1,1214,4078,8,188432,1443,627,791,12252,38,0,38,1,16777216,1330,0.212,0,0.402
1,1333,15808.263,level1,0,1024,640,7.719,1,7.203,7.203,7.000,0,0.167,6.605,0.049,0.572,1.301,0.008,1,1,1214,4078,8,188432,1443,627,791,12260,38,0,38,1,16777216,1331,0.226,0,0.220
1,1334,15815.952,level1,0,1024,640,7.291,1,7.689,7.689,7.000,0,0.385,6.985,0.067,0.565,1.225,0.010,1,1,1214,4078,8,188432,1443,627,791,12268,38,0,38,1,16777216,1332,0.201,0,0.229
1,1335,15824.941,level1,0,1024,640,7.892,1,7.696,7.696,8.000,0,0.182,8.065,0.083,0.919,2.358,0.018,1,1,1214,4078,8,188432,1443,627,791,12276,38,0,38,1,16777216,1333,0.215,0,0.247
1,1336,15832.715,level1,0,1024,640,8.738,1,9.087,9.087,9.000,0,0.229,7.134,0.051,0.571,1.407,0.008,1,1,1222,4112,8,189728,1443,626,792,12284,38,0,38,1,16777216,1334,0.220,0,0.335
1,1337,15839.560,level1,0,1024,640,7.535,1,7.640,7.640,8.000,0,0.132,6.382,0.112,0.561,1.244,0.007,1,1,1222,4112,8,189728,1443,626,792,12292,38,0,38,1,16777216,1335,0.231,0,0.213
1,1338,15846.639,level1,0,1024,640,6.918,1,6.922,6.922,7.000,0,0.123,6.605,0.052,0.616,1.170,0.008,1,1,1222,4112,8,189728,1443,626,792,12300,38,0,38,1,16777216,1336,0.211,0,0.290
1,1339,15854.385,level1,0,1024,640,7.063,1,7.006,7.006,7.000,0,0.184,7.285,0.054,0.595,1.733,0.010,1,1,1222,4112,8,189728,1443,626,792,12308,38,0,38,1,16777216,1337,0.255,0,0.215
1,1340,15862.051,level1,0,1024,640,7.684,1,7.751,7.751,8.000,0,0.119,7.244,0.077,0.588,1.215,0.009,1,1,1222,4112,8,189728,1443,626,792,12316,38,0,38,1,16777216,1338,0.206,0,0.222
1,1341,15870.260,level1,0,1024,640,7.937,1,7.664,7.664,8.000,0,0.135,7.469,0.121,0.659,1.613,0.011,1,1,1222,4112,8,189728,1443,626,792,12324,38,0,38,1,16777216,1339,0.214,0,0.220
1,1342,15878.134,level1,0,1024,640,8.658,1,8.219,8.219,8.000,0,0.159,6.726,0.082,0.588,1.661,0.028,1,1,1222,4112,8,189728,1443,626,792,12332,38,0,38,1,16777216,1340,0.204,0,0.229
1,1343,15884.972,level1,0,1024,640,7.256,1,7.948,7.948,8.000,0,0.138,6.343,0.048,0.631,1.296,0.008,1,1,1227,4127,8,190488,1443,625,793,12340,38,0,38,1,16777216,1341,0.214,0,0.303
1,1344,15892.135,level1,0,1024,640,6.729,1,6.746,6.746,7.000,0,0.123,6.762,0.063,0.563,1.393,0.010,1,1,1227,4127,8,190488,1443,625,793,12348,38,0,38,1,16777216,1342,0.206,0,0.212
1,1345,15898.809,level1,0,1024,640,7.202,1,7.173,7.173,6.000,0,0.145,6.243,0.054,0.573,1.129,0.018,1,1,1227,4127,8,190488,1443,625,793,12356,38,0,38,1,16777216,1343,0.218,0,0.222
1,1346,15905.349,level1,0,1024,640,6.630,1,6.655,6.655,7.000,0,0.120,6.153,0.054,0.565,1.124,0.010,1,1,1227,4127,8,190488,1443,625,793,12364,38,0,38,1,16777216,1344,0.206,0,0.204
1,1347,15912.986,level1,0,1024,640,7.490,1,6.541,6.541,7.000,0,0.124,6.273,0.080,0.609,1.159,0.008,1,1,1227,4127,8,190488,1443,625,793,12372,38,0,38,1,16777216,1345,0.217,0,0.204
1,1348,15920.453,level1,0,1024,640,6.861,1,7.727,7.727,7.000,0,0.203,6.895,0.064,0.653,1.309,0.009,1,1,1224,4110,8,189968,1443,626,792,12380,38,0,38,1,16777216,1346,0.207,0,0.294
1,1349,15927.754,level1,0,1024,640,7.554,1,7.623,7.623,8.000,0,0.132,6.650,0.057,0.856,1.428,0.008,1,1,1229,4125,8,190728,1443,625,793,12388,38,0,38,1,16777216,1347,0.218,0,0.450
1,1350,15935.184,level1,0,1024,640,7.001,1,7.026,7.026,7.000,0,0.115,7.079,0.056,0.577,1.250,0.008,1,1,1223,4075,8,189560,1443,626,792,12396,38,0,38,1,16777216,1348,0.212,0,0.175
1,1351,15942.094,level1,0,1024,640,7.496,1,7.484,7.484,8.000,0,0.127,6.503,0.046,0.579,1.138,0.007,1,1,1223,4075,8,189560,1443,626,792,12404,38,0,38,1,16777216,1349,0.214,0,0.229
1,1352,15948.608,level1,0,1024,640,6.892,1,6.876,6.876,7.000,0,0.140,6.094,0.077,0.564,1.136,0.007,1,1,1238,4105,8,191720,1443,611,807,12412,38,0,38,1,16777216,1350,0.157,0,0.195
1,1353,15955.963,level1,0,1024,640,6.546,1,6.574,6.574,6.000,0,0.115,6.925,0.055,0.569,1.205,0.009,1,1,1238,4105,8,191720,1443,611,807,12420,38,0,38,1,16777216,1351,0.167,0,0.254
1,1354,15963.804,level1,0,1024,640,7.415,1,7.306,7.306,7.000,0,0.220,7.147,0.258,0.620,1.629,0.013,1,1,1243,4120,8,192480,1443,610,808,12428,38,0,38,1,16777216,1352,0.192,0,0.202
1,1355,15971.087,level1,0,1024,640,7.945,1,7.860,7.860,8.000,0,0.145,6.671,0.064,0.655,1.243,0.010,1,1,1248,4135,8,193240,1443,609,809,12436,38,0,38,1,16777216,1353,0.169,0,0.223
1,1356,15978.772,level1,0,1024,640,7.473,1,7.286,7.286,7.000,0,0.191,6.898,0.057,0.593,1.213,0.008,1,1,1248,4135,8,193240,1443,609,809,12444,38,0,38,1,16777216,1354,0.164,0,0.227
1,1357,15986.577,level1,0,1024,640,8.334,1,7.761,7.761,8.000,0,0.141,6.357,0.071,0.572,1.205,0.012,1,1,1248,4135,8,193240,1443,609,809,12452,38,0,38,1,16777216,1355,0.163,0,0.303
1,1358,15994.912,level1,0,1024,640,7.808,1,7.783,7.783,8.000,0,0.200,6.883,0.071,1.061,1.684,0.011,1,1,1227,4093,8,190216,1443,630,788,12460,38,0,38,1,16777216,1356,0.159,0,0.280
1,1359,16002.725,level1,0,1024,640,8.197,1,8.269,8.269,9.000,0,0.145,6.471,0.097,0.593,1.336,0.018,1,1,1222,4045,8,189192,1443,631,787,12468,38,0,38,1,16777216,1357,0.164,0,0.215
1,1360,16010.462,level1,0,1024,640,7.885,1,7.923,7.923,8.000,0,0.529,6.362,0.059,0.610,1.359,0.012,1,1,1217,4030,8,188432,1443,632,786,12476,38,0,38,1,16777216,1358,0.147,0,0.325
1,1361,16018.055,level1,0,1024,640,7.394,1,7.798,7.798,7.000,0,0.232,6.558,0.063,0.657,1.203,0.011,1,1,1217,4030,8,188432,1443,632,786,12484,38,0,38,1,16777216,1359,0.149,0,0.383
1,1362,16025.362,level1,0,1024,640,7.344,1,7.420,7.420,7.000,0,0.146,6.532,0.052,0.561,1.138,0.009,1,1,1217,4030,8,188432,1443,632,786,12492,38,0,38,1,16777216,1360,0.738,0,0.214
1,1363,16032.680,level1,0,1024,640,6.908,1,7.293,7.293,8.000,0,0.119,6.934,0.059,0.602,1.170,0.008,1,1,1217,4030,8,188432,1443,632,786,12500,38,0,38,1,16777216,1361,0.170,0,0.201
1,1364,16039.115,level1,0,1024,640,7.319,1,7.323,7.323,7.000,0,0.116,6.071,0.038,0.552,1.104,0.007,1,1,1217,4030,8,188432,1443,632,786,12508,38,0,38,1,16777216,1362,0.156,0,0.205
1,1365,16046.748,level1,0,1024,640,6.586,1,6.439,6.439,6.000,0,0.255,7.079,0.075,0.905,1.700,0.016,1,1,1217,4030,8,188432,1443,632,786,12516,38,0,38,1,16777216,1363,0.163,0,0.209
1,1366,16054.893,level1,0,1024,640,7.781,1,7.828,7.828,8.000,0,0.198,7.446,0.074,0.735,1.594,0.010,1,1,1217,4030,8,188432,1443,632,786,12524,38,0,38,1,16777216,1364,0.146,0,0.403
1,1367,16062.280,level1,0,1024,640,7.996,1,8.060,8.060,9.000,0,0.145,6.852,0.059,0.612,1.381,0.010,1,1,1217,4030,8,188432,1443,632,786,12532,38,0,38,1,16777216,1365,0.157,0,0.319
1,1368,16069.723,level1,0,1024,640,7.421,1,7.299,7.299,7.000,0,0.268,6.848,0.082,0.651,1.288,0.010,1,1,1217,4030,8,188432,1443,632,786,12540,38,0,38,1,16777216,1366,0.158,0,0.231
1,1369,16077.828,level1,0,1024,640,8.353,1,7.473,7.473,7.000,0,0.131,6.615,0.070,0.573,1.271,0.010,1,1,1217,4030,8,188432,1443,632,786,12548,38,0,38,1,16777216,1367,0.161,0,0.262
1,1370,16086.834,level1,0,1024,640,8.653,1,8.205,8.205,9.000,0,0.934,6.985,0.053,0.550,1.305,0.009,1,1,1217,4030,8,188432,1443,632,786,12556,38,0,38,1,16777216,1368,0.218,0,0.358
1,1371,16093.922,level1,0,1024,640,7.379,1,8.859,8.859,8.000,0,0.121,6.695,0.053,0.560,1.167,0.009,1,1,1217,4030,8,188432,1443,632,786,12564,38,0,38,1,16777216,1369,0.151,0,0.215
1,1372,16100.782,level1,0,1024,640,7.438,1,7.262,7.262,8.000,0,0.201,6.118,0.052,0.625,1.188,0.010,1,1,1217,4030,8,188432,1443,632,786,12572,38,0,38,1,16777216,1370,0.153,0,0.379
1,1373,16110.087,level1,0,1024,640,7.257,1,6.712,6.712,6.000,0,0.133,7.693,0.523,0.619,1.637,0.015,1,1,1217,4030,8,188432,1443,632,786,12580,38,0,38,1,16777216,1371,0.170,0,0.239
1,1374,16119.968,level1,0,1024,640,10.751,1,9.378,9.378,9.000,0,0.146,7.256,0.091,0.574,1.170,0.012,1,1,1217,4030,8,188432,1443,632,786,12588,38,0,38,1,16777216,1372,0.161,0,0.313
1,1375,16127.504,level1,0,1024,640,8.399,1,9.792,9.792,11.000,0,0.161,6.419,0.064,0.587,1.193,0.011,1,1,1217,4030,8,188432,1443,632,786,12596,38,0,38,1,16777216,1373,0.164,0,0.224
1,1376,16134.725,level1,0,1024,640,6.819,1,7.520,7.520,6.000,0,0.121,6.816,0.070,0.600,1.285,0.010,1,1,1217,4030,8,188432,1443,632,786,12604,38,0,38,1,16777216,1374,0.153,0,0.209
1,1377,16143.912,level1,0,1024,640,9.348,1,7.210,7.210,8.000,0,0.133,6.606,0.118,0.550,1.556,0.020,1,1,1217,4030,8,188432,1443,632,786,12612,38,0,38,1,16777216,1375,0.161,0,0.197
1,1378,16152.060,level1,0,1024,640,7.895,1,9.204,9.204,9.000,0,0.214,6.918,0.059,0.674,1.502,0.010,1,1,1217,4030,8,188432,1443,632,786,12620,38,0,38,1,16777216,1376,0.150,0,0.214
1,1379,16159.551,level1,0,1024,640,7.318,1,8.136,8.136,8.000,0,0.128,7.093,0.057,0.572,1.175,0.008,1,1,1217,4030,8,188432,1443,632,786,12628,38,0,38,1,16777216,1377,0.168,0,0.202
1,1380,16166.621,level1,0,1024,640,7.594,1,7.525,7.525,8.000,0,0.201,6.583,0.044,0.573,1.178,0.008,1,1,1232,4060,8,190592,1443,617,801,12636,38,0,38,1,16777216,1378,0.157,0,0.234
1,1381,16173.760,level1,0,1024,640,7.007,1,7.076,7.076,7.000,0,0.133,6.704,0.054,0.564,1.223,0.008,1,1,1232,4027,8,190328,1443,617,801,12644,38,0,38,1,16777216,1379,0.167,0,0.242
1,1382,16183.261,level1,0,1024,640,9.984,1,7.074,7.074,7.000,0,0.198,6.178,0.097,0.560,1.297,0.014,1,1,1227,4012,8,189568,1443,618,800,12652,38,0,38,1,16777216,1380,0.223,0,0.178
1,1383,16190.370,level1,0,1024,640,7.186,1,9.527,9.527,10.000,0,0.234,6.121,0.076,0.607,1.188,0.011,1,1,1227,4012,8,189568,1443,618,800,12660,38,0,38,1,16777216,1381,0.156,0,0.204
1,1384,16197.341,level1,0,1024,640,6.661,1,7.212,7.212,7.000,0,0.151,6.457,0.051,0.585,1.327,0.007,1,1,1227,4012,8,189568,1443,618,800,12668,38,0,38,1,16777216,1382,0.156,0,0.307
1,1385,16206.642,level1,0,1024,640,9.047,1,6.919,6.919,6.000,0,0.204,6.693,0.070,0.612,1.709,0.012,1,1,1232,4027,8,190328,1443,617,801,12676,38,0,38,1,16777216,1383,0.162,0,0.255
1,1386,16214.386,level1,0,1024,640,7.908,1,9.266,9.266,10.000,0,0.126,6.527,0.071,0.590,1.408,0.012,1,1,1218,3991,8,188248,1443,637,781,12684,38,0,38,1,16777216,1384,0.162,0,0.220
1,1387,16222.933,level1,0,1024,640,8.084,1,7.751,7.751,7.000,0,0.301,6.898,0.162,0.628,1.437,0.043,1,1,1218,3991,8,188248,1443,637,781,12692,38,0,38,1,16777216,1385,0.155,0,0.226
1,1388,16232.610,level1,0,1024,640,9.626,1,8.602,8.602,9.000,0,0.167,7.021,0.090,0.581,1.151,0.012,1,1,1215,3967,8,187672,1443,638,780,12700,38,0,38,1,16777216,1386,0.156,0,0.279
1,1389,16240.344,level1,0,1024,640,8.118,1,9.625,9.625,11.000,0,0.132,6.661,0.059,0.618,1.334,0.010,1,1,1215,3967,8,187672,1443,638,780,12708,38,0,38,1,16777216,1387,0.165,0,0.229
1,1390,16248.523,level1,0,1024,640,7.186,1,7.808,7.808,6.000,0,0.148,7.141,0.578,0.564,1.329,0.037,1,1,1215,3967,8,187672,1443,638,780,12716,38,0,38,1,16777216,1388,0.156,0,0.303
1,1391,16259.567,level1,0,1024,640,8.292,1,8.214,8.214,9.000,0,0.226,10.316,0.156,0.903,2.031,0.018,1,1,1215,3967,8,187672,1443,638,780,12724,38,0,38,1,16777216,1389,0.174,0,0.338
1,1392,16269.058,level1,0,1024,640,13.211,1,11.143,11.143,11.000,0,0.273,6.641,0.108,0.629,1.181,0.015,1,1,1210,3952,8,186912,1443,639,779,12732,38,0,38,1,16777216,1390,0.152,0,0.430
1,1393,16276.979,level1,0,1024,640,8.260,1,9.337,9.337,9.000,0,0.193,6.335,0.080,0.563,1.385,0.017,1,1,1210,3952,8,186912,1443,639,779,12740,38,0,38,1,16777216,1391,0.167,0,0.284
1,1394,16284.783,level1,0,1024,640,6.881,1,7.960,7.960,8.000,0,0.137,7.266,0.071,0.581,1.615,0.012,1,1,1210,3952,8,186912,1443,639,779,12748,38,0,38,1,16777216,1392,0.160,0,0.323
1,1395,16295.187,level1,0,1024,640,10.054,1,7.698,7.698,8.000,0,0.132,7.543,0.144,0.955,1.903,0.015,1,1,1210,3952,8,186912,1443,639,779,12756,38,0,38,1,16777216,1393,0.154,0,0.218
1,1396,16303.618,level1,0,1024,640,8.762,1,10.522,10.522,11.000,0,0.258,7.261,0.094,0.642,1.943,0.013,1,1,1210,3952,8,186912,1443,639,779,12764,38,0,38,1,16777216,1394,0.157,0,0.334
1,1397,16311.420,level1,0,1024,640,7.736,1,8.317,8.317,8.000,0,0.152,7.365,0.057,0.590,1.117,0.008,1,1,1210,3952,8,186912,1443,639,779,12772,38,0,38,1,16777216,1395,0.164,0,0.221
1,1398,16318.017,level1,0,1024,640,7.768,1,7.775,7.775,7.000,0,0.146,6.209,0.043,0.561,1.208,0.007,1,1,1210,3952,8,186912,1443,639,779,12780,38,0,38,1,16777216,1396,0.154,0,0.194
1,1399,16327.783,level1,0,1024,640,8.561,1,6.580,6.580,8.000,0,0.143,7.378,0.078,0.788,1.608,0.012,1,1,1215,3967,8,187672,1443,638,780,12788,38,0,38,1,16777216,1397,0.160,0,0.178
1,1400,16335.902,level1,0,1024,640,8.510,1,9.810,9.810,9.000,0,0.153,7.008,0.058,0.568,1.163,0.010,1,1,1215,3967,8,187672,1443,638,780,12796,38,0,38,1,16777216,1398,0.156,0,0.220
1,1401,16343.141,level1,0,1024,640,7.421,1,8.120,8.120,8.000,0,0.129,6.820,0.064,0.566,1.386,0.010,1,1,1215,3967,8,187672,1443,638,780,12804,38,0,38,1,16777216,1399,0.159,0,0.222
1,1402,16353.292,level1,0,1024,640,10.179,1,7.278,7.278,7.000,0,0.196,6.763,0.092,0.610,1.181,0.013,1,1,1215,3967,8,187672,1443,638,780,12812,38,0,38,1,16777216,1400,0.138,0,0.260
1,1403,16361.882,level1,0,1024,640,7.828,1,10.187,10.187,11.000,0,0.232,7.531,0.085,0.633,1.502,0.012,1,1,1215,3967,8,187672,1443,638,780,12820,38,0,38,1,16777216,1401,0.168,0,0.296
1,1404,16369.778,level1,0,1024,640,8.029,1,8.560,8.560,8.000,0,0.135,6.452,1.030,0.561,1.256,0.024,1,1,1215,3967,8,187672,1443,638,780,12828,38,0,38,1,16777216,1402,0.147,0,0.266
1,1405,16378.281,level1,0,1024,640,9.557,1,7.819,7.819,8.000,0,0.133,6.327,0.103,0.581,1.295,0.019,1,1,1229,3995,8,189688,1443,624,794,12836,38,0,38,1,16777216,1403,0.167,0,0.191
1,1406,16385.731,level1,0,1024,640,7.718,1,8.689,8.689,8.000,0,0.423,6.115,0.047,0.574,1.120,0.008,1,1,1229,3995,8,189688,1443,624,794,12844,38,0,38,1,16777216,1404,0.150,0,0.376
1,1407,16392.457,level1,0,1024,640,6.538,1,7.258,7.258,8.000,0,0.187,6.293,0.057,0.587,1.135,0.009,1,1,1224,3980,8,188928,1443,625,793,12852,38,0,38,1,16777216,1405,0.164,0,0.184
1,1408,16399.545,level1,0,1024,640,6.821,1,6.809,6.809,7.000,0,0.193,6.544,0.072,0.607,1.538,0.054,1,1,1224,3980,8,188928,1443,625,793,12860,38,0,38,1,16777216,1406,0.154,0,0.265
1,1409,16406.796,level1,0,1024,640,6.942,1,7.008,7.008,7.000,0,0.133,6.857,0.069,0.588,1.183,0.009,1,1,1224,3980,8,188928,1443,625,793,12868,38,0,38,1,16777216,1407,0.163,0,0.188
1,1410,16415.708,level1,0,1024,640,9.319,1,7.313,7.313,7.000,0,0.154,6.398,0.120,0.545,1.541,0.018,1,1,1208,3986,8,186928,1443,645,773,12876,38,0,38,1,16777216,1408,0.141,0,0.248
1,1411,16423.854,level1,0,1024,640,7.425,1,9.060,9.060,9.000,0,0.319,7.082,0.156,0.559,1.546,0.040,1,1,1208,3986,8,186928,1443,645,773,12884,38,0,38,1,16777216,1409,0.146,0,0.397
1,1412,16431.057,level1,0,1024,640,7.575,1,7.953,7.953,8.000,0,0.125,6.791,0.076,0.580,1.588,0.015,1,1,1215,3992,8,187872,1443,644,774,12892,38,0,38,1,16777216,1410,0.155,0,0.204
1,1413,16440.559,level1,0,1024,640,9.297,1,7.228,7.228,8.000,0,0.142,6.995,0.077,0.821,1.711,0.011,1,1,1215,3992,8,187872,1443,644,774,12900,38,0,38,1,16777216,1411,0.157,0,0.230
1,1414,16448.886,level1,0,1024,640,8.079,1,9.561,9.561,10.000,0,0.189,7.010,0.309,0.565,1.746,0.014,1,1,1205,3962,8,186352,1443,646,772,12908,38,0,38,1,16777216,1412,0.152,0,0.288
1,1415,16457.780,level1,0,1024,640,7.988,1,8.510,8.510,7.000,0,0.191,8.063,0.163,0.538,1.359,0.016,1,1,1200,3914,8,185328,1443,647,771,12916,38,0,38,1,16777216,1413,0.148,0,0.470
1,1416,16465.502,level1,0,1024,640,8.668,1,8.701,8.701,10.000,0,0.160,7.158,0.121,0.528,1.757,0.017,1,1,1200,3914,8,185328,1443,647,771,12924,38,0,38,1,16777216,1414,0.162,0,0.271
1,1417,16476.504,level1,0,1024,640,10.363,1,7.707,7.707,7.000,0,0.182,7.826,0.093,0.542,1.307,0.013,1,1,1200,3914,8,185328,1443,647,771,12932,38,0,38,1,16777216,1415,0.244,0,0.262
1,1418,16487.869,level1,0,1024,640,9.146,1,10.982,10.982,11.000,0,0.192,10.000,0.136,1.010,2.206,0.022,1,1,1195,3899,8,184568,1443,648,770,12940,38,0,38,1,16777216,1416,0.161,0,0.241
1,1419,16499.533,level1,0,1024,640,13.889,1,11.460,11.460,12.000,0,0.316,7.800,0.111,0.593,1.304,0.016,1,1,1195,3899,8,184568,1443,648,770,12948,38,0,38,1,16777216,1417,0.171,0,0.336
1,1420,16507.194,level1,0,1024,640,9.064,1,11.649,11.649,11.000,0,0.247,6.447,0.062,0.558,1.098,0.012,1,1,1195,3899,8,184568,1443,648,770,12956,38,0,38,1,16777216,1418,0.176,0,0.322
1,1421,16514.683,level1,0,1024,640,6.845,1,7.545,7.545,7.000,0,0.124,7.015,0.133,0.539,1.318,0.012,1,1,1195,3899,8,184568,1443,648,770,12964,38,0,38,1,16777216,1419,0.162,0,0.207
1,1422,16521.662,level1,0,1024,640,7.952,1,7.847,7.847,9.000,0,0.206,6.128,0.052,0.549,1.092,0.009,1,1,1195,3899,8,184568,1443,648,770,12972,38,0,38,1,16777216,1420,0.157,0,0.565
1,1423,16530.904,level1,0,1024,640,8.740,1,6.612,6.612,6.000,0,0.121,6.584,0.098,0.621,1.278,0.014,1,1,1195,3899,8,184568,1443,648,770,12980,38,0,38,1,16777216,1421,0.158,0,0.199
1,1424,16538.318,level1,0,1024,640,7.569,1,9.296,9.296,9.000,0,0.154,6.431,0.096,0.528,1.463,0.018,1,1,1195,3899,8,184568,1443,648,770,12988,38,0,38,1,16777216,1422,0.151,0,0.252
1,1425,16546.595,level1,0,1024,640,7.118,1,7.588,7.588,8.000,0,0.154,7.622,0.064,0.671,1.459,0.012,1,1,1200,3914,8,185328,1443,647,771,12996,38,0,38,1,16777216,1423,0.161,0,0.426
1,1426,16553.787,level1,0,1024,640,8.036,1,8.073,8.073,8.000,0,0.121,6.785,0.057,0.545,1.136,0.010,1,1,1200,3914,8,185328,1443,647,771,13004,38,0,38,1,16777216,1424,0.825,0,0.223
1,1427,16562.927,level1,0,1024,640,9.066,1,7.188,7.188,8.000,0,0.138,6.731,0.184,0.650,1.562,0.012,1,1,1195,3899,8,184568,1443,648,770,13012,38,0,38,1,16777216,1425,0.162,0,0.220
1,1428,16570.283,level1,0,1024,640,8.274,1,9.330,9.330,8.000,0,0.264,5.945,0.054,0.533,1.145,0.009,1,1,1190,3884,7,183756,1442,650,768,13019,38,0,38,1,16777216,1426,0.151,0,0.406
1,1429,16577.727,level1,0,1024,640,6.323,1,7.146,7.146,8.000,0,0.119,7.049,0.070,0.754,1.608,0.012,1,1,1185,3836,7,182732,1442,651,767,13026,38,0,38,1,16777216,1427,0.160,0,0.198
1,1430,16586.873,level1,0,1024,640,9.431,1,7.577,7.577,7.000,0,0.162,6.728,0.106,0.621,1.221,0.022,1,1,1204,3879,7,185508,1442,636,782,13033,38,0,38,1,16777216,1428,0.147,0,0.330
1,1431,16594.907,level1,0,1024,640,7.887,1,9.216,9.216,9.000,0,0.214,6.917,0.064,1.049,1.584,0.011,1,1,1205,3881,8,185704,1443,635,783,13041,39,0,39,1,16777216,1429,0.159,0,0.402
1,1432,16602.817,level1,0,1024,640,8.255,1,8.773,8.773,9.000,0,0.127,6.586,0.050,0.554,1.085,0.008,1,1,1205,3881,8,185704,1443,635,783,13049,39,0,39,1,16777216,1430,0.145,0,1.140
1,1433,16609.856,level1,0,1024,640,6.996,1,6.940,6.940,7.000,0,0.184,6.617,0.062,0.636,1.230,0.011,1,1,1210,3929,8,186728,1443,634,784,13057,39,0,39,1,16777216,1431,0.221,0,0.171
1,1434,16619.791,level1,0,1024,640,9.871,1,7.240,7.240,8.000,0,0.213,6.661,0.083,0.720,1.352,0.014,1,1,1210,3929,8,186728,1443,634,784,13065,39,0,39,1,16777216,1432,0.200,0,0.370
1,1435,16627.311,level1,0,1024,640,7.610,1,9.771,9.771,9.000,0,0.126,6.575,0.079,0.615,1.515,0.013,1,1,1194,3902,8,184464,1443,654,764,13073,39,0,39,1,16777216,1433,0.215,0,0.207
1,1436,16635.930,level1,0,1024,640,7.346,1,7.713,7.713,7.000,0,0.281,7.794,0.130,0.557,1.853,0.025,1,1,1189,3887,8,183704,1443,655,763,13081,39,0,39,1,16777216,1434,0.200,0,0.401
1,1437,16646.910,level1,0,1024,640,11.354,1,8.993,8.993,10.000,0,0.271,7.442,0.109,0.565,1.459,0.013,1,1,1179,3857,8,182184,1443,657,761,13089,39,0,39,1,16777216,1435,0.272,0,0.772
1,1438,16655.231,level1,0,1024,640,8.912,1,10.726,10.726,10.000,0,0.226,6.874,0.086,0.566,1.632,0.015,1,1,1179,3857,8,182184,1443,657,761,13097,39,0,39,1,16777216,1436,0.203,0,0.516
1,1439,16662.887,level1,0,1024,640,8.125,1,8.030,8.030,9.000,0,0.137,6.425,0.067,0.594,1.203,0.010,1,1,1183,3903,8,183064,1443,656,762,13105,39,0,39,1,16777216,1437,0.201,0,0.229
1,1440,16672.734,level1,0,1024,640,8.927,1,7.638,7.638,7.000,0,0.150,7.330,0.082,0.640,1.489,0.013,1,1,1183,3903,8,183064,1443,656,762,13113,39,0,39,1,16777216,1438,0.201,0,0.212
1,1441,16680.539,level1,0,1024,640,8.548,1,9.846,9.846,10.000,0,0.137,6.583,0.084,0.557,1.211,0.016,1,1,1178,3888,8,182304,1443,657,761,13121,39,0,39,1,16777216,1439,0.208,0,0.209
1,1442,16687.594,level1,0,1024,640,7.137,1,7.888,7.888,9.000,0,0.168,6.539,0.049,0.617,1.209,0.008,1,1,1178,3888,8,182304,1443,657,761,13129,39,0,39,1,16777216,1440,0.202,0,0.293
1,1443,16694.484,level1,0,1024,640,6.896,1,6.948,6.948,7.000,0,0.117,6.524,0.057,0.531,1.211,0.010,1,1,1178,3888,8,182304,1443,657,761,13137,39,0,39,1,16777216,1441,0.214,0,0.187
1,1444,16701.781,level1,0,1024,640,6.966,1,6.952,6.952,6.000,0,0.130,6.850,0.062,0.550,1.225,0.009,1,1,1178,3888,8,182304,1443,657,761,13145,39,0,39,1,16777216,1442,0.206,0,0.249
1,1445,16711.270,level1,0,1024,640,9.738,1,7.332,7.332,7.000,0,0.194,6.573,0.088,0.616,1.158,0.011,1,1,1178,3888,8,182304,1443,657,761,13153,39,0,39,1,16777216,1443,0.216,0,0.284
1,1446,16719.957,level1,0,1024,640,8.116,1,9.413,9.413,9.000,0,0.151,6.283,0.949,0.596,1.185,0.013,1,1,1178,3888,8,182304,1443,657,761,13161,39,0,39,1,16777216,1444,0.200,0,0.209
1,1447,16729.191,level1,0,1024,640,9.815,1,8.673,8.673,10.000,0,0.126,6.581,0.072,0.647,1.415,0.012,1,1,1183,3936,8,183328,1443,656,762,13169,39,0,39,1,16777216,1445,0.209,0,0.194
1,1448,16736.648,level1,0,1024,640,7.601,1,9.266,9.266,9.000,0,0.131,6.457,0.052,0.599,1.181,0.008,1,1,1183,3936,8,183328,1443,656,762,13177,39,0,39,1,16777216,1446,0.204,0,0.226
1,1449,16743.818,level1,0,1024,640,6.903,1,7.474,7.474,8.000,0,0.144,6.720,0.057,0.583,1.452,0.012,1,1,1183,3936,8,183328,1443,656,762,13185,39,0,39,1,16777216,1447,0.209,0,0.244
1,1450,16751.354,level1,0,1024,640,7.208,1,7.153,7.153,6.000,0,0.199,7.010,0.095,0.543,1.558,0.023,1,1,1183,3936,8,183328,1443,656,762,13193,39,0,39,1,16777216,1448,0.202,0,0.225
1,1451,16758.915,level1,0,1024,640,7.547,1,7.525,7.525,8.000,0,0.220,6.923,0.195,0.620,1.562,0.016,1,1,1183,3936,8,183328,1443,656,762,13201,39,0,39,1,16777216,1449,0.203,0,0.215
1,1452,16768.777,level1,0,1024,640,10.095,1,7.652,7.652,7.000,0,0.174,6.658,0.227,0.617,1.282,0.024,1,1,1193,3999,8,185112,1443,654,764,13209,39,0,39,1,16777216,1450,0.194,0,0.306
1,1453,16777.762,level1,0,1024,640,8.879,1,9.934,9.934,10.000,0,0.230,6.752,0.239,0.609,1.350,0.012,1,1,1193,3999,8,185112,1443,654,764,13217,39,0,39,1,16777216,1451,0.218,0,0.377
1,1454,16786.283,level1,0,1024,640,8.644,1,8.829,8.829,10.000,0,0.142,6.803,0.066,0.528,1.083,0.012,1,1,1193,3999,8,185112,1443,654,764,13225,39,0,39,1,16777216,1452,0.206,0,0.222
1,1455,16795.253,level1,0,1024,640,8.109,1,8.637,8.637,8.000,0,0.332,7.636,0.091,0.609,1.663,0.012,1,1,1206,4025,8,186984,1443,641,777,13233,39,0,39,1,16777216,1453,0.209,0,0.334
1,1456,16802.501,level1,0,1024,640,8.608,1,8.875,8.875,9.000,0,0.133,6.316,0.054,0.540,1.287,0.009,1,1,1206,4025,8,186984,1443,641,777,13241,39,0,39,1,16777216,1454,0.193,0,0.241
1,1457,16809.067,level1,0,1024,640,6.735,1,7.220,7.220,7.000,0,0.138,6.151,0.050,0.542,1.282,0.009,1,1,1200,3984,8,185888,1443,643,775,13249,39,0,39,1,16777216,1455,0.218,0,0.216
1,1458,16818.114,level1,0,1024,640,8.411,1,6.581,6.581,6.000,0,0.194,6.594,0.242,0.537,1.561,0.026,1,1,1205,4032,8,186912,1443,642,776,13257,39,0,39,1,16777216,1456,0.188,0,0.230
1,1459,16826.728,level1,0,1024,640,8.453,1,9.258,9.258,10.000,0,0.156,6.879,0.119,0.672,1.624,0.015,1,1,1205,4032,8,186912,1443,642,776,13265,39,0,39,1,16777216,1457,0.232,0,0.441
1,1460,16833.627,level1,0,1024,640,7.435,1,8.441,8.441,8.000,0,0.162,6.408,0.054,0.545,1.247,0.009,1,1,1179,3975,8,183128,1443,664,754,13273,39,0,39,1,16777216,1458,0.207,0,0.267
1,1461,16840.179,level1,0,1024,640,6.921,1,6.958,6.958,8.000,0,0.124,6.019,0.074,0.550,1.083,0.009,1,1,1179,3975,8,183128,1443,664,754,13281,39,0,39,1,16777216,1459,0.213,0,0.326
1,1462,16846.953,level1,0,1024,640,6.455,1,6.465,6.465,5.000,0,0.117,6.321,0.090,0.549,1.080,0.010,1,1,1179,3975,8,183128,1443,664,754,13289,39,0,39,1,16777216,1460,0.207,0,0.240
1,1463,16857.401,level1,0,1024,640,9.241,1,6.763,6.763,7.000,0,0.152,7.524,0.094,0.581,1.438,0.012,1,1,1174,3960,8,182368,1443,665,753,13297,39,0,39,1,16777216,1461,0.212,0,0.228
1,1464,16866.911,level1,0,1024,640,9.557,1,10.537,10.537,10.000,0,0.252,7.022,0.548,0.628,1.385,0.035,1,1,1169,3945,8,181608,1443,666,752,13305,39,0,39,1,16777216,1462,0.214,0,0.316
1,1465,16875.240,level1,0,1024,640,9.082,1,9.516,9.516,10.000,0,0.170,6.710,0.108,0.630,1.162,0.012,1,1,1169,3919,8,181400,1443,666,752,13313,39,0,39,1,16777216,1463,0.244,0,0.322
1,1466,16883.580,level1,0,1024,640,8.250,1,8.231,8.231,8.000,0,0.156,6.831,0.076,0.643,1.258,0.012,1,1,1169,3919,8,181400,1443,666,752,13321,39,0,39,1,16777216,1464,0.206,0,0.226
1,1467,16891.642,level1,0,1024,640,8.050,1,8.424,8.424,9.000,0,0.236,6.854,0.066,0.612,1.649,0.012,1,1,1169,3919,8,181400,1443,666,752,13329,39,0,39,1,16777216,1465,0.211,0,0.307
1,1468,16899.344,level1,0,1024,640,7.262,1,7.960,7.960,8.000,0,0.128,7.285,0.075,0.712,1.609,0.013,1,1,1169,3919,8,181400,1443,666,752,13337,39,0,39,1,16777216,1466,0.210,0,0.207
1,1469,16906.538,level1,0,1024,640,7.870,1,7.840,7.840,8.000,0,0.158,6.625,0.058,0.561,1.128,0.009,1,1,1169,3919,8,181400,1443,666,752,13345,39,0,39,1,16777216,1467,0.210,0,0.345
1,1470,16916.640,level1,0,1024,640,9.668,1,7.043,7.043,7.000,0,0.196,6.994,0.125,0.573,1.300,0.016,1,1,1169,3919,8,181400,1443,666,752,13353,39,0,39,1,16777216,1468,0.205,0,0.195
1,1471,16924.014,level1,0,1024,640,8.281,1,10.140,10.140,11.000,0,0.157,6.115,0.096,0.560,1.267,0.012,1,1,1169,3919,8,181400,1443,666,752,13361,39,0,39,1,16777216,1469,0.210,0,0.232
1,1472,16931.727,level1,0,1024,640,7.119,1,7.562,7.562,7.000,0,0.467,6.727,0.077,0.718,1.304,0.011,1,1,1169,3919,8,181400,1443,666,752,13369,39,0,39,1,16777216,1470,0.199,0,0.421
1,1473,16942.143,level1,0,1024,640,9.991,1,7.542,7.542,7.000,0,0.136,7.137,0.092,0.587,1.204,0.014,1,1,1169,3919,8,181400,1443,666,752,13377,39,0,39,1,16777216,1471,0.212,0,0.250
1,1474,16951.384,level1,0,1024,640,7.883,1,10.391,10.391,10.000,0,0.138,8.315,0.214,0.625,1.200,0.013,1,1,1169,3919,8,181400,1443,666,752,13385,39,0,39,1,16777216,1472,0.202,0,0.226
1,1475,16960.105,level1,0,1024,640,9.890,1,9.624,9.624,10.000,0,0.685,7.311,0.107,0.609,1.409,0.013,1,1,1174,3934,8,182160,1443,665,753,13393,39,0,39,1,16777216,1473,0.213,0,0.607
1,1476,16970.913,level1,0,1024,640,11.104,1,8.370,8.370,9.000,0,0.216,7.020,0.103,0.651,1.241,0.015,1,1,1174,3934,8,182160,1443,665,753,13401,39,0,39,1,16777216,1474,0.195,0,0.257
1,1477,16979.155,level1,0,1024,640,8.444,1,10.814,10.814,10.000,0,0.158,6.818,0.101,0.574,1.417,0.013,1,1,1174,3934,8,182160,1443,665,753,13409,39,0,39,1,16777216,1475,0.214,0,0.263
1,1478,16986.321,level1,0,1024,640,7.731,1,8.283,8.283,9.000,0,0.149,6.294,0.060,0.569,1.168,0.010,1,1,1179,3949,8,182920,1443,664,754,13417,39,0,39,1,16777216,1476,0.197,0,0.305
1,1479,16994.317,level1,0,1024,640,6.711,1,7.085,7.085,7.000,0,0.122,6.877,0.762,0.567,1.581,0.048,1,1,1184,3964,8,183680,1443,663,755,13425,39,0,39,1,16777216,1477,0.213,0,0.225
1,1480,17002.797,level1,0,1024,640,9.568,1,7.998,7.998,8.000,0,0.133,6.486,0.067,0.576,1.196,0.010,1,1,1197,3990,8,185552,1515,721,768,13433,39,0,39,1,16777216,1478,0.210,0,0.226
1,1481,17010.705,level1,0,1024,640,7.633,1,8.459,8.459,8.000,0,0.120,6.744,0.085,0.559,1.135,0.014,1,1,1197,3990,8,185552,1515,721,768,13441,39,0,39,1,16777216,1479,0.214,0,0.205
1,1482,17018.602,level1,0,1024,640,7.416,1,8.046,8.046,8.000,0,0.235,7.254,0.056,0.665,1.466,0.009,1,1,1202,4005,8,186312,1515,720,769,13449,39,0,39,1,16777216,1480,0.203,0,0.336
1,1483,17027.669,level1,0,1024,640,9.925,1,7.814,7.814,8.000,0,0.196,6.382,0.068,0.560,1.245,0.031,1,1,1202,4005,8,186312,1515,720,769,13457,39,0,39,1,16777216,1481,0.774,0,0.260
1,1484,17036.222,level1,0,1024,640,7.543,1,9.421,9.421,10.000,0,0.155,7.250,0.210,0.783,2.056,0.016,1,1,1197,3957,8,185288,1515,721,768,13465,39,0,39,1,16777216,1482,0.204,0,0.613
1,1485,17043.202,level1,0,1024,640,7.925,1,8.214,8.214,8.000,0,0.183,6.451,0.065,0.890,1.466,0.010,1,1,1176,3915,8,182264,1309,539,747,13473,39,0,39,1,16777216,1483,0.213,0,0.274
1,1486,17084.000,level1,0,1024,640,9.360,1,6.912,6.912,7.000,0,0.131,37.784,0.169,0.652,1.611,0.017,1,1,1181,3907,8,182840,1309,540,746,13481,39,0,39,1,16777216,1484,0.203,0,0.207
1,1487,17092.251,level1,0,1024,640,39.248,1,40.898,40.898,40.000,0,0.145,6.899,0.059,0.718,1.258,0.009,1,1,1165,3810,8,180016,1309,544,742,13489,39,0,39,1,16777216,1485,0.186,0,0.306
1,1488,17099.577,level1,0,1024,640,7.527,1,8.372,8.372,9.000,0,0.134,6.696,0.060,0.551,1.200,0.012,1,1,1165,3810,8,180016,1309,544,742,13497,39,0,39,1,16777216,1486,0.166,0,0.429
1,1489,17106.007,level1,0,1024,640,7.209,1,7.160,7.160,7.000,0,0.181,5.935,0.043,0.509,1.103,0.007,1,1,1165,3810,8,180016,1309,544,742,13505,39,0,39,1,16777216,1487,0.160,0,0.262
1,1490,17113.363,level1,0,1024,640,6.431,1,6.427,6.427,6.000,0,0.188,6.833,0.070,0.585,1.128,0.014,1,1,1165,3810,8,180016,1309,544,742,13513,39,0,39,1,16777216,1488,0.143,0,0.259
1,1491,17121.831,level1,0,1024,640,7.488,1,7.395,7.395,8.000,0,0.277,7.785,0.096,0.867,1.762,0.012,1,1,1165,3810,8,180016,1309,544,742,13521,39,0,39,1,16777216,1489,0.237,0,0.297
1,1492,17128.913,level1,0,1024,640,8.454,1,8.510,8.510,8.000,0,0.225,6.444,0.066,0.525,1.132,0.014,1,1,1165,3810,8,180016,1309,544,742,13529,39,0,39,1,16777216,1490,0.151,0,0.338
1,1493,17137.057,level1,0,1024,640,7.357,1,7.224,7.224,7.000,0,0.354,7.198,0.100,0.528,1.214,0.016,1,1,1165,3810,8,180016,1309,544,742,13537,39,0,39,1,16777216,1491,0.158,0,0.479
1,1494,17143.447,level1,0,1024,640,7.961,1,8.124,8.124,9.000,0,0.195,5.679,0.050,0.514,1.023,0.007,1,1,1165,3810,8,180016,1309,544,742,13545,39,0,39,1,16777216,1492,0.153,0,0.456
1,1495,17151.288,level1,0,1024,640,6.247,1,6.254,6.254,6.000,0,0.189,7.261,0.061,0.821,1.375,0.009,1,1,1165,3810,8,180016,1309,544,742,13553,39,0,39,1,16777216,1493,0.157,0,0.323
1,1496,17158.508,level1,0,1024,640,8.103,1,8.093,8.093,8.000,0,0.189,6.385,0.053,0.586,1.205,0.008,1,1,1165,3810,8,180016,1309,544,742,13561,39,0,39,1,16777216,1494,0.149,0,0.575
1,1497,17165.266,level1,0,1024,640,7.098,1,7.107,7.107,7.000,0,0.189,6.049,0.050,0.513,1.038,0.008,1,1,1165,3810,8,180016,1309,544,742,13569,39,0,39,1,16777216,1495,0.165,0,0.464
1,1498,17172.229,level1,0,1024,640,6.594,1,6.627,6.627,7.000,0,0.156,6.419,0.049,0.520,1.139,0.007,1,1,1165,3810,8,180016,1309,544,742,13577,39,0,39,1,16777216,1496,0.152,0,0.332
1,1499,17178.847,level1,0,1024,640,6.906,1,6.937,6.937,6.000,0,0.123,6.022,0.157,0.602,1.298,0.012,1,1,1170,3825,8,180776,1309,543,743,13585,39,0,39,1,16777216,1497,0.154,0,0.307
1,1500,17187.125,level1,0,1024,640,6.920,1,6.787,6.787,8.000,0,0.258,6.685,0.844,0.632,1.491,0.011,1,1,1175,3840,8,181536,1309,542,744,13593,39,0,39,1,16777216,1498,0.151,0,0.469
1,1501,17197.452,level1,0,1024,640,10.193,1,8.255,8.255,7.000,0,0.205,7.510,0.159,0.819,1.691,0.019,1,1,1175,3840,8,181536,1309,542,744,13601,39,0,39,1,16777216,1499,0.232,0,0.451
1,1502,17205.798,level1,0,1024,640,8.780,1,10.237,10.237,12.000,0,0.218,7.146,0.091,0.554,1.777,0.018,1,1,1192,3879,8,184024,1309,529,757,13609,39,0,39,1,16777216,1500,0.158,0,0.362
1,1503,17214.644,level1,0,1024,640,7.780,1,8.305,8.305,8.000,0,0.203,8.232,0.072,0.576,1.347,0.012,1,1,1192,3879,8,184024,1309,529,757,13617,39,0,39,1,16777216,1501,0.162,0,0.320
1,1504,17221.321,level1,0,1024,640,8.742,1,8.760,8.760,8.000,0,0.195,6.173,0.066,0.542,1.246,0.010,1,1,1187,3864,8,183264,1204,426,756,13625,39,0,39,1,16777216,1502,0.159,0,0.235
1,1505,17227.899,level1,0,1024,640,6.723,1,6.704,6.704,7.000,0,0.215,5.990,0.103,0.534,1.168,0.009,1,1,1192,3879,8,184024,1204,425,757,13633,39,0,39,1,16777216,1503,0.146,0,0.259
1,1506,17234.442,level1,0,1024,640,6.567,1,6.575,6.575,7.000,0,0.207,6.018,0.052,0.520,1.047,0.008,1,1,1183,3861,8,182728,1204,425,757,13641,39,0,39,1,16777216,1504,0.213,0,0.260
1,1507,17240.622,level1,0,1024,640,6.562,1,6.627,6.627,6.000,0,0.134,5.641,0.046,0.520,1.108,0.007,1,1,1183,3861,8,182728,1204,425,757,13649,39,0,39,1,16777216,1505,0.162,0,0.344
1,1508,17247.967,level1,0,1024,640,6.109,1,6.128,6.128,6.000,0,0.123,6.840,0.084,0.615,1.599,0.018,1,1,1162,3819,8,179704,1204,446,736,13657,39,0,39,1,16777216,1506,0.141,0,0.292
1,1509,17255.120,level1,0,1024,640,7.310,1,7.306,7.306,7.000,0,0.127,6.658,0.108,0.720,1.319,0.013,1,1,1162,3819,8,179704,1204,446,736,13665,39,0,39,1,16777216,1507,0.165,0,0.253
1,1510,17262.951,level1,0,1024,640,7.269,1,7.211,7.211,8.000,0,0.179,7.245,0.084,0.645,1.174,0.010,1,1,1162,3819,8,179704,1204,446,736,13673,39,0,39,1,16777216,1508,0.157,0,0.311
1,1511,17269.963,level1,0,1024,640,8.143,1,7.940,7.940,8.000,0,0.387,6.131,0.067,0.594,1.341,0.009,1,1,1162,3819,8,179704,1204,446,736,13681,39,0,39,1,16777216,1509,0.160,0,0.417
1,1512,17277.139,level1,0,1024,640,6.734,1,6.904,6.904,7.000,0,0.216,6.578,0.061,0.527,1.050,0.009,1,1,1162,3819,8,179704,1204,446,736,13689,39,0,39,1,16777216,1510,0.155,0,0.312
1,1513,17284.713,level1,0,1024,640,7.022,1,7.112,7.112,6.000,0,0.121,6.981,0.205,0.585,1.575,0.039,1,1,1162,3819,8,179704,1204,446,736,13697,39,0,39,1,16777216,1511,0.159,0,0.250
1,1514,17292.723,level1,0,1024,640,7.790,1,7.713,7.713,8.000,0,0.202,7.348,0.064,0.530,1.172,0.008,1,1,1162,3819,8,179704,1204,446,736,13705,39,0,39,1,16777216,1512,0.140,0,0.386
1,1515,17299.622,level1,0,1024,640,7.869,1,7.873,7.873,8.000,0,0.199,6.394,0.049,0.530,1.216,0.008,1,1,1162,3819,8,179704,1204,446,736,13713,39,0,39,1,16777216,1513,0.163,0,0.250
1,1516,17307.411,level1,0,1024,640,6.913,1,6.891,6.891,7.000,0,0.154,7.194,0.122,0.538,1.101,0.015,1,1,1162,3819,8,179704,1204,446,736,13721,39,0,39,1,16777216,1514,0.151,0,0.243
1,1517,17315.434,level1,0,1024,640,7.852,1,7.871,7.871,8.000,0,0.200,7.284,0.206,0.549,1.610,0.039,1,1,1162,3819,8,179704,1204,446,736,13729,39,0,39,1,16777216,1515,0.146,0,0.322
1,1518,17322.995,level1,0,1024,640,8.207,1,8.249,8.249,9.000,0,0.160,6.760,0.084,0.552,1.195,0.011,1,1,1162,3819,8,179704,1204,446,736,13737,39,0,39,1,16777216,1516,0.154,0,0.550
1,1519,17329.233,level1,0,1024,640,7.228,1,7.254,7.254,7.000,0,0.133,5.779,0.074,0.513,1.147,0.013,1,1,1162,3819,8,179704,1204,446,736,13745,39,0,39,1,16777216,1517,0.149,0,0.242
1,1520,17336.714,level1,0,1024,640,6.345,1,6.272,6.272,6.000,0,0.200,6.870,0.118,0.560,1.145,0.014,1,1,1162,3819,8,179704,1204,446,736,13753,39,0,39,1,16777216,1518,0.154,0,0.277
1,1521,17346.558,level1,0,1024,640,7.486,1,7.496,7.496,8.000,0,0.197,9.206,0.141,0.776,1.789,0.021,1,1,1162,3819,8,179704,1204,446,736,13761,39,0,39,1,16777216,1519,0.158,0,0.291
1,1522,17357.677,level1,0,1024,640,12.085,1,9.869,9.869,9.000,0,0.238,8.241,0.141,0.561,1.441,0.019,1,1,1162,3819,8,179704,1204,446,736,13769,39,0,39,1,16777216,1520,0.167,0,0.316
1,1523,17365.157,level1,0,1024,640,9.503,1,11.121,11.121,12.000,0,0.239,6.275,0.084,0.540,1.445,0.016,1,1,1167,3834,8,180464,1204,445,737,13777,39,0,39,1,16777216,1521,0.160,0,0.318
1,1524,17372.437,level1,0,1024,640,6.863,1,7.442,7.442,6.000,0,0.212,6.717,0.059,0.538,1.064,0.009,1,1,1167,3834,8,180464,1204,445,737,13785,39,0,39,1,16777216,1522,0.156,0,0.281
1,1525,17378.924,level1,0,1024,640,7.095,1,7.193,7.193,8.000,0,0.117,6.121,0.042,0.526,1.135,0.051,1,1,1167,3834,8,180464,1204,445,737,13793,39,0,39,1,16777216,1523,0.163,0,0.195
1,1526,17385.840,level1,0,1024,640,6.669,1,6.591,6.591,6.000,0,0.191,6.364,0.051,0.578,1.202,0.008,1,1,1172,3849,8,181224,1204,444,738,13801,39,0,39,1,16777216,1524,0.154,0,0.294
1,1527,17392.423,level1,0,1024,640,6.741,1,6.800,6.800,7.000,0,0.137,6.203,0.054,0.520,1.050,0.008,1,1,1172,3849,8,181224,1204,444,738,13809,39,0,39,1,16777216,1525,0.200,0,0.183
1,1528,17400.545,level1,0,1024,640,6.694,1,6.633,6.633,7.000,0,0.196,7.595,0.090,0.574,2.135,0.014,1,1,1172,3849,8,181224,1204,444,738,13817,39,0,39,1,16777216,1526,0.144,0,0.233
1,1529,17407.294,level1,0,1024,640,8.094,1,8.146,8.146,8.000,0,0.141,6.289,0.051,0.783,1.299,0.008,1,1,1172,3849,8,181224,1204,444,738,13825,39,0,39,1,16777216,1527,0.169,0,0.257
1,1530,17414.572,level1,0,1024,640,6.673,1,6.688,6.688,6.000,0,0.125,6.877,0.068,0.529,1.276,0.009,1,1,1172,3849,8,181224,1204,444,738,13833,39,0,39,1,16777216,1528,0.157,0,0.198
1,1531,17421.138,level1,0,1024,640,7.267,1,7.280,7.280,8.000,0,0.116,6.202,0.044,0.538,1.148,0.007,1,1,1188,3886,8,183568,1204,432,750,13841,39,0,39,1,16777216,1529,0.159,0,0.199
1,1532,17428.274,level1,0,1024,640,6.695,1,6.614,6.614,7.000,0,0.190,6.544,0.141,0.532,1.563,0.016,1,1,1188,3886,8,183568,1204,432,750,13849,39,0,39,1,16777216,1530,0.154,0,0.247
1,1533,17435.383,level1,0,1024,640,7.221,1,7.273,7.273,7.000,0,0.145,6.520,0.054,0.528,1.258,0.008,1,1,1193,3934,8,184592,1204,431,751,13857,39,0,39,1,16777216,1531,0.188,0,0.382
1,1534,17442.206,level1,0,1024,640,7.300,1,7.171,7.171,8.000,0,0.264,6.039,0.058,0.625,1.321,0.008,1,1,1193,3934,8,184592,1204,431,751,13865,39,0,39,1,16777216,1532,0.156,0,0.440
1,1535,17450.545,level1,0,1024,640,8.752,1,6.804,6.804,5.000,0,0.124,5.620,0.064,0.532,1.109,0.010,1,1,1193,3934,8,184592,1204,431,751,13873,39,0,39,1,16777216,1533,0.158,0,0.426
1,1536,17457.109,level1,0,1024,640,6.533,1,8.197,8.197,9.000,0,0.169,5.586,0.129,0.514,1.035,0.008,1,1,1172,3892,8,181568,1204,452,730,13881,39,0,39,1,16777216,1534,0.156,0,0.283
1,1537,17464.528,level1,0,1024,640,6.468,1,6.572,6.572,7.000,0,0.454,6.598,0.067,0.541,1.059,0.010,1,1,1169,3868,8,180992,1204,453,729,13889,39,0,39,1,16777216,1535,0.163,0,0.291
1,1538,17471.049,level1,0,1024,640,7.092,1,7.325,7.325,7.000,0,0.220,6.013,0.080,0.579,1.121,0.011,1,1,1169,3868,8,180992,1204,453,729,13897,39,0,39,1,16777216,1536,0.147,0,0.197
1,1539,17478.401,level1,0,1024,640,6.610,1,6.619,6.619,7.000,0,0.191,6.757,0.081,0.528,1.463,0.015,1,1,1169,3868,8,180992,1204,453,729,13905,39,0,39,1,16777216,1537,0.166,0,0.295
1,1540,17484.583,level1,0,1024,640,7.382,1,7.348,7.348,7.000,0,0.235,5.588,0.050,0.516,1.110,0.010,1,1,1169,3868,8,180992,1204,453,729,13913,39,0,39,1,16777216,1538,0.142,0,0.290
1,1541,17491.350,level1,0,1024,640,6.033,1,6.065,6.065,6.000,0,0.215,5.835,0.534,0.550,1.434,0.014,1,1,1169,3868,8,180992,1204,453,729,13921,39,0,39,1,16777216,1539,0.165,0,0.174
1,1542,17498.942,level1,0,1024,640,7.120,1,7.113,7.113,7.000,0,0.220,6.722,0.121,0.620,1.197,0.014,1,1,1169,3868,8,180992,1204,453,729,13929,39,0,39,1,16777216,1540,0.155,0,0.519
1,1543,17505.328,level1,0,1024,640,7.213,1,7.294,7.294,7.000,0,0.139,5.972,0.047,0.517,1.231,0.008,1,1,1169,3868,8,180992,1204,453,729,13937,39,0,39,1,16777216,1541,0.167,0,0.223
1,1544,17512.560,level1,0,1024,640,6.384,1,6.331,6.331,7.000,0,0.191,6.723,0.142,0.565,1.311,0.010,1,1,1169,3868,8,180992,1204,453,729,13945,39,0,39,1,16777216,1542,0.157,0,0.169
1,1545,17518.804,level1,0,1024,640,7.317,1,7.341,7.341,7.000,0,0.167,5.739,0.054,0.514,1.049,0.009,1,1,1169,3868,8,180992,1204,453,729,13953,39,0,39,1,16777216,1543,0.161,0,0.277
1,1546,17526.468,level1,0,1024,640,6.106,1,6.143,6.143,6.000,0,0.131,7.263,0.087,0.529,1.313,0.012,1,1,1169,3868,8,180992,1204,453,729,13961,39,0,39,1,16777216,1544,0.155,0,0.177
1,1547,17533.176,level1,0,1024,640,8.071,1,7.974,7.974,8.000,0,0.226,5.925,0.062,0.525,1.201,0.009,1,1,1169,3868,8,180992,1204,453,729,13969,39,0,39,1,16777216,1545,0.161,0,0.480
1,1548,17539.149,level1,0,1024,640,6.358,1,6.456,6.456,7.000,0,0.130,5.558,0.045,0.526,1.150,0.008,1,1,1169,3868,8,180992,1204,453,729,13977,39,0,39,1,16777216,1546,0.151,0,0.236
1,1549,17544.932,level1,0,1024,640,5.955,1,5.948,5.948,5.000,0,0.138,5.391,0.039,0.507,1.220,0.007,1,1,1169,3868,8,180992,1204,453,729,13985,39,0,39,1,16777216,1547,0.160,0,0.210
1,1550,17550.836,level1,0,1024,640,5.836,1,5.744,5.744,7.000,0,0.231,5.398,0.100,0.514,1.227,0.018,1,1,1169,3868,8,180992,1204,453,729,13993,39,0,39,1,16777216,1548,0.153,0,0.171
1,1551,17556.653,level1,0,1024,640,5.875,1,5.981,5.981,5.000,0,0.122,5.400,0.042,0.506,1.136,0.007,1,1,1169,3868,8,180992,1204,453,729,14001,39,0,39,1,16777216,1549,0.164,0,0.248
1,1552,17562.336,level1,0,1024,640,5.753,1,5.757,5.757,6.000,0,0.120,5.333,0.038,0.506,1.087,0.007,1,1,1169,3868,8,180992,1204,453,729,14009,39,0,39,1,16777216,1550,0.155,0,0.188
1,1553,17567.989,level1,0,1024,640,5.741,1,5.716,5.716,6.000,0,0.142,5.238,0.044,0.506,1.055,0.010,1,1,1169,3868,8,180992,1204,453,729,14017,39,0,39,1,16777216,1551,0.145,0,0.221
1,1554,17574.137,level1,0,1024,640,5.803,1,5.743,5.743,6.000,0,0.202,5.580,0.048,0.514,1.160,0.008,1,1,1174,3883,8,181752,1204,452,730,14025,39,0,39,1,16777216,1552,0.146,0,0.311
1,1555,17579.813,level1,0,1024,640,5.983,1,6.060,6.060,5.000,0,0.128,5.283,0.038,0.517,1.027,0.007,1,1,1174,3883,8,181752,1204,452,730,14033,39,0,39,1,16777216,1553,0.151,0,0.223
1,1556,17585.500,level1,0,1024,640,5.657,1,5.613,5.613,5.000,0,0.165,5.309,0.040,0.507,1.008,0.007,1,1,1174,3883,8,181752,1204,452,730,14041,39,0,39,1,16777216,1554,0.147,0,0.161
1,1557,17591.279,level1,0,1024,640,5.727,1,5.773,5.773,7.000,0,0.125,5.363,0.039,0.517,1.062,0.007,1,1,1174,3883,8,181752,1204,452,730,14049,39,0,39,1,16777216,1555,0.160,0,0.247
1,1558,17596.904,level1,0,1024,640,5.704,1,5.701,5.701,5.000,0,0.128,5.289,0.035,0.513,1.019,0.007,1,1,1179,3898,8,182512,1204,451,731,14057,39,0,39,1,16777216,1556,0.157,0,0.170
1,1559,17603.834,level1,0,1024,640,6.375,1,6.390,6.390,7.000,0,0.113,5.815,0.065,0.516,1.114,0.010,1,1,1179,3898,8,182512,1204,451,731,14065,39,0,39,1,16777216,1557,0.161,0,0.935
1,1560,17612.862,level1,0,1024,640,8.973,1,6.214,6.214,6.000,0,0.123,5.864,0.070,0.526,1.071,0.011,1,1,1179,3898,8,182512,1204,451,731,14073,39,0,39,1,16777216,1558,0.161,0,0.216
1,1561,17619.898,level1,0,1024,640,7.258,1,9.045,9.045,9.000,0,0.136,5.652,0.060,0.529,1.052,0.009,1,1,1179,3898,8,182512,1204,451,731,14081,39,0,39,1,16777216,1559,0.160,0,0.234
1,1562,17626.434,level1,0,1024,640,6.787,1,7.099,7.099,8.000,0,0.129,5.418,0.044,0.519,1.137,0.008,1,1,1189,3918,8,183952,1204,441,741,14089,39,0,39,1,16777216,1560,0.149,0,0.297
1,1563,17634.414,level1,0,1024,640,6.610,1,6.640,6.640,6.000,0,0.368,6.706,0.099,0.672,1.225,0.012,1,1,1189,3918,8,183952,1204,441,741,14097,39,0,39,1,16777216,1561,0.160,0,0.401
1,1564,17641.119,level1,0,1024,640,7.205,1,7.802,7.802,8.000,0,0.142,6.278,0.053,0.532,1.273,0.009,1,1,1189,3918,8,183952,1204,441,741,14105,39,0,39,1,16777216,1562,0.150,0,0.224
1,1565,17647.401,level1,0,1024,640,6.664,1,6.680,6.680,6.000,0,0.129,5.900,0.049,0.519,1.159,0.008,1,1,1194,3966,8,184976,1204,440,742,14113,39,0,39,1,16777216,1563,0.173,0,0.199
1,1566,17654.095,level1,0,1024,640,6.559,1,6.339,6.339,6.000,0,0.345,6.025,0.059,0.538,1.322,0.015,1,1,1190,3920,9,184148,1205,441,742,14122,40,0,40,1,16777216,1564,0.716,0,0.251
1,1567,17660.609,level1,0,1024,640,6.458,1,6.680,6.680,8.000,0,0.126,6.068,0.071,0.734,1.510,0.011,1,1,1195,3935,9,184908,1205,440,743,14131,40,0,40,1,16777216,1565,0.158,0,0.242
1,1568,17666.836,level1,0,1024,640,6.482,1,6.474,6.474,6.000,0,0.133,5.845,0.041,0.537,1.353,0.008,1,1,1195,3935,9,184908,1205,440,743,14140,40,0,40,1,16777216,1566,0.210,0,0.202
1,1569,17672.683,level1,0,1024,640,6.166,1,6.184,6.184,6.000,0,0.116,5.523,0.044,0.551,1.156,0.007,1,1,1195,3935,9,184908,1205,440,743,14149,40,0,40,1,16777216,1567,0.213,0,0.160
1,1570,17678.622,level1,0,1024,640,5.880,1,5.853,5.853,6.000,0,0.144,5.582,0.044,0.579,1.198,0.007,1,1,1195,3935,9,184908,1205,440,743,14158,40,0,40,1,16777216,1568,0.203,0,0.166
1,1571,17684.571,level1,0,1024,640,5.937,1,5.959,5.959,6.000,0,0.122,5.598,0.040,0.529,1.281,0.007,1,1,1195,3935,8,184856,1205,441,742,14166,40,0,40,1,16777216,1569,0.213,0,0.184
1,1572,17690.565,level1,0,1024,640,5.924,1,5.928,5.928,6.000,0,0.118,5.664,0.043,0.525,1.349,0.007,1,1,1195,3935,8,184856,1205,441,742,14174,40,0,40,1,16777216,1570,0.192,0,0.165
1,1573,17696.908,level1,0,1024,640,5.992,1,5.996,5.996,6.000,0,0.114,5.985,0.073,0.541,1.275,0.008,1,1,1195,3935,8,184856,1205,441,742,14182,40,0,40,1,16777216,1571,0.209,0,0.167
1,1574,17749.841,level1,0,1024,640,52.553,1,6.352,6.352,7.000,0,0.120,6.341,0.096,0.737,1.618,0.014,1,1,1187,3919,10,183808,1206,461,723,14193,41,0,41,1,16777216,1572,0.201,0,0.175
1,1575,17758.050,level1,0,1024,640,7.113,1,52.983,52.983,50.000,1,0.153,7.476,0.056,0.768,1.736,0.011,1,1,1208,3961,10,186832,1206,440,744,14203,41,0,41,1,16777216,1573,0.214,0,0.225
1,1576,17764.184,level1,0,1024,640,7.891,1,8.180,8.180,9.000,0,0.155,5.735,0.042,0.563,1.125,0.008,1,1,1208,3961,10,186832,1206,440,744,14213,41,0,41,1,16777216,1574,0.170,0,0.197
1,1577,17770.339,level1,0,1024,640,6.117,1,6.122,6.122,6.000,0,0.152,5.718,0.096,0.591,1.193,0.011,1,1,1208,3961,10,186832,1206,440,744,14223,41,0,41,1,16777216,1575,0.204,0,0.185
1,1578,17776.146,level1,0,1024,640,6.187,1,6.190,6.190,6.000,0,0.141,5.383,0.052,0.561,1.108,0.009,1,1,1208,3961,10,186832,1206,440,744,14233,41,0,41,1,16777216,1576,0.200,0,0.219
1,1579,17781.997,level1,0,1024,640,5.711,1,5.746,5.746,6.000,0,0.113,5.534,0.042,0.555,1.206,0.008,1,1,1208,3961,10,186832,1206,440,744,14243,41,0,41,1,16777216,1577,0.214,0,0.159
1,1580,17791.735,level1,0,1024,640,8.359,1,5.941,5.941,6.000,0,0.134,6.868,0.087,0.609,1.154,0.013,1,1,1208,3961,10,186832,1206,440,744,14253,41,0,41,1,16777216,1578,0.202,0,0.248
1,1581,17798.644,level1,0,1024,640,8.476,1,9.717,9.717,10.000,0,0.141,5.340,0.047,0.537,1.051,0.008,1,1,1203,3946,10,186072,1206,441,743,14263,41,0,41,1,16777216,1579,0.210,0,0.226
1,1582,17806.262,level1,0,1024,640,6.932,1,6.880,6.880,6.000,0,0.141,5.677,0.396,0.540,1.309,0.010,1,1,1203,3946,10,186072,1206,441,743,14273,41,0,41,1,16777216,1580,0.206,0,0.198
1,1583,17813.150,level1,0,1024,640,7.210,1,7.639,7.639,8.000,0,0.144,5.648,0.103,0.540,1.103,0.010,1,1,1203,3946,10,186072,1206,441,743,14283,41,0,41,1,16777216,1581,0.216,0,0.220
1,1584,17820.699,level1,0,1024,640,6.771,1,6.858,6.858,6.000,0,0.135,6.432,0.098,0.546,1.140,0.009,1,1,1203,3946,10,186072,1206,441,743,14293,41,0,41,1,16777216,1582,0.205,0,0.190
1,1585,17827.174,level1,0,1024,640,7.520,1,7.560,7.560,8.000,0,0.141,5.443,0.043,0.538,1.071,0.008,1,1,1203,3946,10,186072,1206,441,743,14303,41,0,41,1,16777216,1583,0.210,0,0.200
1,1586,17834.778,level1,0,1024,640,6.022,1,6.606,6.606,6.000,0,0.200,6.944,0.122,0.566,1.115,0.014,1,1,1203,3946,10,186072,1206,441,743,14313,41,0,41,1,16777216,1584,0.201,0,0.332
1,1587,17842.008,level1,0,1024,640,7.570,1,7.575,7.575,9.000,0,0.192,6.643,0.084,0.540,1.350,0.015,1,1,1203,3946,10,186072,1206,441,743,14323,41,0,41,1,16777216,1585,0.218,0,0.302
1,1588,17848.674,level1,0,1024,640,7.245,1,7.229,7.229,6.000,0,0.210,6.047,0.101,0.690,1.357,0.010,1,1,1203,3946,10,186072,1206,441,743,14333,41,0,41,1,16777216,1586,0.195,0,0.297
1,1589,17855.221,level1,0,1024,640,6.621,1,6.656,6.656,7.000,0,0.171,6.025,0.050,0.552,1.250,0.008,1,1,1203,3946,10,186072,1206,441,743,14343,41,0,41,1,16777216,1587,0.208,0,0.290
1,1590,17861.693,level1,0,1024,640,6.418,1,6.465,6.465,6.000,0,0.130,6.044,0.082,0.536,1.076,0.008,1,1,1203,3946,10,186072,1206,441,743,14353,41,0,41,1,16777216,1588,0.207,0,0.209
1,1591,17867.787,level1,0,1024,640,6.451,1,6.452,6.452,7.000,0,0.126,5.726,0.045,0.544,1.066,0.008,1,1,1203,3946,10,186072,1206,441,743,14363,41,0,41,1,16777216,1589,0.203,0,0.189
1,1592,17874.164,level1,0,1024,640,6.124,1,6.126,6.126,7.000,0,0.128,5.976,0.047,0.548,1.100,0.007,1,1,1203,3946,10,186072,1206,441,743,14373,41,0,41,1,16777216,1590,0.199,0,0.220
1,1593,17881.729,level1,0,1024,640,6.379,1,6.389,6.389,5.000,0,0.119,7.090,0.118,0.894,1.812,0.017,1,1,1208,3961,10,186832,1206,440,744,14383,41,0,41,1,16777216,1591,0.212,0,0.232
1,1594,17888.566,level1,0,1024,640,7.716,1,7.684,7.684,9.000,0,0.142,6.207,0.122,0.544,1.172,0.044,1,1,1199,3943,10,185536,1206,440,744,14393,41,0,41,1,16777216,1592,0.202,0,0.350
1,1595,17896.678,level1,0,1024,640,6.998,1,6.922,6.922,6.000,0,0.225,7.362,0.082,0.878,1.672,0.012,1,1,1199,3943,10,185536,1206,440,744,14403,41,0,41,1,16777216,1593,0.266,0,0.434
1,1596,17902.910,level1,0,1024,640,7.863,1,7.942,7.942,9.000,0,0.148,5.767,0.046,0.661,1.184,0.008,1,1,1199,3943,10,185536,1206,440,744,14413,41,0,41,1,16777216,1594,0.208,0,0.266
1,1597,17909.016,level1,0,1024,640,6.150,1,6.171,6.171,6.000,0,0.123,5.725,0.044,0.578,1.281,0.009,1,1,1199,3943,10,185536,1206,440,744,14423,41,0,41,1,16777216,1595,0.193,0,0.205
1,1598,17915.663,level1,0,1024,640,6.305,1,6.282,6.282,5.000,0,0.149,6.056,0.055,0.656,1.328,0.012,1,1,1199,3943,10,185536,1206,440,744,14433,41,0,41,1,16777216,1596,0.202,0,0.380
1,1599,17922.263,level1,0,1024,640,6.573,1,6.520,6.520,7.000,0,0.202,6.084,0.054,0.556,1.080,0.009,1,1,1178,3901,10,182512,1206,461,723,14443,41,0,41,1,16777216,1597,0.207,0,0.251
1,1600,17929.082,level1,0,1024,640,6.661,1,6.646,6.646,7.000,0,0.216,6.231,0.064,0.540,1.261,0.012,1,1,1178,3901,10,182512,1206,461,723,14453,41,0,41,1,16777216,1598,0.204,0,0.300
1,1601,17935.690,level1,0,1024,640,6.743,1,6.804,6.804,7.000,0,0.147,6.115,0.046,0.544,1.254,0.008,1,1,1178,3901,10,182512,1206,461,723,14463,41,0,41,1,16777216,1599,0.202,0,0.285
1,1602,17942.151,level1,0,1024,640,6.546,1,6.502,6.502,6.000,0,0.200,6.028,0.047,0.536,1.156,0.008,1,1,1178,3901,10,182512,1206,461,723,14473,41,0,41,1,16777216,1600,0.191,0,0.180
1,1603,17948.487,level1,0,1024,640,6.733,1,6.719,6.719,7.000,0,0.214,5.632,0.046,0.537,1.055,0.008,1,1,1178,3901,10,182512,1206,461,723,14483,41,0,41,1,16777216,1601,0.210,0,0.436
1,1604,17956.874,level1,0,1024,640,6.511,1,6.378,6.378,6.000,0,0.346,7.476,0.078,0.539,1.546,0.016,1,1,1178,3901,10,182512,1206,461,723,14493,41,0,41,1,16777216,1602,0.204,0,0.474
1,1605,17963.112,level1,0,1024,640,7.989,1,8.139,8.139,8.000,0,0.195,5.731,0.074,0.533,1.160,0.027,1,1,1178,3901,10,182512,1206,461,723,14503,41,0,41,1,16777216,1603,0.290,0,0.232
1,1606,17969.443,level1,0,1024,640,6.310,1,6.288,6.288,7.000,0,0.213,5.678,0.146,0.600,1.246,0.011,1,1,1178,3901,10,182512,1206,461,723,14513,41,0,41,1,16777216,1604,0.201,0,0.280
1,1607,17975.693,level1,0,1024,640,6.155,1,6.244,6.244,6.000,0,0.130,5.872,0.048,0.652,1.385,0.010,1,1,1178,3901,10,182512,1206,461,723,14523,41,0,41,1,16777216,1605,0.200,0,0.194
1,1608,17982.657,level1,0,1024,640,6.405,1,6.334,6.334,6.000,0,0.199,6.433,0.047,0.545,1.067,0.008,1,1,1178,3901,10,182512,1206,461,723,14533,41,0,41,1,16777216,1606,0.202,0,0.279
1,1609,17989.154,level1,0,1024,640,6.844,1,6.916,6.916,7.000,0,0.128,6.071,0.061,0.538,1.090,0.008,1,1,1178,3901,10,182512,1206,461,723,14543,41,0,41,1,16777216,1607,0.207,0,0.231
1,1610,17995.584,level1,0,1024,640,6.697,1,6.596,6.596,7.000,0,0.224,5.819,0.046,0.695,1.225,0.007,1,1,1178,3901,10,182512,1206,461,723,14553,41,0,41,1,16777216,1608,0.210,0,0.325
1,1611,18001.907,level1,0,1024,640,6.247,1,6.273,6.273,6.000,0,0.202,5.858,0.084,0.538,1.081,0.025,1,1,1178,3901,10,182512,1206,461,723,14563,41,0,41,1,16777216,1609,0.208,0,0.174
1,1612,18008.111,level1,0,1024,640,6.425,1,6.412,6.412,6.000,0,0.207,5.675,0.045,0.531,1.053,0.007,1,1,1178,3901,10,182512,1206,461,723,14573,41,0,41,1,16777216,1610,0.204,0,0.261
1,1613,18015.694,level1,0,1024,640,6.279,1,6.117,6.117,7.000,0,0.374,6.975,0.049,0.533,1.146,0.010,1,1,1178,3901,10,182512,1206,461,723,14583,41,0,41,1,16777216,1611,0.206,0,0.175
1,1614,18021.745,level1,0,1024,640,7.477,1,7.719,7.719,7.000,0,0.127,5.551,0.047,0.534,1.096,0.008,1,1,1178,3901,10,182512,1206,461,723,14593,41,0,41,1,16777216,1612,0.199,0,0.311
1,1615,18027.820,level1,0,1024,640,5.971,1,5.985,5.985,6.000,0,0.123,5.623,0.053,0.533,1.071,0.008,1,1,1178,3901,10,182512,1206,461,723,14603,41,0,41,1,16777216,1613,0.208,0,0.245
1,1616,18034.531,level1,0,1024,640,6.069,1,6.066,6.066,6.000,0,0.127,6.290,0.054,0.598,1.168,0.009,1,1,1178,3901,10,182512,1206,461,723,14613,41,0,41,1,16777216,1614,0.200,0,0.235
1,1617,18041.260,level1,0,1024,640,6.788,1,6.705,6.705,7.000,0,0.209,6.192,0.093,0.617,1.381,0.018,1,1,1178,3901,10,182512,1206,461,723,14623,41,0,41,1,16777216,1615,0.212,0,0.229
1,1618,18047.379,level1,0,1024,640,6.720,1,6.791,6.791,7.000,0,0.138,5.544,0.137,0.599,1.129,0.009,1,1,1178,3901,10,182512,1206,461,723,14633,41,0,41,1,16777216,1616,0.194,0,0.291
1,1619,18053.927,level1,0,1024,640,6.439,1,6.336,6.336,6.000,0,0.240,5.703,0.088,0.544,1.172,0.008,1,1,1178,3901,10,182512,1206,461,723,14643,41,0,41,1,16777216,1617,0.195,0,0.508
1,1620,18060.440,level1,0,1024,640,6.312,1,6.348,6.348,6.000,0,0.205,5.927,0.066,0.535,1.266,0.011,1,1,1178,3901,10,182512,1206,461,723,14653,41,0,41,1,16777216,1618,0.203,0,0.308
1,1621,18066.975,level1,0,1024,640,6.506,1,6.500,6.500,7.000,0,0.205,5.934,0.089,0.654,1.386,0.009,1,1,1178,3901,10,182512,1206,461,723,14663,41,0,41,1,16777216,1619,0.201,0,0.294
1,1622,18073.465,level1,0,1024,640,6.496,1,6.503,6.503,6.000,0,0.203,5.971,0.046,0.545,1.078,0.008,1,1,1178,3901,10,182512,1206,461,723,14673,41,0,41,1,16777216,1620,0.193,0,0.263
1,1623,18079.878,level1,0,1024,640,6.535,1,6.526,6.526,7.000,0,0.212,5.781,0.115,0.728,1.241,0.008,1,1,1178,3901,10,182512,1206,461,723,14683,41,0,41,1,16777216,1621,0.207,0,0.299
1,1624,18087.106,level1,0,1024,640,6.359,1,6.398,6.398,6.000,0,0.173,6.648,0.114,0.552,1.156,0.013,1,1,1178,3901,10,182512,1206,461,723,14693,41,0,41,1,16777216,1622,0.203,0,0.282
1,1625,18093.909,level1,0,1024,640,7.277,1,7.236,7.236,7.000,0,0.215,6.227,0.062,0.578,1.108,0.011,1,1,1178,3901,10,182512,1206,461,723,14703,41,0,41,1,16777216,1623,0.206,0,0.291
1,1626,18101.320,level1,0,1024,640,6.901,1,6.893,6.893,8.000,0,0.223,6.730,0.069,0.611,1.292,0.011,1,1,1178,3901,10,182512,1206,461,723,14713,41,0,41,1,16777216,1624,0.201,0,0.382
1,1627,18108.369,level1,0,1024,640,7.246,1,7.307,7.307,7.000,0,0.160,6.465,0.137,0.531,1.205,0.021,1,1,1177,3899,10,182368,1206,461,723,14723,41,0,41,1,16777216,1625,0.276,0,0.279
1,1628,18117.081,level1,0,1024,640,7.141,1,7.085,7.085,7.000,0,0.216,8.028,0.144,1.093,1.986,0.014,1,1,1182,3914,10,183128,1206,460,724,14733,41,0,41,1,16777216,1626,0.201,0,0.313
1,1629,18124.222,level1,0,1024,640,8.625,1,8.674,8.674,8.000,0,0.168,6.622,0.067,0.543,1.327,0.010,1,1,1182,3914,10,183128,1206,460,724,14743,41,0,41,1,16777216,1627,0.155,0,0.276
1,1630,18131.116,level1,0,1024,640,7.160,1,7.138,7.138,8.000,0,0.186,6.350,0.071,0.551,1.086,0.010,1,1,1187,3929,10,183888,1206,459,725,14753,41,0,41,1,16777216,1628,0.154,0,0.273
1,1631,18137.400,level1,0,1024,640,6.874,1,6.922,6.922,6.000,0,0.142,5.784,0.050,0.542,1.163,0.008,1,1,1187,3929,10,183888,1206,459,725,14763,41,0,41,1,16777216,1629,0.232,0,0.302
1,1632,18143.773,level1,0,1024,640,6.263,1,6.269,6.269,6.000,0,0.138,5.892,0.051,0.552,1.209,0.009,1,1,1187,3929,10,183888,1206,459,725,14773,41,0,41,1,16777216,1630,0.153,0,0.286
1,1633,18150.443,level1,0,1024,640,6.342,1,6.341,6.341,7.000,0,0.137,6.194,0.076,0.808,1.478,0.010,1,1,1187,3929,10,183888,1206,459,725,14783,41,0,41,1,16777216,1631,0.160,0,0.254
1,1634,18156.839,level1,0,1024,640,6.850,1,6.727,6.727,7.000,0,0.257,5.744,0.073,0.546,1.093,0.019,1,1,1187,3929,10,183888,1206,459,725,14793,41,0,41,1,16777216,1632,0.155,0,0.307
1,1635,18163.426,level1,0,1024,640,6.462,1,6.519,6.519,7.000,0,0.205,5.887,0.055,0.541,1.362,0.012,1,1,1187,3929,10,183888,1206,459,725,14803,41,0,41,1,16777216,1633,0.146,0,0.433
1,1636,18169.566,level1,0,1024,640,6.300,1,6.373,6.373,6.000,0,0.132,5.724,0.059,0.536,1.488,0.061,1,1,1196,3947,10,185184,1206,450,734,14813,41,0,41,1,16777216,1634,0.159,0,0.219
1,1637,18175.794,level1,0,1024,640,6.262,1,6.203,6.203,6.000,0,0.191,5.698,0.050,0.592,1.291,0.009,1,1,1201,3962,10,185944,1206,449,735,14823,41,0,41,1,16777216,1635,0.158,0,0.282
1,1638,18181.759,level1,0,1024,640,6.058,1,6.124,6.124,7.000,0,0.126,5.610,0.045,0.597,1.329,0.019,1,1,1201,3962,10,185944,1206,449,735,14833,41,0,41,1,16777216,1636,0.140,0,0.180
1,1639,18187.574,level1,0,1024,640,5.980,1,5.974,5.974,6.000,0,0.131,5.431,0.058,0.528,1.191,0.010,1,1,1196,3914,10,184920,1206,450,734,14843,41,0,41,1,16777216,1637,0.156,0,0.188
1,1640,18194.578,level1,0,1024,640,5.948,1,5.884,5.884,5.000,0,0.193,6.477,0.069,0.512,1.464,0.012,1,1,1198,3912,10,185160,1206,450,734,14853,41,0,41,1,16777216,1638,0.150,0,0.257
1,1641,18201.016,level1,0,1024,640,7.001,1,6.983,6.983,7.000,0,0.201,5.934,0.050,0.515,1.115,0.011,1,1,1198,3912,10,185160,1206,450,734,14863,41,0,41,1,16777216,1639,0.163,0,0.235
1,1642,18208.747,level1,0,1024,640,6.450,1,6.449,6.449,6.000,0,0.213,7.169,0.095,0.530,1.167,0.012,1,1,1198,3912,10,185160,1206,450,734,14873,41,0,41,1,16777216,1640,0.154,0,0.244
1,1643,18216.795,level1,0,1024,640,8.227,1,8.004,8.004,8.000,0,0.419,7.000,0.086,0.550,1.140,0.010,1,1,1177,3870,10,182136,1206,471,713,14883,41,0,41,1,16777216,1641,0.161,0,0.516
1,1644,18223.595,level1,0,1024,640,7.536,1,7.780,7.780,8.000,0,0.182,6.160,0.189,0.551,1.112,0.019,1,1,1177,3870,10,182136,1206,471,713,14893,41,0,41,1,16777216,1642,0.160,0,0.251
1,1645,18230.121,level1,0,1024,640,6.884,1,6.913,6.913,7.000,0,0.164,5.931,0.061,0.675,1.453,0.020,1,1,1177,3870,10,182136,1206,471,713,14903,41,0,41,1,16777216,1643,0.165,0,0.361
1,1646,18236.407,level1,0,1024,640,6.330,1,6.367,6.367,7.000,0,0.127,5.879,0.068,0.575,1.292,0.026,1,1,1177,3870,10,182136,1206,471,713,14913,41,0,41,1,16777216,1644,0.143,0,0.206
1,1647,18242.352,level1,0,1024,640,6.369,1,6.322,6.322,6.000,0,0.162,5.478,0.047,0.577,1.144,0.018,1,1,1177,3870,10,182136,1206,471,713,14923,41,0,41,1,16777216,1645,0.165,0,0.240
1,1648,18248.173,level1,0,1024,640,5.925,1,5.969,5.969,6.000,0,0.125,5.380,0.040,0.535,1.124,0.007,1,1,1177,3870,10,182136,1206,471,713,14933,41,0,41,1,16777216,1646,0.151,0,0.266
1,1649,18254.764,level1,0,1024,640,5.726,1,5.718,5.718,5.000,0,0.140,6.204,0.080,0.528,1.372,0.011,1,1,1177,3870,10,182136,1206,471,713,14943,41,0,41,1,16777216,1647,0.167,0,0.163
1,1650,18261.551,level1,0,1024,640,6.781,1,6.713,6.713,8.000,0,0.205,6.196,0.094,0.584,1.525,0.014,1,1,1177,3870,10,182136,1206,471,713,14953,41,0,41,1,16777216,1648,0.151,0,0.284
1,1651,18268.355,level1,0,1024,640,6.697,1,6.755,6.755,6.000,0,0.148,6.338,0.059,0.543,1.120,0.009,1,1,1177,3870,10,182136,1206,471,713,14963,41,0,41,1,16777216,1649,0.167,0,0.253
1,1652,18276.712,level1,0,1024,640,8.815,1,6.962,6.962,7.000,0,0.202,5.874,0.065,0.514,1.109,0.009,1,1,1177,3870,10,182136,1206,471,713,14973,41,0,41,1,16777216,1650,0.158,0,0.410
1,1653,18283.676,level1,0,1024,640,7.049,1,8.163,8.163,8.000,0,0.161,5.800,0.054,0.516,1.039,0.009,1,1,1177,3870,10,182136,1206,471,713,14983,41,0,41,1,16777216,1651,0.164,0,0.217
1,1654,18290.881,level1,0,1024,640,6.310,1,6.988,6.988,7.000,0,0.203,6.512,0.236,0.839,1.813,0.079,1,1,1177,3870,10,182136,1206,471,713,14993,41,0,41,1,16777216,1652,0.152,0,0.240
1,1655,18297.494,level1,0,1024,640,7.174,1,7.208,7.208,8.000,0,0.175,6.135,0.054,0.587,1.607,0.009,1,1,1177,3870,10,182136,1206,471,713,15003,41,0,41,1,16777216,1653,0.168,0,0.243
1,1656,18306.083,level1,0,1024,640,8.882,1,6.580,6.580,6.000,0,0.143,5.839,0.056,0.515,1.040,0.022,1,1,1177,3870,10,182136,1206,471,713,15013,41,0,41,1,16777216,1654,0.153,0,0.210
1,1657,18313.563,level1,0,1024,640,6.921,1,8.620,8.620,9.000,0,0.219,6.397,0.057,0.530,1.199,0.009,1,1,1177,3870,10,182136,1206,471,713,15023,41,0,41,1,16777216,1655,0.157,0,0.241
1,1658,18320.358,level1,0,1024,640,7.072,1,7.612,7.612,7.000,0,0.232,6.106,0.072,0.589,1.375,0.019,1,1,1177,3870,10,182136,1206,471,713,15033,41,0,41,1,16777216,1656,0.213,0,0.373
1,1659,18328.803,level1,0,1024,640,8.497,1,6.647,6.647,7.000,0,0.167,6.036,0.089,0.519,1.099,0.013,1,1,1177,3870,10,182136,1206,471,713,15043,41,0,41,1,16777216,1657,0.815,0,0.225
1,1660,18335.308,level1,0,1024,640,6.836,1,8.514,8.514,8.000,0,0.245,5.745,0.050,0.511,1.089,0.009,1,1,1177,3870,10,182136,1206,471,713,15053,41,0,41,1,16777216,1658,0.150,0,0.287
1,1661,18342.328,level1,0,1024,640,6.171,1,6.387,6.387,7.000,0,0.188,6.595,0.049,0.516,1.081,0.008,1,1,1182,3918,10,183160,1206,470,714,15063,41,0,41,1,16777216,1659,0.162,0,0.178
1,1662,18348.905,level1,0,1024,640,7.063,1,7.029,7.029,7.000,0,0.227,6.083,0.074,0.510,1.146,0.016,1,1,1182,3918,10,183160,1206,470,714,15073,41,0,41,1,16777216,1660,0.147,0,0.187
1,1663,18355.655,level1,0,1024,640,6.861,1,6.832,6.832,6.000,0,0.255,5.985,0.060,0.521,1.214,0.010,1,1,1182,3918,10,183160,1206,470,714,15083,41,0,41,1,16777216,1661,0.235,0,0.441
1,1664,18365.027,level1,0,1024,640,9.473,1,6.585,6.585,7.000,0,0.224,5.876,0.070,0.514,1.345,0.021,1,1,1182,3918,10,183160,1206,470,714,15093,41,0,41,1,16777216,1662,0.154,0,0.275
1,1665,18372.741,level1,0,1024,640,7.667,1,9.386,9.386,9.000,0,0.211,5.892,0.099,0.513,1.257,0.046,1,1,1182,3918,10,183160,1206,470,714,15103,41,0,41,1,16777216,1663,0.151,0,0.289
1,1666,18381.658,level1,0,1024,640,8.701,1,7.935,7.935,9.000,0,0.341,6.126,0.081,0.513,1.688,0.018,1,1,1182,3918,10,183160,1206,470,714,15113,41,0,41,1,16777216,1664,0.152,0,0.506
1,1667,18388.946,level1,0,1024,640,7.476,1,8.731,8.731,8.000,0,0.216,5.962,0.057,0.519,1.391,0.011,1,1,1177,3870,10,182136,1206,471,713,15123,41,0,41,1,16777216,1665,0.186,0,0.322
1,1668,18395.622,level1,0,1024,640,7.024,1,7.165,7.165,7.000,0,0.124,5.623,0.049,0.517,1.140,0.009,1,1,1185,3886,10,183288,1206,463,721,15133,41,0,41,1,16777216,1666,0.154,0,0.202
1,1669,18402.836,level1,0,1024,640,6.704,1,6.677,6.677,7.000,0,0.127,6.129,0.053,0.532,1.110,0.008,1,1,1195,3916,10,184808,1206,461,723,15143,41,0,41,1,16777216,1667,0.161,0,0.203
1,1670,18408.925,level1,0,1024,640,6.494,1,7.194,7.194,7.000,0,0.124,5.728,0.050,0.521,1.066,0.008,1,1,1200,3931,10,185568,1206,460,724,15153,41,0,41,1,16777216,1668,0.151,0,0.184
1,1671,18415.566,level1,0,1024,640,6.393,1,6.150,6.150,6.000,0,0.363,5.973,0.052,0.625,1.205,0.009,1,1,1200,3931,10,185568,1206,460,724,15163,41,0,41,1,16777216,1669,0.179,0,0.242
1,1672,18422.434,level1,0,1024,640,6.551,1,6.712,6.712,8.000,0,0.206,6.282,0.060,0.566,1.245,0.009,1,1,1200,3931,10,185568,1206,460,724,15173,41,0,41,1,16777216,1670,0.176,0,0.314
1,1673,18429.317,level1,0,1024,640,6.872,1,6.835,6.835,6.000,0,0.240,6.290,0.063,0.539,1.355,0.012,1,1,1200,3931,10,185568,1206,460,724,15183,41,0,41,1,16777216,1671,0.161,0,0.279
1,1674,18436.385,level1,0,1024,640,7.095,1,7.172,7.172,7.000,0,0.156,5.927,0.398,0.530,1.495,0.032,1,1,1200,3931,10,185568,1206,460,724,15193,41,0,41,1,16777216,1672,0.155,0,0.564
1,1675,18445.428,level1,0,1024,640,9.323,1,6.928,6.928,7.000,0,0.139,5.984,0.062,0.531,1.123,0.012,1,1,1211,3953,13,187308,1209,460,727,15208,42,0,42,1,16777216,1673,0.157,0,0.429
1,1676,18452.331,level1,0,1024,640,7.225,1,8.889,8.889,9.000,0,0.196,5.668,0.056,0.523,1.056,0.010,1,1,1211,3953,13,187308,1209,460,727,15221,42,0,42,1,16777216,1674,0.155,0,0.275
1,1677,18458.347,level1,0,1024,640,6.067,1,6.819,6.819,7.000,0,0.146,5.627,0.046,0.526,1.069,0.008,1,1,1211,3953,13,187308,1209,460,727,15234,42,0,42,1,16777216,1675,0.178,0,0.193
1,1678,18464.394,level1,0,1024,640,6.089,1,6.009,6.009,6.000,0,0.216,5.589,0.042,0.520,1.050,0.008,1,1,1190,3911,13,184284,1209,481,706,15247,42,0,42,1,16777216,1676,0.156,0,0.186
1,1679,18473.621,level1,0,1024,640,5.992,1,6.029,6.029,6.000,0,0.189,8.761,0.104,0.871,2.144,0.051,1,1,1190,3911,13,184284,1209,481,706,15260,42,0,42,1,16777216,1677,0.168,0,0.167
1,1680,18480.507,level1,0,1024,640,9.385,1,9.368,9.368,9.000,0,0.205,6.311,0.056,0.533,1.269,0.011,1,1,1190,3911,13,184284,1209,481,706,15273,42,0,42,1,16777216,1678,0.157,0,0.308
1,1681,18486.941,level1,0,1024,640,6.765,1,6.786,6.786,7.000,0,0.180,5.948,0.062,0.533,1.075,0.010,1,1,1190,3911,13,184284,1209,481,706,15286,42,0,42,1,16777216,1679,0.157,0,0.207
1,1682,18494.603,level1,0,1024,640,6.410,1,6.443,6.443,6.000,0,0.141,7.227,0.061,0.524,1.152,0.011,1,1,1190,3911,13,184284,1209,481,706,15299,42,0,42,1,16777216,1680,0.154,0,0.217
1,1683,18504.302,level1,0,1024,640,10.575,1,7.631,7.631,8.000,0,0.246,6.331,0.080,0.618,1.266,0.012,1,1,1190,3911,13,184284,1209,481,706,15312,42,0,42,1,16777216,1681,0.159,0,0.186
1,1684,18511.141,level1,0,1024,640,7.306,1,9.724,9.724,10.000,0,0.144,5.877,0.067,0.539,1.148,0.019,1,1,1190,3911,13,184284,1209,481,706,15325,42,0,42,1,16777216,1682,0.773,0,0.211
1,1685,18522.749,level1,0,1024,640,8.812,1,6.835,6.835,7.000,0,0.154,8.589,0.151,0.556,1.145,0.019,1,1,1190,3911,13,184284,1209,481,706,15338,42,0,42,1,16777216,1683,0.154,0,0.208
1,1686,18531.112,level1,0,1024,640,9.787,1,11.695,11.695,11.000,0,0.215,7.182,0.132,0.781,1.665,0.030,1,1,1190,3911,13,184284,1209,481,706,15351,42,0,42,1,16777216,1684,0.151,0,0.293
1,1687,18537.797,level1,0,1024,640,7.883,1,8.404,8.404,9.000,0,0.223,6.058,0.061,0.521,1.237,0.012,1,1,1190,3911,13,184284,1209,481,706,15364,42,0,42,1,16777216,1685,0.157,0,0.334
1,1688,18544.212,level1,0,1024,640,6.453,1,6.537,6.537,7.000,0,0.142,6.030,0.051,0.522,1.171,0.009,1,1,1190,3911,13,184284,1209,481,706,15377,42,0,42,1,16777216,1686,0.165,0,0.188
1,1689,18551.177,level1,0,1024,640,6.404,1,6.409,6.409,5.000,0,0.134,6.507,0.133,0.657,1.280,0.012,1,1,1190,3911,13,184284,1209,481,706,15390,42,0,42,1,16777216,1687,0.163,0,0.181
1,1690,18558.133,level1,0,1024,640,7.286,1,7.107,7.107,8.000,0,0.310,6.249,0.063,0.531,1.178,0.012,1,1,1190,3911,13,184284,1209,481,706,15403,42,0,42,1,16777216,1688,0.152,0,0.316
1,1691,18566.975,level1,0,1024,640,8.741,1,6.863,6.863,6.000,0,0.225,6.349,0.063,0.533,1.145,0.010,1,1,1190,3911,13,184284,1209,481,706,15416,42,0,42,1,16777216,1689,0.149,0,0.230
1,1692,18574.131,level1,0,1024,640,7.518,1,8.819,8.819,9.000,0,0.159,5.947,0.101,0.535,1.192,0.019,1,1,1190,3911,13,184284,1209,481,706,15429,42,0,42,1,16777216,1690,0.160,0,0.206
1,1693,18581.491,level1,0,1024,640,6.949,1,7.417,7.417,7.000,0,0.416,6.310,0.147,0.522,1.200,0.029,1,1,1190,3911,13,184284,1209,481,706,15442,42,0,42,1,16777216,1691,0.158,0,0.467
1,1694,18587.979,level1,0,1024,640,6.945,1,7.215,7.215,8.000,0,0.148,5.962,0.043,0.534,1.362,0.010,1,1,1190,3911,13,184284,1209,481,706,15455,42,0,42,1,16777216,1692,0.140,0,0.322
1,1695,18594.941,level1,0,1024,640,6.349,1,6.358,6.358,7.000,0,0.147,6.531,0.085,0.527,1.189,0.010,1,1,1190,3911,13,184284,1209,481,706,15468,42,0,42,1,16777216,1693,0.149,0,0.194
1,1696,18601.461,level1,0,1024,640,7.007,1,7.003,7.003,6.000,0,0.147,6.077,0.053,0.528,1.116,0.009,1,1,1190,3911,13,184284,1209,481,706,15481,42,0,42,1,16777216,1694,0.154,0,0.231
1,1697,18608.311,level1,0,1024,640,7.367,1,7.386,7.386,8.000,0,0.130,5.562,0.052,0.522,1.211,0.011,1,1,1190,3911,13,184284,1209,481,706,15494,42,0,42,1,16777216,1695,0.162,0,1.101
1,1698,18614.709,level1,0,1024,640,6.061,1,6.032,6.032,6.000,0,0.148,5.894,0.057,0.522,1.094,0.032,1,1,1190,3911,13,184284,1209,481,706,15507,42,0,42,1,16777216,1696,0.160,0,0.282
1,1699,18620.584,level1,0,1024,640,6.384,1,6.312,6.312,6.000,0,0.232,5.398,0.044,0.517,1.043,0.009,1,1,1190,3911,13,184284,1209,481,706,15520,42,0,42,1,16777216,1697,0.161,0,0.196
1,1700,18626.898,level1,0,1024,640,5.773,1,5.863,5.863,6.000,0,0.143,5.917,0.066,0.520,1.191,0.010,1,1,1181,3893,13,182988,1209,481,706,15533,42,0,42,1,16777216,1698,0.142,0,0.185
1,1701,18633.764,level1,0,1024,640,6.369,1,6.322,6.322,6.000,0,0.188,6.403,0.077,0.527,1.271,0.011,1,1,1181,3893,13,182988,1209,481,706,15546,42,0,42,1,16777216,1699,0.159,0,0.192
1,1702,18640.447,level1,0,1024,640,7.008,1,6.981,6.981,7.000,0,0.213,6.070,0.084,0.658,1.259,0.017,1,1,1181,3893,13,182988,1209,481,706,15559,42,0,42,1,16777216,1700,0.156,0,0.306
1,1703,18646.819,level1,0,1024,640,6.577,1,6.612,6.612,7.000,0,0.179,5.893,0.056,0.514,1.248,0.009,1,1,1181,3893,13,182988,1209,481,706,15572,42,0,42,1,16777216,1701,0.167,0,0.235
1,1704,18652.585,level1,0,1024,640,6.279,1,6.333,6.333,6.000,0,0.128,5.398,0.038,0.509,1.016,0.007,1,1,1181,3893,13,182988,1209,481,706,15585,42,0,42,1,16777216,1702,0.159,0,0.198
1,1705,18658.303,level1,0,1024,640,5.731,1,5.727,5.727,6.000,0,0.132,5.385,0.038,0.508,1.066,0.007,1,1,1181,3893,13,182988,1209,481,706,15598,42,0,42,1,16777216,1703,0.152,0,0.158
1,1706,18664.310,level1,0,1024,640,5.754,1,5.739,5.739,6.000,0,0.146,5.634,0.042,0.516,1.087,0.008,1,1,1181,3893,13,182988,1209,481,706,15611,42,0,42,1,16777216,1704,0.143,0,0.179
1,1707,18670.169,level1,0,1024,640,6.008,1,5.995,5.995,5.000,0,0.159,5.437,0.087,0.516,1.111,0.008,1,1,1181,3893,13,182988,1209,481,706,15624,42,0,42,1,16777216,1705,0.168,0,0.168
1,1708,18676.004,level1,0,1024,640,5.944,1,5.953,5.953,7.000,0,0.148,5.376,0.044,0.566,1.123,0.008,1,1,1181,3893,13,182988,1209,481,706,15637,42,0,42,1,16777216,1706,0.155,0,0.258
1,1709,18681.714,level1,0,1024,640,5.706,1,5.733,5.733,6.000,0,0.124,5.385,0.038,0.521,1.097,0.008,1,1,1181,3893,13,182988,1209,481,706,15650,42,0,42,1,16777216,1707,0.160,0,0.160
1,1710,18687.532,level1,0,1024,640,5.760,1,5.714,5.714,6.000,0,0.169,5.437,0.043,0.520,1.031,0.009,1,1,1181,3893,13,182988,1209,481,706,15663,42,0,42,1,16777216,1708,0.152,0,0.162
1,1711,18693.456,level1,0,1024,640,5.795,1,5.823,5.823,5.000,0,0.142,5.567,0.043,0.511,1.032,0.009,1,1,1181,3893,13,182988,1209,481,706,15676,42,0,42,1,16777216,1709,0.174,0,0.169
1,1712,18699.342,level1,0,1024,640,5.941,1,5.948,5.948,6.000,0,0.135,5.517,0.038,0.510,1.122,0.007,1,1,1181,3893,13,182988,1209,481,706,15689,42,0,42,1,16777216,1710,0.158,0,0.192
1,1713,18706.153,level1,0,1024,640,5.862,1,5.861,5.861,5.000,0,0.136,6.454,0.050,0.521,1.043,0.010,1,1,1181,3893,13,182988,1209,481,706,15702,42,0,42,1,16777216,1711,0.149,0,0.168
1,1714,18711.950,level1,0,1024,640,6.875,1,6.835,6.835,8.000,0,0.169,5.387,0.039,0.519,1.090,0.008,1,1,1181,3893,13,182988,1209,481,706,15715,42,0,42,1,16777216,1712,0.139,0,0.191
1,1715,18717.949,level1,0,1024,640,5.728,1,5.774,5.774,5.000,0,0.130,5.654,0.043,0.522,1.110,0.008,1,1,1181,3893,13,182988,1209,481,706,15728,42,0,42,1,16777216,1713,0.168,0,0.169
1,1716,18723.928,level1,0,1024,640,6.048,1,6.053,6.053,7.000,0,0.124,5.583,0.046,0.521,1.062,0.008,1,1,1181,3893,13,182988,1209,481,706,15741,42,0,42,1,16777216,1714,0.208,0,0.221
1,1717,18731.206,level1,0,1024,640,5.934,1,5.928,5.928,6.000,0,0.131,6.891,0.080,0.524,1.116,0.007,1,1,1181,3893,13,182988,1209,481,706,15754,42,0,42,1,16777216,1715,0.158,0,0.170
1,1718,18737.461,level1,0,1024,640,7.416,1,7.344,7.344,7.000,0,0.201,5.749,0.062,0.515,1.227,0.011,1,1,1181,3893,13,182988,1209,481,706,15767,42,0,42,1,16777216,1716,0.148,0,0.235
1,1719,18744.201,level1,0,1024,640,6.250,1,6.266,6.266,6.000,0,0.187,6.263,0.038,0.511,1.119,0.007,1,1,1181,3893,13,182988,1209,481,706,15780,42,0,42,1,16777216,1717,0.156,0,0.247
1,1720,18750.756,level1,0,1024,640,6.610,1,6.651,6.651,6.000,0,0.142,6.151,0.094,0.553,1.184,0.015,1,1,1181,3893,13,182988,1209,481,706,15793,42,0,42,1,16777216,1718,0.134,0,0.159
1,1721,18757.030,level1,0,1024,640,6.850,1,6.814,6.814,7.000,0,0.178,5.628,0.043,0.512,1.297,0.020,1,1,1181,3893,12,182936,1209,482,705,15805,42,0,42,1,16777216,1719,0.153,0,0.418
1,1722,18762.794,level1,0,1024,640,6.013,1,6.050,6.050,6.000,0,0.130,5.348,0.073,0.508,1.089,0.020,1,1,1181,3893,12,182936,1209,482,705,15817,42,0,42,1,16777216,1720,0.147,0,0.194
1,1723,18769.081,level1,0,1024,640,5.966,1,5.889,5.889,7.000,0,0.220,5.697,0.046,0.512,1.406,0.022,1,1,1181,3893,12,182936,1209,482,705,15829,42,0,42,1,16777216,1721,0.156,0,0.318
1,1724,18774.942,level1,0,1024,640,6.175,1,6.254,6.254,6.000,0,0.139,5.330,0.095,0.510,1.110,0.019,1,1,1181,3893,12,182936,1209,482,705,15841,42,0,42,1,16777216,1722,0.157,0,0.285
1,1725,18781.639,level1,0,1024,640,5.848,1,5.854,5.854,5.000,0,0.134,6.182,0.095,0.559,1.474,0.010,1,1,1181,3893,12,182936,1209,482,705,15853,42,0,42,1,16777216,1723,0.148,0,0.278
1,1726,18787.634,level1,0,1024,640,6.693,1,6.691,6.691,7.000,0,0.138,5.537,0.041,0.535,1.195,0.008,1,1,1186,3941,12,183960,1209,481,706,15865,42,0,42,1,16777216,1724,0.139,0,0.272
1,1727,18793.645,level1,0,1024,640,5.877,1,5.892,5.892,6.000,0,0.125,5.632,0.080,0.527,1.297,0.011,1,1,1186,3941,12,183960,1209,481,706,15877,42,0,42,1,16777216,1725,0.156,0,0.169
1,1728,18799.810,level1,0,1024,640,6.166,1,6.115,6.115,6.000,0,0.174,5.661,0.049,0.687,1.401,0.009,1,1,1186,3941,12,183960,1209,481,706,15889,42,0,42,1,16777216,1726,0.143,0,0.274
1,1729,18805.634,level1,0,1024,640,6.013,1,6.064,6.064,6.000,0,0.124,5.441,0.081,0.524,1.201,0.008,1,1,1186,3941,10,183856,1209,483,704,15899,42,0,42,1,16777216,1727,0.157,0,0.174
1,1730,18811.651,level1,0,1024,640,5.832,1,5.829,5.829,6.000,0,0.128,5.658,0.049,0.540,1.323,0.008,1,1,1186,3941,10,183856,1209,483,704,15909,42,0,42,1,16777216,1728,0.148,0,0.178
1,1731,18817.397,level1,0,1024,640,6.034,1,6.040,6.040,7.000,0,0.122,5.317,0.103,0.508,1.142,0.016,1,1,1186,3941,10,183856,1209,483,704,15919,42,0,42,1,16777216,1729,0.154,0,0.201
1,1732,18823.384,level1,0,1024,640,5.759,1,5.728,5.728,5.000,0,0.153,5.561,0.086,0.522,1.326,0.015,1,1,1193,3955,10,184864,1209,476,711,15929,42,0,42,1,16777216,1730,0.146,0,0.183
1,1733,18829.625,level1,0,1024,640,6.029,1,6.020,6.020,6.000,0,0.161,5.770,0.089,0.540,1.408,0.012,1,1,1203,3985,10,186384,1209,474,713,15939,42,0,42,1,16777216,1731,0.146,0,0.215
1,1734,18835.384,level1,0,1024,640,6.181,1,6.211,6.211,6.000,0,0.130,5.400,0.037,0.516,1.050,0.008,1,1,1203,3985,10,186384,1209,474,713,15949,42,0,42,1,16777216,1732,0.141,0,0.186
1,1735,18841.467,level1,0,1024,640,5.937,1,5.846,5.846,6.000,0,0.217,5.468,0.114,0.516,1.136,0.022,1,1,1203,3985,10,186384,1209,474,713,15959,42,0,42,1,16777216,1733,0.162,0,0.272
1,1736,18847.903,level1,0,1024,640,6.158,1,6.187,6.187,6.000,0,0.191,5.783,0.077,0.515,1.242,0.021,1,1,1203,3985,10,186384,1209,474,713,15969,42,0,42,1,16777216,1734,0.151,0,0.376
1,1737,18854.162,level1,0,1024,640,6.214,1,6.282,6.282,7.000,0,0.125,5.842,0.064,0.528,1.108,0.010,1,1,1208,4000,10,187144,1209,473,714,15979,42,0,42,1,16777216,1735,0.170,0,0.223
1,1738,18860.283,level1,0,1024,640,6.279,1,6.267,6.267,6.000,0,0.137,5.696,0.051,0.533,1.116,0.008,1,1,1208,4000,10,187144,1209,473,714,15989,42,0,42,1,16777216,1736,0.147,0,0.229
1,1739,18866.182,level1,0,1024,640,6.122,1,6.120,6.120,6.000,0,0.139,5.486,0.039,0.522,1.227,0.008,1,1,1208,4000,10,187144,1209,473,714,15999,42,0,42,1,16777216,1737,0.161,0,0.229
1,1740,18872.125,level1,0,1024,640,5.886,1,5.887,5.887,6.000,0,0.140,5.500,0.081,0.547,1.184,0.008,1,1,1187,3958,10,184120,1209,494,693,16009,42,0,42,1,16777216,1738,0.149,0,0.218
1,1741,18877.996,level1,0,1024,640,5.921,1,5.937,5.937,6.000,0,0.123,5.426,0.107,0.539,1.163,0.014,1,1,1182,3943,10,183360,1209,495,692,16019,42,0,42,1,16777216,1739,0.163,0,0.212
1,1742,18884.165,level1,0,1024,640,5.973,1,5.913,5.913,6.000,0,0.180,5.644,0.084,0.534,1.260,0.018,1,1,1182,3943,10,183360,1209,495,692,16029,42,0,42,1,16777216,1740,0.152,0,0.253
1,1743,18891.187,level1,0,1024,640,6.274,1,6.262,6.262,6.000,0,0.192,6.406,0.070,0.814,1.946,0.012,1,1,1182,3943,10,183360,1209,495,692,16039,42,0,42,1,16777216,1741,0.155,0,0.346
1,1744,18897.594,level1,0,1024,640,6.848,1,6.903,6.903,6.000,0,0.137,5.994,0.043,0.766,1.584,0.008,1,1,1182,3943,10,183360,1209,495,692,16049,42,0,42,1,16777216,1742,0.157,0,0.227
1,1745,18903.882,level1,0,1024,640,6.510,1,6.432,6.432,7.000,0,0.209,5.771,0.042,0.533,1.063,0.007,1,1,1182,3943,10,183360,1209,495,692,16059,42,0,42,1,16777216,1743,0.164,0,0.252
1,1746,18910.177,level1,0,1024,640,6.320,1,6.330,6.330,6.000,0,0.207,5.732,0.056,0.542,1.085,0.008,1,1,1182,3943,10,183360,1209,495,692,16069,42,0,42,1,16777216,1744,0.145,0,0.294
1,1747,18916.204,level1,0,1024,640,6.263,1,6.266,6.266,7.000,0,0.204,5.509,0.044,0.527,1.038,0.008,1,1,1182,3943,10,183360,1209,495,692,16079,42,0,42,1,16777216,1745,0.149,0,0.263
1,1748,18923.761,level1,0,1024,640,5.924,1,5.938,5.938,6.000,0,0.191,6.991,0.192,0.801,1.642,0.021,1,1,1182,3943,10,183360,1209,495,692,16089,42,0,42,1,16777216,1746,0.149,0,0.176
1,1749,18930.585,level1,0,1024,640,7.562,1,7.599,7.599,7.000,0,0.154,6.362,0.085,0.632,1.599,0.011,1,1,1182,3943,10,183360,1209,495,692,16099,42,0,42,1,16777216,1747,0.162,0,0.217
1,1750,18937.025,level1,0,1024,640,6.824,1,6.850,6.850,7.000,0,0.128,5.991,0.068,0.529,1.187,0.011,1,1,1182,3943,10,183360,1209,495,692,16109,42,0,42,1,16777216,1748,0.152,0,0.243
1,1751,18943.801,level1,0,1024,640,6.636,1,6.455,6.455,6.000,0,0.292,6.152,0.051,0.541,1.085,0.008,1,1,1182,3943,10,183360,1209,495,692,16119,42,0,42,1,16777216,1749,0.165,0,0.257
1,1752,18950.418,level1,0,1024,640,6.679,1,6.748,6.748,7.000,0,0.227,6.031,0.107,0.539,1.236,0.015,1,1,1182,3943,10,183360,1209,495,692,16129,42,0,42,1,16777216,1750,0.155,0,0.232
1,1753,18956.965,level1,0,1024,640,6.616,1,6.653,6.653,7.000,0,0.192,6.021,0.051,0.567,1.370,0.021,1,1,1182,3943,10,183360,1209,495,692,16139,42,0,42,1,16777216,1751,0.157,0,0.267
1,1754,18963.105,level1,0,1024,640,6.476,1,6.523,6.523,6.000,0,0.156,5.680,0.056,0.543,1.274,0.011,1,1,1182,3943,10,183360,1209,495,692,16149,42,0,42,1,16777216,1752,0.138,0,0.243
1,1755,18969.414,level1,0,1024,640,6.102,1,6.119,6.119,7.000,0,0.139,5.822,0.120,0.563,1.334,0.031,1,1,1182,3943,10,183360,1209,495,692,16159,42,0,42,1,16777216,1753,0.157,0,0.220
1,1756,18975.645,level1,0,1024,640,6.495,1,6.425,6.425,6.000,0,0.209,5.632,0.047,0.534,1.155,0.007,1,1,1182,3943,10,183360,1209,495,692,16169,42,0,42,1,16777216,1754,0.148,0,0.336
1,1757,18981.296,level1,0,1024,640,5.983,1,6.069,6.069,6.000,0,0.124,5.279,0.067,0.535,1.159,0.009,1,1,1182,3943,10,183360,1209,495,692,16179,42,0,42,1,16777216,1755,0.157,0,0.176
1,1758,18988.107,level1,0,1024,640,5.731,1,5.716,5.716,6.000,0,0.139,6.228,0.199,0.542,1.229,0.046,1,1,1182,3943,10,183360,1209,495,692,16189,42,0,42,1,16777216,1756,0.156,0,0.241
1,1759,18994.504,level1,0,1024,640,6.820,1,6.817,6.817,7.000,0,0.140,5.952,0.053,0.575,1.127,0.010,1,1,1187,3991,10,184384,1209,494,693,16199,42,0,42,1,16777216,1757,0.159,0,0.245
1,1760,19003.048,level1,0,1024,640,8.289,1,6.324,6.324,6.000,0,0.193,6.190,0.070,0.557,1.366,0.013,1,1,1192,4006,10,185144,1209,493,694,16209,42,0,42,1,16777216,1758,0.152,0,0.174
1,1761,19010.601,level1,0,1024,640,7.676,1,8.681,8.681,8.000,0,0.227,6.073,0.063,0.552,1.121,0.011,1,1,1197,4021,10,185904,1209,492,695,16219,42,0,42,1,16777216,1759,0.156,0,0.310
1,1762,19018.257,level1,0,1024,640,7.615,1,7.518,7.518,8.000,0,0.211,6.118,0.059,0.619,1.600,0.012,1,1,1197,4021,10,185904,1209,492,695,16229,42,0,42,1,16777216,1760,0.208,0,0.272
1,1763,19026.662,level1,0,1024,640,7.501,1,7.606,7.606,8.000,0,0.261,6.392,0.689,0.551,1.378,0.012,1,1,1203,4038,11,186860,1209,490,697,16240,43,0,43,1,16777216,1761,0.158,0,0.224
1,1764,19035.394,level1,0,1024,640,9.225,1,8.381,8.381,8.000,0,0.151,6.441,0.147,0.551,1.470,0.025,1,1,1203,4038,11,186860,1209,490,697,16251,43,0,43,1,16777216,1762,0.153,0,0.202
1,1765,19042.677,level1,0,1024,640,7.402,1,8.975,8.975,9.000,0,0.180,6.400,0.067,0.553,1.631,0.011,1,1,1203,4038,11,186860,1209,490,697,16262,43,0,43,1,16777216,1763,0.224,0,0.441
1,1766,19049.425,level1,0,1024,640,6.991,1,7.204,7.204,8.000,0,0.144,6.141,0.087,0.614,1.357,0.036,1,1,1198,4023,11,186100,1209,491,696,16273,43,0,43,1,16777216,1764,0.211,0,0.364
1,1767,19056.011,level1,0,1024,640,6.582,1,6.601,6.601,6.000,0,0.131,6.186,0.045,0.539,1.150,0.009,1,1,1198,4023,11,186100,1209,491,696,16284,43,0,43,1,16777216,1765,0.212,0,0.218
1,1768,19063.541,level1,0,1024,640,6.712,1,6.537,6.537,7.000,0,0.303,6.996,0.054,0.596,1.324,0.010,1,1,1205,4019,14,187120,1213,490,700,16300,44,0,44,1,16777216,1766,0.202,0,0.169
1,1769,19070.146,level1,0,1024,640,7.499,1,7.639,7.639,7.000,0,0.166,6.104,0.051,0.600,1.270,0.011,1,1,1205,4019,14,187120,1213,490,700,16314,44,0,44,1,16777216,1767,0.209,0,0.277
1,1770,19076.469,level1,0,1024,640,6.648,1,6.647,6.647,7.000,0,0.167,5.784,0.045,0.551,1.143,0.009,1,1,1205,4019,14,187120,1213,490,700,16328,44,0,44,1,16777216,1768,0.280,0,0.317
1,1771,19083.448,level1,0,1024,640,6.536,1,6.451,6.451,6.000,0,0.251,6.222,0.051,0.540,1.074,0.010,1,1,1211,4031,14,187984,1213,484,706,16342,44,0,44,1,16777216,1769,0.210,0,0.446
1,1772,19089.425,level1,0,1024,640,6.697,1,6.777,6.777,7.000,0,0.172,5.498,0.055,0.544,1.118,0.007,1,1,1211,4031,14,187984,1213,484,706,16356,44,0,44,1,16777216,1770,0.208,0,0.245
1,1773,19097.174,level1,0,1024,640,6.032,1,5.985,5.985,6.000,0,0.220,7.076,0.193,0.679,1.808,0.063,1,1,1211,4031,14,187984,1213,484,706,16370,44,0,44,1,16777216,1771,0.209,0,0.250
1,1774,19103.530,level1,0,1024,640,7.706,1,7.725,7.725,8.000,0,0.198,5.875,0.045,0.588,1.231,0.010,1,1,1211,4031,14,187984,1213,484,706,16384,44,0,44,1,16777216,1772,0.188,0,0.229
1,1775,19109.741,level1,0,1024,640,6.284,1,6.306,6.306,6.000,0,0.179,5.778,0.069,0.557,1.140,0.009,1,1,1211,4031,14,187984,1213,484,706,16398,44,0,44,1,16777216,1773,0.214,0,0.180
1,1776,19118.033,level1,0,1024,640,7.611,1,6.213,6.213,6.000,0,1.575,6.456,0.072,0.535,1.202,0.009,1,1,1208,4003,15,187428,1214,485,706,16412,46,0,46,1,16777216,1774,0.198,0,0.182
1,1777,19124.810,level1,0,1024,640,6.896,1,8.329,8.329,9.000,0,0.144,6.354,0.055,0.773,1.450,0.011,1,1,1208,4003,15,187428,1214,485,706,16427,46,0,46,1,16777216,1775,0.201,0,0.219
1,1778,19131.649,level1,0,1024,640,6.930,1,6.807,6.807,6.000,0,0.254,6.265,0.054,0.554,1.186,0.010,1,1,1208,4003,15,187428,1214,485,706,16442,46,0,46,1,16777216,1776,0.244,0,0.248
1,1779,19139.572,level1,0,1024,640,7.873,1,6.819,6.819,7.000,0,1.312,6.305,0.063,0.596,1.782,0.015,1,1,1204,3981,16,186792,1215,486,706,16458,47,0,47,1,16777216,1777,0.215,0,0.228
1,1780,19146.340,level1,0,1024,640,6.988,1,8.136,8.136,8.000,0,0.167,6.105,0.044,0.714,1.238,0.011,1,1,1204,3981,16,186792,1215,486,706,16474,47,0,47,1,16777216,1778,0.876,0,0.442
1,1781,19154.003,level1,0,1024,640,6.568,1,6.507,6.507,7.000,0,0.234,7.188,0.055,0.526,1.300,0.014,1,1,1201,3953,17,186236,1213,485,706,16491,48,0,48,1,16777216,1779,0.187,0,0.182
1,1782,19160.152,level1,0,1024,640,7.636,1,7.701,7.701,8.000,0,0.168,5.714,0.043,0.559,1.073,0.009,1,1,1195,3941,17,185372,1213,491,700,16508,48,0,48,1,16777216,1780,0.202,0,0.219
1,1783,19166.516,level1,0,1024,640,6.085,1,6.097,6.097,6.000,0,0.157,5.994,0.042,0.526,1.123,0.009,1,1,1195,3941,17,185372,1213,491,700,16525,48,0,48,1,16777216,1781,0.220,0,0.167
1,1784,19173.115,level1,0,1024,640,6.411,1,6.421,6.421,6.000,0,0.146,6.165,0.059,0.546,1.255,0.011,1,1,1195,3941,17,185372,1213,491,700,16542,48,0,48,1,16777216,1782,0.199,0,0.223
1,1785,19182.356,level1,0,1024,640,9.534,1,6.651,6.651,6.000,0,0.247,5.747,0.183,0.531,1.091,0.012,1,1,1195,3941,17,185372,1213,491,700,16559,48,0,48,1,16777216,1783,0.212,0,0.274
1,1786,19189.723,level1,0,1024,640,7.326,1,9.163,9.163,10.000,0,0.164,5.881,0.090,0.540,1.137,0.014,1,1,1195,3941,17,185372,1213,491,700,16576,48,0,48,1,16777216,1784,0.204,0,0.198
1,1787,19196.928,level1,0,1024,640,7.287,1,7.451,7.451,8.000,0,0.165,5.828,0.062,0.557,1.284,0.016,1,1,1200,3956,17,186132,1213,490,701,16593,48,0,48,1,16777216,1785,0.210,0,0.281
1,1788,19203.536,level1,0,1024,640,7.063,1,7.242,7.242,6.000,0,0.241,5.384,0.051,0.535,1.057,0.010,1,1,1200,3956,17,186132,1213,490,701,16610,48,0,48,1,16777216,1786,0.207,0,0.317
1,1789,19210.058,level1,0,1024,640,6.475,1,6.591,6.591,7.000,0,0.140,5.430,0.052,0.540,1.172,0.010,1,1,1200,3956,17,186132,1213,490,701,16627,48,0,48,1,16777216,1787,0.235,0,0.303
1,1790,19216.067,level1,0,1024,640,5.853,1,6.429,6.429,7.000,0,0.157,5.547,0.091,0.624,1.192,0.023,1,1,1200,3956,17,186132,1213,490,701,16644,48,0,48,1,16777216,1788,0.204,0,0.209
1,1791,19222.456,level1,0,1024,640,6.245,1,6.162,6.162,5.000,0,0.240,5.733,0.049,0.536,1.062,0.009,1,1,1200,3956,17,186132,1213,490,701,16661,48,0,48,1,16777216,1789,0.197,0,0.349
1,1792,19228.959,level1,0,1024,640,6.294,1,6.281,6.281,7.000,0,0.252,5.904,0.087,0.544,1.129,0.016,1,1,1200,3956,17,186132,1213,490,701,16678,48,0,48,1,16777216,1790,0.205,0,0.252
1,1793,19235.737,level1,0,1024,640,6.553,1,6.539,6.539,6.000,0,0.259,6.140,0.078,0.534,1.440,0.018,1,1,1200,3956,17,186132,1213,490,701,16695,48,0,48,1,16777216,1791,0.206,0,0.286
1,1794,19242.073,level1,0,1024,640,6.734,1,6.759,6.759,8.000,0,0.241,5.760,0.058,0.539,1.221,0.037,1,1,1200,3956,17,186132,1213,490,701,16712,48,0,48,1,16777216,1792,0.189,0,0.269
1,1795,19248.757,level1,0,1024,640,6.220,1,6.250,6.250,5.000,0,0.210,6.188,0.093,0.611,1.249,0.016,1,1,1191,3938,17,184836,1213,490,701,16729,48,0,48,1,16777216,1793,0.196,0,0.185
1,1796,19255.721,level1,0,1024,640,7.022,1,6.844,6.844,7.000,0,0.389,6.176,0.049,0.530,1.056,0.009,1,1,1191,3938,17,184836,1213,490,701,16746,48,0,48,1,16777216,1794,0.205,0,0.343
1,1797,19262.159,level1,0,1024,640,6.598,1,6.831,6.831,7.000,0,0.159,6.006,0.058,0.523,1.171,0.012,1,1,1191,3938,17,184836,1213,490,701,16763,48,0,48,1,16777216,1795,0.205,0,0.210
1,1798,19268.526,level1,0,1024,640,6.571,1,6.555,6.555,6.000,0,0.174,5.814,0.046,0.521,1.127,0.010,1,1,1191,3938,17,184836,1213,490,701,16780,48,0,48,1,16777216,1796,0.203,0,0.324
1,1799,19276.027,level1,0,1024,640,6.358,1,6.236,6.236,7.000,0,0.293,6.954,0.048,0.525,1.117,0.010,1,1,1191,3938,17,184836,1213,490,701,16797,48,0,48,1,16777216,1797,0.206,0,0.197
1,1800,19283.534,level1,0,1024,640,7.599,1,7.705,7.705,8.000,0,0.188,6.784,0.126,0.533,1.089,0.013,1,1,1191,3938,17,184836,1213,490,701,16814,48,0,48,1,16777216,1798,0.208,0,0.401
1,1801,19292.925,level1,0,1024,640,10.110,1,7.442,7.442,8.000,0,0.174,6.122,0.070,0.543,1.115,0.012,1,1,1191,3938,17,184836,1213,490,701,16831,48,0,48,1,16777216,1799,0.208,0,0.335
1,1802,19299.528,level1,0,1024,640,7.263,1,9.367,9.367,9.000,0,0.246,5.485,0.046,0.525,1.066,0.010,1,1,1191,3938,17,184836,1213,490,701,16848,48,0,48,1,16777216,1800,0.204,0,0.310
1,1803,19305.574,level1,0,1024,640,5.886,1,6.504,6.504,6.000,0,0.138,5.644,0.047,0.531,1.087,0.008,1,1,1191,3938,17,184836,1213,490,701,16865,48,0,48,1,16777216,1801,0.214,0,0.213
1,1804,19312.077,level1,0,1024,640,6.053,1,6.014,6.014,6.000,0,0.176,6.086,0.055,0.524,1.092,0.010,1,1,1191,3938,17,184836,1213,490,701,16882,48,0,48,1,16777216,1802,0.187,0,0.181
1,1805,19319.126,level1,0,1024,640,6.803,1,6.538,6.538,6.000,0,0.437,6.143,0.242,0.566,1.120,0.012,1,1,1186,3923,17,184076,1213,491,700,16899,48,0,48,1,16777216,1803,0.210,0,0.216
1,1806,19326.781,level1,0,1024,640,6.981,1,7.143,7.143,7.000,0,0.263,7.002,0.059,0.536,1.616,0.014,1,1,1189,3947,17,184652,1213,490,701,16916,48,0,48,1,16777216,1804,0.265,0,0.310
1,1807,19333.020,level1,0,1024,640,7.580,1,7.617,7.617,8.000,0,0.240,5.645,0.074,0.545,1.201,0.011,1,1,1189,3947,17,184652,1213,490,701,16933,48,0,48,1,16777216,1805,0.214,0,0.271
1,1808,19339.055,level1,0,1024,640,6.241,1,6.241,6.241,6.000,0,0.242,5.428,0.083,0.540,1.153,0.012,1,1,1189,3947,17,184652,1213,490,701,16950,48,0,48,1,16777216,1806,0.203,0,0.273
1,1809,19345.614,level1,0,1024,640,6.040,1,6.029,6.029,6.000,0,0.248,5.985,0.047,0.597,1.311,0.013,1,1,1189,3947,17,184652,1213,490,701,16967,48,0,48,1,16777216,1807,0.207,0,0.267
1,1810,19351.984,level1,0,1024,640,6.540,1,6.552,6.552,7.000,0,0.240,5.809,0.054,0.671,1.258,0.010,1,1,1189,3947,17,184652,1213,490,701,16984,48,0,48,1,16777216,1808,0.188,0,0.260
1,1811,19358.896,level1,0,1024,640,6.366,1,6.366,6.366,7.000,0,0.242,6.304,0.103,0.567,1.173,0.013,1,1,1195,3959,17,185516,1213,484,707,17001,48,0,48,1,16777216,1809,0.205,0,0.256
1,1812,19366.760,level1,0,1024,640,7.123,1,7.026,7.026,6.000,0,0.335,7.056,0.093,0.561,1.217,0.015,1,1,1195,3959,17,185516,1213,484,707,17018,48,0,48,1,16777216,1810,0.194,0,0.368
1,1813,19378.357,level1,0,1024,640,9.854,1,7.792,7.792,8.000,0,0.379,8.788,0.102,0.765,1.548,0.019,1,1,1195,3959,17,185516,1213,484,707,17035,48,0,48,1,16777216,1811,0.201,0,0.289
1,1814,19387.197,level1,0,1024,640,10.096,1,11.576,11.576,12.000,0,0.235,7.546,0.087,0.833,1.853,0.018,1,1,1195,3959,17,185516,1213,484,707,17052,48,0,48,1,16777216,1812,0.267,0,0.277
1,1815,19394.822,level1,0,1024,640,8.222,1,8.885,8.885,9.000,0,0.256,6.935,0.103,0.557,1.092,0.012,1,1,1195,3959,17,185516,1213,484,707,17069,48,0,48,1,16777216,1813,0.204,0,0.322
1,1816,19401.424,level1,0,1024,640,7.895,1,7.497,7.497,8.000,0,0.144,5.661,0.084,0.528,1.058,0.011,1,1,1195,3959,17,185516,1213,484,707,17086,48,0,48,1,16777216,1814,0.203,0,0.195
1,1817,19407.554,level1,0,1024,640,6.148,1,6.596,6.596,5.000,0,0.206,5.683,0.046,0.521,1.080,0.008,1,1,1195,3959,17,185516,1213,484,707,17103,48,0,48,1,16777216,1815,0.204,0,0.188
1,1818,19414.093,level1,0,1024,640,6.084,1,6.140,6.140,7.000,0,0.144,6.131,0.053,0.527,1.092,0.008,1,1,1195,3959,17,185516,1339,609,707,17120,48,0,48,1,16777216,1816,0.207,0,0.198
1,1819,19423.692,level1,0,1024,640,6.621,1,6.535,6.535,7.000,0,0.235,8.171,0.989,0.533,1.083,0.013,1,1,1195,3959,17,185516,1339,609,707,17137,48,0,48,1,16777216,1817,0.205,0,0.194
1,1820,19432.081,level1,0,1024,640,10.516,1,9.692,9.692,9.000,0,0.161,6.914,0.120,0.796,1.621,0.018,1,1,1195,3959,17,185516,1339,609,707,17154,48,0,48,1,16777216,1818,0.199,0,0.286
1,1821,19440.480,level1,0,1024,640,7.911,1,8.394,8.394,9.000,0,0.254,7.459,0.064,0.539,1.095,0.020,1,1,1195,3959,17,185516,1339,609,707,17171,48,0,48,1,16777216,1819,0.206,0,0.291
1,1822,19446.595,level1,0,1024,640,7.989,1,8.375,8.375,8.000,0,0.188,5.594,0.055,0.521,1.065,0.010,1,1,1195,3959,17,185516,1339,609,707,17188,48,0,48,1,16777216,1820,0.200,0,0.268
1,1823,19454.722,level1,0,1024,640,6.252,1,6.257,6.257,7.000,0,0.186,7.404,0.119,0.664,1.678,0.021,1,1,1200,3974,17,186276,1339,608,708,17205,48,0,48,1,16777216,1821,0.207,0,0.410
1,1824,19464.806,level1,0,1024,640,9.009,1,8.038,8.038,8.000,0,0.198,8.092,0.506,0.544,1.299,0.038,1,1,1200,3974,17,186276,1339,608,708,17222,48,0,48,1,16777216,1822,0.208,0,0.321
1,1825,19473.692,level1,0,1024,640,9.536,1,10.150,10.150,10.000,0,0.202,7.881,0.069,0.619,1.401,0.014,1,1,1200,3974,17,186276,1339,608,708,17239,48,0,48,1,16777216,1823,0.217,0,0.387
1,1826,19480.004,level1,0,1024,640,8.347,1,8.731,8.731,8.000,0,0.152,5.871,0.044,0.563,1.162,0.010,1,1,1204,3982,17,186852,1339,603,713,17256,48,0,48,1,16777216,1824,0.212,0,0.233
1,1827,19491.764,level1,0,1024,640,7.346,1,6.265,6.265,7.000,0,1.238,10.117,0.210,0.808,1.926,0.024,1,1,1184,3942,18,184024,1340,624,693,17273,50,0,50,1,16777216,1825,0.204,0,0.185
1,1828,19500.390,level1,0,1024,640,11.389,1,11.982,11.982,12.000,0,0.529,7.478,0.087,0.542,1.159,0.016,1,1,1189,3957,18,184784,1340,623,694,17291,50,0,50,1,16777216,1826,0.162,0,0.395
1,1829,19508.013,level1,0,1024,640,8.633,1,8.516,8.516,8.000,0,0.258,6.441,0.114,0.520,1.448,0.020,1,1,1189,3957,18,184784,1340,623,694,17309,50,0,50,1,16777216,1827,0.193,0,0.296
1,1830,19516.776,level1,0,1024,640,7.326,1,7.760,7.760,7.000,0,0.329,7.885,0.106,0.945,1.805,0.019,1,1,1189,3957,18,184784,1340,623,694,17327,50,0,50,1,16777216,1828,0.208,0,0.435
1,1831,19524.098,level1,0,1024,640,8.409,1,8.559,8.559,9.000,0,0.179,6.843,0.063,0.620,1.341,0.012,1,1,1189,3957,18,184784,1340,623,694,17345,50,0,50,1,16777216,1829,0.203,0,0.230
1,1832,19534.019,level1,0,1024,640,8.063,1,7.437,7.437,8.000,0,0.243,8.614,0.149,0.832,1.970,0.062,1,1,1189,3957,18,184784,1340,623,694,17363,50,0,50,1,16777216,1830,0.199,0,0.344
1,1833,19542.107,level1,0,1024,640,9.467,1,9.910,9.910,10.000,0,0.359,7.314,0.072,0.530,1.380,0.014,1,1,1184,3942,18,184024,1340,624,693,17381,50,0,50,1,16777216,1831,0.224,0,0.327
1,1834,19550.971,level1,0,1024,640,7.763,1,7.960,7.960,8.000,0,0.160,7.858,0.626,0.813,1.657,0.021,1,1,1184,3942,15,183868,1340,627,690,17396,50,0,50,1,16777216,1832,0.205,0,0.205
1,1835,19558.648,level1,0,1024,640,9.048,1,8.970,8.970,9.000,0,0.231,7.009,0.108,0.538,1.374,0.013,1,1,1184,3942,15,183868,1340,627,690,17411,50,0,50,1,16777216,1833,0.210,0,0.311
1,1836,19566.002,level1,0,1024,640,8.169,1,7.716,7.716,7.000,0,0.361,6.215,0.086,0.596,1.142,0.014,1,1,1179,3927,15,183108,1340,628,689,17426,50,0,50,1,16777216,1834,0.206,0,0.350
1,1837,19572.131,level1,0,1024,640,6.687,1,7.235,7.235,8.000,0,0.148,5.697,0.046,0.520,1.033,0.009,1,1,1179,3927,15,183108,1340,628,689,17441,50,0,50,1,16777216,1835,0.217,0,0.232
1,1838,19579.130,level1,0,1024,640,6.082,1,6.089,6.089,6.000,0,0.141,6.194,0.465,0.599,1.196,0.017,1,1,1179,3927,15,183108,1340,628,689,17456,50,0,50,1,16777216,1836,0.207,0,0.192
1,1839,19586.019,level1,0,1024,640,7.310,1,7.244,7.244,7.000,0,0.201,6.170,0.071,0.605,1.135,0.012,1,1,1165,3899,15,181092,1340,642,675,17471,50,0,50,1,16777216,1837,0.196,0,0.431
1,1840,19593.592,level1,0,1024,640,7.283,1,6.657,6.657,6.000,0,0.144,6.387,0.141,0.581,1.462,0.045,1,1,1165,3899,15,181092,1340,642,675,17486,50,0,50,1,16777216,1838,0.456,0,0.205
1,1841,19600.185,level1,0,1024,640,7.144,1,7.725,7.725,9.000,0,0.250,5.926,0.050,0.614,1.351,0.012,1,1,1165,3899,15,181092,1340,642,675,17501,50,0,50,1,16777216,1839,0.201,0,0.351
1,1842,19607.712,level1,0,1024,640,6.401,1,6.491,6.491,6.000,0,0.161,5.980,1.124,0.881,1.452,0.021,1,1,1165,3899,15,181092,1340,642,675,17516,50,0,50,1,16777216,1840,0.190,0,0.256
1,1843,19618.014,level1,0,1024,640,8.667,1,8.472,8.472,8.000,0,0.349,8.641,0.099,0.544,1.411,0.014,1,1,1165,3899,15,181092,1340,642,675,17531,50,0,50,1,16777216,1841,0.208,0,1.199
1,1844,19625.931,level1,0,1024,640,9.648,1,9.369,9.369,10.000,0,0.205,6.906,0.103,0.684,1.594,0.015,1,1,1165,3899,15,181092,1340,642,675,17546,50,0,50,1,16777216,1842,0.201,0,0.267
1,1845,19632.418,level1,0,1024,640,7.594,1,8.011,8.011,8.000,0,0.214,5.845,0.058,0.516,1.108,0.011,1,1,1170,3914,15,181852,1340,641,676,17561,50,0,50,1,16777216,1843,0.260,0,0.360
1,1846,19639.952,level1,0,1024,640,6.439,1,6.498,6.498,6.000,0,0.158,5.954,1.041,0.531,1.130,0.015,1,1,1170,3914,15,181852,1340,641,676,17576,50,0,50,1,16777216,1844,0.196,0,0.372
1,1847,19647.202,level1,0,1024,640,7.590,1,7.488,7.488,8.000,0,0.258,6.572,0.086,0.544,1.123,0.013,1,1,1175,3929,15,182612,1340,640,677,17591,50,0,50,1,16777216,1845,0.206,0,0.324
1,1848,19654.929,level1,0,1024,640,7.572,1,7.153,7.153,7.000,0,0.172,6.703,0.110,0.536,1.613,0.018,1,1,1175,3929,15,182612,1340,640,677,17606,50,0,50,1,16777216,1846,0.190,0,0.228
1,1849,19661.316,level1,0,1024,640,7.274,1,7.790,7.790,7.000,0,0.159,5.877,0.051,0.531,1.067,0.011,1,1,1180,3944,15,183372,1340,639,678,17621,50,0,50,1,16777216,1847,0.209,0,0.292
1,1850,19676.313,level1,0,1024,640,14.357,1,6.280,6.280,7.000,0,0.155,6.382,0.184,0.525,1.368,0.026,1,1,1180,3944,15,183372,1340,639,678,17636,50,0,50,1,16777216,1848,0.198,0,0.185
1,1851,19684.925,level1,0,1024,640,8.213,1,15.189,15.189,15.000,0,0.242,6.847,0.118,0.520,1.867,0.023,1,1,1180,3944,15,183372,1340,639,678,17651,50,0,50,1,16777216,1849,0.212,0,0.376
1,1852,19692.512,level1,0,1024,640,7.937,1,8.576,8.576,8.000,0,0.180,6.552,0.064,0.681,1.649,0.012,1,1,1180,3944,15,183372,1340,639,678,17666,50,0,50,1,16777216,1850,0.202,0,0.340
1,1853,19698.787,level1,0,1024,640,6.978,1,7.448,7.448,8.000,0,0.155,5.856,0.057,0.530,1.194,0.032,1,1,1180,3944,15,183372,1340,639,678,17681,50,0,50,1,16777216,1851,0.214,0,0.202
1,1854,19707.122,level1,0,1024,640,6.239,1,6.255,6.255,6.000,0,0.140,7.323,0.683,0.530,1.106,0.015,1,1,1180,3944,15,183372,1340,639,678,17696,50,0,50,1,16777216,1852,0.200,0,0.181
1,1855,19713.729,level1,0,1024,640,8.472,1,8.449,8.449,8.000,0,0.161,6.080,0.063,0.539,1.116,0.012,1,1,1180,3944,15,183372,1340,639,678,17711,50,0,50,1,16777216,1853,0.213,0,0.296
1,1856,19721.496,level1,0,1024,640,7.432,1,6.502,6.502,7.000,0,0.136,6.393,0.084,0.584,1.296,0.014,1,1,1180,3944,15,183372,1340,639,678,17726,50,0,50,1,16777216,1854,0.201,0,0.190
1,1857,19728.953,level1,0,1024,640,8.128,1,7.801,7.801,8.000,0,0.173,5.742,0.065,0.532,1.208,0.011,1,1,1180,3944,15,183372,1340,639,678,17741,50,0,50,1,16777216,1855,0.208,0,0.224
1,1858,19736.173,level1,0,1024,640,6.170,1,7.448,7.448,7.000,0,0.142,6.551,0.304,0.552,1.349,0.013,1,1,1180,3944,15,183372,1340,639,678,17756,50,0,50,1,16777216,1856,0.203,0,0.215
1,1859,19743.611,level1,0,1024,640,7.482,1,7.418,7.418,8.000,0,0.204,6.749,0.063,0.586,1.342,0.013,1,1,1184,3952,15,183948,1340,635,682,17771,50,0,50,1,16777216,1857,0.213,0,0.413
1,1860,19751.931,level1,0,1024,640,8.363,1,7.227,7.227,7.000,0,0.216,6.650,0.119,0.633,1.361,0.016,1,1,1184,3952,15,183948,1340,635,682,17786,50,0,50,1,16777216,1858,0.186,0,0.202
1,1861,19767.988,level1,0,1024,640,16.159,1,8.342,8.342,8.000,0,0.173,6.554,0.113,0.541,1.235,0.016,1,1,1184,3952,15,183948,1340,635,682,17801,50,0,50,1,16777216,1859,0.211,0,0.224
1,1862,19776.619,level1,0,1024,640,8.031,1,16.098,16.098,16.000,0,0.191,7.172,0.094,0.856,1.832,0.019,1,1,1179,3937,15,183188,1340,636,681,17816,50,0,50,1,16777216,1860,0.203,0,0.264
1,1863,19784.039,level1,0,1024,640,8.115,1,8.595,8.595,9.000,0,0.158,6.483,0.089,0.517,1.429,0.026,1,1,1179,3937,15,183188,1340,636,681,17831,50,0,50,1,16777216,1861,0.258,0,0.229
1,1864,19790.379,level1,0,1024,640,7.162,1,7.505,7.505,8.000,0,0.270,5.709,0.041,0.512,1.200,0.010,1,1,1174,3922,15,182428,1340,637,680,17846,50,0,50,1,16777216,1862,0.191,0,0.313
1,1865,19797.163,level1,0,1024,640,6.064,1,6.192,6.192,6.000,0,0.136,6.220,0.248,0.721,1.487,0.017,1,1,1174,3922,15,182428,1340,637,680,17861,50,0,50,1,16777216,1863,0.208,0,0.166
1,1866,19804.492,level1,0,1024,640,7.136,1,6.969,6.969,7.000,0,0.308,6.596,0.067,0.540,1.137,0.013,1,1,1174,3922,15,182428,1340,637,680,17876,50,0,50,1,16777216,1864,0.195,0,0.342
1,1867,19813.827,level1,0,1024,640,7.427,1,7.237,7.237,7.000,0,0.244,8.490,0.078,0.812,1.890,0.017,1,1,1174,3922,15,182428,1340,637,680,17891,50,0,50,1,16777216,1865,0.387,0,0.257
1,1868,19820.574,level1,0,1024,640,9.047,1,9.383,9.383,9.000,0,0.162,6.217,0.054,0.521,1.303,0.011,1,1,1174,3922,15,182428,1340,637,680,17906,50,0,50,1,16777216,1866,0.245,0,0.306
1,1869,19828.482,level1,0,1024,640,6.801,1,6.729,6.729,7.000,0,0.235,7.030,0.346,0.623,1.642,0.019,1,1,1174,3922,15,182428,1340,637,680,17921,50,0,50,1,16777216,1867,0.211,0,0.288
1,1870,19836.323,level1,0,1024,640,8.173,1,8.086,8.086,8.000,0,0.322,6.938,0.107,0.594,1.234,0.016,1,1,1174,3922,15,182428,1340,637,680,17936,50,0,50,1,16777216,1868,0.204,0,0.465
1,1871,19844.211,level1,0,1024,640,8.053,1,7.712,7.712,8.000,0,0.245,6.811,0.069,0.589,1.708,0.013,1,1,1174,3922,15,182428,1340,637,680,17951,50,0,50,1,16777216,1869,0.205,0,0.336
1,1872,19850.402,level1,0,1024,640,7.259,1,7.771,7.771,8.000,0,0.144,5.765,0.049,0.508,1.035,0.010,1,1,1174,3922,15,182428,1340,637,680,17966,50,0,50,1,16777216,1870,0.782,0,0.220
1,1873,19856.651,level1,0,1024,640,6.147,1,6.159,6.159,6.000,0,0.141,5.861,0.055,0.526,1.097,0.010,1,1,1174,3922,15,182428,1340,637,680,17981,50,0,50,1,16777216,1871,0.213,0,0.188
1,1874,19863.410,level1,0,1024,640,6.338,1,6.329,6.329,7.000,0,0.148,6.283,0.054,0.508,1.188,0.011,1,1,1160,3894,15,180412,1276,588,666,17996,50,0,50,1,16777216,1872,0.204,0,0.268
1,1875,19870.213,level1,0,1024,640,6.745,1,6.690,6.690,6.000,0,0.202,6.338,0.057,0.551,1.321,0.013,1,1,1160,3894,15,180412,1276,588,666,18011,50,0,50,1,16777216,1873,0.207,0,0.200
1,1876,19876.163,level1,0,1024,640,6.845,1,6.869,6.869,6.000,0,0.178,5.453,0.047,0.516,1.035,0.008,1,1,1165,3942,15,181436,1276,587,667,18026,50,0,50,1,16777216,1874,0.205,0,0.262
1,1877,19882.463,level1,0,1024,640,5.991,1,5.939,5.939,6.000,0,0.220,5.762,0.047,0.521,1.058,0.009,1,1,1165,3942,15,181436,1276,587,667,18041,50,0,50,1,16777216,1875,0.215,0,0.254
1,1878,19888.997,level1,0,1024,640,6.303,1,6.312,6.312,7.000,0,0.222,5.966,0.073,0.534,1.257,0.014,1,1,1165,3942,15,181436,1276,587,667,18056,50,0,50,1,16777216,1876,0.198,0,0.266
1,1879,19895.866,level1,0,1024,640,6.932,1,6.686,6.686,6.000,0,0.465,5.908,0.068,0.524,1.168,0.011,1,1,1165,3942,15,181436,1276,587,667,18071,50,0,50,1,16777216,1877,0.211,0,0.417
1,1880,19904.748,level1,0,1024,640,9.064,1,6.831,6.831,7.000,0,0.270,5.683,0.111,0.528,1.117,0.013,1,1,1165,3942,15,181436,1276,587,667,18086,50,0,50,1,16777216,1878,0.192,0,0.374
1,1881,19911.263,level1,0,1024,640,6.446,1,8.720,8.720,9.000,0,0.152,5.783,0.081,0.531,1.255,0.020,1,1,1165,3942,15,181436,1276,587,667,18101,50,0,50,1,16777216,1879,0.195,0,0.219
1,1882,19919.270,level1,0,1024,640,6.344,1,6.602,6.602,7.000,0,0.169,7.436,0.090,0.634,1.562,0.021,1,1,1165,3942,15,181436,1276,587,667,18116,50,0,50,1,16777216,1880,0.203,0,0.304
1,1883,19925.624,level1,0,1024,640,7.998,1,7.981,7.981,8.000,0,0.184,5.809,0.071,0.579,1.311,0.010,1,1,1165,3942,15,181436,1276,587,667,18131,50,0,50,1,16777216,1881,0.202,0,0.278
1,1884,19938.508,level1,0,1024,640,9.406,1,6.317,6.317,6.000,0,0.144,9.215,0.144,0.611,1.302,0.032,1,1,1176,3964,16,183072,1276,586,668,18147,51,0,51,1,16777216,1882,0.187,0,0.243
1,1885,19946.167,level1,0,1024,640,10.719,1,13.077,13.077,13.000,0,0.383,6.247,0.054,0.895,1.424,0.009,1,1,1180,3977,16,183688,1276,585,669,18163,51,0,51,1,16777216,1883,0.199,0,0.433
1,1886,19953.775,level1,0,1024,640,6.681,1,7.446,7.446,8.000,0,0.149,7.162,0.066,0.529,1.121,0.012,1,1,1180,3977,16,183688,1276,585,669,18179,51,0,51,1,16777216,1884,0.175,0,0.223
1,1887,19960.462,level1,0,1024,640,7.677,1,7.595,7.595,7.000,0,0.233,6.193,0.046,0.532,1.108,0.010,1,1,1180,3977,16,183688,1276,585,669,18195,51,0,51,1,16777216,1885,0.157,0,0.209
1,1888,19966.459,level1,0,1024,640,6.603,1,6.666,6.666,7.000,0,0.172,5.586,0.046,0.527,1.078,0.008,1,1,1185,3987,16,184408,1276,580,674,18211,51,0,51,1,16777216,1886,0.152,0,0.189
1,1889,19972.719,level1,0,1024,640,6.060,1,6.017,6.017,6.000,0,0.211,5.782,0.050,0.519,1.057,0.009,1,1,1180,3939,16,183384,1276,581,673,18227,51,0,51,1,16777216,1887,0.157,0,0.209
1,1890,19979.385,level1,0,1024,640,6.336,1,6.301,6.301,6.000,0,0.239,5.816,0.346,0.592,1.253,0.015,1,1,1180,3939,16,183384,1276,581,673,18243,51,0,51,1,16777216,1888,0.178,0,0.249
1,1891,19986.217,level1,0,1024,640,6.915,1,6.888,6.888,7.000,0,0.275,6.031,0.049,0.576,1.361,0.009,1,1,1180,3939,16,183384,1276,581,673,18259,51,0,51,1,16777216,1889,0.218,0,0.469
1,1892,19992.862,level1,0,1024,640,6.602,1,6.633,6.633,7.000,0,0.235,6.015,0.106,0.512,1.157,0.015,1,1,1180,3939,16,183384,1276,581,673,18275,51,0,51,1,16777216,1890,0.141,0,0.273
1,1893,19999.312,level1,0,1024,640,6.897,1,6.765,6.765,6.000,0,0.372,5.572,0.104,0.511,1.230,0.029,1,1,1180,3939,16,183384,1276,581,673,18291,51,0,51,1,16777216,1891,0.147,0,0.386
1,1894,20005.773,level1,0,1024,640,6.394,1,6.449,6.449,7.000,0,0.319,5.673,0.069,0.512,1.337,0.010,1,1,1185,3954,16,184144,1276,580,674,18307,51,0,51,1,16777216,1892,0.147,0,0.391
1,1895,20012.556,level1,0,1024,640,6.239,1,6.327,6.327,7.000,0,0.233,6.209,0.077,0.640,1.672,0.014,1,1,1185,3954,16,184144,1276,580,674,18323,51,0,51,1,16777216,1893,0.147,0,0.257
1,1896,20020.195,level1,0,1024,640,8.345,1,6.760,6.760,6.000,0,0.160,5.525,0.057,0.525,1.116,0.011,1,1,1164,3912,16,181120,1070,398,653,18339,51,0,51,1,16777216,1894,0.152,0,0.235
1,1897,20026.306,level1,0,1024,640,6.461,1,7.626,7.626,8.000,0,0.140,5.148,0.083,0.509,1.022,0.010,1,1,1159,3897,16,180360,1070,399,652,18355,51,0,51,1,16777216,1895,0.164,0,0.222
1,1898,20033.971,level1,0,1024,640,7.510,1,6.096,6.096,6.000,0,0.187,5.321,0.065,0.541,1.183,0.011,1,1,1159,3897,16,180360,1070,399,652,18371,51,0,51,1,16777216,1896,0.152,0,0.207
1,1899,20040.240,level1,0,1024,640,6.514,1,7.661,7.661,8.000,0,0.319,5.092,0.048,0.506,1.008,0.010,1,1,1159,3897,16,180360,1070,399,652,18387,51,0,51,1,16777216,1897,0.158,0,0.204
1,1900,20046.298,level1,0,1024,640,5.506,1,6.288,6.288,6.000,0,0.138,5.645,0.047,0.537,1.044,0.009,1,1,1159,3897,16,180360,1070,399,652,18403,51,0,51,1,16777216,1898,0.152,0,0.224
1,1901,20052.472,level1,0,1024,640,6.202,1,6.167,6.167,6.000,0,0.173,5.615,0.050,0.539,1.130,0.009,1,1,1159,3897,16,180360,1070,399,652,18419,51,0,51,1,16777216,1899,0.161,0,0.327
1,1902,20059.128,level1,0,1024,640,6.140,1,6.145,6.145,6.000,0,0.154,6.024,0.155,0.763,1.332,0.011,1,1,1159,3897,16,180360,1070,399,652,18435,51,0,51,1,16777216,1900,0.152,0,0.302
1,1903,20067.185,level1,0,1024,640,8.699,1,6.722,6.722,6.000,0,0.248,5.481,0.056,0.557,1.272,0.011,1,1,1159,3897,16,180360,1070,399,652,18451,51,0,51,1,16777216,1901,0.158,0,0.367
1,1904,20073.678,level1,0,1024,640,6.270,1,7.928,7.928,9.000,0,0.193,5.685,0.074,0.508,1.171,0.015,1,1,1159,3897,16,180360,1070,399,652,18467,51,0,51,1,16777216,1902,0.156,0,0.238
1,1905,20079.970,level1,0,1024,640,6.328,1,6.521,6.521,6.000,0,0.275,5.674,0.050,0.524,1.201,0.009,1,1,1173,3925,16,182376,1134,448,666,18483,51,0,51,1,16777216,1903,0.153,0,0.268
1,1906,20085.739,level1,0,1024,640,6.171,1,6.237,6.237,6.000,0,0.222,5.281,0.042,0.522,1.040,0.009,1,1,1173,3925,16,182376,1134,448,666,18499,51,0,51,1,16777216,1904,0.154,0,0.212
1,1907,20092.129,level1,0,1024,640,5.703,1,5.796,5.796,7.000,0,0.134,5.957,0.051,0.524,1.070,0.009,1,1,1173,3925,16,182376,1134,448,666,18515,51,0,51,1,16777216,1905,0.157,0,0.240
1,1908,20098.130,level1,0,1024,640,6.392,1,6.355,6.355,5.000,0,0.168,5.315,0.301,0.511,1.070,0.011,1,1,1173,3925,16,182376,1134,448,666,18531,51,0,51,1,16777216,1906,0.149,0,0.204
1,1909,20106.024,level1,0,1024,640,7.939,1,6.075,6.075,7.000,0,0.289,5.515,0.057,0.588,1.130,0.010,1,1,1173,3925,16,182376,1134,448,666,18547,51,0,51,1,16777216,1907,0.152,0,0.277
1,1910,20112.179,level1,0,1024,640,6.529,1,7.896,7.896,7.000,0,0.240,5.150,0.048,0.514,1.028,0.009,1,1,1173,3925,16,182376,1134,448,666,18563,51,0,51,1,16777216,1908,0.147,0,0.280
1,1911,20119.754,level1,0,1024,640,5.592,1,6.067,6.067,7.000,0,0.193,7.110,0.070,0.694,1.619,0.014,1,1,1164,3907,15,181028,1134,449,665,18578,51,0,51,1,16777216,1909,0.226,0,0.193
1,1912,20125.937,level1,0,1024,640,7.701,1,7.651,7.651,7.000,0,0.243,5.615,0.049,0.526,1.056,0.008,1,1,1164,3907,15,181028,1134,449,665,18593,51,0,51,1,16777216,1910,0.154,0,0.269
1,1913,20132.645,level1,0,1024,640,6.229,1,6.240,6.240,6.000,0,0.231,5.996,0.146,0.516,1.221,0.013,1,1,1164,3907,15,181028,1134,449,665,18608,51,0,51,1,16777216,1911,0.155,0,0.322
1,1914,20139.625,level1,0,1024,640,7.071,1,7.163,7.163,8.000,0,0.142,5.991,0.059,0.608,1.438,0.012,1,1,1164,3907,15,181028,1134,449,665,18623,51,0,51,1,16777216,1912,0.148,0,0.781
1,1915,20145.910,level1,0,1024,640,6.529,1,6.449,6.449,6.000,0,0.221,5.762,0.046,0.610,1.444,0.010,1,1,1164,3907,15,181028,1134,449,665,18638,51,0,51,1,16777216,1913,0.142,0,0.250
1,1916,20152.981,level1,0,1024,640,6.270,1,6.262,6.262,7.000,0,0.230,6.505,0.104,0.743,1.521,0.014,1,1,1164,3907,15,181028,1134,449,665,18653,51,0,51,1,16777216,1914,0.149,0,0.226
1,1917,20160.328,level1,0,1024,640,6.988,1,7.077,7.077,6.000,0,0.141,6.913,0.054,0.533,1.054,0.009,1,1,1164,3907,13,180924,1134,451,663,18666,51,0,51,1,16777216,1915,0.153,0,0.233
1,1918,20166.239,level1,0,1024,640,7.456,1,7.383,7.383,8.000,0,0.206,5.379,0.043,0.524,1.044,0.008,1,1,1164,3907,12,180872,1134,452,662,18678,51,0,51,1,16777216,1916,0.145,0,0.267
1,1919,20173.301,level1,0,1024,640,6.195,1,5.806,5.806,5.000,0,0.601,6.231,0.058,0.525,1.076,0.010,1,1,1164,3907,12,180872,1134,452,662,18690,51,0,51,1,16777216,1917,0.155,0,0.164
1,1920,20180.017,level1,0,1024,640,6.920,1,7.296,7.296,8.000,0,0.225,5.991,0.094,0.525,1.628,0.015,1,1,1164,3907,12,180872,1134,452,662,18702,51,0,51,1,16777216,1918,0.136,0,0.396
1,1921,20187.157,level1,0,1024,640,6.725,1,6.653,6.653,7.000,0,0.300,6.430,0.070,0.520,1.594,0.014,1,1,1164,3907,12,180872,1134,452,662,18714,51,0,51,1,16777216,1919,0.159,0,0.333
1,1922,20193.426,level1,0,1024,640,6.985,1,7.071,7.071,6.000,0,0.214,5.685,0.098,0.693,1.337,0.012,1,1,1164,3907,12,180872,1134,452,662,18726,51,0,51,1,16777216,1920,0.154,0,0.265
1,1923,20201.952,level1,0,1024,640,8.311,1,6.257,6.257,6.000,0,0.205,5.937,0.061,0.524,1.065,0.010,1,1,1164,3907,12,180872,1134,452,662,18738,51,0,51,1,16777216,1921,0.155,0,0.253
1,1924,20208.954,level1,0,1024,640,6.989,1,8.572,8.572,9.000,0,0.203,5.924,0.087,0.525,1.089,0.012,1,1,1164,3907,12,180872,1134,452,662,18750,51,0,51,1,16777216,1922,0.156,0,0.298
1,1925,20215.469,level1,0,1024,640,6.741,1,7.104,7.104,7.000,0,0.317,5.658,0.127,0.515,1.247,0.013,1,1,1164,3907,12,180872,1134,452,662,18762,51,0,51,1,16777216,1923,0.153,0,0.395
1,1926,20222.483,level1,0,1024,640,6.538,1,6.628,6.628,7.000,0,0.229,6.206,0.055,0.520,1.065,0.011,1,1,1164,3907,11,180820,1134,453,661,18773,51,0,51,1,16777216,1924,0.146,0,0.513
1,1927,20228.962,level1,0,1024,640,6.746,1,6.822,6.822,7.000,0,0.156,5.932,0.062,0.517,1.232,0.015,1,1,1164,3907,11,180820,1134,453,661,18784,51,0,51,1,16777216,1925,0.176,0,0.321
1,1928,20236.333,level1,0,1024,640,6.845,1,6.764,6.764,6.000,0,0.233,6.464,0.056,0.552,1.649,0.011,1,1,1164,3907,11,180820,1134,453,661,18795,51,0,51,1,16777216,1926,0.139,0,0.602
1,1929,20244.447,level1,0,1024,640,8.812,1,6.975,6.975,8.000,0,0.196,5.769,0.054,0.525,1.052,0.009,1,1,1164,3907,10,180768,1134,454,660,18805,51,0,51,1,16777216,1927,0.144,0,0.210
1,1930,20251.583,level1,0,1024,640,6.801,1,8.207,8.207,8.000,0,0.173,6.077,0.079,0.518,1.109,0.009,1,1,1169,3922,10,181528,1134,453,661,18815,51,0,51,1,16777216,1928,0.155,0,0.303
1,1931,20257.861,level1,0,1024,640,6.679,1,7.135,7.135,7.000,0,0.212,5.694,0.062,0.516,1.098,0.014,1,1,1169,3922,9,181476,1134,454,660,18824,51,0,51,1,16777216,1929,0.153,0,0.300
1,1932,20264.951,level1,0,1024,640,6.229,1,6.243,6.243,6.000,0,0.198,6.550,0.068,0.517,1.172,0.012,1,1,1169,3922,9,181476,1134,454,660,18833,51,0,51,1,16777216,1930,0.221,0,0.267
1,1933,20271.675,level1,0,1024,640,7.191,1,7.169,7.169,7.000,0,0.214,6.025,0.126,0.514,1.241,0.030,1,1,1169,3922,9,181476,1134,454,660,18842,51,0,51,1,16777216,1931,0.154,0,0.341
1,1934,20278.631,level1,0,1024,640,7.310,1,7.401,7.401,8.000,0,0.128,5.721,0.077,0.520,1.663,0.013,1,1,1169,3922,9,181476,1134,454,660,18851,51,0,51,1,16777216,1932,0.146,0,1.024
1,1935,20285.379,level1,0,1024,640,6.777,1,6.698,6.698,6.000,0,0.207,5.720,0.048,0.815,1.533,0.008,1,1,1169,3922,9,181476,1134,454,660,18860,51,0,51,1,16777216,1933,0.156,0,0.761
1,1936,20292.025,level1,0,1024,640,6.265,1,6.276,6.276,7.000,0,0.191,6.098,0.052,0.531,1.230,0.007,1,1,1169,3922,9,181476,1134,454,660,18869,51,0,51,1,16777216,1934,0.145,0,0.294
1,1937,20298.014,level1,0,1024,640,6.565,1,6.628,6.628,6.000,0,0.132,5.526,0.048,0.522,1.067,0.007,1,1,1169,3922,9,181476,1134,454,660,18878,51,0,51,1,16777216,1935,0.151,0,0.275
1,1938,20304.132,level1,0,1024,640,5.984,1,5.981,5.981,7.000,0,0.135,5.648,0.058,0.515,1.057,0.007,1,1,1169,3922,9,181476,1134,454,660,18887,51,0,51,1,16777216,1936,0.151,0,0.268
1,1939,20311.035,level1,0,1024,640,6.375,1,6.222,6.222,6.000,0,0.283,6.167,0.064,0.544,1.121,0.009,1,1,1169,3922,9,181476,1134,454,660,18896,51,0,51,1,16777216,1937,0.155,0,0.372
1,1940,20317.250,level1,0,1024,640,6.658,1,6.815,6.815,7.000,0,0.132,5.747,0.046,0.520,1.035,0.007,1,1,1169,3922,9,181476,1134,454,660,18905,51,0,51,1,16777216,1938,0.152,0,0.285
1,1941,20323.885,level1,0,1024,640,6.309,1,6.237,6.237,5.000,0,0.196,6.072,0.047,0.519,1.059,0.007,1,1,1164,3907,9,180716,1134,455,659,18914,51,0,51,1,16777216,1939,0.154,0,0.306
1,1942,20330.705,level1,0,1024,640,6.718,1,6.503,6.503,7.000,0,0.414,6.149,0.071,0.545,1.133,0.013,1,1,1169,3922,9,181476,1134,454,660,18923,51,0,51,1,16777216,1940,0.152,0,0.175
1,1943,20337.133,level1,0,1024,640,6.943,1,7.009,7.009,7.000,0,0.352,5.659,0.047,0.519,1.104,0.008,1,1,1169,3922,9,181476,1134,454,660,18932,51,0,51,1,16777216,1941,0.140,0,0.362
1,1944,20344.326,level1,0,1024,640,6.169,1,6.358,6.358,6.000,0,0.165,6.623,0.104,0.761,1.745,0.017,1,1,1169,3922,9,181476,1134,454,660,18941,51,0,51,1,16777216,1942,0.153,0,0.292
1,1945,20351.575,level1,0,1024,640,7.446,1,7.316,7.316,8.000,0,0.284,6.464,0.069,0.856,1.623,0.011,1,1,1169,3922,9,181476,1134,454,660,18950,51,0,51,1,16777216,1943,0.160,0,0.415
1,1946,20358.185,level1,0,1024,640,6.948,1,7.028,7.028,7.000,0,0.214,6.141,0.054,0.589,1.323,0.008,1,1,1169,3922,9,181476,1134,454,660,18959,51,0,51,1,16777216,1944,0.151,0,0.195
1,1947,20364.307,level1,0,1024,640,6.713,1,6.751,6.751,7.000,0,0.169,5.556,0.047,0.522,1.119,0.007,1,1,1169,3922,9,181476,1134,454,660,18968,51,0,51,1,16777216,1945,0.157,0,0.335
1,1948,20370.412,level1,0,1024,640,5.994,1,6.007,6.007,6.000,0,0.164,5.654,0.060,0.611,1.202,0.007,1,1,1169,3922,9,181476,1134,454,660,18977,51,0,51,1,16777216,1946,0.149,0,0.222
1,1949,20376.201,level1,0,1024,640,6.089,1,6.131,6.131,6.000,0,0.121,5.368,0.047,0.519,1.049,0.007,1,1,1169,3922,9,181476,1134,454,660,18986,51,0,51,1,16777216,1947,0.156,0,0.248
1,1950,20382.239,level1,0,1024,640,5.803,1,5.803,5.803,5.000,0,0.119,5.570,0.080,0.519,1.047,0.007,1,1,1169,3922,9,181476,1134,454,660,18995,51,0,51,1,16777216,1948,0.144,0,0.262
1,1951,20388.323,level1,0,1024,640,6.120,1,6.070,6.070,7.000,0,0.170,5.519,0.095,0.573,1.348,0.013,1,1,1169,3922,9,181476,1134,454,660,19004,51,0,51,1,16777216,1949,0.152,0,0.291
1,1952,20394.648,level1,0,1024,640,6.142,1,6.139,6.139,6.000,0,0.173,5.749,0.048,0.524,1.150,0.008,1,1,1169,3922,9,181476,1134,454,660,19013,51,0,51,1,16777216,1950,0.152,0,0.348
1,1953,20400.765,level1,0,1024,640,6.226,1,6.204,6.204,6.000,0,0.193,5.643,0.046,0.534,1.066,0.008,1,1,1169,3922,9,181476,1134,454,660,19022,51,0,51,1,16777216,1951,0.152,0,0.228
1,1954,20407.299,level1,0,1024,640,6.104,1,6.154,6.154,6.000,0,0.144,6.073,0.046,0.529,1.058,0.007,1,1,1169,3922,9,181476,1134,454,660,19031,51,0,51,1,16777216,1952,0.144,0,0.264
1,1955,20413.943,level1,0,1024,640,6.573,1,6.501,6.501,6.000,0,0.216,6.144,0.046,0.523,1.054,0.007,1,1,1169,3922,9,181476,1134,454,660,19040,51,0,51,1,16777216,1953,0.149,0,0.233
1,1956,20420.495,level1,0,1024,640,6.634,1,6.584,6.584,7.000,0,0.262,6.059,0.048,0.576,1.127,0.007,1,1,1169,3922,9,181476,1134,454,660,19049,51,0,51,1,16777216,1954,0.146,0,0.173
1,1957,20426.993,level1,0,1024,640,6.534,1,6.607,6.607,7.000,0,0.193,6.028,0.044,0.536,1.060,0.007,1,1,1169,3922,9,181476,1134,454,660,19058,51,0,51,1,16777216,1955,0.154,0,0.227
1,1958,20433.326,level1,0,1024,640,7.077,1,6.678,6.678,6.000,0,0.499,5.282,0.046,0.521,1.032,0.008,1,1,1169,3922,9,181476,1134,454,660,19067,51,0,51,1,16777216,1956,0.146,0,0.406
1,1959,20440.163,level1,0,1024,640,6.293,1,6.180,6.180,7.000,0,0.702,5.796,0.075,0.555,1.106,0.012,1,1,1169,3922,9,181476,1134,454,660,19076,51,0,51,1,16777216,1957,0.160,0,0.255
1,1960,20446.198,level1,0,1024,640,6.525,1,6.950,6.950,7.000,0,0.278,5.338,0.044,0.530,1.047,0.007,1,1,1169,3922,9,181476,1134,454,660,19085,51,0,51,1,16777216,1958,0.167,0,0.367
1,1961,20454.154,level1,0,1024,640,6.267,1,5.989,5.989,6.000,0,0.549,7.005,0.066,0.851,1.760,0.012,1,1,1169,3922,9,181476,1134,454,660,19094,51,0,51,1,16777216,1959,0.139,0,0.321
1,1962,20461.186,level1,0,1024,640,7.650,1,7.849,7.849,8.000,0,0.358,6.401,0.053,0.538,1.093,0.008,1,1,1169,3922,9,181476,1134,454,660,19103,51,0,51,1,16777216,1960,0.146,0,0.214
1,1963,20467.545,level1,0,1024,640,6.897,1,7.115,7.115,7.000,0,0.141,5.835,0.078,0.520,1.049,0.007,1,1,1169,3922,9,181476,1134,454,660,19112,51,0,51,1,16777216,1961,0.160,0,0.296
1,1964,20473.913,level1,0,1024,640,6.296,1,6.308,6.308,6.000,0,0.128,5.935,0.051,0.521,1.072,0.008,1,1,1169,3922,9,181476,1134,454,660,19121,51,0,51,1,16777216,1962,0.145,0,0.246
1,1965,20480.145,level1,0,1024,640,6.493,1,6.423,6.423,7.000,0,0.192,5.681,0.045,0.530,1.076,0.007,1,1,1169,3922,9,181476,1134,454,660,19130,51,0,51,1,16777216,1963,0.152,0,0.301
1,1966,20486.359,level1,0,1024,640,6.241,1,6.287,6.287,6.000,0,0.150,5.651,0.047,0.633,1.191,0.008,1,1,1169,3922,9,181476,1134,454,660,19139,51,0,51,1,16777216,1964,0.149,0,0.350
1,1967,20492.719,level1,0,1024,640,6.105,1,6.059,6.059,6.000,0,0.193,5.908,0.046,0.520,1.116,0.008,1,1,1169,3922,9,181476,1134,454,660,19148,51,0,51,1,16777216,1965,0.148,0,0.202
1,1968,20501.088,level1,0,1024,640,6.739,1,6.556,6.556,7.000,0,0.379,7.482,0.102,0.885,1.990,0.017,1,1,1169,3922,9,181476,1134,454,660,19157,51,0,51,1,16777216,1966,0.146,0,0.395
1,1969,20508.472,level1,0,1024,640,8.168,1,8.326,8.326,8.000,0,0.212,6.719,0.081,0.523,1.319,0.017,1,1,1169,3922,9,181476,1134,454,660,19166,51,0,51,1,16777216,1967,0.153,0,0.353
1,1970,20515.954,level1,0,1024,640,7.301,1,7.312,7.312,7.000,0,0.211,6.882,0.097,0.842,1.781,0.017,1,1,1169,3922,9,181476,1134,454,660,19175,51,0,51,1,16777216,1968,0.150,0,0.282
1,1971,20523.206,level1,0,1024,640,7.453,1,7.514,7.514,7.000,0,0.152,6.716,0.063,0.549,1.392,0.009,1,1,1169,3922,9,181476,1134,454,660,19184,51,0,51,1,16777216,1969,0.159,0,0.314
1,1972,20529.504,level1,0,1024,640,7.151,1,7.151,7.151,8.000,0,0.144,5.851,0.075,0.542,1.368,0.015,1,1,1169,3922,9,181476,1134,454,660,19193,51,0,51,1,16777216,1970,0.152,0,0.215
1,1973,20536.756,level1,0,1024,640,6.345,1,6.357,6.357,6.000,0,0.137,6.588,0.244,0.526,1.139,0.011,1,1,1169,3922,9,181476,1134,454,660,19202,51,0,51,1,16777216,1971,0.159,0,0.272
1,1974,20542.742,level1,0,1024,640,7.416,1,7.374,7.374,7.000,0,0.182,5.358,0.045,0.527,1.099,0.008,1,1,1169,3922,9,181476,1134,454,660,19211,51,0,51,1,16777216,1972,0.151,0,0.392
1,1975,20554.594,level1,0,1024,640,9.337,1,5.844,5.844,6.000,0,0.161,7.796,0.121,0.603,1.424,0.014,1,1,1169,3922,9,181476,1134,454,660,19220,51,0,51,1,16777216,1973,0.160,0,0.252
1,1976,20562.813,level1,0,1024,640,9.344,1,11.921,11.921,12.000,0,0.248,6.668,0.125,0.566,1.348,0.018,1,1,1174,3970,9,182500,1134,453,661,19229,51,0,51,1,16777216,1974,0.158,0,0.318
1,1977,20572.972,level1,0,1024,640,10.243,1,8.198,8.198,8.000,0,0.223,6.615,0.094,0.605,1.303,0.018,1,1,1178,3973,9,183036,1134,454,660,19238,51,0,51,1,16777216,1975,0.216,0,0.299
1,1978,20580.110,level1,0,1024,640,7.833,1,10.130,10.130,10.000,0,0.150,5.937,0.078,0.689,1.307,0.013,1,1,1178,3973,9,183036,1134,454,660,19247,51,0,51,1,16777216,1976,0.147,0,0.269
1,1979,20587.365,level1,0,1024,640,7.345,1,7.234,7.234,8.000,0,0.201,5.863,0.062,0.537,1.375,0.012,1,1,1178,3973,8,182984,1134,455,659,19255,51,0,51,1,16777216,1977,0.161,0,0.365
1,1980,20593.701,level1,0,1024,640,6.356,1,7.086,7.086,6.000,0,0.123,5.808,0.097,0.607,1.343,0.013,1,1,1178,3973,8,182984,1134,455,659,19263,51,0,51,1,16777216,1978,0.149,0,0.197
1,1981,20599.834,level1,0,1024,640,6.566,1,6.562,6.562,7.000,0,0.230,5.423,0.050,0.672,1.255,0.009,1,1,1182,3981,8,183560,1134,451,663,19271,51,0,51,1,16777216,1979,0.156,0,0.422
1,1982,20605.941,level1,0,1024,640,6.030,1,5.961,5.961,7.000,0,0.299,5.491,0.059,0.615,1.401,0.012,1,1,1182,3981,8,183560,1134,451,663,19279,51,0,51,1,16777216,1980,0.148,0,0.251
1,1983,20611.722,level1,0,1024,640,5.984,1,6.155,6.155,6.000,0,0.131,5.300,0.047,0.578,1.137,0.007,1,1,1182,3981,8,183560,1134,451,663,19287,51,0,51,1,16777216,1981,0.159,0,0.297
1,1984,20618.069,level1,0,1024,640,6.543,1,6.539,6.539,6.000,0,0.134,5.081,0.070,0.555,1.126,0.007,1,1,1182,3981,8,183560,1134,451,663,19295,51,0,51,1,16777216,1982,0.144,0,1.056
1,1985,20623.835,level1,0,1024,640,5.534,1,5.534,5.534,6.000,0,0.135,5.336,0.047,0.557,1.173,0.007,1,1,1182,3981,8,183560,1134,451,663,19303,51,0,51,1,16777216,1983,0.154,0,0.244
1,1986,20630.111,level1,0,1024,640,5.668,1,5.688,5.688,5.000,0,0.114,5.912,0.079,0.898,1.663,0.014,1,1,1182,3981,8,183560,1134,451,663,19311,51,0,51,1,16777216,1984,0.147,0,0.166
1,1987,20636.413,level1,0,1024,640,6.560,1,6.487,6.487,7.000,0,0.186,5.680,0.054,0.654,1.534,0.009,1,1,1182,3981,8,183560,1134,451,663,19319,51,0,51,1,16777216,1985,0.155,0,0.374
1,1988,20644.562,level1,0,1024,640,6.394,1,6.403,6.403,6.000,0,0.177,7.362,0.126,0.567,1.350,0.011,1,1,1182,3981,8,183560,1134,451,663,19327,51,0,51,1,16777216,1986,0.156,0,0.473
1,1989,20650.691,level1,0,1024,640,7.907,1,7.877,7.877,8.000,0,0.202,5.659,0.051,0.559,1.195,0.009,1,1,1182,3981,8,183560,1134,451,663,19335,51,0,51,1,16777216,1987,0.169,0,0.205
1,1990,20656.490,level1,0,1024,640,6.130,1,6.167,6.167,6.000,0,0.168,5.335,0.045,0.534,1.073,0.008,1,1,1182,3981,8,183560,1134,451,663,19343,51,0,51,1,16777216,1988,0.150,0,0.243
1,1991,20663.357,level1,0,1024,640,5.737,1,5.720,5.720,6.000,0,0.186,6.457,0.050,0.539,1.089,0.008,1,1,1182,3981,8,183560,1134,451,663,19351,51,0,51,1,16777216,1989,0.149,0,0.166
1,1992,20669.744,level1,0,1024,640,6.854,1,6.915,6.915,7.000,0,0.126,5.972,0.071,0.576,1.127,0.008,1,1,1182,3981,8,183560,1134,451,663,19359,51,0,51,1,16777216,1990,0.148,0,0.213
1,1993,20675.579,level1,0,1024,640,6.512,1,6.447,6.447,6.000,0,0.186,5.322,0.044,0.536,1.082,0.007,1,1,1182,3981,8,183560,1134,451,663,19367,51,0,51,1,16777216,1991,0.151,0,0.272
1,1994,20681.488,level1,0,1024,640,5.681,1,5.729,5.729,6.000,0,0.143,5.549,0.045,0.540,1.079,0.007,1,1,1182,3981,8,183560,1134,451,663,19375,51,0,51,1,16777216,1992,0.192,0,0.167
1,1995,20687.586,level1,0,1024,640,5.998,1,5.944,5.944,6.000,0,0.195,5.648,0.047,0.535,1.113,0.008,1,1,1182,3981,8,183560,1134,451,663,19383,51,0,51,1,16777216,1993,0.209,0,0.202
1,1996,20693.915,level1,0,1024,640,6.160,1,6.145,6.145,5.000,0,0.210,5.817,0.046,0.536,1.142,0.007,1,1,1182,3981,8,183560,1134,451,663,19391,51,0,51,1,16777216,1994,0.146,0,0.250
1,1997,20700.204,level1,0,1024,640,6.372,1,6.353,6.353,7.000,0,0.221,5.731,0.049,0.538,1.133,0.007,1,1,1182,3981,8,183560,1134,451,663,19399,51,0,51,1,16777216,1995,0.149,0,0.273
1,1998,20706.250,level1,0,1024,640,6.176,1,6.212,6.212,6.000,0,0.194,5.608,0.042,0.532,1.095,0.007,1,1,1182,3981,8,183560,1134,451,663,19407,51,0,51,1,16777216,1996,0.204,0,0.195
1,1999,20712.867,level1,0,1024,640,6.028,1,6.027,6.027,6.000,0,0.196,5.860,0.378,0.589,1.167,0.012,1,1,1182,3981,8,183560,1134,451,663,19415,51,0,51,1,16777216,1997,0.161,0,0.178
1,2000,20721.395,level1,0,1024,640,8.933,1,6.769,6.769,7.000,0,0.285,5.730,0.103,0.543,1.459,0.009,1,1,1182,3981,8,183560,1134,451,663,19423,51,0,51,1,16777216,1998,0.151,0,0.328
1,2001,20727.825,level1,0,1024,640,6.714,1,8.427,8.427,9.000,0,0.129,5.503,0.049,0.669,1.294,0.007,1,1,1182,3981,8,183560,1134,451,663,19431,51,0,51,1,16777216,1999,0.159,0,0.227
1,2002,20735.078,level1,0,1024,640,6.067,1,6.502,6.502,7.000,0,0.211,6.637,0.098,0.644,1.246,0.012,1,1,1182,3981,8,183560,1134,451,663,19439,51,0,51,1,16777216,2000,0.147,0,0.299
1,2003,20744.319,level1,0,1024,640,9.074,1,7.206,7.206,6.000,0,0.191,6.795,0.109,0.568,1.161,0.012,1,1,1178,3973,8,182984,1134,455,659,19447,51,0,51,1,16777216,2001,0.155,0,0.250
1,2004,20750.684,level1,0,1024,640,7.508,1,9.310,9.310,10.000,0,0.148,5.675,0.087,0.552,1.142,0.010,1,1,1169,3955,8,181688,1134,455,659,19455,51,0,51,1,16777216,2002,0.144,0,0.320
1,2005,20756.674,level1,0,1024,640,6.326,1,6.414,6.414,7.000,0,0.190,5.356,0.069,0.523,1.058,0.007,1,1,1169,3955,8,181688,1134,455,659,19463,51,0,51,1,16777216,2003,0.153,0,0.357
1,2006,20763.453,level1,0,1024,640,5.909,1,5.879,5.879,4.000,0,0.220,6.132,0.162,0.564,1.604,0.027,1,1,1169,3955,8,181688,1134,455,659,19471,51,0,51,1,16777216,2004,0.143,0,0.258
1,2007,20771.953,level1,0,1024,640,8.626,1,6.784,6.784,8.000,0,0.124,6.110,0.059,0.595,1.314,0.008,1,1,1169,3955,8,181688,1134,455,659,19479,51,0,51,1,16777216,2005,0.155,0,0.263
1,2008,20779.144,level1,0,1024,640,7.444,1,8.475,8.475,8.000,0,0.136,5.827,0.087,0.538,1.465,0.016,1,1,1169,3955,8,181688,1134,455,659,19487,51,0,51,1,16777216,2006,0.165,0,0.238
1,2009,20787.176,level1,0,1024,640,6.521,1,7.348,7.348,8.000,0,0.193,7.285,0.134,0.538,1.421,0.028,1,1,1169,3955,8,181688,1134,455,659,19495,51,0,51,1,16777216,2007,0.156,0,0.396
1,2010,20793.672,level1,0,1024,640,7.977,1,8.015,8.015,8.000,0,0.155,5.799,0.143,0.525,1.214,0.026,1,1,1169,3955,8,181688,1134,455,659,19503,51,0,51,1,16777216,2008,0.152,0,0.378
1,2011,20799.545,level1,0,1024,640,6.366,1,6.409,6.409,7.000,0,0.123,5.376,0.077,0.647,1.242,0.017,1,1,1169,3955,8,181688,1134,455,659,19511,51,0,51,1,16777216,2009,0.153,0,0.292
1,2012,20805.466,level1,0,1024,640,5.890,1,5.872,5.872,5.000,0,0.140,5.382,0.102,0.519,1.189,0.015,1,1,1169,3955,8,181688,1134,455,659,19519,51,0,51,1,16777216,2010,0.153,0,0.292
1,2013,20812.446,level1,0,1024,640,5.864,1,5.870,5.870,6.000,0,0.135,6.529,0.070,0.847,1.611,0.010,1,1,1169,3955,8,181688,1134,455,659,19527,51,0,51,1,16777216,2011,0.149,0,0.240
1,2014,20818.276,level1,0,1024,640,6.921,1,6.934,6.934,7.000,0,0.122,5.454,0.055,0.599,1.157,0.007,1,1,1169,3955,8,181688,1134,455,659,19535,51,0,51,1,16777216,2012,0.298,0,0.194
1,2015,20824.383,level1,0,1024,640,5.878,1,5.866,5.866,6.000,0,0.134,5.681,0.056,0.688,1.271,0.007,1,1,1169,3955,8,181688,1134,455,659,19543,51,0,51,1,16777216,2013,0.154,0,0.229
1,2016,20830.586,level1,0,1024,640,6.094,1,6.098,6.098,6.000,0,0.124,5.772,0.073,0.857,1.514,0.008,1,1,1169,3955,8,181688,1134,455,659,19551,51,0,51,1,16777216,2014,0.149,0,0.221
1,2017,20836.925,level1,0,1024,640,6.278,1,6.238,6.238,6.000,0,0.165,5.861,0.046,0.539,1.076,0.008,1,1,1170,3957,9,181884,1134,454,660,19560,52,0,52,1,16777216,2015,0.156,0,0.256
1,2018,20843.132,level1,0,1024,640,6.300,1,6.273,6.273,6.000,0,0.195,5.728,0.085,0.540,1.079,0.007,1,1,1170,3957,9,181884,1134,454,660,19569,52,0,52,1,16777216,2016,0.145,0,0.190
1,2019,20849.284,level1,0,1024,640,6.311,1,6.286,6.286,6.000,0,0.213,5.609,0.045,0.534,1.129,0.007,1,1,1170,3957,9,181884,1134,454,660,19578,52,0,52,1,16777216,2017,0.213,0,0.268
1,2020,20855.306,level1,0,1024,640,6.209,1,6.252,6.252,7.000,0,0.179,5.413,0.054,0.567,1.132,0.008,1,1,1170,3957,9,181884,1134,454,660,19587,52,0,52,1,16777216,2018,0.200,0,0.369
1,2021,20861.158,level1,0,1024,640,5.802,1,5.834,5.834,6.000,0,0.148,5.467,0.050,0.540,1.100,0.007,1,1,1170,3957,9,181884,1134,454,660,19596,52,0,52,1,16777216,2019,0.206,0,0.181
1,2022,20866.733,level1,0,1024,640,5.854,1,5.873,5.873,6.000,0,0.126,5.200,0.039,0.561,1.174,0.008,1,1,1170,3957,9,181884,1134,454,660,19605,52,0,52,1,16777216,2020,0.198,0,0.202
1,2023,20872.941,level1,0,1024,640,5.619,1,5.622,5.622,6.000,0,0.127,5.750,0.077,0.551,1.150,0.009,1,1,1170,3957,9,181884,1134,454,660,19614,52,0,52,1,16777216,2021,0.207,0,0.248
1,2024,20879.281,level1,0,1024,640,6.316,1,6.228,6.228,5.000,0,0.213,5.798,0.054,0.548,1.317,0.011,1,1,1170,3957,9,181884,1134,454,660,19623,52,0,52,1,16777216,2022,0.201,0,0.268
1,2025,20885.123,level1,0,1024,640,6.214,1,6.293,6.293,7.000,0,0.133,5.411,0.067,0.526,1.182,0.016,1,1,1174,3965,9,182460,1134,450,664,19632,52,0,52,1,16777216,2023,0.206,0,0.222
1,2026,20891.803,level1,0,1024,640,5.982,1,5.910,5.910,6.000,0,0.206,6.098,0.053,0.527,1.131,0.008,1,1,1174,3965,9,182460,1134,450,664,19641,52,0,52,1,16777216,2024,0.187,0,0.290
1,2027,20897.525,level1,0,1024,640,6.624,1,6.694,6.694,6.000,0,0.138,5.233,0.041,0.520,1.034,0.007,1,1,1174,3965,9,182460,1134,450,664,19650,52,0,52,1,16777216,2025,0.213,0,0.305
1,2028,20904.377,level1,0,1024,640,5.694,1,5.602,5.602,5.000,0,0.228,6.383,0.049,0.534,1.088,0.008,1,1,1174,3965,9,182460,1134,450,664,19659,52,0,52,1,16777216,2026,0.198,0,0.185
1,2029,20910.417,level1,0,1024,640,6.799,1,6.912,6.912,8.000,0,0.117,5.619,0.055,0.611,1.276,0.009,1,1,1174,3965,9,182460,1134,450,664,19668,52,0,52,1,16777216,2027,0.203,0,0.245
1,2030,20916.273,level1,0,1024,640,6.097,1,6.028,6.028,6.000,0,0.181,5.357,0.074,0.521,1.127,0.009,1,1,1174,3965,9,182460,1134,450,664,19677,52,0,52,1,16777216,2028,0.199,0,0.231
1,2031,20922.832,level1,0,1024,640,5.917,1,5.896,5.896,6.000,0,0.208,6.024,0.050,0.526,1.117,0.008,1,1,1174,3965,9,182460,1134,450,664,19686,52,0,52,1,16777216,2029,0.209,0,0.273
1,2032,20928.681,level1,0,1024,640,6.501,1,6.506,6.506,6.000,0,0.202,5.377,0.044,0.520,1.045,0.008,1,1,1179,3980,9,183220,1134,449,665,19695,52,0,52,1,16777216,2030,0.196,0,0.219
1,2033,20935.077,level1,0,1024,640,5.933,1,5.921,5.921,6.000,0,0.214,5.808,0.075,0.522,1.113,0.007,1,1,1179,3980,9,183220,1134,449,665,19704,52,0,52,1,16777216,2031,0.202,0,0.291
1,2034,20941.525,level1,0,1024,640,6.354,1,6.415,6.415,7.000,0,0.151,5.930,0.049,0.525,1.091,0.007,1,1,1179,3980,9,183220,1134,449,665,19713,52,0,52,1,16777216,2032,0.198,0,0.311
1,2035,20947.275,level1,0,1024,640,6.413,1,6.377,6.377,6.000,0,0.186,5.262,0.054,0.519,1.222,0.012,1,1,1179,3980,9,183220,1134,449,665,19722,52,0,52,1,16777216,2033,0.204,0,0.240
1,2036,20953.955,level1,0,1024,640,5.759,1,5.790,5.790,5.000,0,0.150,6.188,0.049,0.526,1.096,0.008,1,1,1179,3980,9,183220,1134,449,665,19731,52,0,52,1,16777216,2034,0.200,0,0.280
1,2037,20959.778,level1,0,1024,640,6.611,1,6.573,6.573,7.000,0,0.195,5.406,0.042,0.608,1.268,0.008,1,1,1179,3980,9,183220,1134,449,665,19740,52,0,52,1,16777216,2035,0.207,0,0.173
1,2038,20965.759,level1,0,1024,640,5.796,1,5.865,5.865,6.000,0,0.127,5.585,0.049,0.622,1.170,0.008,1,1,1157,3936,9,180052,1134,471,643,19749,52,0,52,1,16777216,2036,0.186,0,0.214
1,2039,20971.900,level1,0,1024,640,6.009,1,5.939,5.939,6.000,0,0.197,5.720,0.045,0.525,1.045,0.007,1,1,1157,3936,9,180052,1134,471,643,19758,52,0,52,1,16777216,2037,0.196,0,0.173
1,2040,20977.426,level1,0,1024,640,6.111,1,6.183,6.183,6.000,0,0.122,5.135,0.046,0.519,1.024,0.007,1,1,1157,3936,9,180052,1134,471,643,19767,52,0,52,1,16777216,2038,0.200,0,0.216
1,2041,20985.561,level1,0,1024,640,5.519,1,5.481,5.481,5.000,0,0.164,7.686,0.086,0.818,1.797,0.013,1,1,1157,3936,9,180052,1134,471,643,19776,52,0,52,1,16777216,2039,0.209,0,0.171
1,2042,20991.991,level1,0,1024,640,8.395,1,8.329,8.329,9.000,0,0.227,5.773,0.056,0.590,1.121,0.007,1,1,1157,3936,9,180052,1134,471,643,19785,52,0,52,1,16777216,2040,0.199,0,0.363
1,2043,20998.198,level1,0,1024,640,6.303,1,6.350,6.350,7.000,0,0.182,5.689,0.045,0.519,1.058,0.007,1,1,1157,3936,9,180052,1134,471,643,19794,52,0,52,1,16777216,2041,0.207,0,0.284
1,2044,21004.181,level1,0,1024,640,6.136,1,6.197,6.197,5.000,0,0.122,5.539,0.043,0.514,1.037,0.007,1,1,1157,3936,9,180052,1134,471,643,19803,52,0,52,1,16777216,2042,0.206,0,0.275
1,2045,21010.709,level1,0,1024,640,6.069,1,5.988,5.988,7.000,0,0.191,5.943,0.097,0.744,1.405,0.010,1,1,1157,3936,9,180052,1134,471,643,19812,52,0,52,1,16777216,2043,0.697,0,0.278
1,2046,21016.816,level1,0,1024,640,6.567,1,6.530,6.530,6.000,0,0.235,5.429,0.151,0.509,1.207,0.019,1,1,1157,3936,9,180052,1134,471,643,19821,52,0,52,1,16777216,2044,0.187,0,0.276
1,2047,21022.683,level1,0,1024,640,6.168,1,6.247,6.247,6.000,0,0.162,5.177,0.101,0.510,1.046,0.013,1,1,1157,3936,9,180052,1134,471,643,19830,52,0,52,1,16777216,2045,0.210,0,0.419
1,2048,21028.757,level1,0,1024,640,5.814,1,5.769,5.769,6.000,0,0.206,5.438,0.100,0.511,1.167,0.022,1,1,1157,3936,9,180052,1134,471,643,19839,52,0,52,1,16777216,2046,0.202,0,0.322
1,2049,21034.458,level1,0,1024,640,6.142,1,6.116,6.116,6.000,0,0.232,5.056,0.042,0.520,1.025,0.007,1,1,1157,3936,8,180000,1134,472,642,19847,52,0,52,1,16777216,2047,0.210,0,0.364
1,2050,21040.236,level1,0,1024,640,5.538,1,5.644,5.644,6.000,0,0.128,5.294,0.044,0.526,1.128,0.006,1,1,1157,3936,8,180000,1134,472,642,19855,52,0,52,1,16777216,2048,0.186,0,0.308
1,2051,21046.539,level1,0,1024,640,6.211,1,5.980,5.980,6.000,0,0.354,5.379,0.051,0.561,1.111,0.007,1,1,1157,3936,8,180000,1134,472,642,19863,52,0,52,1,16777216,2049,0.196,0,0.507
1,2052,21052.540,level1,0,1024,640,5.893,1,6.093,6.093,6.000,0,0.159,5.488,0.050,0.545,1.141,0.008,1,1,1157,3936,8,180000,1134,472,642,19871,52,0,52,1,16777216,2050,0.209,0,0.298
1,2053,21059.475,level1,0,1024,640,6.063,1,6.002,6.002,6.000,0,0.205,6.336,0.074,0.514,1.314,0.019,1,1,1157,3936,8,180000,1134,472,642,19879,52,0,52,1,16777216,2051,0.204,0,0.298
1,2054,21065.118,level1,0,1024,640,6.882,1,6.909,6.909,7.000,0,0.191,5.111,0.061,0.513,1.030,0.008,1,1,1157,3936,8,180000,1134,472,642,19887,52,0,52,1,16777216,2052,0.692,0,0.273
1,2055,21071.017,level1,0,1024,640,5.645,1,5.635,5.635,5.000,0,0.201,5.345,0.080,0.566,1.124,0.012,1,1,1157,3936,8,180000,1134,472,642,19895,52,0,52,1,16777216,2053,0.201,0,0.264
1,2056,21076.854,level1,0,1024,640,6.013,1,6.028,6.028,6.000,0,0.187,5.202,0.048,0.566,1.104,0.008,1,1,1157,3936,8,180000,1134,472,642,19903,52,0,52,1,16777216,2054,0.192,0,0.390
1,2057,21083.050,level1,0,1024,640,5.787,1,5.749,5.749,7.000,0,0.220,5.609,0.050,0.518,1.042,0.007,1,1,1157,3936,8,180000,1134,472,642,19911,52,0,52,1,16777216,2055,0.213,0,0.306
1,2058,21089.771,level1,0,1024,640,6.099,1,6.102,6.102,6.000,0,0.220,6.192,0.086,0.518,1.368,0.014,1,1,1157,3936,8,180000,1134,472,642,19919,52,0,52,1,16777216,2056,0.188,0,0.213
1,2059,21096.069,level1,0,1024,640,6.972,1,7.041,7.041,7.000,0,0.152,5.545,0.062,0.515,1.466,0.007,1,1,1157,3936,8,180000,1134,472,642,19927,52,0,52,1,16777216,2057,0.684,0,0.532
1,2060,21101.719,level1,0,1024,640,6.030,1,6.019,6.019,6.000,0,0.164,5.182,0.044,0.512,1.126,0.065,1,1,1157,3936,8,180000,1134,472,642,19935,52,0,52,1,16777216,2058,0.193,0,0.253
1,2061,21107.360,level1,0,1024,640,5.693,1,5.664,5.664,5.000,0,0.188,5.124,0.050,0.524,1.038,0.008,1,1,1157,3936,8,180000,1134,472,642,19943,52,0,52,1,16777216,2059,0.203,0,0.264
1,2062,21114.446,level1,0,1024,640,5.724,1,5.719,5.719,5.000,0,0.196,6.472,0.065,0.524,1.488,0.010,1,1,1157,3936,8,180000,1134,472,642,19951,52,0,52,1,16777216,2060,0.185,0,0.344
1,2063,21122.724,level1,0,1024,640,8.804,1,6.991,6.991,8.000,0,0.204,5.906,0.104,0.523,1.154,0.009,1,1,1157,3936,8,180000,1134,472,642,19959,52,0,52,1,16777216,2061,0.195,0,0.251
1,2064,21129.203,level1,0,1024,640,7.031,1,8.242,8.242,8.000,0,0.120,5.410,0.049,0.516,1.140,0.008,1,1,1157,3936,8,180000,1134,472,642,19967,52,0,52,1,16777216,2062,0.195,0,0.215
1,2065,21135.313,level1,0,1024,640,5.968,1,6.560,6.560,7.000,0,0.206,5.506,0.095,0.514,1.085,0.012,1,1,1157,3936,8,180000,1134,472,642,19975,52,0,52,1,16777216,2063,0.201,0,0.296
1,2066,21141.798,level1,0,1024,640,6.056,1,6.090,6.090,6.000,0,0.171,5.955,0.075,0.521,1.164,0.010,1,1,1157,3936,8,180000,1134,472,642,19983,52,0,52,1,16777216,2064,0.188,0,0.276
1,2067,21148.010,level1,0,1024,640,6.373,1,6.406,6.406,7.000,0,0.140,5.764,0.105,0.521,1.167,0.010,1,1,1157,3936,8,180000,1134,472,642,19991,52,0,52,1,16777216,2065,0.208,0,0.198
1,2068,21157.810,level1,0,1024,640,9.867,1,6.192,6.192,5.000,0,0.117,5.724,0.077,0.624,1.293,0.013,1,1,1157,3936,8,180000,1134,472,642,19999,52,0,52,1,16777216,2066,0.186,0,0.179
1,2069,21164.462,level1,0,1024,640,7.032,1,9.892,9.892,11.000,0,0.196,5.289,0.132,0.524,1.033,0.009,1,1,1157,3936,8,180000,1134,472,642,20007,52,0,52,1,16777216,2067,0.193,0,0.269
1,2070,21170.990,level1,0,1024,640,5.996,1,6.588,6.588,6.000,0,0.184,5.904,0.051,0.530,1.091,0.009,1,1,1157,3936,8,180000,1134,472,642,20015,52,0,52,1,16777216,2068,0.196,0,0.207
1,2071,21176.520,level1,0,1024,640,6.276,1,6.510,6.510,6.000,0,0.129,5.165,0.044,0.532,1.045,0.007,1,1,1157,3936,8,180000,1134,472,642,20023,52,0,52,1,16777216,2069,0.205,0,0.188
1,2072,21182.141,level1,0,1024,640,5.587,1,5.588,5.588,6.000,0,0.127,5.195,0.046,0.515,1.114,0.009,1,1,1157,3936,8,180000,1134,472,642,20031,52,0,52,1,16777216,2070,0.195,0,0.246
1,2073,21187.781,level1,0,1024,640,5.699,1,5.694,5.694,5.000,0,0.133,5.110,0.072,0.549,1.120,0.007,1,1,1157,3936,8,180000,1134,472,642,20039,52,0,52,1,16777216,2071,0.208,0,0.319
1,2074,21194.451,level1,0,1024,640,5.550,1,5.514,5.514,6.000,0,0.169,6.253,0.048,0.540,1.216,0.008,1,1,1168,3980,10,181864,1137,471,645,20050,53,0,53,1,16777216,2072,0.202,0,0.194
1,2075,21200.544,level1,0,1024,640,6.653,1,6.662,6.662,7.000,0,0.160,5.659,0.083,0.533,1.071,0.008,1,1,1168,3980,10,181864,1137,471,645,20060,53,0,53,1,16777216,2073,0.207,0,0.185
1,2076,21206.292,level1,0,1024,640,6.122,1,6.145,6.145,6.000,0,0.136,5.319,0.051,0.528,1.046,0.008,1,1,1168,3980,10,181864,1137,471,645,20070,53,0,53,1,16777216,2074,0.213,0,0.237
1,2077,21212.698,level1,0,1024,640,5.791,1,5.791,5.791,6.000,0,0.135,5.897,0.085,0.638,1.180,0.008,1,1,1168,3980,10,181864,1137,471,645,20080,53,0,53,1,16777216,2075,0.203,0,0.278
1,2078,21219.108,level1,0,1024,640,6.411,1,6.414,6.414,6.000,0,0.133,5.896,0.085,0.545,1.165,0.018,1,1,1168,3980,10,181864,1137,471,645,20090,53,0,53,1,16777216,2076,0.202,0,0.289
1,2079,21225.180,level1,0,1024,640,6.524,1,6.457,6.457,6.000,0,0.199,5.485,0.046,0.531,1.099,0.007,1,1,1168,3980,10,181864,1137,471,645,20100,53,0,53,1,16777216,2077,0.208,0,0.334
1,2080,21231.715,level1,0,1024,640,6.183,1,6.145,6.145,7.000,0,0.237,5.829,0.054,0.674,1.306,0.009,1,1,1168,3980,10,181864,1137,471,645,20110,53,0,53,1,16777216,2078,0.192,0,0.406
1,2081,21237.848,level1,0,1024,640,6.292,1,6.398,6.398,6.000,0,0.131,5.677,0.047,0.547,1.117,0.007,1,1,1168,3980,10,181864,1137,471,645,20120,53,0,53,1,16777216,2079,0.207,0,0.271
1,2082,21244.121,level1,0,1024,640,6.238,1,6.172,6.172,7.000,0,0.198,5.709,0.050,0.533,1.088,0.007,1,1,1168,3980,10,181864,1137,471,645,20130,53,0,53,1,16777216,2080,0.197,0,0.310
1,2083,21251.144,level1,0,1024,640,6.199,1,6.215,6.215,5.000,0,0.179,6.481,0.102,0.540,1.152,0.008,1,1,1168,3980,10,181864,1137,471,645,20140,53,0,53,1,16777216,2081,0.202,0,0.252
1,2084,21256.747,level1,0,1024,640,7.011,1,7.020,7.020,7.000,0,0.171,5.135,0.042,0.536,1.055,0.007,1,1,1168,3980,10,181864,1137,471,645,20150,53,0,53,1,16777216,2082,0.196,0,0.248
1,2085,21263.136,level1,0,1024,640,5.562,1,5.599,5.599,5.000,0,0.135,5.923,0.080,0.536,1.084,0.009,1,1,1168,3980,10,181864,1137,471,645,20160,53,0,53,1,16777216,2083,0.207,0,0.245
1,2086,21269.393,level1,0,1024,640,6.386,1,6.390,6.390,8.000,0,0.131,5.797,0.077,0.539,1.381,0.013,1,1,1168,3980,10,181864,1137,471,645,20170,53,0,53,1,16777216,2084,0.198,0,0.246
1,2087,21299.539,level1,0,1024,640,28.390,1,6.261,6.261,6.000,0,20.417,7.479,0.150,0.620,1.163,0.013,1,1,1169,3960,12,181936,1134,469,645,20179,58,0,58,1,16777216,2085,0.195,0,0.249
1,2088,21306.378,level1,0,1024,640,9.016,1,30.247,30.247,30.000,0,0.183,5.371,0.083,0.522,1.095,0.012,1,1,1163,3910,12,180768,1134,470,644,20192,58,0,58,1,16777216,2086,0.246,0,0.350
1,2089,21313.351,level1,0,1024,640,6.107,1,6.749,6.749,7.000,0,0.202,6.218,0.100,0.535,1.095,0.015,1,1,1163,3910,12,180768,1134,470,644,20205,58,0,58,1,16777216,2087,0.241,0,0.260
1,2090,21320.412,level1,0,1024,640,7.444,1,6.981,6.981,7.000,0,0.200,5.884,0.052,0.855,1.696,0.011,1,1,1163,3910,12,180768,1134,470,644,20218,58,0,58,1,16777216,2088,0.196,0,0.267
1,2091,21327.112,level1,0,1024,640,6.249,1,6.971,6.971,6.000,0,0.130,6.279,0.106,0.839,1.607,0.014,1,1,1163,3910,12,180768,1134,470,644,20231,58,0,58,1,16777216,2089,0.208,0,0.178
1,2092,21335.301,level1,0,1024,640,6.948,1,6.887,6.887,8.000,0,0.191,7.562,0.065,0.854,1.570,0.012,1,1,1163,3910,12,180768,1134,470,644,20244,58,0,58,1,16777216,2090,0.204,0,0.363
1,2093,21341.748,level1,0,1024,640,8.009,1,8.068,8.068,8.000,0,0.132,6.010,0.056,0.530,1.091,0.009,1,1,1163,3910,12,180768,1134,470,644,20257,58,0,58,1,16777216,2091,0.219,0,0.244
1,2094,21347.427,level1,0,1024,640,6.473,1,6.462,6.462,6.000,0,0.143,5.231,0.041,0.522,1.051,0.007,1,1,1163,3910,12,180768,1134,470,644,20270,58,0,58,1,16777216,2092,0.195,0,0.258
1,2095,21353.911,level1,0,1024,640,5.742,1,5.679,5.679,5.000,0,0.205,5.963,0.050,0.528,1.052,0.008,1,1,1163,3910,12,180768,1134,470,644,20283,58,0,58,1,16777216,2093,0.202,0,0.258
1,2096,21360.595,level1,0,1024,640,6.465,1,6.457,6.457,8.000,0,0.213,6.180,0.053,0.533,1.062,0.007,1,1,1163,3910,12,180768,1134,470,644,20296,58,0,58,1,16777216,2094,0.197,0,0.231
1,2097,21366.668,level1,0,1024,640,6.776,1,6.787,6.787,7.000,0,0.203,5.480,0.050,0.530,1.051,0.008,1,1,1163,3910,12,180768,1134,470,644,20309,58,0,58,1,16777216,2095,0.199,0,0.333
1,2098,21373.004,level1,0,1024,640,6.102,1,6.105,6.105,5.000,0,0.199,5.693,0.070,0.529,1.055,0.008,1,1,1163,3910,12,180768,1134,470,644,20322,58,0,58,1,16777216,2096,0.245,0,0.365
1,2099,21379.178,level1,0,1024,640,6.297,1,6.292,6.292,7.000,0,0.194,5.586,0.055,0.536,1.097,0.013,1,1,1154,3892,12,179472,1134,470,644,20335,58,0,58,1,16777216,2097,0.256,0,0.321
1,2100,21385.056,level1,0,1024,640,6.100,1,6.147,6.147,6.000,0,0.157,5.331,0.089,0.515,1.116,0.010,1,1,1154,3892,12,179472,1134,470,644,20348,58,0,58,1,16777216,2098,0.210,0,0.295
1,2101,21391.935,level1,0,1024,640,6.250,1,6.042,6.042,6.000,0,0.359,5.989,0.060,0.519,1.064,0.009,1,1,1154,3892,12,179472,1134,470,644,20361,58,0,58,1,16777216,2099,0.203,0,0.458
1,2102,21398.071,level1,0,1024,640,6.683,1,6.830,6.830,6.000,0,0.218,5.434,0.068,0.547,1.114,0.010,1,1,1154,3892,12,179472,1134,470,644,20374,58,0,58,1,16777216,2100,0.201,0,0.405
1,2103,21404.232,level1,0,1024,640,6.099,1,6.093,6.093,6.000,0,0.219,5.497,0.066,0.519,1.078,0.013,1,1,1154,3892,12,179472,1134,470,644,20387,58,0,58,1,16777216,2101,0.194,0,0.366
1,2104,21411.050,level1,0,1024,640,6.350,1,6.387,6.387,7.000,0,0.189,5.973,0.058,0.789,1.813,0.014,1,1,1154,3892,12,179472,1134,470,644,20400,58,0,58,1,16777216,2102,0.187,0,0.591
1,2105,21417.931,level1,0,1024,640,6.895,1,6.861,6.861,6.000,0,0.177,5.959,0.058,0.569,1.805,0.013,1,1,1154,3892,12,179472,1134,470,644,20413,58,0,58,1,16777216,2103,0.212,0,0.635
1,2106,21423.817,level1,0,1024,640,6.467,1,6.482,6.482,7.000,0,0.206,5.391,0.046,0.613,1.233,0.008,1,1,1154,3892,12,179472,1134,470,644,20426,58,0,58,1,16777216,2104,0.186,0,0.237
1,2107,21429.961,level1,0,1024,640,5.893,1,5.943,5.943,6.000,0,0.155,5.636,0.050,0.853,1.580,0.011,1,1,1154,3892,12,179472,1134,470,644,20439,58,0,58,1,16777216,2105,0.203,0,0.294
1,2108,21436.564,level1,0,1024,640,6.065,1,6.093,6.093,6.000,0,0.130,6.142,0.084,0.657,1.211,0.009,1,1,1159,3940,12,180496,1134,469,645,20452,58,0,58,1,16777216,2106,0.203,0,0.243
1,2109,21442.324,level1,0,1024,640,6.637,1,6.623,6.623,7.000,0,0.141,5.305,0.044,0.516,1.041,0.008,1,1,1159,3940,12,180496,1134,469,645,20465,58,0,58,1,16777216,2107,0.205,0,0.262
1,2110,21448.062,level1,0,1024,640,5.819,1,5.761,5.761,5.000,0,0.202,5.195,0.072,0.551,1.073,0.008,1,1,1159,3940,12,180496,1134,469,645,20478,58,0,58,1,16777216,2108,0.198,0,0.263
1,2111,21455.273,level1,0,1024,640,5.952,1,5.907,5.907,6.000,0,0.248,6.464,0.061,0.559,1.210,0.010,1,1,1162,3946,12,180928,1134,466,648,20491,58,0,58,1,16777216,2109,0.204,0,0.431
1,2112,21461.589,level1,0,1024,640,7.038,1,7.063,7.063,8.000,0,0.208,5.756,0.048,0.528,1.044,0.008,1,1,1157,3931,12,180168,1134,467,647,20504,58,0,58,1,16777216,2110,0.202,0,0.283
1,2113,21468.347,level1,0,1024,640,6.290,1,6.318,6.318,6.000,0,0.188,6.195,0.076,0.542,1.090,0.015,1,1,1157,3931,12,180168,1134,467,647,20517,58,0,58,1,16777216,2111,0.212,0,0.285
1,2114,21474.847,level1,0,1024,640,6.887,1,6.864,6.864,7.000,0,0.217,5.803,0.074,0.525,1.048,0.010,1,1,1157,3931,12,180168,1134,467,647,20530,58,0,58,1,16777216,2112,0.196,0,0.391
1,2115,21481.114,level1,0,1024,640,6.385,1,6.383,6.383,6.000,0,0.214,5.700,0.067,0.540,1.228,0.012,1,1,1157,3931,12,180168,1134,467,647,20543,58,0,58,1,16777216,2113,0.204,0,0.274
1,2116,21486.967,level1,0,1024,640,6.278,1,6.278,6.278,7.000,0,0.218,5.298,0.044,0.513,1.203,0.009,1,1,1157,3931,12,180168,1134,467,647,20556,58,0,58,1,16777216,2114,0.201,0,0.284
1,2117,21493.677,level1,0,1024,640,5.912,1,5.774,5.774,5.000,0,0.356,6.084,0.055,0.522,1.246,0.010,1,1,1157,3931,12,180168,1134,467,647,20569,58,0,58,1,16777216,2115,0.197,0,0.206
1,2118,21500.325,level1,0,1024,640,7.132,1,6.962,6.962,7.000,0,0.517,5.567,0.089,0.548,1.251,0.013,1,1,1157,3931,12,180168,1134,467,647,20582,58,0,58,1,16777216,2116,0.205,0,0.450
1,2119,21506.165,level1,0,1024,640,6.168,1,6.537,6.537,7.000,0,0.160,5.273,0.054,0.512,1.246,0.010,1,1,1157,3931,12,180168,1008,342,647,20595,58,0,58,1,16777216,2117,0.210,0,0.346
1,2120,21512.313,level1,0,1024,640,5.915,1,5.932,5.932,6.000,0,0.143,5.502,0.058,0.531,1.246,0.011,1,1,1157,3931,12,180168,1008,342,647,20608,58,0,58,1,16777216,2118,0.198,0,0.438
1,2121,21519.114,level1,0,1024,640,6.125,1,6.039,6.039,6.000,0,0.221,6.167,0.070,0.580,1.346,0.013,1,1,1157,3931,12,180168,1008,342,647,20621,58,0,58,1,16777216,2119,0.212,0,0.328
1,2122,21525.264,level1,0,1024,640,6.809,1,6.823,6.823,7.000,0,0.215,5.519,0.058,0.531,1.040,0.065,1,1,1136,3889,12,177144,1008,363,626,20634,58,0,58,1,16777216,2120,0.204,0,0.351
1,2123,21531.431,level1,0,1024,640,6.042,1,6.077,6.077,6.000,0,0.180,5.614,0.088,0.559,1.105,0.009,1,1,1136,3889,12,177144,1008,363,626,20647,58,0,58,1,16777216,2121,0.197,0,0.279
1,2124,21537.340,level1,0,1024,640,6.428,1,6.264,6.264,6.000,0,0.339,5.140,0.044,0.506,1.012,0.008,1,1,1136,3889,12,177144,1008,363,626,20660,58,0,58,1,16777216,2122,0.201,0,0.372
1,2125,21544.205,level1,0,1024,640,5.860,1,5.909,5.909,6.000,0,0.289,6.118,0.070,0.688,1.279,0.013,1,1,1136,3889,12,177144,1008,363,626,20673,58,0,58,1,16777216,2123,0.198,0,0.375
1,2126,21550.395,level1,0,1024,640,6.919,1,6.981,6.981,7.000,0,0.227,5.384,0.077,0.886,1.520,0.008,1,1,1136,3889,12,177144,1008,363,626,20686,58,0,58,1,16777216,2124,0.204,0,0.488
1,2127,21556.075,level1,0,1024,640,5.989,1,5.987,5.987,6.000,0,0.233,5.087,0.064,0.497,1.021,0.010,1,1,1136,3889,12,177144,1008,363,626,20699,58,0,58,1,16777216,2125,0.205,0,0.288
1,2128,21562.332,level1,0,1024,640,5.653,1,5.725,5.725,6.000,0,0.161,5.587,0.168,0.509,1.109,0.014,1,1,1136,3889,12,177144,1008,363,626,20712,58,0,58,1,16777216,2126,0.192,0,0.334
1,2129,21567.935,level1,0,1024,640,6.590,1,6.559,6.559,6.000,0,0.190,4.715,0.053,0.496,1.077,0.009,1,1,1136,3889,12,177144,1008,363,626,20725,58,0,58,1,16777216,2127,0.198,0,0.635
1,2130,21574.556,level1,0,1024,640,5.484,1,5.401,5.401,6.000,0,0.273,5.225,0.676,0.531,1.396,0.024,1,1,1136,3889,12,177144,1008,363,626,20738,58,0,58,1,16777216,2128,0.203,0,0.434
1,2131,21581.633,level1,0,1024,640,6.609,1,6.523,6.523,6.000,0,0.357,6.203,0.169,0.660,1.373,0.036,1,1,1136,3889,12,177144,1008,363,626,20751,58,0,58,1,16777216,2129,0.200,0,0.337
1,2132,21588.061,level1,0,1024,640,7.517,1,7.260,7.260,7.000,0,0.618,5.232,0.052,0.565,1.436,0.010,1,1,1136,3889,12,177144,1008,363,626,20764,58,0,58,1,16777216,2130,0.214,0,0.518
1,2133,21594.086,level1,0,1024,640,5.662,1,6.152,6.152,7.000,0,0.127,5.583,0.063,0.619,1.168,0.009,1,1,1136,3889,12,177144,1008,363,626,20777,58,0,58,1,16777216,2131,0.209,0,0.244
1,2134,21599.843,level1,0,1024,640,6.254,1,6.223,6.223,6.000,0,0.158,5.100,0.050,0.651,1.484,0.008,1,1,1136,3889,12,177144,1008,363,626,20790,58,0,58,1,16777216,2132,0.202,0,0.441
1,2135,21604.683,level1,0,1024,640,5.506,1,5.533,5.533,6.000,0,0.132,4.444,0.040,0.489,1.003,0.007,1,1,1136,3889,12,177144,1008,363,626,20803,58,0,58,1,16777216,2133,0.213,0,0.218
1,2136,21609.902,level1,0,1024,640,4.895,1,4.882,4.882,4.000,0,0.138,4.760,0.048,0.492,1.019,0.008,1,1,1136,3889,12,177144,1008,363,626,20816,58,0,58,1,16777216,2134,0.199,0,0.260
1,2137,21614.932,level1,0,1024,640,5.206,1,5.215,5.215,5.000,0,0.131,4.593,0.039,0.489,1.042,0.007,1,1,1136,3889,12,177144,1008,363,626,20829,58,0,58,1,16777216,2135,0.203,0,0.256
1,2138,21621.801,level1,0,1024,640,6.041,1,6.052,6.052,6.000,0,0.125,5.407,0.053,0.701,1.309,0.007,1,1,1136,3889,12,177144,1008,363,626,20842,58,0,58,1,16777216,2136,0.204,0,1.278
1,2139,21627.174,level1,0,1024,640,5.926,1,5.920,5.920,6.000,0,0.130,4.862,0.046,0.502,1.017,0.008,1,1,1136,3889,12,177144,1008,363,626,20855,58,0,58,1,16777216,2137,0.219,0,0.328
1,2140,21633.160,level1,0,1024,640,5.383,1,5.276,5.276,5.000,0,0.237,5.441,0.069,0.505,1.117,0.008,1,1,1136,3889,12,177144,1008,363,626,20868,58,0,58,1,16777216,2138,0.208,0,0.232
1,2141,21639.321,level1,0,1024,640,5.990,1,6.016,6.016,7.000,0,0.209,5.602,0.081,0.521,1.110,0.010,1,1,1136,3889,12,177144,1008,363,626,20881,58,0,58,1,16777216,2139,0.276,0,0.261
1,2142,21645.180,level1,0,1024,640,6.204,1,6.212,6.212,6.000,0,0.192,5.291,0.046,0.499,1.141,0.009,1,1,1136,3889,12,177144,1008,363,626,20894,58,0,58,1,16777216,2140,0.213,0,0.312
1,2143,21651.041,level1,0,1024,640,5.758,1,5.758,5.758,6.000,0,0.203,5.387,0.052,0.570,1.177,0.009,1,1,1136,3889,12,177144,1008,363,626,20907,58,0,58,1,16777216,2141,0.274,0,0.213
1,2144,21656.879,level1,0,1024,640,5.925,1,5.898,5.898,5.000,0,0.228,5.305,0.049,0.498,1.175,0.008,1,1,1136,3889,12,177144,1008,363,626,20920,58,0,58,1,16777216,2142,0.202,0,0.249
1,2145,21663.390,level1,0,1024,640,5.794,1,5.815,5.815,6.000,0,0.208,6.019,0.051,0.497,1.012,0.009,1,1,1136,3889,12,177144,1008,363,626,20933,58,0,58,1,16777216,2143,0.197,0,0.226
1,2146,21671.441,level1,0,1024,640,8.674,1,6.532,6.532,6.000,0,0.190,5.354,0.092,0.507,1.050,0.010,1,1,1136,3889,12,177144,1008,363,626,20946,58,0,58,1,16777216,2144,0.202,0,0.247
1,2147,21678.237,level1,0,1024,640,7.067,1,8.081,8.081,9.000,0,0.212,5.031,0.144,0.498,1.284,0.027,1,1,1136,3889,12,177144,1008,363,626,20959,58,0,58,1,16777216,2145,0.203,0,0.273
1,2148,21684.467,level1,0,1024,640,6.388,1,6.834,6.834,7.000,0,0.206,4.963,0.056,0.630,1.281,0.010,1,1,1136,3889,12,177144,1008,363,626,20972,58,0,58,1,16777216,2146,0.194,0,0.314
1,2149,21690.115,level1,0,1024,640,5.521,1,6.162,6.162,6.000,0,0.128,5.075,0.069,0.739,1.351,0.010,1,1,1136,3889,12,177144,1008,363,626,20985,58,0,58,1,16777216,2147,0.204,0,0.247
1,2150,21695.357,level1,0,1024,640,5.700,1,5.777,5.777,6.000,0,0.171,4.645,0.041,0.493,1.005,0.008,1,1,1136,3889,12,177144,1008,363,626,20998,58,0,58,1,16777216,2148,0.199,0,0.374
1,2151,21701.369,level1,0,1024,640,5.263,1,5.196,5.196,5.000,0,0.237,5.380,0.055,0.502,1.026,0.008,1,1,1136,3889,12,177144,1008,363,626,21011,58,0,58,1,16777216,2149,0.193,0,0.329
1,2152,21706.933,level1,0,1024,640,5.870,1,5.940,5.940,5.000,0,0.169,5.086,0.043,0.524,1.081,0.008,1,1,1136,3889,12,177144,1008,363,626,21024,58,0,58,1,16777216,2150,0.188,0,0.255
1,2153,21712.621,level1,0,1024,640,5.577,1,5.482,5.482,6.000,0,0.265,5.189,0.051,0.495,1.037,0.008,1,1,1136,3889,12,177144,1008,363,626,21037,58,0,58,1,16777216,2151,0.196,0,0.176
1,2154,21718.051,level1,0,1024,640,5.660,1,5.798,5.798,6.000,0,0.129,4.967,0.043,0.497,1.036,0.007,1,1,1136,3889,12,177144,1008,363,626,21050,58,0,58,1,16777216,2152,0.205,0,0.286
1,2155,21723.947,level1,0,1024,640,5.651,1,5.379,5.379,6.000,0,0.389,5.207,0.048,0.502,1.065,0.008,1,1,1136,3889,12,177144,1008,363,626,21063,58,0,58,1,16777216,2153,0.207,0,0.235
1,2156,21731.992,level1,0,1024,640,7.713,1,5.868,5.868,5.000,0,0.217,5.483,0.104,0.502,1.225,0.026,1,1,1136,3889,12,177144,1008,363,626,21076,58,0,58,1,16777216,2154,0.225,0,0.207
1,2157,21737.925,level1,0,1024,640,6.792,1,8.479,8.479,9.000,0,0.153,4.684,0.046,0.496,1.017,0.008,1,1,1136,3889,12,177144,1008,363,626,21089,58,0,58,1,16777216,2155,0.204,0,0.640
1,2158,21743.200,level1,0,1024,640,5.186,1,5.580,5.580,6.000,0,0.162,4.775,0.042,0.496,1.062,0.016,1,1,1136,3889,12,177144,1008,363,626,21102,58,0,58,1,16777216,2156,0.191,0,0.288
1,2159,21748.603,level1,0,1024,640,5.209,1,5.246,5.246,5.000,0,0.127,4.951,0.061,0.495,1.025,0.012,1,1,1136,3889,12,177144,1008,363,626,21115,58,0,58,1,16777216,2157,0.204,0,0.259
1,2160,21754.470,level1,0,1024,640,5.514,1,5.439,5.439,5.000,0,0.200,5.314,0.050,0.629,1.136,0.020,1,1,1136,3889,12,177144,1008,363,626,21128,58,0,58,1,16777216,2158,0.196,0,0.293
1,2161,21759.936,level1,0,1024,640,5.772,1,5.831,5.831,5.000,0,0.139,5.014,0.045,0.514,1.020,0.008,1,1,1136,3889,12,177144,1008,363,626,21141,58,0,58,1,16777216,2159,0.218,0,0.259
1,2162,21766.668,level1,0,1024,640,5.826,1,5.707,5.707,7.000,0,0.259,5.917,0.047,0.505,1.023,0.019,1,1,1136,3889,12,177144,1008,363,626,21154,58,0,58,1,16777216,2160,0.242,0,0.498
1,2163,21772.193,level1,0,1024,640,6.355,1,6.489,6.489,6.000,0,0.126,5.086,0.048,0.503,1.036,0.009,1,1,1136,3889,12,177144,1008,363,626,21167,58,0,58,1,16777216,2161,0.201,0,0.257
1,2164,21777.547,level1,0,1024,640,5.485,1,5.487,5.487,5.000,0,0.127,4.947,0.056,0.493,1.082,0.020,1,1,1136,3889,12,177144,1008,363,626,21180,58,0,58,1,16777216,2162,0.254,0,0.219
1,2165,21782.730,level1,0,1024,640,5.375,1,5.354,5.354,6.000,0,0.147,4.767,0.044,0.503,1.006,0.008,1,1,1136,3889,12,177144,1008,363,626,21193,58,0,58,1,16777216,2163,0.191,0,0.219
1,2166,21787.695,level1,0,1024,640,5.185,1,5.150,5.150,5.000,0,0.179,4.516,0.075,0.503,1.003,0.007,1,1,1136,3889,12,177144,1008,363,626,21206,58,0,58,1,16777216,2164,0.201,0,0.185
1,2167,21792.877,level1,0,1024,640,4.956,1,5.016,5.016,5.000,0,0.124,4.718,0.097,0.565,1.200,0.010,1,1,1136,3889,12,177144,1008,363,626,21219,58,0,58,1,16777216,2165,0.203,0,0.235
1,2168,21798.931,level1,0,1024,640,6.002,1,5.304,5.304,6.000,0,0.820,4.813,0.056,0.512,1.241,0.011,1,1,1136,3889,12,177144,1008,363,626,21232,58,0,58,1,16777216,2166,0.201,0,0.354
1,2169,21804.693,level1,0,1024,640,5.591,1,6.154,6.154,6.000,0,0.258,4.997,0.044,0.506,1.000,0.008,1,1,1136,3889,12,177144,1008,363,626,21245,58,0,58,1,16777216,2167,0.202,0,0.456
1,2170,21810.916,level1,0,1024,640,5.676,1,5.726,5.726,6.000,0,0.202,5.491,0.096,0.712,1.604,0.014,1,1,1136,3889,12,177144,1008,363,626,21258,58,0,58,1,16777216,2168,0.189,0,0.419
1,2171,21817.139,level1,0,1024,640,6.127,1,6.069,6.069,5.000,0,0.256,5.637,0.047,0.493,1.044,0.009,1,1,1141,3909,13,177996,1011,364,627,21272,59,0,59,1,16777216,2169,0.192,0,0.267
1,2172,21822.360,level1,0,1024,640,6.163,1,6.191,6.191,6.000,0,0.230,4.691,0.051,0.487,1.006,0.015,1,1,1141,3909,13,177996,1011,364,627,21286,59,0,59,1,16777216,2170,0.190,0,0.235
1,2173,21827.869,level1,0,1024,640,5.108,1,5.207,5.207,6.000,0,0.138,5.097,0.046,0.497,1.094,0.008,1,1,1141,3909,13,177996,1011,364,627,21300,59,0,59,1,16777216,2171,0.204,0,0.221
1,2174,21834.182,level1,0,1024,640,5.727,1,5.619,5.619,6.000,0,0.241,5.679,0.050,0.499,1.025,0.020,1,1,1141,3909,13,177996,1011,364,627,21314,59,0,59,1,16777216,2172,0.190,0,0.329
1,2175,21840.481,level1,0,1024,640,6.846,1,6.276,6.276,6.000,0,0.817,5.128,0.054,0.534,1.095,0.016,1,1,1138,3881,14,177440,1008,362,627,21328,61,0,61,1,16777216,2173,0.205,0,0.293
1,2176,21845.729,level1,0,1024,640,5.579,1,6.261,6.261,6.000,0,0.136,4.810,0.041,0.485,1.027,0.007,1,1,1138,3881,14,177440,1008,362,627,21343,61,0,61,1,16777216,2174,0.199,0,0.255
1,2177,21850.868,level1,0,1024,640,5.261,1,5.215,5.215,5.000,0,0.180,4.678,0.050,0.536,1.092,0.018,1,1,1138,3881,14,177440,1008,362,627,21358,61,0,61,1,16777216,2175,0.173,0,0.223
1,2178,21857.214,level1,0,1024,640,5.229,1,5.184,5.184,6.000,0,0.219,5.763,0.082,0.487,1.049,0.008,1,1,1138,3881,14,177440,1008,362,627,21373,61,0,61,1,16777216,2176,0.201,0,0.267
1,2179,21863.619,level1,0,1024,640,6.231,1,6.316,6.316,5.000,0,0.138,5.958,0.062,0.495,1.023,0.017,1,1,1138,3881,14,177440,1008,362,627,21388,61,0,61,1,16777216,2177,0.201,0,0.237
1,2180,21872.496,level1,0,1024,640,8.750,1,6.515,6.515,7.000,0,0.214,6.023,0.123,0.518,1.128,0.018,1,1,1138,3881,14,177440,1008,362,627,21403,61,0,61,1,16777216,2178,0.199,0,0.347
1,2181,21878.996,level1,0,1024,640,7.362,1,8.916,8.916,9.000,0,0.278,5.215,0.070,0.574,1.242,0.014,1,1,1138,3881,14,177440,1008,362,627,21418,61,0,61,1,16777216,2179,0.248,0,0.384
1,2182,21884.762,level1,0,1024,640,5.794,1,6.382,6.382,7.000,0,0.234,5.202,0.055,0.487,1.407,0.011,1,1,1138,3881,14,177440,1008,362,627,21433,61,0,61,1,16777216,2180,0.204,0,0.268
1,2183,21890.572,level1,0,1024,640,5.592,1,5.672,5.672,6.000,0,0.157,5.416,0.059,0.572,1.310,0.013,1,1,1138,3881,14,177440,1008,362,627,21448,61,0,61,1,16777216,2181,0.194,0,0.175
1,2184,21896.083,level1,0,1024,640,5.800,1,5.819,5.819,5.000,0,0.138,5.101,0.083,0.601,1.278,0.015,1,1,1138,3881,14,177440,1008,362,627,21463,61,0,61,1,16777216,2182,0.201,0,0.183
1,2185,21904.631,level1,0,1024,640,7.929,1,5.618,5.618,6.000,0,0.182,5.733,0.071,0.512,1.248,0.010,1,1,1138,3881,14,177440,1008,362,627,21478,61,0,61,1,16777216,2183,0.210,0,0.289
1,2186,21911.464,level1,0,1024,640,6.936,1,8.512,8.512,8.000,0,0.139,5.603,0.097,0.491,1.343,0.011,1,1,1138,3881,14,177440,1008,362,627,21493,61,0,61,1,16777216,2184,0.200,0,0.253
1,2187,21917.651,level1,0,1024,640,6.748,1,6.888,6.888,7.000,0,0.245,4.911,0.227,0.488,1.032,0.009,1,1,1138,3881,14,177440,1008,362,627,21508,61,0,61,1,16777216,2185,0.204,0,0.306
1,2188,21923.667,level1,0,1024,640,6.029,1,6.129,6.129,6.000,0,0.158,5.076,0.051,0.495,1.030,0.009,1,1,1138,3881,14,177440,1008,362,627,21523,61,0,61,1,16777216,2186,0.201,0,0.251
1,2189,21929.723,level1,0,1024,640,5.569,1,5.964,5.964,6.000,0,0.238,5.565,0.049,0.512,1.406,0.011,1,1,1138,3881,14,177440,1008,362,627,21538,61,0,61,1,16777216,2187,0.194,0,0.199
1,2190,21935.497,level1,0,1024,640,6.117,1,6.078,6.078,6.000,0,0.272,5.196,0.049,0.489,1.230,0.008,1,1,1138,3881,13,177388,1008,363,626,21552,61,0,61,1,16777216,2188,0.192,0,0.221
1,2191,21940.559,level1,0,1024,640,5.598,1,5.743,5.743,6.000,0,0.132,4.691,0.044,0.490,0.998,0.008,1,1,1138,3881,13,177388,1008,363,626,21566,61,0,61,1,16777216,2189,0.190,0,0.191
1,2192,21945.557,level1,0,1024,640,5.096,1,5.061,5.061,5.000,0,0.166,4.592,0.045,0.504,1.004,0.008,1,1,1138,3881,13,177388,1008,363,626,21580,61,0,61,1,16777216,2190,0.199,0,0.189
1,2193,21951.359,level1,0,1024,640,4.969,1,5.004,5.004,5.000,0,0.132,5.415,0.055,0.508,1.395,0.009,1,1,1138,3881,13,177388,1008,363,626,21594,61,0,61,1,16777216,2191,0.208,0,0.196
1,2194,21956.316,level1,0,1024,640,5.820,1,5.794,5.794,6.000,0,0.157,4.569,0.038,0.484,0.979,0.007,1,1,1138,3881,13,177388,1008,363,626,21608,61,0,61,1,16777216,2192,0.193,0,0.187
1,2195,21962.836,level1,0,1024,640,5.575,1,5.180,5.180,5.000,0,0.550,5.456,0.096,0.498,1.218,0.015,1,1,1138,3881,13,177388,1008,363,626,21622,61,0,61,1,16777216,2193,0.211,0,0.405
1,2196,21968.517,level1,0,1024,640,6.192,1,6.523,6.523,6.000,0,0.216,4.911,0.129,0.498,1.152,0.021,1,1,1138,3881,13,177388,1008,363,626,21636,61,0,61,1,16777216,2194,0.193,0,0.413
1,2197,21974.113,level1,0,1024,640,5.681,1,5.652,5.652,6.000,0,0.248,4.913,0.043,0.487,1.035,0.007,1,1,1138,3881,13,177388,1008,363,626,21650,61,0,61,1,16777216,2195,0.200,0,0.381
1,2198,21979.758,level1,0,1024,640,5.428,1,5.468,5.468,6.000,0,0.207,5.128,0.046,0.543,1.299,0.010,1,1,1138,3881,13,177388,1008,363,626,21664,61,0,61,1,16777216,2196,0.188,0,0.257
1,2199,21985.430,level1,0,1024,640,5.663,1,5.710,5.710,5.000,0,0.162,5.140,0.042,0.595,1.285,0.008,1,1,1138,3881,13,177388,1008,363,626,21678,61,0,61,1,16777216,2197,0.779,0,0.317
1,2200,21991.046,level1,0,1024,640,5.632,1,5.607,5.607,6.000,0,0.183,5.119,0.047,0.493,1.051,0.009,1,1,1138,3881,13,177388,1008,363,626,21692,61,0,61,1,16777216,2198,0.201,0,0.258
1,2201,21996.725,level1,0,1024,640,5.612,1,5.667,5.667,5.000,0,0.132,5.184,0.049,0.506,1.018,0.010,1,1,1138,3881,13,177388,1008,363,626,21706,61,0,61,1,16777216,2199,0.206,0,0.307
1,2202,22002.972,level1,0,1024,640,5.743,1,5.668,5.668,6.000,0,0.205,5.691,0.046,0.505,1.033,0.009,1,1,1129,3863,13,176092,1008,363,626,21720,61,0,61,1,16777216,2200,0.203,0,0.296
1,2203,22008.926,level1,0,1024,640,6.175,1,6.188,6.188,7.000,0,0.188,5.456,0.060,0.505,1.017,0.008,1,1,1129,3863,13,176092,1008,363,626,21734,61,0,61,1,16777216,2201,0.210,0,0.238
1,2204,22014.274,level1,0,1024,640,6.241,1,6.247,6.247,5.000,0,0.187,4.573,0.049,0.505,1.015,0.009,1,1,1129,3863,13,176092,1008,363,626,21748,61,0,61,1,16777216,2202,0.250,0,0.528
1,2205,22019.816,level1,0,1024,640,5.005,1,4.980,4.980,5.000,0,0.214,5.111,0.047,0.527,1.045,0.009,1,1,1129,3863,13,176092,1008,363,626,21762,61,0,61,1,16777216,2203,0.214,0,0.164
1,2206,22025.148,level1,0,1024,640,5.682,1,5.643,5.643,6.000,0,0.252,4.767,0.042,0.493,1.006,0.007,1,1,1129,3863,13,176092,1008,363,626,21776,61,0,61,1,16777216,2204,0.190,0,0.264
1,2207,22031.307,level1,0,1024,640,5.303,1,5.317,5.317,5.000,0,0.240,5.587,0.076,0.527,1.104,0.009,1,1,1129,3863,13,176092,1008,363,626,21790,61,0,61,1,16777216,2205,0.203,0,0.249
1,2208,22036.780,level1,0,1024,640,6.032,1,6.144,6.144,6.000,0,0.128,5.063,0.043,0.499,0.998,0.008,1,1,1129,3863,13,176092,1008,363,626,21804,61,0,61,1,16777216,2206,0.198,0,0.234
1,2209,22042.373,level1,0,1024,640,5.574,1,5.489,5.489,6.000,0,0.213,5.076,0.048,0.719,1.367,0.009,1,1,1129,3863,13,176092,1008,363,626,21818,61,0,61,1,16777216,2207,0.202,0,0.249
1,2210,22047.814,level1,0,1024,640,5.633,1,5.620,5.620,6.000,0,0.219,4.853,0.080,0.497,1.112,0.008,1,1,1129,3863,13,176092,1008,363,626,21832,61,0,61,1,16777216,2208,0.197,0,0.275
1,2211,22053.933,level1,0,1024,640,5.410,1,5.400,5.400,6.000,0,0.235,5.562,0.080,0.510,1.218,0.014,1,1,1129,3863,13,176092,1008,363,626,21846,61,0,61,1,16777216,2209,0.199,0,0.236
1,2212,22059.582,level1,0,1024,640,6.031,1,6.119,6.119,6.000,0,0.147,5.135,0.126,0.561,1.211,0.030,1,1,1129,3863,13,176092,1008,363,626,21860,61,0,61,1,16777216,2210,0.197,0,0.235
1,2213,22064.994,level1,0,1024,640,6.075,1,6.035,6.035,5.000,0,0.186,4.557,0.040,0.501,1.064,0.008,1,1,1129,3863,13,176092,1008,363,626,21874,61,0,61,1,16777216,2211,0.202,0,0.621
1,2214,22070.560,level1,0,1024,640,5.075,1,5.020,5.020,5.000,0,0.239,5.041,0.048,0.536,1.115,0.008,1,1,1129,3863,13,176092,1008,363,626,21888,61,0,61,1,16777216,2212,0.188,0,0.231
1,2215,22076.421,level1,0,1024,640,5.574,1,5.652,5.652,6.000,0,0.162,5.318,0.058,0.504,1.158,0.011,1,1,1129,3863,13,176092,1008,363,626,21902,61,0,61,1,16777216,2213,0.193,0,0.315
1,2216,22082.177,level1,0,1024,640,5.877,1,5.813,5.813,6.000,0,0.224,5.206,0.050,0.498,1.063,0.008,1,1,1129,3863,13,176092,1008,363,626,21916,61,0,61,1,16777216,2214,0.204,0,0.268
1,2217,22087.480,level1,0,1024,640,5.724,1,5.742,5.742,6.000,0,0.204,4.794,0.040,0.498,1.024,0.007,1,1,1129,3863,13,176092,1008,363,626,21930,61,0,61,1,16777216,2215,0.211,0,0.255
1,2218,22093.612,level1,0,1024,640,5.226,1,5.232,5.232,5.000,0,0.203,5.688,0.052,0.503,1.014,0.010,1,1,1129,3863,13,176092,1008,363,626,21944,61,0,61,1,16777216,2216,0.201,0,0.183
1,2219,22099.274,level1,0,1024,640,6.273,1,6.213,6.213,5.000,0,0.262,5.085,0.044,0.510,1.120,0.008,1,1,1129,3863,13,176092,1008,363,626,21958,61,0,61,1,16777216,2217,0.205,0,0.264
1,2220,22104.489,level1,0,1024,640,5.561,1,5.587,5.587,7.000,0,0.236,4.741,0.043,0.499,1.005,0.008,1,1,1129,3863,13,176092,1008,363,626,21972,61,0,61,1,16777216,2218,0.201,0,0.190
1,2221,22111.116,level1,0,1024,640,5.734,1,5.685,5.685,5.000,0,0.284,5.602,0.074,0.523,1.072,0.013,1,1,1129,3863,13,176092,1008,363,626,21986,61,0,61,1,16777216,2219,0.201,0,0.649
1,2222,22116.222,level1,0,1024,640,6.041,1,6.177,6.177,6.000,0,0.149,4.672,0.070,0.496,1.027,0.008,1,1,1129,3863,13,176092,1008,363,626,22000,61,0,61,1,16777216,2220,0.202,0,0.209
1,2223,22122.046,level1,0,1024,640,5.072,1,5.087,5.087,5.000,0,0.136,5.439,0.055,0.508,1.110,0.009,1,1,1129,3863,13,176092,1008,363,626,22014,61,0,61,1,16777216,2221,0.206,0,0.191
1,2224,22127.016,level1,0,1024,640,5.851,1,5.855,5.855,6.000,0,0.127,4.573,0.040,0.522,1.022,0.008,1,1,1129,3863,13,176092,1008,363,626,22028,61,0,61,1,16777216,2222,0.194,0,0.221
1,2225,22132.568,level1,0,1024,640,5.185,1,5.180,5.180,5.000,0,0.134,4.929,0.049,0.513,1.291,0.010,1,1,1129,3863,13,176092,1008,363,626,22042,61,0,61,1,16777216,2223,0.209,0,0.431
1,2226,22137.939,level1,0,1024,640,5.315,1,5.322,5.322,6.000,0,0.128,4.959,0.075,0.495,1.247,0.020,1,1,1129,3863,13,176092,1008,363,626,22056,61,0,61,1,16777216,2224,0.205,0,0.202
1,2227,22143.216,level1,0,1024,640,5.479,1,5.411,5.411,5.000,0,0.197,4.790,0.043,0.495,1.044,0.007,1,1,1129,3863,13,176092,1008,363,626,22070,61,0,61,1,16777216,2225,0.207,0,0.242
1,2228,22148.365,level1,0,1024,640,5.291,1,5.218,5.218,6.000,0,0.266,4.647,0.045,0.511,1.031,0.007,1,1,1129,3863,13,176092,1008,363,626,22084,61,0,61,1,16777216,2226,0.190,0,0.182
1,2229,22154.329,level1,0,1024,640,5.435,1,5.447,5.447,5.000,0,0.255,5.173,0.048,0.513,1.028,0.008,1,1,1129,3863,13,176092,1008,363,626,22098,61,0,61,1,16777216,2227,0.193,0,0.479
1,2230,22159.680,level1,0,1024,640,5.529,1,5.652,5.652,6.000,0,0.133,4.989,0.051,0.684,1.266,0.008,1,1,1129,3863,13,176092,1008,363,626,22112,61,0,61,1,16777216,2228,0.231,0,0.169
1,2231,22164.929,level1,0,1024,640,5.377,1,5.381,5.381,6.000,0,0.129,4.871,0.044,0.502,1.128,0.007,1,1,1131,3867,13,176380,1008,361,628,22126,61,0,61,1,16777216,2229,0.232,0,0.199
1,2232,22171.460,level1,0,1024,640,5.307,1,5.223,5.223,4.000,0,0.213,6.074,0.065,0.514,1.063,0.012,1,1,1131,3867,13,176380,1008,361,628,22140,61,0,61,1,16777216,2230,0.199,0,0.173
1,2233,22176.828,level1,0,1024,640,6.583,1,6.581,6.581,7.000,0,0.214,4.881,0.044,0.508,1.031,0.008,1,1,1131,3867,13,176380,1008,361,628,22154,61,0,61,1,16777216,2231,0.204,0,0.222
1,2234,22182.134,level1,0,1024,640,5.234,1,5.326,5.326,5.000,0,0.125,4.865,0.129,0.528,1.043,0.008,1,1,1131,3867,13,176380,1008,361,628,22168,61,0,61,1,16777216,2232,0.199,0,0.181
1,2235,22187.164,level1,0,1024,640,5.434,1,5.397,5.397,6.000,0,0.160,4.546,0.045,0.536,1.067,0.009,1,1,1131,3867,13,176380,1008,361,628,22182,61,0,61,1,16777216,2233,0.208,0,0.272
1,2236,22192.143,level1,0,1024,640,4.914,1,4.948,4.948,4.000,0,0.124,4.612,0.044,0.496,1.013,0.008,1,1,1131,3867,13,176380,1008,361,628,22196,61,0,61,1,16777216,2234,0.202,0,0.190
1,2237,22198.466,level1,0,1024,640,5.316,1,5.196,5.196,6.000,0,0.244,5.212,0.450,0.536,1.322,0.013,1,1,1131,3867,13,176380,1008,361,628,22210,61,0,61,1,16777216,2235,0.213,0,0.404
1,2238,22205.229,level1,0,1024,640,6.579,1,6.551,6.551,7.000,0,0.275,5.643,0.204,0.513,1.177,0.036,1,1,1131,3867,13,176380,1008,361,628,22224,61,0,61,1,16777216,2236,0.192,0,0.630
1,2239,22211.115,level1,0,1024,640,6.272,1,6.397,6.397,6.000,0,0.140,5.341,0.120,0.575,1.290,0.024,1,1,1131,3867,13,176380,1008,361,628,22238,61,0,61,1,16777216,2237,0.199,0,0.269
1,2240,22216.612,level1,0,1024,640,6.030,1,6.009,6.009,6.000,0,0.163,4.855,0.073,0.486,1.049,0.011,1,1,1109,3823,13,173212,1008,383,606,22252,61,0,61,1,16777216,2238,0.201,0,0.391
1,2241,22222.837,level1,0,1024,640,5.583,1,5.444,5.444,5.000,0,0.309,5.471,0.099,0.482,1.145,0.017,1,1,1109,3823,13,173212,1008,383,606,22266,61,0,61,1,16777216,2239,0.205,0,0.334
1,2242,22230.048,level1,0,1024,640,6.924,1,6.614,6.614,7.000,0,0.618,5.679,0.178,0.487,1.855,0.050,1,1,1106,3799,13,172636,1008,384,605,22280,61,0,61,1,16777216,2240,0.197,0,0.727
1,2243,22235.805,level1,0,1024,640,6.307,1,6.758,6.758,6.000,0,0.167,5.247,0.061,0.484,1.459,0.011,1,1,1106,3799,13,172636,1008,384,605,22294,61,0,61,1,16777216,2241,0.210,0,0.274
1,2244,22241.146,level1,0,1024,640,5.668,1,5.705,5.705,7.000,0,0.132,4.876,0.103,0.505,1.063,0.011,1,1,1106,3799,13,172636,1008,384,605,22308,61,0,61,1,16777216,2242,0.207,0,0.223
1,2245,22246.503,level1,0,1024,640,5.606,1,5.503,5.503,5.000,0,0.227,4.659,0.073,0.473,0.980,0.009,1,1,1106,3799,13,172636,1008,384,605,22322,61,0,61,1,16777216,2243,0.207,0,0.383
1,2246,22253.911,level1,0,1024,640,5.185,1,5.216,5.216,5.000,0,0.205,6.815,0.137,0.680,1.594,0.037,1,1,1106,3799,13,172636,1008,384,605,22336,61,0,61,1,16777216,2244,0.203,0,0.242
1,2247,22259.283,level1,0,1024,640,7.419,1,7.432,7.432,7.000,0,0.191,4.835,0.072,0.527,1.140,0.011,1,1,1106,3799,13,172636,1008,384,605,22350,61,0,61,1,16777216,2245,0.209,0,0.266
1,2248,22265.421,level1,0,1024,640,5.693,1,5.614,5.614,7.000,0,0.268,5.261,0.091,0.695,1.654,0.012,1,1,1103,3775,13,172060,1008,385,604,22364,61,0,61,1,16777216,2246,0.198,0,0.507
1,2249,22271.239,level1,0,1024,640,5.915,1,5.934,5.934,5.000,0,0.246,5.144,0.112,0.478,1.259,0.010,1,1,1103,3775,13,172060,1008,385,604,22378,61,0,61,1,16777216,2247,0.203,0,0.302
1,2250,22276.450,level1,0,1024,640,5.806,1,5.829,5.829,6.000,0,0.229,4.614,0.047,0.572,1.157,0.008,1,1,1103,3775,13,172060,1008,385,604,22392,61,0,61,1,16777216,2248,0.191,0,0.312
1,2251,22281.351,level1,0,1024,640,5.091,1,5.148,5.148,5.000,0,0.170,4.430,0.041,0.473,1.013,0.007,1,1,1103,3775,13,172060,1008,385,604,22406,61,0,61,1,16777216,2249,0.199,0,0.253
1,2252,22286.978,level1,0,1024,640,4.772,1,4.824,4.824,5.000,0,0.121,5.279,0.046,0.479,0.964,0.007,1,1,1103,3775,11,171956,1008,387,602,22418,61,0,61,1,16777216,2250,0.206,0,0.177
1,2253,22292.211,level1,0,1024,640,5.689,1,5.618,5.618,5.000,0,0.190,4.823,0.047,0.524,1.017,0.010,1,1,1103,3775,11,171956,1008,387,602,22430,61,0,61,1,16777216,2251,0.189,0,0.168
1,2254,22297.176,level1,0,1024,640,5.268,1,5.254,5.254,6.000,0,0.204,4.511,0.056,0.473,0.965,0.007,1,1,1103,3775,11,171956,1008,387,602,22442,61,0,61,1,16777216,2252,0.196,0,0.188
1,2255,22302.060,level1,0,1024,640,4.901,1,4.968,4.968,5.000,0,0.139,4.491,0.059,0.473,1.130,0.015,1,1,1103,3775,11,171956,1008,387,602,22454,61,0,61,1,16777216,2253,0.197,0,0.192
1,2256,22307.607,level1,0,1024,640,5.177,1,5.124,5.124,5.000,0,0.191,4.391,0.527,0.475,1.017,0.010,1,1,1103,3775,11,171956,1008,387,602,22466,61,0,61,1,16777216,2254,0.201,0,0.431
1,2257,22313.319,level1,0,1024,640,5.826,1,5.741,5.741,6.000,0,0.274,4.757,0.049,0.478,0.974,0.009,1,1,1103,3775,11,171956,1008,387,602,22478,61,0,61,1,16777216,2255,0.209,0,0.620
1,2258,22320.862,level1,0,1024,640,7.352,1,5.344,5.344,5.000,0,0.175,4.900,0.097,0.494,1.303,0.009,1,1,1103,3775,11,171956,1008,387,602,22490,61,0,61,1,16777216,2256,0.200,0,0.258
1,2259,22326.318,level1,0,1024,640,5.596,1,7.470,7.470,7.000,0,0.129,4.795,0.063,0.489,1.188,0.033,1,1,1103,3775,11,171956,1008,387,602,22502,61,0,61,1,16777216,2257,0.687,0,0.186
1,2260,22332.283,level1,0,1024,640,5.209,1,5.479,5.479,6.000,0,0.138,5.490,0.122,0.492,1.323,0.037,1,1,1103,3775,11,171956,1008,387,602,22514,61,0,61,1,16777216,2258,0.199,0,0.208
1,2261,22340.879,level1,0,1024,640,8.200,1,5.978,5.978,6.000,0,0.136,5.947,0.062,0.501,1.050,0.010,1,1,1103,3775,11,171956,1008,387,602,22526,61,0,61,1,16777216,2259,0.206,0,0.222
1,2262,22346.673,level1,0,1024,640,6.858,1,8.590,8.590,8.000,0,0.169,4.899,0.046,0.484,1.057,0.008,1,1,1103,3775,11,171956,1008,387,602,22538,61,0,61,1,16777216,2260,0.191,0,0.216
1,2263,22352.483,level1,0,1024,640,5.441,1,5.870,5.870,6.000,0,0.199,5.263,0.050,0.490,1.011,0.008,1,1,1103,3775,11,171956,1008,387,602,22550,61,0,61,1,16777216,2261,0.202,0,0.292
1,2264,22358.451,level1,0,1024,640,5.783,1,5.782,5.782,6.000,0,0.199,5.429,0.071,0.499,1.058,0.008,1,1,1103,3775,11,171956,1008,387,602,22562,61,0,61,1,16777216,2262,0.198,0,0.264
1,2265,22363.838,level1,0,1024,640,5.954,1,5.945,5.945,6.000,0,0.206,4.883,0.049,0.625,1.251,0.010,1,1,1103,3775,11,171956,1008,387,602,22574,61,0,61,1,16777216,2263,0.201,0,0.240
1,2266,22370.710,level1,0,1024,640,6.975,1,5.392,5.392,5.000,0,0.198,4.727,0.101,0.577,1.195,0.009,1,1,1103,3775,11,171956,1008,387,602,22586,61,0,61,1,16777216,2264,0.194,0,0.246
1,2267,22377.400,level1,0,1024,640,5.400,1,6.884,6.884,7.000,0,0.169,6.067,0.052,0.572,1.223,0.008,1,1,1104,3777,11,172100,1008,387,602,22598,62,0,62,1,16777216,2265,0.199,0,0.258
1,2268,22383.155,level1,0,1024,640,6.540,1,6.631,6.631,7.000,0,0.215,5.288,0.047,0.487,1.086,0.008,1,1,1104,3777,11,172100,1008,387,602,22610,62,0,62,1,16777216,2266,0.207,0,0.199
1,2269,22388.811,level1,0,1024,640,5.809,1,5.816,5.816,6.000,0,0.209,5.116,0.065,0.479,1.068,0.008,1,1,1109,3792,11,172860,1008,386,603,22622,62,0,62,1,16777216,2267,0.263,0,0.260
1,2270,22394.809,level1,0,1024,640,5.686,1,5.693,5.693,6.000,0,0.202,5.444,0.049,0.498,0.994,0.008,1,1,1109,3792,11,172860,1008,386,603,22634,62,0,62,1,16777216,2268,0.250,0,0.295
1,2271,22400.766,level1,0,1024,640,5.982,1,5.967,5.967,5.000,0,0.218,5.401,0.067,0.477,1.109,0.011,1,1,1109,3792,11,172860,1008,386,603,22646,62,0,62,1,16777216,2269,0.257,0,0.261
1,2272,22406.315,level1,0,1024,640,5.971,1,5.962,5.962,6.000,0,0.227,4.979,0.068,0.572,1.298,0.008,1,1,1109,3792,11,172860,1008,386,603,22658,62,0,62,1,16777216,2270,0.247,0,0.266
1,2273,22411.936,level1,0,1024,640,5.500,1,5.521,5.521,6.000,0,0.207,5.118,0.050,0.557,1.182,0.009,1,1,1109,3792,11,172860,1008,386,603,22670,62,0,62,1,16777216,2271,0.259,0,0.242
1,2274,22417.462,level1,0,1024,640,5.667,1,5.648,5.648,5.000,0,0.225,4.951,0.075,0.575,1.417,0.014,1,1,1109,3792,11,172860,1008,386,603,22682,62,0,62,1,16777216,2272,0.252,0,0.268
1,2275,22422.960,level1,0,1024,640,5.576,1,5.601,5.601,7.000,0,0.201,4.890,0.058,0.475,1.113,0.010,1,1,1109,3792,11,172860,1008,386,603,22694,62,0,62,1,16777216,2273,0.254,0,0.314
1,2276,22428.312,level1,0,1024,640,5.464,1,5.423,5.423,4.000,0,0.235,4.795,0.041,0.504,1.084,0.008,1,1,1109,3792,11,172860,1008,386,603,22706,62,0,62,1,16777216,2274,0.255,0,0.267
1,2277,22434.256,level1,0,1024,640,5.358,1,5.349,5.349,6.000,0,0.249,5.359,0.063,0.563,1.197,0.011,1,1,1109,3792,11,172860,1008,386,603,22718,62,0,62,1,16777216,2275,0.242,0,0.266
1,2278,22439.357,level1,0,1024,640,5.886,1,5.965,5.965,6.000,0,0.171,4.594,0.043,0.483,0.994,0.008,1,1,1118,3810,12,174208,1008,387,602,22732,62,0,62,1,16777216,2276,0.240,0,0.286
1,2279,22444.492,level1,0,1024,640,5.099,1,5.132,5.132,5.000,0,0.135,4.629,0.043,0.488,0.994,0.007,1,1,1118,3810,12,174208,1008,387,602,22745,62,0,62,1,16777216,2277,0.257,0,0.318
1,2280,22449.662,level1,0,1024,640,5.071,1,5.020,5.020,5.000,0,0.190,4.709,0.060,0.485,1.025,0.011,1,1,1118,3810,12,174208,1008,387,602,22758,62,0,62,1,16777216,2278,0.301,0,0.204
1,2281,22454.746,level1,0,1024,640,5.137,1,5.193,5.193,5.000,0,0.134,4.663,0.051,0.481,1.062,0.008,1,1,1118,3810,12,174208,1008,387,602,22771,62,0,62,1,16777216,2279,0.254,0,0.225
1,2282,22459.799,level1,0,1024,640,5.033,1,5.048,5.048,5.000,0,0.121,4.695,0.043,0.689,1.345,0.009,1,1,1118,3810,12,174208,1008,387,602,22784,62,0,62,1,16777216,2280,0.252,0,0.190
1,2283,22465.037,level1,0,1024,640,5.095,1,5.082,5.082,6.000,0,0.133,4.804,0.077,0.538,1.049,0.007,1,1,1118,3810,12,174208,1008,387,602,22797,62,0,62,1,16777216,2281,0.258,0,0.218
1,2284,22470.038,level1,0,1024,640,5.235,1,5.238,5.238,5.000,0,0.129,4.605,0.043,0.507,1.018,0.008,1,1,1119,3812,12,174352,1008,386,603,22810,62,0,62,1,16777216,2282,0.250,0,0.217
1,2285,22475.130,level1,0,1024,640,5.078,1,5.065,5.065,4.000,0,0.142,4.622,0.040,0.497,1.033,0.007,1,1,1119,3812,12,174352,1008,386,603,22823,62,0,62,1,16777216,2283,0.253,0,0.281
1,2286,22480.313,level1,0,1024,640,5.066,1,5.026,5.026,6.000,0,0.180,4.731,0.048,0.486,1.017,0.007,1,1,1119,3812,12,174352,1008,386,603,22836,62,0,62,1,16777216,2284,0.253,0,0.217
1,2287,22485.466,level1,0,1024,640,5.161,1,5.192,5.192,5.000,0,0.146,4.700,0.072,0.485,1.064,0.007,1,1,1119,3812,12,174352,1008,386,603,22849,62,0,62,1,16777216,2285,0.253,0,0.225
1,2288,22490.717,level1,0,1024,640,5.168,1,5.183,5.183,5.000,0,0.136,4.801,0.053,0.526,1.133,0.009,1,1,1119,3812,12,174352,1008,386,603,22862,62,0,62,1,16777216,2286,0.250,0,0.255
1,2289,22498.158,level1,0,1024,640,6.978,1,5.218,5.218,6.000,0,0.157,5.261,0.057,0.596,1.149,0.009,1,1,1119,3812,12,174352,1008,386,603,22875,62,0,62,1,16777216,2287,0.254,0,0.221
1,2290,22503.710,level1,0,1024,640,6.120,1,7.517,7.517,7.000,0,0.225,4.692,0.058,0.490,0.982,0.009,1,1,1119,3812,12,174352,1008,386,603,22888,62,0,62,1,16777216,2288,0.253,0,0.297
1,2291,22508.712,level1,0,1024,640,5.076,1,5.447,5.447,5.000,0,0.128,4.625,0.050,0.486,1.214,0.008,1,1,1119,3812,12,174352,1008,386,603,22901,62,0,62,1,16777216,2289,0.254,0,0.194
1,2292,22514.028,level1,0,1024,640,5.112,1,5.051,5.051,5.000,0,0.189,4.798,0.081,0.486,1.024,0.013,1,1,1119,3812,12,174352,1008,386,603,22914,62,0,62,1,16777216,2290,0.251,0,0.242
1,2293,22519.844,level1,0,1024,640,5.446,1,5.383,5.383,6.000,0,0.251,5.199,0.050,0.516,1.011,0.008,1,1,1119,3812,12,174352,1008,386,603,22927,62,0,62,1,16777216,2291,0.258,0,0.301
1,2294,22525.003,level1,0,1024,640,5.656,1,5.767,5.767,5.000,0,0.142,4.710,0.042,0.483,1.163,0.010,1,1,1119,3812,12,174352,1008,386,603,22940,62,0,62,1,16777216,2292,0.240,0,0.260
1,2295,22530.383,level1,0,1024,640,5.177,1,5.116,5.116,5.000,0,0.203,4.891,0.063,0.492,1.001,0.009,1,1,1119,3812,12,174352,1008,386,603,22953,62,0,62,1,16777216,2293,0.244,0,0.217
1,2296,22535.438,level1,0,1024,640,5.483,1,5.532,5.532,6.000,0,0.154,4.482,0.044,0.490,0.995,0.008,1,1,1119,3812,12,174352,1008,386,603,22966,62,0,62,1,16777216,2294,0.247,0,0.366
1,2297,22541.486,level1,0,1024,640,4.834,1,4.847,4.847,4.000,0,0.142,5.655,0.085,0.502,1.018,0.008,1,1,1119,3812,12,174352,1008,386,603,22979,62,0,62,1,16777216,2295,0.320,0,0.162
1,2298,22546.457,level1,0,1024,640,6.098,1,6.099,6.099,7.000,0,0.139,4.566,0.047,0.488,1.005,0.007,1,1,1114,3797,12,173592,1008,387,602,22992,62,0,62,1,16777216,2296,0.241,0,0.212
1,2299,22552.055,level1,0,1024,640,5.068,1,4.974,4.974,5.000,0,0.233,5.092,0.050,0.490,1.007,0.009,1,1,1114,3797,12,173592,1008,387,602,23005,62,0,62,1,16777216,2297,0.253,0,0.215
1,2300,22557.705,level1,0,1024,640,5.519,1,5.620,5.620,5.000,0,0.133,5.197,0.077,0.806,1.316,0.008,1,1,1114,3797,12,173592,1008,387,602,23018,62,0,62,1,16777216,2298,0.243,0,0.238
1,2301,22563.279,level1,0,1024,640,5.730,1,5.666,5.666,6.000,0,0.196,5.071,0.048,0.781,1.307,0.008,1,1,1109,3782,12,172832,1008,388,601,23031,62,0,62,1,16777216,2299,0.248,0,0.253
1,2302,22569.076,level1,0,1024,640,5.679,1,5.719,5.719,6.000,0,0.155,5.192,0.045,0.494,1.491,0.010,1,1,1109,3782,12,172832,1008,388,601,23044,62,0,62,1,16777216,2300,0.252,0,0.399
1,2303,22574.784,level1,0,1024,640,5.767,1,5.738,5.738,6.000,0,0.183,5.120,0.058,0.485,1.477,0.009,1,1,1109,3782,12,172832,1008,388,601,23057,62,0,62,1,16777216,2301,0.254,0,0.337
1,2304,22579.683,level1,0,1024,640,5.511,1,5.548,5.548,5.000,0,0.146,4.527,0.039,0.519,1.096,0.008,1,1,1109,3782,12,172832,1008,388,601,23070,62,0,62,1,16777216,2302,0.252,0,0.180
1,2305,22584.625,level1,0,1024,640,4.949,1,4.968,4.968,5.000,0,0.127,4.513,0.044,0.494,1.011,0.007,1,1,1109,3782,12,172832,1008,388,601,23083,62,0,62,1,16777216,2303,0.257,0,0.249
1,2306,22590.630,level1,0,1024,640,5.026,1,4.894,4.894,5.000,0,0.260,5.462,0.076,0.492,1.122,0.011,1,1,1109,3782,12,172832,1008,388,601,23096,62,0,62,1,16777216,2304,0.247,0,0.202
1,2307,22596.523,level1,0,1024,640,5.977,1,6.103,6.103,6.000,0,0.133,5.408,0.047,0.500,1.009,0.009,1,1,1109,3782,12,172832,1008,388,601,23109,62,0,62,1,16777216,2305,0.259,0,0.298
1,2308,22602.014,level1,0,1024,640,5.850,1,5.788,5.788,6.000,0,0.195,5.048,0.048,0.489,0.992,0.008,1,1,1109,3782,12,172832,1008,388,601,23122,62,0,62,1,16777216,2306,0.250,0,0.194
1,2309,22607.461,level1,0,1024,640,5.507,1,5.495,5.495,5.000,0,0.208,4.991,0.045,0.493,0.983,0.007,1,1,1109,3782,12,172832,1008,388,601,23135,62,0,62,1,16777216,2307,0.250,0,0.197
1,2310,22613.105,level1,0,1024,640,5.535,1,5.433,5.433,5.000,0,0.291,5.094,0.051,0.491,1.044,0.008,1,1,1109,3782,12,172832,1008,388,601,23148,62,0,62,1,16777216,2308,0.247,0,0.182
1,2311,22618.193,level1,0,1024,640,5.506,1,5.678,5.678,7.000,0,0.139,4.686,0.040,0.495,1.006,0.007,1,1,1109,3782,12,172832,1008,388,601,23161,62,0,62,1,16777216,2309,0.255,0,0.217
1,2312,22623.971,level1,0,1024,640,6.010,1,5.995,5.995,6.000,0,0.155,4.449,0.045,0.518,1.038,0.008,1,1,1100,3764,12,171536,1008,388,601,23174,62,0,62,1,16777216,2310,0.246,0,1.123
1,2313,22629.446,level1,0,1024,640,4.806,1,4.832,4.832,4.000,0,0.129,5.073,0.090,0.681,1.629,0.036,1,1,1112,3788,12,173264,1008,376,613,23187,62,0,62,1,16777216,2311,0.249,0,0.178
1,2314,22637.297,level1,0,1024,640,5.683,1,5.612,5.612,6.000,0,0.199,7.231,0.100,0.806,1.700,0.016,1,1,1112,3788,12,173264,1008,376,613,23200,62,0,62,1,16777216,2312,0.244,0,0.314
1,2315,22643.991,level1,0,1024,640,8.018,1,7.973,7.973,8.000,0,0.243,5.926,0.082,0.881,1.455,0.012,1,1,1112,3788,12,173264,1008,376,613,23213,62,0,62,1,16777216,2313,0.256,0,0.434
1,2316,22650.024,level1,0,1024,640,6.362,1,6.464,6.464,7.000,0,0.139,5.610,0.068,0.580,1.320,0.011,1,1,1117,3803,12,174024,1008,375,614,23226,62,0,62,1,16777216,2314,0.241,0,0.207
1,2317,22655.681,level1,0,1024,640,6.262,1,6.252,6.252,6.000,0,0.149,5.022,0.052,0.488,1.137,0.009,1,1,1117,3803,12,174024,1008,375,614,23239,62,0,62,1,16777216,2315,0.264,0,0.425
1,2318,22660.760,level1,0,1024,640,5.436,1,5.456,5.456,6.000,0,0.127,4.673,0.043,0.498,1.089,0.009,1,1,1095,3759,12,170856,1008,397,592,23252,62,0,62,1,16777216,2316,0.267,0,0.226
1,2319,22665.899,level1,0,1024,640,5.076,1,5.079,5.079,4.000,0,0.129,4.714,0.066,0.482,1.309,0.010,1,1,1095,3759,12,170856,1008,397,592,23265,62,0,62,1,16777216,2317,0.258,0,0.225
1,2320,22670.904,level1,0,1024,640,5.160,1,5.124,5.124,5.000,0,0.159,4.580,0.044,0.506,1.134,0.008,1,1,1100,3774,12,171616,1008,396,593,23278,62,0,62,1,16777216,2318,0.251,0,0.209
1,2321,22676.822,level1,0,1024,640,5.447,1,5.197,5.197,5.000,0,0.414,5.050,0.046,0.486,1.003,0.008,1,1,1099,3772,12,171472,1008,396,593,23291,62,0,62,1,16777216,2319,0.236,0,0.393
1,2322,22682.538,level1,0,1024,640,5.489,1,5.698,5.698,6.000,0,0.207,5.266,0.056,0.483,1.249,0.011,1,1,1099,3772,12,171472,1008,396,593,23304,62,0,62,1,16777216,2320,0.218,0,0.181
1,2323,22687.980,level1,0,1024,640,5.781,1,5.814,5.814,6.000,0,0.173,4.940,0.043,0.482,1.111,0.008,1,1,1099,3772,12,171472,1008,396,593,23317,62,0,62,1,16777216,2321,0.211,0,0.278
1,2324,22693.493,level1,0,1024,640,5.320,1,5.342,5.342,5.000,0,0.154,5.129,0.046,0.500,1.153,0.008,1,1,1099,3772,12,171472,1008,396,593,23330,62,0,62,1,16777216,2322,0.205,0,0.179
1,2325,22699.319,level1,0,1024,640,5.687,1,5.645,5.645,6.000,0,0.194,5.237,0.079,0.490,1.211,0.011,1,1,1099,3772,12,171472,1008,396,593,23343,62,0,62,1,16777216,2323,0.209,0,0.306
1,2326,22705.220,level1,0,1024,640,5.866,1,5.844,5.844,6.000,0,0.215,5.302,0.049,0.593,1.428,0.009,1,1,1094,3757,12,170712,1008,397,592,23356,62,0,62,1,16777216,2324,0.197,0,0.327
1,2327,22712.613,level1,0,1024,640,7.635,1,5.819,5.819,5.000,0,0.220,5.042,0.067,0.482,1.007,0.010,1,1,1094,3757,12,170712,1008,397,592,23369,62,0,62,1,16777216,2325,0.202,0,0.247
1,2328,22719.149,level1,0,1024,640,6.215,1,7.487,7.487,8.000,0,0.132,5.377,0.054,0.535,1.197,0.011,1,1,1092,3753,12,170424,1008,399,590,23382,62,0,62,1,16777216,2326,0.201,0,0.341
1,2329,22724.944,level1,0,1024,640,5.886,1,6.424,6.424,6.000,0,0.220,5.296,0.043,0.481,1.277,0.008,1,1,1092,3753,12,170424,1008,399,590,23395,62,0,62,1,16777216,2327,0.203,0,0.229
1,2330,22730.871,level1,0,1024,640,5.699,1,5.781,5.781,6.000,0,0.140,5.514,0.053,0.475,1.348,0.009,1,1,1092,3753,12,170424,1008,399,590,23408,62,0,62,1,16777216,2328,0.188,0,0.215
1,2331,22736.548,level1,0,1024,640,6.003,1,6.008,6.008,6.000,0,0.134,5.196,0.044,0.473,1.054,0.008,1,1,1092,3753,12,170424,1008,399,590,23421,62,0,62,1,16777216,2329,0.203,0,0.295
1,2332,22741.988,level1,0,1024,640,5.761,1,5.676,5.676,6.000,0,0.219,4.875,0.045,0.467,0.964,0.008,1,1,1087,3738,12,169664,1008,400,589,23434,62,0,62,1,16777216,2330,0.194,0,0.296
1,2333,22747.560,level1,0,1024,640,5.364,1,5.317,5.317,6.000,0,0.265,5.038,0.090,0.499,1.006,0.018,1,1,1087,3738,12,169664,1008,400,589,23447,62,0,62,1,16777216,2331,0.201,0,0.173
1,2334,22754.276,level1,0,1024,640,7.073,1,5.594,5.594,6.000,0,0.126,4.718,0.054,0.477,0.981,0.009,1,1,1087,3738,12,169664,1008,400,589,23460,62,0,62,1,16777216,2332,0.199,0,0.194
1,2335,22759.994,level1,0,1024,640,5.780,1,6.733,6.733,6.000,0,0.130,4.645,0.064,0.507,1.171,0.010,1,1,1087,3738,12,169664,1008,400,589,23473,62,0,62,1,16777216,2333,0.201,0,0.212
1,2336,22766.299,level1,0,1024,640,5.122,1,5.764,5.764,6.000,0,0.149,5.838,0.055,0.473,1.188,0.008,1,1,1087,3738,12,169664,1008,400,589,23486,62,0,62,1,16777216,2334,0.237,0,0.258
1,2337,22772.449,level1,0,1024,640,6.319,1,6.303,6.303,6.000,0,0.164,5.674,0.049,0.468,0.977,0.009,1,1,1087,3738,12,169664,1008,400,589,23499,62,0,62,1,16777216,2335,0.202,0,0.255
1,2338,22778.274,level1,0,1024,640,6.125,1,6.108,6.108,6.000,0,0.183,5.376,0.046,0.502,0.988,0.008,1,1,1108,3780,12,172688,1008,379,610,23512,62,0,62,1,16777216,2336,0.198,0,0.214
1,2339,22784.150,level1,0,1024,640,5.865,1,5.891,5.891,6.000,0,0.154,5.386,0.048,0.480,0.996,0.008,1,1,1108,3780,12,172688,1008,379,610,23525,62,0,62,1,16777216,2337,0.206,0,0.280
1,2340,22789.534,level1,0,1024,640,5.904,1,5.840,5.840,6.000,0,0.210,4.866,0.048,0.512,1.012,0.009,1,1,1108,3780,12,172688,1008,379,610,23538,62,0,62,1,16777216,2338,0.185,0,0.244
1,2341,22795.260,level1,0,1024,640,5.345,1,5.356,5.356,5.000,0,0.206,5.225,0.069,0.558,1.117,0.009,1,1,1108,3780,12,172688,1008,379,610,23551,62,0,62,1,16777216,2339,0.196,0,0.216
1,2342,22800.766,level1,0,1024,640,5.763,1,5.765,5.765,6.000,0,0.206,4.993,0.045,0.477,1.079,0.009,1,1,1108,3780,12,172688,1008,379,610,23564,62,0,62,1,16777216,2340,0.196,0,0.255
1,2343,22806.057,level1,0,1024,640,5.499,1,5.504,5.504,6.000,0,0.202,4.787,0.043,0.590,1.135,0.008,1,1,1108,3780,12,172688,1008,379,610,23577,62,0,62,1,16777216,2341,0.198,0,0.253
1,2344,22811.613,level1,0,1024,640,5.288,1,5.287,5.287,5.000,0,0.203,5.046,0.051,0.503,1.194,0.011,1,1,1108,3780,12,172688,1008,379,610,23590,62,0,62,1,16777216,2342,0.192,0,0.250
1,2345,22816.838,level1,0,1024,640,5.583,1,5.577,5.577,5.000,0,0.208,4.676,0.064,0.475,1.047,0.012,1,1,1108,3780,12,172688,1008,379,610,23603,62,0,62,1,16777216,2343,0.207,0,0.270
1,2346,22822.583,level1,0,1024,640,5.175,1,5.182,5.182,5.000,0,0.202,5.236,0.073,0.478,1.208,0.018,1,1,1108,3780,12,172688,1008,379,610,23616,62,0,62,1,16777216,2344,0.196,0,0.227
1,2347,22829.482,level1,0,1024,640,6.038,1,5.970,5.970,7.000,0,0.270,6.072,0.098,0.558,1.287,0.016,1,1,1107,3778,12,172544,1008,379,610,23629,62,0,62,1,16777216,2345,0.208,0,0.443
1,2348,22835.065,level1,0,1024,640,6.884,1,6.938,6.938,6.000,0,0.215,4.822,0.048,0.482,1.002,0.008,1,1,1107,3778,12,172544,1008,379,610,23642,62,0,62,1,16777216,2346,0.190,0,0.490
1,2349,22840.307,level1,0,1024,640,5.287,1,5.285,5.285,5.000,0,0.217,4.776,0.049,0.486,1.066,0.008,1,1,1107,3778,12,172544,1008,379,610,23655,62,0,62,1,16777216,2347,0.152,0,0.192
1,2350,22845.285,level1,0,1024,640,5.199,1,5.269,5.269,6.000,0,0.149,4.564,0.039,0.473,0.970,0.008,1,1,1107,3778,12,172544,1008,379,610,23668,62,0,62,1,16777216,2348,0.147,0,0.220
1,2351,22850.394,level1,0,1024,640,4.917,1,4.916,4.916,5.000,0,0.151,4.752,0.043,0.488,1.000,0.008,1,1,1107,3778,12,172544,1008,379,610,23681,62,0,62,1,16777216,2349,0.145,0,0.159
1,2352,22855.674,level1,0,1024,640,5.201,1,5.179,5.179,5.000,0,0.170,4.830,0.044,0.653,1.211,0.007,1,1,1107,3778,12,172544,1008,379,610,23694,62,0,62,1,16777216,2350,0.205,0,0.227
1,2353,22860.923,level1,0,1024,640,5.248,1,5.230,5.230,5.000,0,0.190,4.831,0.043,0.486,0.986,0.007,1,1,1107,3778,12,172544,1008,379,610,23707,62,0,62,1,16777216,2351,0.149,0,0.180
1,2354,22865.755,level1,0,1024,640,5.229,1,5.294,5.294,5.000,0,0.122,4.437,0.041,0.474,0.995,0.008,1,1,1107,3778,12,172544,1008,379,610,23720,62,0,62,1,16777216,2352,0.147,0,0.225
1,2355,22871.443,level1,0,1024,640,4.837,1,4.840,4.840,5.000,0,0.123,5.173,0.153,0.493,1.162,0.040,1,1,1106,3776,12,172400,1008,380,609,23733,62,0,62,1,16777216,2353,0.149,0,0.232
1,2356,22876.912,level1,0,1024,640,5.945,1,5.843,5.843,6.000,0,0.223,4.808,0.045,0.477,0.996,0.008,1,1,1106,3776,12,172400,1008,380,609,23746,62,0,62,1,16777216,2354,0.135,0,0.386
1,2357,22882.683,level1,0,1024,640,5.283,1,5.285,5.285,5.000,0,0.221,5.292,0.048,0.515,1.048,0.008,1,1,1106,3776,12,172400,1008,380,609,23759,62,0,62,1,16777216,2355,0.154,0,0.202
1,2358,22888.281,level1,0,1024,640,5.824,1,5.839,5.839,6.000,0,0.206,5.068,0.047,0.476,1.022,0.008,1,1,1106,3776,12,172400,1008,380,609,23772,62,0,62,1,16777216,2356,0.135,0,0.271
1,2359,22894.220,level1,0,1024,640,5.932,1,5.725,5.725,6.000,0,0.405,5.074,0.047,0.475,1.027,0.008,1,1,1106,3776,12,172400,1008,380,609,23785,62,0,62,1,16777216,2357,0.147,0,0.395
1,2360,22899.498,level1,0,1024,640,5.523,1,5.725,5.725,5.000,0,0.211,4.830,0.047,0.529,1.049,0.008,1,1,1106,3776,12,172400,1008,380,609,23798,62,0,62,1,16777216,2358,0.153,0,0.185
1,2361,22905.295,level1,0,1024,640,5.326,1,5.308,5.308,6.000,0,0.228,5.298,0.049,0.477,1.146,0.007,1,1,1106,3776,12,172400,1008,380,609,23811,62,0,62,1,16777216,2359,0.155,0,0.214
1,2362,22910.726,level1,0,1024,640,5.722,1,5.829,5.829,6.000,0,0.123,5.002,0.054,0.479,1.074,0.009,1,1,1106,3776,12,172400,1008,380,609,23824,62,0,62,1,16777216,2360,0.134,0,0.247
1,2363,22916.429,level1,0,1024,640,5.474,1,5.394,5.394,5.000,0,0.201,5.215,0.070,0.606,1.264,0.008,1,1,1106,3776,11,172348,1008,381,608,23836,62,0,62,1,16777216,2361,0.154,0,0.210
1,2364,22921.766,level1,0,1024,640,5.607,1,5.681,5.681,6.000,0,0.130,4.972,0.043,0.484,0.987,0.008,1,1,1106,3776,11,172348,1008,381,608,23848,62,0,62,1,16777216,2362,0.146,0,0.187
1,2365,22926.997,level1,0,1024,640,5.453,1,5.379,5.379,5.000,0,0.202,4.751,0.042,0.612,1.207,0.008,1,1,1106,3776,11,172348,1008,381,608,23860,62,0,62,1,16777216,2363,0.153,0,0.229
1,2366,22932.982,level1,0,1024,640,5.239,1,5.241,5.241,5.000,0,0.200,5.445,0.093,0.889,1.447,0.011,1,1,1106,3776,11,172348,1008,381,608,23872,62,0,62,1,16777216,2364,0.145,0,0.239
1,2367,22938.292,level1,0,1024,640,5.946,1,6.000,6.000,7.000,0,0.147,4.863,0.039,0.477,1.403,0.008,1,1,1106,3776,10,172296,1008,382,607,23883,62,0,62,1,16777216,2365,0.153,0,0.254
1,2368,22943.520,level1,0,1024,640,5.398,1,5.327,5.327,5.000,0,0.217,4.686,0.045,0.558,1.143,0.007,1,1,1106,3776,10,172296,1008,382,607,23894,62,0,62,1,16777216,2366,0.148,0,0.271
1,2369,22950.918,level1,0,1024,640,5.048,1,5.148,5.148,5.000,0,0.118,7.003,0.079,1.322,2.110,0.016,1,1,1106,3776,10,172296,1008,382,607,23905,62,0,62,1,16777216,2367,0.157,0,0.193
1,2370,22956.559,level1,0,1024,640,7.741,1,7.591,7.591,7.000,0,0.267,4.858,0.123,0.487,1.184,0.014,1,1,1106,3776,10,172296,1008,382,607,23916,62,0,62,1,16777216,2368,0.142,0,0.385
1,2371,22963.474,level1,0,1024,640,5.459,1,5.577,5.577,6.000,0,0.150,5.217,1.213,0.494,1.310,0.023,1,1,1117,3798,10,173880,1008,371,618,23927,62,0,62,1,16777216,2369,0.158,0,0.321
1,2372,22971.186,level1,0,1024,640,8.629,1,6.996,6.996,7.000,0,0.134,5.459,0.062,0.575,1.119,0.012,1,1,1117,3798,10,173880,1008,371,618,23938,62,0,62,1,16777216,2370,0.140,0,0.402
1,2373,22977.141,level1,0,1024,640,6.495,1,7.550,7.550,7.000,0,0.200,4.934,0.046,0.498,1.108,0.008,1,1,1117,3798,10,173880,1008,371,618,23949,62,0,62,1,16777216,2371,0.172,0,0.240
1,2374,22983.480,level1,0,1024,640,5.404,1,5.947,5.947,6.000,0,0.185,5.865,0.051,0.498,1.094,0.008,1,1,1117,3798,10,173880,1008,371,618,23960,62,0,62,1,16777216,2372,0.151,0,0.233
1,2375,22989.214,level1,0,1024,640,6.350,1,6.369,6.369,7.000,0,0.163,5.242,0.057,0.516,1.294,0.011,1,1,1117,3798,10,173880,1008,371,618,23971,62,0,62,1,16777216,2373,0.151,0,0.262
1,2376,22994.991,level1,0,1024,640,5.751,1,5.729,5.729,6.000,0,0.187,5.271,0.052,0.574,1.162,0.008,1,1,1117,3798,10,173880,1008,371,618,23982,62,0,62,1,16777216,2374,0.150,0,0.258
1,2377,23002.384,level1,0,1024,640,7.557,1,5.853,5.853,6.000,0,0.145,5.112,0.050,0.496,1.009,0.008,1,1,1117,3798,10,173880,1008,371,618,23993,62,0,62,1,16777216,2375,0.152,0,0.333
1,2378,23008.151,level1,0,1024,640,6.186,1,7.319,7.319,7.000,0,0.138,4.701,0.042,0.503,0.994,0.007,1,1,1117,3798,10,173880,1008,371,618,24004,62,0,62,1,16777216,2376,0.147,0,0.259
1,2379,23014.562,level1,0,1024,640,5.117,1,5.755,5.755,5.000,0,0.123,5.987,0.050,0.495,0.995,0.008,1,1,1117,3798,10,173880,1008,371,618,24015,62,0,62,1,16777216,2377,0.149,0,0.247
1,2380,23021.136,level1,0,1024,640,6.718,1,6.529,6.529,7.000,0,0.310,5.829,0.064,0.520,1.091,0.008,1,1,1117,3798,10,173880,1008,371,618,24026,62,0,62,1,16777216,2378,0.148,0,0.363
1,2381,23027.736,level1,0,1024,640,6.306,1,6.416,6.416,7.000,0,0.200,6.115,0.072,0.803,1.608,0.014,1,1,1117,3798,10,173880,1008,371,618,24037,62,0,62,1,16777216,2379,0.156,0,0.207
1,2382,23034.064,level1,0,1024,640,6.878,1,6.827,6.827,6.000,0,0.250,5.587,0.050,0.528,1.058,0.008,1,1,1117,3798,10,173880,1008,371,618,24048,62,0,62,1,16777216,2380,0.190,0,0.425
1,2383,23039.643,level1,0,1024,640,6.156,1,6.272,6.272,7.000,0,0.135,5.015,0.045,0.533,1.145,0.008,1,1,1117,3798,10,173880,1008,371,618,24059,62,0,62,1,16777216,2381,0.158,0,0.377
1,2384,23045.887,level1,0,1024,640,5.582,1,5.451,5.451,4.000,0,0.265,5.674,0.048,0.494,1.126,0.008,1,1,1117,3798,10,173880,1008,371,618,24070,62,0,62,1,16777216,2382,0.151,0,0.250
1,2385,23051.547,level1,0,1024,640,6.108,1,6.244,6.244,8.000,0,0.130,5.157,0.117,0.494,1.009,0.007,1,1,1117,3798,10,173880,1008,371,618,24081,62,0,62,1,16777216,2383,0.157,0,0.250
1,2386,23057.159,level1,0,1024,640,5.672,1,5.660,5.660,5.000,0,0.137,5.166,0.047,0.513,1.063,0.008,1,1,1117,3798,10,173880,1008,371,618,24092,62,0,62,1,16777216,2384,0.156,0,0.248
1,2387,23062.583,level1,0,1024,640,5.639,1,5.589,5.589,5.000,0,0.191,4.954,0.044,0.492,1.004,0.007,1,1,1117,3798,10,173880,1008,371,618,24103,62,0,62,1,16777216,2385,0.167,0,0.227
1,2388,23067.716,level1,0,1024,640,5.352,1,5.364,5.364,6.000,0,0.170,4.740,0.041,0.499,1.028,0.007,1,1,1117,3798,10,173880,1008,371,618,24114,62,0,62,1,16777216,2386,0.135,0,0.168
1,2389,23073.296,level1,0,1024,640,5.168,1,5.218,5.218,6.000,0,0.128,5.129,0.063,0.502,1.030,0.008,1,1,1117,3798,10,173880,1008,371,618,24125,62,0,62,1,16777216,2387,0.156,0,0.252
1,2390,23078.758,level1,0,1024,640,5.535,1,5.531,5.531,5.000,0,0.132,5.067,0.052,0.566,1.182,0.011,1,1,1120,3815,10,174400,1075,436,619,24136,62,0,62,1,16777216,2388,0.148,0,0.203
1,2391,23084.215,level1,0,1024,640,5.554,1,5.534,5.534,5.000,0,0.154,4.978,0.045,0.531,1.175,0.007,1,1,1120,3815,10,174400,1075,436,619,24147,62,0,62,1,16777216,2389,0.156,0,0.275
1,2392,23090.349,level1,0,1024,640,5.399,1,5.362,5.362,6.000,0,0.191,5.676,0.082,0.617,1.519,0.011,1,1,1120,3815,10,174400,1075,436,619,24158,62,0,62,1,16777216,2390,0.141,0,0.180
1,2393,23096.913,level1,0,1024,640,6.498,1,6.393,6.393,6.000,0,0.295,5.764,0.060,0.495,1.753,0.009,1,1,1120,3815,10,174400,1075,436,619,24169,62,0,62,1,16777216,2391,0.149,0,0.438
1,2394,23103.058,level1,0,1024,640,6.172,1,6.343,6.343,6.000,0,0.122,5.731,0.064,0.572,1.701,0.010,1,1,1120,3815,10,174400,1075,436,619,24180,62,0,62,1,16777216,2392,0.153,0,0.220
1,2395,23109.019,level1,0,1024,640,6.172,1,6.165,6.165,7.000,0,0.130,5.538,0.048,0.597,1.418,0.009,1,1,1120,3815,10,174400,1075,436,619,24191,62,0,62,1,16777216,2393,0.159,0,0.238
1,2396,23114.785,level1,0,1024,640,6.163,1,6.143,6.143,5.000,0,0.149,5.142,0.046,0.554,1.225,0.008,1,1,1120,3815,10,174400,1075,436,619,24202,62,0,62,1,16777216,2394,0.145,0,0.420
1,2397,23121.703,level1,0,1024,640,5.676,1,5.627,5.627,7.000,0,0.195,6.359,0.070,0.506,1.111,0.009,1,1,1120,3815,10,174400,1075,436,619,24213,62,0,62,1,16777216,2395,0.154,0,0.283
1,2398,23130.174,level1,0,1024,640,9.058,1,6.863,6.863,6.000,0,0.150,5.780,0.063,0.520,1.063,0.010,1,1,1129,3833,11,175748,1075,435,620,24225,63,0,63,1,16777216,2396,0.145,0,0.227
1,2399,23136.488,level1,0,1024,640,7.043,1,8.628,8.628,9.000,0,0.231,5.073,0.042,0.481,0.986,0.008,1,1,1129,3833,11,175748,1075,435,620,24237,63,0,63,1,16777216,2397,0.155,0,0.385
1,2400,23143.034,level1,0,1024,640,5.847,1,6.090,6.090,6.000,0,0.563,5.764,0.050,0.531,1.061,0.007,1,1,1129,3833,11,175748,1075,435,620,24249,63,0,63,1,16777216,2398,0.184,0,0.162
1,2401,23149.030,level1,0,1024,640,6.375,1,6.715,6.715,6.000,0,0.217,5.372,0.062,0.481,1.073,0.012,1,1,1129,3833,11,175748,1075,435,620,24261,63,0,63,1,16777216,2399,0.161,0,0.329
1,2402,23155.164,level1,0,1024,640,6.001,1,6.025,6.025,6.000,0,0.202,5.518,0.049,0.481,1.110,0.009,1,1,1129,3833,11,175748,1075,435,620,24273,63,0,63,1,16777216,2400,0.150,0,0.358
1,2403,23161.781,level1,0,1024,640,6.306,1,6.142,6.142,7.000,0,0.365,5.827,0.051,0.480,0.982,0.008,1,1,1129,3833,11,175748,1075,435,620,24285,63,0,63,1,16777216,2401,0.155,0,0.366
1,2404,23167.827,level1,0,1024,640,6.584,1,6.718,6.718,6.000,0,0.231,5.275,0.062,0.487,1.012,0.009,1,1,1129,3833,11,175748,1075,435,620,24297,63,0,63,1,16777216,2402,0.146,0,0.464
1,2405,23173.747,level1,0,1024,640,5.773,1,5.818,5.818,6.000,0,0.186,5.439,0.049,0.479,1.079,0.008,1,1,1129,3833,11,175748,1075,435,620,24309,63,0,63,1,16777216,2403,0.150,0,0.239
1,2406,23179.577,level1,0,1024,640,6.070,1,6.026,6.026,6.000,0,0.227,5.187,0.060,0.479,1.181,0.010,1,1,1129,3833,11,175748,1075,435,620,24321,63,0,63,1,16777216,2404,0.151,0,0.344
1,2407,23186.434,level1,0,1024,640,5.898,1,5.810,5.810,5.000,0,0.287,6.122,0.082,0.502,1.423,0.018,1,1,1129,3833,11,175748,1075,435,620,24333,63,0,63,1,16777216,2405,0.151,0,0.325
1,2408,23195.007,level1,0,1024,640,9.132,1,6.814,6.814,8.000,0,0.138,5.552,0.093,0.512,1.098,0.009,1,1,1129,3833,11,175748,1075,435,620,24345,63,0,63,1,16777216,2406,0.139,0,0.283
1,2409,23202.145,level1,0,1024,640,6.458,1,8.516,8.516,8.000,0,0.145,6.272,0.054,0.498,1.037,0.010,1,1,1129,3833,11,175748,1075,435,620,24357,63,0,63,1,16777216,2407,0.156,0,0.227
1,2410,23208.981,level1,0,1024,640,6.740,1,7.138,7.138,8.000,0,0.179,6.375,0.047,0.482,1.050,0.010,1,1,1129,3833,11,175748,1075,435,620,24369,63,0,63,1,16777216,2408,0.145,0,0.225
1,2411,23215.393,level1,0,1024,640,7.105,1,7.071,7.071,7.000,0,0.216,5.670,0.059,0.487,1.168,0.010,1,1,1129,3833,11,175748,1075,435,620,24381,63,0,63,1,16777216,2409,0.157,0,0.458
1,2412,23221.390,level1,0,1024,640,6.198,1,6.230,6.230,6.000,0,0.180,5.483,0.045,0.483,1.028,0.009,1,1,1129,3833,11,175748,1075,435,620,24393,63,0,63,1,16777216,2410,0.177,0,0.278
1,2413,23227.231,level1,0,1024,640,5.983,1,6.022,6.022,6.000,0,0.135,5.337,0.049,0.482,1.040,0.007,1,1,1129,3833,11,175748,1075,435,620,24405,63,0,63,1,16777216,2411,0.158,0,0.303
1,2414,23233.836,level1,0,1024,640,5.819,1,5.715,5.715,5.000,0,0.250,6.110,0.063,0.482,1.000,0.011,1,1,1129,3833,11,175748,1075,435,620,24417,63,0,63,1,16777216,2412,0.152,0,0.178
1,2415,23239.582,level1,0,1024,640,6.746,1,6.776,6.776,8.000,0,0.208,5.127,0.046,0.511,1.038,0.008,1,1,1129,3833,11,175748,1075,435,620,24429,63,0,63,1,16777216,2413,0.229,0,0.347
1,2416,23245.787,level1,0,1024,640,5.722,1,5.739,5.739,6.000,0,0.201,5.600,0.056,0.572,1.118,0.009,1,1,1129,3833,11,175748,1075,435,620,24441,63,0,63,1,16777216,2414,0.151,0,0.341
1,2417,23254.504,level1,0,1024,640,8.198,1,6.128,6.128,5.000,0,0.207,5.873,0.300,0.501,1.211,0.011,1,1,1129,3833,11,175748,1075,435,620,24453,63,0,63,1,16777216,2415,0.160,0,0.264
1,2418,23261.855,level1,0,1024,640,7.031,1,8.804,8.804,8.000,0,0.165,6.373,0.120,0.771,1.551,0.016,1,1,1134,3848,11,176508,1075,434,621,24465,63,0,63,1,16777216,2416,0.154,0,0.274
1,2419,23270.999,level1,0,1024,640,8.933,1,7.308,7.308,8.000,0,0.250,6.573,0.129,0.587,1.410,0.018,1,1,1134,3848,11,176508,1075,434,621,24477,63,0,63,1,16777216,2417,0.160,0,0.307
1,2420,23277.864,level1,0,1024,640,7.846,1,9.202,9.202,10.000,0,0.333,5.641,0.082,0.514,1.027,0.009,1,1,1134,3848,11,176508,1075,434,621,24489,63,0,63,1,16777216,2418,0.151,0,0.362
1,2421,23283.943,level1,0,1024,640,6.187,1,6.787,6.787,6.000,0,0.161,5.544,0.071,0.480,1.021,0.009,1,1,1134,3848,11,176508,1075,434,621,24501,63,0,63,1,16777216,2419,0.151,0,0.288
1,2422,23290.359,level1,0,1024,640,6.157,1,6.171,6.171,6.000,0,0.155,5.761,0.112,0.653,1.687,0.030,1,1,1134,3848,11,176508,1075,434,621,24513,63,0,63,1,16777216,2420,0.147,0,0.379
1,2423,23295.798,level1,0,1024,640,6.250,1,6.259,6.259,7.000,0,0.146,4.957,0.107,0.471,0.969,0.019,1,1,1134,3848,11,176508,1075,434,621,24525,63,0,63,1,16777216,2421,0.141,0,0.224
1,2424,23301.288,level1,0,1024,640,5.601,1,5.582,5.582,5.000,0,0.162,4.908,0.045,0.481,0.991,0.008,1,1,1134,3848,11,176508,1075,434,621,24537,63,0,63,1,16777216,2422,0.161,0,0.366
1,2425,23307.030,level1,0,1024,640,5.465,1,5.403,5.403,6.000,0,0.222,5.177,0.053,0.473,0.986,0.008,1,1,1134,3848,11,176508,1075,434,621,24549,63,0,63,1,16777216,2423,0.142,0,0.279
1,2426,23313.828,level1,0,1024,640,5.972,1,5.960,5.960,6.000,0,0.237,6.001,0.056,0.504,1.035,0.008,1,1,1125,3830,11,175212,1075,434,621,24561,63,0,63,1,16777216,2424,0.139,0,0.498
1,2427,23320.388,level1,0,1024,640,6.658,1,6.668,6.668,7.000,0,0.222,5.854,0.104,0.759,1.710,0.013,1,1,1125,3830,11,175212,1075,434,621,24573,63,0,63,1,16777216,2425,0.159,0,0.367
1,2428,23326.917,level1,0,1024,640,6.604,1,6.593,6.593,6.000,0,0.238,5.825,0.058,0.539,1.475,0.014,1,1,1125,3830,11,175212,1075,434,621,24585,63,0,63,1,16777216,2426,0.719,0,0.392
1,2429,23333.220,level1,0,1024,640,6.326,1,6.375,6.375,6.000,0,0.189,5.794,0.067,0.494,1.277,0.012,1,1,1125,3830,11,175212,1075,434,621,24597,63,0,63,1,16777216,2427,0.151,0,0.247
1,2430,23339.590,level1,0,1024,640,6.384,1,6.363,6.363,7.000,0,0.202,5.793,0.055,0.546,1.403,0.011,1,1,1125,3830,11,175212,1075,434,621,24609,63,0,63,1,16777216,2428,0.151,0,0.306
1,2431,23345.240,level1,0,1024,640,6.275,1,6.300,6.300,6.000,0,0.185,5.179,0.043,0.522,1.128,0.008,1,1,1125,3830,11,175212,1075,434,621,24621,63,0,63,1,16777216,2429,0.153,0,0.236
1,2432,23351.712,level1,0,1024,640,5.535,1,5.583,5.583,5.000,0,0.138,6.105,0.053,0.806,1.657,0.011,1,1,1125,3830,11,175212,1075,434,621,24633,63,0,63,1,16777216,2430,0.156,0,0.171
1,2433,23357.243,level1,0,1024,640,6.567,1,6.483,6.483,7.000,0,0.220,5.056,0.067,0.520,1.061,0.008,1,1,1125,3830,11,175212,1075,434,621,24645,63,0,63,1,16777216,2431,0.158,0,0.181
1,2434,23362.702,level1,0,1024,640,5.481,1,5.582,5.582,5.000,0,0.121,5.001,0.099,0.491,1.051,0.016,1,1,1125,3830,11,175212,1075,434,621,24657,63,0,63,1,16777216,2432,0.148,0,0.232
1,2435,23368.331,level1,0,1024,640,5.506,1,5.479,5.479,6.000,0,0.147,5.163,0.061,0.487,1.217,0.011,1,1,1125,3830,11,175212,1075,434,621,24669,63,0,63,1,16777216,2433,0.154,0,0.250
1,2436,23374.678,level1,0,1024,640,5.978,1,5.735,5.735,6.000,0,0.387,5.522,0.071,0.503,1.035,0.015,1,1,1125,3830,11,175212,1075,434,621,24681,63,0,63,1,16777216,2434,0.138,0,0.357
1,2437,23380.914,level1,0,1024,640,6.249,1,6.423,6.423,7.000,0,0.216,5.527,0.053,0.494,1.249,0.030,1,1,1125,3830,11,175212,1075,434,621,24693,63,0,63,1,16777216,2435,0.159,0,0.426
1,2438,23386.890,level1,0,1024,640,6.037,1,6.081,6.081,6.000,0,0.171,5.468,0.051,0.496,1.318,0.013,1,1,1125,3830,11,175212,1075,434,621,24705,63,0,63,1,16777216,2436,0.136,0,0.279
1,2439,23392.802,level1,0,1024,640,5.857,1,5.910,5.910,6.000,0,0.120,5.467,0.105,0.494,1.120,0.018,1,1,1125,3830,11,175212,1075,434,621,24717,63,0,63,1,16777216,2437,0.148,0,0.213
1,2440,23399.185,level1,0,1024,640,6.034,1,6.001,6.001,5.000,0,0.151,5.757,0.165,0.496,1.405,0.023,1,1,1125,3830,11,175212,1075,434,621,24729,63,0,63,1,16777216,2438,0.152,0,0.301
1,2441,23405.382,level1,0,1024,640,6.508,1,6.444,6.444,7.000,0,0.206,5.555,0.057,0.494,1.520,0.007,1,1,1125,3830,11,175212,1075,434,621,24741,63,0,63,1,16777216,2439,0.139,0,0.361
1,2442,23412.012,level1,0,1024,640,5.994,1,6.090,6.090,6.000,0,0.122,6.193,0.054,0.804,1.432,0.008,1,1,1125,3830,11,175212,1075,434,621,24753,63,0,63,1,16777216,2440,0.140,0,0.255
1,2443,23417.919,level1,0,1024,640,6.587,1,6.572,6.572,6.000,0,0.136,5.498,0.070,0.593,1.275,0.010,1,1,1125,3830,11,175212,1075,434,621,24765,63,0,63,1,16777216,2441,0.157,0,0.197
1,2444,23423.765,level1,0,1024,640,5.989,1,6.000,6.000,6.000,0,0.125,5.367,0.058,0.546,1.286,0.009,1,1,1125,3830,11,175212,1075,434,621,24777,63,0,63,1,16777216,2442,0.145,0,0.290
1,2445,23430.128,level1,0,1024,640,5.822,1,5.821,5.821,6.000,0,0.125,5.897,0.069,0.697,1.720,0.013,1,1,1125,3830,11,175212,1075,434,621,24789,63,0,63,1,16777216,2443,0.156,0,0.266
1,2446,23436.149,level1,0,1024,640,6.619,1,6.544,6.544,7.000,0,0.198,5.322,0.046,0.560,1.262,0.008,1,1,1125,3830,11,175212,1075,434,621,24801,63,0,63,1,16777216,2444,0.147,0,0.443
1,2447,23442.057,level1,0,1024,640,5.673,1,5.749,5.749,6.000,0,0.124,5.546,0.058,0.568,1.278,0.010,1,1,1125,3830,11,175212,1075,434,621,24813,63,0,63,1,16777216,2445,0.156,0,0.176
1,2448,23448.315,level1,0,1024,640,6.017,1,6.015,6.015,6.000,0,0.125,5.789,0.056,0.569,1.510,0.009,1,1,1125,3830,11,175212,1075,434,621,24825,63,0,63,1,16777216,2446,0.145,0,0.282
1,2449,23454.622,level1,0,1024,640,6.568,1,6.468,6.468,6.000,0,0.224,5.516,0.069,0.541,1.390,0.010,1,1,1125,3830,11,175212,1075,434,621,24837,63,0,63,1,16777216,2447,0.159,0,0.491
1,2450,23461.055,level1,0,1024,640,5.936,1,6.038,6.038,6.000,0,0.123,6.036,0.046,0.724,1.483,0.008,1,1,1125,3830,11,175212,1075,434,621,24849,63,0,63,1,16777216,2448,0.151,0,0.223
1,2451,23466.786,level1,0,1024,640,6.528,1,6.454,6.454,6.000,0,0.195,5.240,0.046,0.553,1.097,0.008,1,1,1125,3830,11,175212,1075,434,621,24861,63,0,63,1,16777216,2449,0.150,0,0.243
1,2452,23472.790,level1,0,1024,640,5.703,1,5.760,5.760,6.000,0,0.137,5.516,0.071,0.771,1.292,0.009,1,1,1125,3830,10,175160,1075,435,620,24872,63,0,63,1,16777216,2450,0.148,0,0.273
1,2453,23478.706,level1,0,1024,640,5.971,1,5.984,5.984,6.000,0,0.124,5.475,0.056,0.556,1.462,0.010,1,1,1125,3830,10,175160,1075,435,620,24883,63,0,63,1,16777216,2451,0.158,0,0.253
1,2454,23485.104,level1,0,1024,640,6.048,1,5.949,5.949,6.000,0,0.223,5.828,0.054,0.562,1.605,0.010,1,1,1125,3830,10,175160,1075,435,620,24894,63,0,63,1,16777216,2452,0.149,0,0.287
1,2455,23491.889,level1,0,1024,640,6.306,1,6.410,6.410,7.000,0,0.119,6.303,0.058,0.536,1.324,0.011,1,1,1125,3830,10,175160,1075,435,620,24905,63,0,63,1,16777216,2453,0.158,0,0.298
1,2456,23497.892,level1,0,1024,640,6.786,1,6.773,6.773,6.000,0,0.132,5.533,0.045,0.505,1.007,0.007,1,1,1125,3830,10,175160,1075,435,620,24916,63,0,63,1,16777216,2454,0.152,0,0.286
1,2457,23503.816,level1,0,1024,640,6.076,1,6.003,6.003,7.000,0,0.197,5.367,0.059,0.491,1.020,0.007,1,1,1125,3830,10,175160,1075,435,620,24927,63,0,63,1,16777216,2455,0.157,0,0.287
1,2458,23509.802,level1,0,1024,640,5.794,1,5.882,5.882,5.000,0,0.118,5.555,0.063,0.563,1.086,0.008,1,1,1125,3830,10,175160,1075,435,620,24938,63,0,63,1,16777216,2456,0.146,0,0.245
1,2459,23515.430,level1,0,1024,640,5.971,1,5.968,5.968,6.000,0,0.120,5.233,0.043,0.669,1.228,0.007,1,1,1125,3830,10,175160,1075,435,620,24949,63,0,63,1,16777216,2457,0.152,0,0.227
1,2460,23521.341,level1,0,1024,640,5.699,1,5.687,5.687,6.000,0,0.132,5.420,0.067,0.839,1.387,0.007,1,1,1125,3830,10,175160,1075,435,620,24960,63,0,63,1,16777216,2458,0.139,0,0.285
1,2461,23527.527,level1,0,1024,640,5.875,1,5.887,5.887,6.000,0,0.119,5.748,0.051,0.745,1.332,0.009,1,1,1125,3830,10,175160,1075,435,620,24971,63,0,63,1,16777216,2459,0.151,0,0.262
1,2462,23533.591,level1,0,1024,640,6.248,1,6.234,6.234,6.000,0,0.133,5.564,0.052,0.555,1.130,0.011,1,1,1125,3830,10,175160,1075,435,620,24982,63,0,63,1,16777216,2460,0.148,0,0.309
1,2463,23539.356,level1,0,1024,640,6.057,1,5.999,5.999,6.000,0,0.190,5.274,0.049,0.523,1.174,0.009,1,1,1128,3854,9,175684,1075,435,620,24992,63,0,63,1,16777216,2461,0.154,0,0.244
1,2464,23544.989,level1,0,1024,640,5.770,1,5.770,5.770,6.000,0,0.190,5.144,0.042,0.561,1.249,0.007,1,1,1128,3854,9,175684,1075,435,620,25002,63,0,63,1,16777216,2462,0.149,0,0.249
1,2465,23551.800,level1,0,1024,640,5.512,1,5.550,5.550,6.000,0,0.154,6.436,0.049,0.820,1.659,0.009,1,1,1150,3898,9,178852,1075,413,642,25012,63,0,63,1,16777216,2463,0.150,0,0.168
1,2466,23558.139,level1,0,1024,640,6.992,1,6.946,6.946,6.000,0,0.192,5.772,0.060,0.578,1.235,0.012,1,1,1150,3898,9,178852,1075,413,642,25022,63,0,63,1,16777216,2464,0.148,0,0.301
1,2467,23564.257,level1,0,1024,640,6.283,1,6.263,6.263,7.000,0,0.212,5.620,0.047,0.508,1.025,0.007,1,1,1150,3898,9,178852,1075,413,642,25032,63,0,63,1,16777216,2465,0.153,0,0.225
1,2468,23570.577,level1,0,1024,640,6.030,1,6.132,6.132,6.000,0,0.115,5.889,0.067,0.619,1.258,0.008,1,1,1150,3898,9,178852,1075,413,642,25042,63,0,63,1,16777216,2466,0.153,0,0.240
1,2469,23576.286,level1,0,1024,640,6.349,1,6.338,6.338,6.000,0,0.129,5.272,0.044,0.529,1.035,0.007,1,1,1150,3898,9,178852,1075,413,642,25052,63,0,63,1,16777216,2467,0.151,0,0.257
1,2470,23582.287,level1,0,1024,640,5.756,1,5.699,5.699,6.000,0,0.186,5.511,0.052,0.559,1.177,0.010,1,1,1150,3898,9,178852,1075,413,642,25062,63,0,63,1,16777216,2468,0.147,0,0.247
1,2471,23591.160,level1,0,1024,640,8.022,1,6.049,6.049,6.000,0,0.129,6.334,0.079,0.660,1.319,0.011,1,1,1150,3898,9,178852,1075,413,642,25072,63,0,63,1,16777216,2469,0.155,0,0.294
1,2472,23598.077,level1,0,1024,640,7.305,1,8.988,8.988,9.000,0,0.242,5.951,0.073,0.524,1.051,0.013,1,1,1148,3894,9,178564,1075,415,640,25082,63,0,63,1,16777216,2470,0.148,0,0.409
1,2473,23604.951,level1,0,1024,640,6.505,1,6.769,6.769,6.000,0,0.208,6.306,0.086,0.519,1.044,0.009,1,1,1148,3894,9,178564,1075,415,640,25092,63,0,63,1,16777216,2471,0.161,0,0.262
1,2474,23613.908,level1,0,1024,640,9.105,1,7.011,7.011,8.000,0,0.176,6.181,0.064,0.518,1.052,0.009,1,1,1148,3894,9,178564,1075,415,640,25102,63,0,63,1,16777216,2472,0.148,0,0.393
1,2475,23622.065,level1,0,1024,640,7.405,1,8.939,8.939,9.000,0,0.225,6.910,0.087,0.706,1.470,0.012,1,1,1148,3894,9,178564,1075,415,640,25112,63,0,63,1,16777216,2473,0.154,0,0.381
1,2476,23629.083,level1,0,1024,640,8.383,1,8.999,8.999,9.000,0,0.153,5.575,0.058,0.657,1.500,0.012,1,1,1148,3894,9,178564,1075,415,640,25122,63,0,63,1,16777216,2474,0.150,0,1.223
1,2477,23637.920,level1,0,1024,640,6.251,1,6.205,6.205,6.000,0,0.200,8.120,0.097,0.716,1.344,0.013,1,1,1148,3894,9,178564,1075,415,640,25132,63,0,63,1,16777216,2475,0.152,0,0.268
1,2478,23644.388,level1,0,1024,640,8.623,1,8.640,8.640,9.000,0,0.176,6.015,0.049,0.512,1.075,0.008,1,1,1148,3894,9,178564,1075,415,640,25142,63,0,63,1,16777216,2476,0.745,0,0.213
1,2479,23650.759,level1,0,1024,640,6.472,1,6.466,6.466,6.000,0,0.189,5.908,0.054,0.584,1.148,0.009,1,1,1148,3894,9,178564,1075,415,640,25152,63,0,63,1,16777216,2477,0.163,0,0.211
1,2480,23656.621,level1,0,1024,640,6.430,1,6.426,6.426,7.000,0,0.193,5.350,0.045,0.515,1.034,0.007,1,1,1148,3894,9,178564,1075,415,640,25162,63,0,63,1,16777216,2478,0.150,0,0.267
1,2481,23662.531,level1,0,1024,640,5.764,1,5.772,5.772,6.000,0,0.186,5.493,0.048,0.519,1.028,0.007,1,1,1148,3894,9,178564,1075,415,640,25172,63,0,63,1,16777216,2479,0.153,0,0.178
1,2482,23668.675,level1,0,1024,640,5.992,1,5.980,5.980,5.000,0,0.197,5.628,0.064,0.507,1.026,0.010,1,1,1148,3894,9,178564,1075,415,640,25182,63,0,63,1,16777216,2480,0.146,0,0.247
1,2483,23675.079,level1,0,1024,640,6.522,1,6.374,6.374,6.000,0,0.335,5.527,0.048,0.505,1.033,0.007,1,1,1148,3894,9,178564,1075,415,640,25192,63,0,63,1,16777216,2481,0.158,0,0.475
1,2484,23681.250,level1,0,1024,640,6.013,1,6.150,6.150,6.000,0,0.196,5.685,0.048,0.521,1.060,0.007,1,1,1148,3894,9,178564,1075,415,640,25202,63,0,63,1,16777216,2482,0.145,0,0.223
1,2485,23687.270,level1,0,1024,640,6.197,1,6.199,6.199,7.000,0,0.203,5.511,0.045,0.575,1.266,0.008,1,1,1148,3894,9,178564,1075,415,640,25212,63,0,63,1,16777216,2483,0.154,0,0.251
1,2486,23693.308,level1,0,1024,640,5.888,1,5.953,5.953,5.000,0,0.143,5.652,0.054,0.518,1.023,0.007,1,1,1148,3894,9,178564,1075,415,640,25222,63,0,63,1,16777216,2484,0.135,0,0.184
1,2487,23699.838,level1,0,1024,640,6.091,1,6.111,6.111,7.000,0,0.123,6.085,0.060,0.541,1.079,0.010,1,1,1148,3894,9,178564,1075,415,640,25232,63,0,63,1,16777216,2485,0.151,0,0.258
1,2488,23708.273,level1,0,1024,640,8.773,1,6.515,6.515,6.000,0,0.199,5.662,0.144,0.515,1.203,0.022,1,1,1148,3894,9,178564,1075,415,640,25242,63,0,63,1,16777216,2486,0.151,0,0.242
1,2489,23714.782,level1,0,1024,640,6.887,1,8.977,8.977,9.000,0,0.131,5.370,0.059,0.589,1.226,0.010,1,1,1148,3894,9,178564,1075,415,640,25252,63,0,63,1,16777216,2487,0.168,0,0.782
1,2490,23720.905,level1,0,1024,640,5.872,1,5.963,5.963,7.000,0,0.198,5.632,0.048,0.523,1.509,0.009,1,1,1148,3894,9,178564,1075,415,640,25262,63,0,63,1,16777216,2488,0.150,0,0.237
1,2491,23727.179,level1,0,1024,640,6.130,1,6.142,6.142,5.000,0,0.188,5.775,0.048,0.902,1.640,0.009,1,1,1148,3894,9,178564,1075,415,640,25272,63,0,63,1,16777216,2489,0.159,0,0.256
1,2492,23735.296,level1,0,1024,640,6.139,1,6.209,6.209,6.000,0,0.119,7.732,0.068,0.531,1.152,0.009,1,1,1148,3894,9,178564,1075,415,640,25282,63,0,63,1,16777216,2490,0.146,0,0.192
1,2493,23740.674,level1,0,1024,640,8.114,1,8.106,8.106,9.000,0,0.127,4.975,0.090,0.509,1.075,0.025,1,1,1148,3894,9,178564,1075,415,640,25292,63,0,63,1,16777216,2491,0.152,0,0.178
1,2494,23746.852,level1,0,1024,640,5.460,1,5.440,5.440,5.000,0,0.137,5.734,0.049,0.514,1.045,0.007,1,1,1148,3894,9,178564,1075,415,640,25302,63,0,63,1,16777216,2492,0.146,0,0.244
1,2495,23753.399,level1,0,1024,640,6.558,1,6.267,6.267,6.000,0,0.433,5.719,0.054,0.519,1.046,0.008,1,1,1157,3912,10,179912,1075,414,641,25314,63,0,63,1,16777216,2493,0.158,0,0.331
1,2496,23759.498,level1,0,1024,640,6.232,1,6.462,6.462,7.000,0,0.205,5.593,0.049,0.515,1.072,0.010,1,1,1157,3912,10,179912,1075,414,641,25325,63,0,63,1,16777216,2494,0.152,0,0.247
1,2497,23765.520,level1,0,1024,640,6.084,1,6.073,6.073,6.000,0,0.207,5.534,0.045,0.512,1.024,0.007,1,1,1157,3912,10,179912,1075,414,641,25336,63,0,63,1,16777216,2495,0.154,0,0.220
1,2498,23771.464,level1,0,1024,640,5.953,1,5.985,5.985,6.000,0,0.184,5.524,0.047,0.513,1.063,0.008,1,1,1157,3912,10,179912,1075,414,641,25347,63,0,63,1,16777216,2496,0.140,0,0.184
1,2499,23778.193,level1,0,1024,640,6.091,1,6.021,6.021,6.000,0,0.252,6.161,0.047,0.529,1.112,0.008,1,1,1158,3914,11,180108,1075,413,642,25359,64,0,64,1,16777216,2497,0.153,0,0.258
1,2500,23784.218,level1,0,1024,640,6.682,1,6.639,6.639,7.000,0,0.288,5.507,0.044,0.515,1.021,0.007,1,1,1158,3914,11,180108,1075,413,642,25371,64,0,64,1,16777216,2498,0.148,0,0.172
1,2501,23790.640,level1,0,1024,640,6.116,1,6.095,6.095,5.000,0,0.314,5.797,0.060,0.538,1.061,0.009,1,1,1158,3914,11,180108,1075,413,642,25383,64,0,64,1,16777216,2499,0.218,0,0.239
1,2502,23797.077,level1,0,1024,640,6.311,1,6.436,6.436,7.000,0,0.191,5.939,0.045,0.544,1.074,0.008,1,1,1158,3914,11,180108,1075,413,642,25395,64,0,64,1,16777216,2500,0.202,0,0.255
1,2503,23803.248,level1,0,1024,640,6.412,1,6.348,6.348,6.000,0,0.253,5.695,0.048,0.520,1.091,0.008,1,1,1158,3914,11,180108,1075,413,642,25407,64,0,64,1,16777216,2501,0.205,0,0.167
1,2504,23809.238,level1,0,1024,640,6.150,1,6.274,6.274,7.000,0,0.134,5.522,0.061,0.523,1.108,0.026,1,1,1158,3914,11,180108,1075,413,642,25419,64,0,64,1,16777216,2502,0.208,0,0.269
1,2505,23818.140,level1,0,1024,640,8.299,1,6.033,6.033,6.000,0,0.202,6.110,0.075,0.606,1.389,0.015,1,1,1158,3914,11,180108,1075,413,642,25431,64,0,64,1,16777216,2503,0.213,0,0.311
1,2506,23825.053,level1,0,1024,640,7.310,1,8.818,8.818,8.000,0,0.150,5.713,0.073,0.528,1.136,0.013,1,1,1158,3914,11,180108,1075,413,642,25443,64,0,64,1,16777216,2504,0.209,0,0.228
1,2507,23831.855,level1,0,1024,640,6.845,1,6.919,6.919,8.000,0,0.134,5.685,0.059,0.530,1.076,0.010,1,1,1160,3918,11,180396,1075,411,644,25455,64,0,64,1,16777216,2505,0.206,0,0.235
1,2508,23839.074,level1,0,1024,640,6.859,1,6.778,6.778,6.000,0,0.150,6.049,0.056,0.546,1.101,0.009,1,1,1160,3918,11,180396,1075,411,644,25467,64,0,64,1,16777216,2506,0.198,0,0.209
1,2509,23844.675,level1,0,1024,640,6.470,1,7.210,7.210,7.000,0,0.159,5.189,0.046,0.611,1.271,0.008,1,1,1160,3918,11,180396,1075,411,644,25479,64,0,64,1,16777216,2507,0.204,0,0.201
1,2510,23852.263,level1,0,1024,640,7.304,1,5.607,5.607,6.000,0,0.123,5.417,0.101,0.639,1.341,0.010,1,1,1160,3918,11,180396,1075,411,644,25491,64,0,64,1,16777216,2508,0.195,0,0.208
1,2511,23858.649,level1,0,1024,640,6.291,1,7.747,7.747,7.000,0,0.258,5.563,0.052,0.595,1.138,0.010,1,1,1160,3918,11,180396,1075,411,644,25503,64,0,64,1,16777216,2509,0.203,0,0.363
1,2512,23864.670,level1,0,1024,640,6.178,1,6.355,6.355,7.000,0,0.223,5.410,0.048,0.525,1.049,0.008,1,1,1160,3918,11,180396,1075,411,644,25515,64,0,64,1,16777216,2510,0.206,0,0.334
1,2513,23871.257,level1,0,1024,640,5.893,1,5.881,5.881,6.000,0,0.223,6.029,0.120,0.524,1.032,0.013,1,1,1160,3918,11,180396,1075,411,644,25527,64,0,64,1,16777216,2511,0.200,0,0.194
1,2514,23877.133,level1,0,1024,640,6.774,1,6.783,6.783,7.000,0,0.219,5.210,0.043,0.533,1.094,0.008,1,1,1160,3918,11,180396,1075,411,644,25539,64,0,64,1,16777216,2512,0.196,0,0.390
1,2515,23882.723,level1,0,1024,640,5.678,1,5.762,5.762,5.000,0,0.140,5.123,0.042,0.529,1.064,0.007,1,1,1160,3918,11,180396,1075,411,644,25551,64,0,64,1,16777216,2513,0.201,0,0.276
1,2516,23889.104,level1,0,1024,640,5.839,1,5.795,5.795,7.000,0,0.187,5.633,0.073,0.557,1.270,0.016,1,1,1160,3918,11,180396,1075,411,644,25563,64,0,64,1,16777216,2514,0.189,0,0.480
1,2517,23895.997,level1,0,1024,640,6.295,1,6.236,6.236,6.000,0,0.239,6.253,0.051,0.529,1.520,0.009,1,1,1160,3918,11,180396,1075,411,644,25575,64,0,64,1,16777216,2515,0.215,0,0.331
1,2518,23902.645,level1,0,1024,640,6.996,1,7.101,7.101,7.000,0,0.141,5.895,0.061,0.560,1.124,0.011,1,1,1160,3918,11,180396,1075,411,644,25587,64,0,64,1,16777216,2516,0.690,0,0.544
1,2519,23908.396,level1,0,1024,640,6.308,1,6.292,6.292,6.000,0,0.158,5.360,0.041,0.536,1.118,0.012,1,1,1160,3918,11,180396,1075,411,644,25599,64,0,64,1,16777216,2517,0.208,0,0.187
1,2520,23914.632,level1,0,1024,640,5.824,1,5.789,5.789,5.000,0,0.192,5.743,0.069,0.516,1.324,0.012,1,1,1160,3918,11,180396,1075,411,644,25611,64,0,64,1,16777216,2518,0.199,0,0.226
1,2521,23920.449,level1,0,1024,640,6.257,1,6.251,6.251,7.000,0,0.197,5.319,0.054,0.541,1.156,0.009,1,1,1160,3918,11,180396,1075,411,644,25623,64,0,64,1,16777216,2519,0.207,0,0.240
1,2522,23925.873,level1,0,1024,640,5.692,1,5.768,5.768,6.000,0,0.123,5.063,0.041,0.516,1.029,0.007,1,1,1160,3918,11,180396,1075,411,644,25635,64,0,64,1,16777216,2520,0.204,0,0.192
1,2523,23932.181,level1,0,1024,640,5.491,1,5.423,5.423,5.000,0,0.187,5.811,0.106,0.767,1.637,0.016,1,1,1160,3918,11,180396,1075,411,644,25647,64,0,64,1,16777216,2521,0.208,0,0.191
1,2524,23938.773,level1,0,1024,640,6.547,1,6.547,6.547,7.000,0,0.186,5.899,0.067,0.531,1.552,0.012,1,1,1151,3900,11,179100,1075,411,644,25659,64,0,64,1,16777216,2522,0.191,0,0.428
1,2525,23944.315,level1,0,1024,640,6.349,1,6.410,6.410,6.000,0,0.131,5.073,0.085,0.519,1.107,0.019,1,1,1151,3900,11,179100,1075,411,644,25671,64,0,64,1,16777216,2523,0.193,0,0.246
1,2526,23951.044,level1,0,1024,640,5.614,1,5.612,5.612,6.000,0,0.128,6.217,0.057,0.821,1.759,0.012,1,1,1151,3900,11,179100,1075,411,644,25683,64,0,64,1,16777216,2524,0.204,0,0.316
1,2527,23956.658,level1,0,1024,640,6.658,1,6.602,6.602,6.000,0,0.190,5.180,0.050,0.510,1.111,0.009,1,1,1151,3900,11,179100,1075,411,644,25695,64,0,64,1,16777216,2525,0.364,0,0.189
1,2528,23962.587,level1,0,1024,640,5.643,1,5.666,5.666,6.000,0,0.167,5.400,0.116,0.660,1.387,0.012,1,1,1151,3900,11,179100,1075,411,644,25707,64,0,64,1,16777216,2526,0.198,0,0.241
1,2529,23971.904,level1,0,1024,640,6.110,1,6.127,6.127,6.000,0,0.148,8.591,0.130,0.876,1.843,0.021,1,1,1149,3896,11,178812,1075,413,642,25719,64,0,64,1,16777216,2527,0.201,0,0.437
1,2530,23981.167,level1,0,1024,640,9.281,1,9.197,9.197,9.000,0,0.230,8.574,0.128,0.769,1.730,0.020,1,1,1149,3896,11,178812,1075,413,642,25731,64,0,64,1,16777216,2528,0.197,0,0.317
1,2531,23990.535,level1,0,1024,640,9.238,1,9.253,9.253,10.000,0,0.216,8.699,0.133,0.761,1.718,0.018,1,1,1149,3896,11,178812,1075,413,642,25743,64,0,64,1,16777216,2529,0.209,0,0.309
1,2532,23997.466,level1,0,1024,640,9.427,1,9.364,9.364,10.000,0,0.261,6.261,0.078,0.574,1.149,0.013,1,1,1149,3896,11,178812,1075,413,642,25755,64,0,64,1,16777216,2530,0.212,0,0.303
1,2533,24003.590,level1,0,1024,640,6.720,1,6.831,6.831,5.000,0,0.169,5.682,0.061,0.558,1.143,0.020,1,1,1149,3896,11,178812,1075,413,642,25767,64,0,64,1,16777216,2531,0.225,0,0.206
1,2534,24010.190,level1,0,1024,640,6.160,1,6.118,6.118,7.000,0,0.212,6.096,0.085,0.690,1.615,0.013,1,1,1149,3896,11,178812,1075,413,642,25779,64,0,64,1,16777216,2532,0.206,0,0.199
1,2535,24016.039,level1,0,1024,640,6.554,1,6.628,6.628,7.000,0,0.138,5.426,0.052,0.549,1.088,0.013,1,1,1149,3896,11,178812,1075,413,642,25791,64,0,64,1,16777216,2533,0.217,0,0.227
1,2536,24021.974,level1,0,1024,640,5.861,1,5.794,5.794,6.000,0,0.204,5.500,0.052,0.564,1.109,0.009,1,1,1149,3896,11,178812,1075,413,642,25803,64,0,64,1,16777216,2534,0.209,0,0.173
1,2537,24028.018,level1,0,1024,640,5.969,1,5.958,5.958,6.000,0,0.208,5.581,0.046,0.559,1.185,0.008,1,1,1149,3896,11,178812,1075,413,642,25815,64,0,64,1,16777216,2535,0.201,0,0.196
1,2538,24033.810,level1,0,1024,640,6.062,1,6.064,6.064,6.000,0,0.210,5.313,0.045,0.557,1.114,0.009,1,1,1149,3896,11,178812,1075,413,642,25827,64,0,64,1,16777216,2536,0.206,0,0.217
1,2539,24039.367,level1,0,1024,640,5.684,1,5.754,5.754,6.000,0,0.144,5.190,0.041,0.556,1.109,0.008,1,1,1149,3896,11,178812,1075,413,642,25839,64,0,64,1,16777216,2537,0.212,0,0.178
1,2540,24045.293,level1,0,1024,640,5.811,1,5.782,5.782,5.000,0,0.170,5.300,0.046,0.551,1.107,0.008,1,1,1149,3896,11,178812,1075,413,642,25851,64,0,64,1,16777216,2538,0.201,0,0.403
1,2541,24050.915,level1,0,1024,640,5.650,1,5.704,5.704,6.000,0,0.118,5.270,0.048,0.559,1.097,0.008,1,1,1149,3896,11,178812,1075,413,642,25863,64,0,64,1,16777216,2539,0.208,0,0.182
1,2542,24056.501,level1,0,1024,640,5.623,1,5.614,5.614,6.000,0,0.127,5.236,0.046,0.554,1.093,0.008,1,1,1149,3896,11,178812,1075,413,642,25875,64,0,64,1,16777216,2540,0.252,0,0.174
1,2543,24062.221,level1,0,1024,640,5.587,1,5.580,5.580,5.000,0,0.134,5.371,0.044,0.552,1.103,0.008,1,1,1149,3896,11,178812,1075,413,642,25887,64,0,64,1,16777216,2541,0.203,0,0.168
1,2544,24067.740,level1,0,1024,640,5.725,1,5.736,5.736,6.000,0,0.123,5.171,0.038,0.547,1.099,0.007,1,1,1149,3896,11,178812,1075,413,642,25899,64,0,64,1,16777216,2542,0.199,0,0.183
1,2545,24073.968,level1,0,1024,640,5.493,1,5.497,5.497,6.000,0,0.120,5.859,0.083,0.569,1.196,0.012,1,1,1149,3896,11,178812,1075,413,642,25911,64,0,64,1,16777216,2543,0.206,0,0.162
1,2546,24079.773,level1,0,1024,640,6.314,1,6.286,6.286,5.000,0,0.138,5.388,0.046,0.580,1.132,0.009,1,1,1149,3896,11,178812,1075,413,642,25923,64,0,64,1,16777216,2544,0.200,0,0.219
1,2547,24085.470,level1,0,1024,640,5.753,1,5.779,5.779,6.000,0,0.121,5.337,0.040,0.550,1.204,0.008,1,1,1149,3896,11,178812,1075,413,642,25935,64,0,64,1,16777216,2545,0.209,0,0.194
1,2548,24091.230,level1,0,1024,640,5.670,1,5.668,5.668,6.000,0,0.123,5.418,0.050,0.581,1.175,0.010,1,1,1149,3896,11,178812,1075,413,642,25947,64,0,64,1,16777216,2546,0.192,0,0.166
1,2549,24096.763,level1,0,1024,640,5.814,1,5.784,5.784,6.000,0,0.153,5.148,0.039,0.561,1.197,0.007,1,1,1149,3896,11,178812,1075,413,642,25959,64,0,64,1,16777216,2547,0.209,0,0.188
1,2550,24102.582,level1,0,1024,640,5.494,1,5.507,5.507,5.000,0,0.141,5.451,0.061,0.559,1.325,0.009,1,1,1149,3896,11,178812,1075,413,642,25971,64,0,64,1,16777216,2548,0.197,0,0.162
1,2551,24108.276,level1,0,1024,640,5.834,1,5.849,5.849,6.000,0,0.125,5.330,0.041,0.540,1.293,0.008,1,1,1149,3896,11,178812,1075,413,642,25983,64,0,64,1,16777216,2549,0.207,0,0.192
1,2552,24114.171,level1,0,1024,640,5.722,1,5.725,5.725,6.000,0,0.122,5.422,0.120,0.551,1.109,0.008,1,1,1149,3896,11,178812,1075,413,642,25995,64,0,64,1,16777216,2550,0.200,0,0.224
1,2553,24120.036,level1,0,1024,640,6.099,1,6.093,6.093,6.000,0,0.129,5.216,0.093,0.525,1.081,0.016,1,1,1149,3896,11,178812,1075,413,642,26007,64,0,64,1,16777216,2551,0.199,0,0.422
1,2554,24125.619,level1,0,1024,640,5.835,1,5.820,5.820,6.000,0,0.144,5.017,0.040,0.520,1.049,0.007,1,1,1149,3896,11,178812,1075,413,642,26019,64,0,64,1,16777216,2552,0.190,0,0.376
1,2555,24131.094,level1,0,1024,640,5.362,1,5.388,5.388,5.000,0,0.119,5.128,0.041,0.526,1.066,0.008,1,1,1149,3896,11,178812,1075,413,642,26031,64,0,64,1,16777216,2553,0.211,0,0.183
1,2556,24137.333,level1,0,1024,640,5.500,1,5.456,5.456,6.000,0,0.157,5.864,0.044,0.509,1.020,0.007,1,1,1149,3896,11,178812,1075,413,642,26043,64,0,64,1,16777216,2554,0.198,0,0.163
1,2557,24142.759,level1,0,1024,640,6.205,1,6.240,6.240,6.000,0,0.128,5.089,0.041,0.511,1.026,0.007,1,1,1149,3896,11,178812,1075,413,642,26055,64,0,64,1,16777216,2555,0.210,0,0.165
1,2558,24148.461,level1,0,1024,640,5.436,1,5.433,5.433,6.000,0,0.131,5.339,0.057,0.629,1.188,0.007,1,1,1149,3896,11,178812,1075,413,642,26067,64,0,64,1,16777216,2556,0.192,0,0.171
1,2559,24153.983,level1,0,1024,640,5.696,1,5.700,5.700,5.000,0,0.126,5.173,0.047,0.515,1.087,0.007,1,1,1149,3896,11,178812,1075,413,642,26079,64,0,64,1,16777216,2557,0.211,0,0.169
1,2560,24159.454,level1,0,1024,640,5.532,1,5.532,5.532,6.000,0,0.127,5.122,0.039,0.533,1.081,0.007,1,1,1149,3896,11,178812,1075,413,642,26091,64,0,64,1,16777216,2558,0.209,0,0.180
1,2561,24165.283,level1,0,1024,640,5.489,1,5.477,5.477,5.000,0,0.136,5.447,0.054,0.528,1.091,0.010,1,1,1149,3896,11,178812,1075,413,642,26103,64,0,64,1,16777216,2559,0.198,0,0.185
1,2562,24173.199,level1,0,1024,640,8.079,1,5.833,5.833,5.000,0,0.143,5.271,0.066,0.519,1.048,0.011,1,1,1149,3896,11,178812,1075,413,642,26115,64,0,64,1,16777216,2560,0.199,0,0.190
1,2563,24179.797,level1,0,1024,640,6.365,1,8.015,8.015,8.000,0,0.160,5.513,0.058,0.644,1.230,0.009,1,1,1149,3896,11,178812,1075,413,642,26127,64,0,64,1,16777216,2561,0.207,0,0.289
1,2564,24185.634,level1,0,1024,640,6.222,1,6.762,6.762,6.000,0,0.194,5.137,0.048,0.513,1.016,0.008,1,1,1149,3896,11,178812,1075,413,642,26139,64,0,64,1,16777216,2562,0.203,0,0.451
1,2565,24191.957,level1,0,1024,640,5.483,1,5.557,5.557,7.000,0,0.122,5.089,0.934,0.512,1.051,0.007,1,1,1149,3896,11,178812,1075,413,642,26151,64,0,64,1,16777216,2563,0.210,0,0.174
1,2566,24200.592,level1,0,1024,640,8.659,1,6.455,6.455,7.000,0,0.300,5.928,0.073,0.519,1.578,0.013,1,1,1149,3896,11,178812,1075,413,642,26163,64,0,64,1,16777216,2564,0.202,0,0.305
1,2567,24207.786,level1,0,1024,640,6.959,1,8.532,8.532,8.000,0,0.127,6.147,0.088,0.516,1.185,0.012,1,1,1149,3896,11,178812,1075,413,642,26175,64,0,64,1,16777216,2565,0.215,0,0.201
1,2568,24214.062,level1,0,1024,640,6.547,1,7.173,7.173,7.000,0,0.126,5.889,0.075,0.529,1.059,0.011,1,1,1149,3896,11,178812,1075,413,642,26187,64,0,64,1,16777216,2566,0.205,0,0.180
1,2569,24219.692,level1,0,1024,640,6.314,1,6.301,6.301,6.000,0,0.138,5.239,0.042,0.523,1.056,0.008,1,1,1149,3896,11,178812,1075,413,642,26199,64,0,64,1,16777216,2567,0.207,0,0.206
1,2570,24225.224,level1,0,1024,640,5.611,1,5.625,5.625,6.000,0,0.125,5.161,0.041,0.626,1.159,0.007,1,1,1149,3896,11,178812,1075,413,642,26211,64,0,64,1,16777216,2568,0.205,0,0.201
1,2571,24231.101,level1,0,1024,640,5.500,1,5.498,5.498,6.000,0,0.126,5.533,0.046,0.512,1.054,0.008,1,1,1148,3894,10,178616,1075,414,641,26222,64,0,64,1,16777216,2569,0.207,0,0.167
1,2572,24236.675,level1,0,1024,640,5.911,1,5.918,5.918,5.000,0,0.120,5.202,0.040,0.515,1.060,0.007,1,1,1169,3936,10,181640,1075,393,662,26233,64,0,64,1,16777216,2570,0.177,0,0.208
1,2573,24242.243,level1,0,1024,640,5.569,1,5.565,5.565,6.000,0,0.120,5.189,0.052,0.542,1.150,0.009,1,1,1169,3936,10,181640,1075,393,662,26244,64,0,64,1,16777216,2571,0.157,0,0.199
1,2574,24247.658,level1,0,1024,640,5.536,1,5.541,5.541,6.000,0,0.118,5.074,0.045,0.506,1.106,0.008,1,1,1169,3936,10,181640,1075,393,662,26255,64,0,64,1,16777216,2572,0.153,0,0.172
1,2575,24252.970,level1,0,1024,640,5.414,1,5.417,5.417,6.000,0,0.116,4.979,0.039,0.497,1.034,0.007,1,1,1169,3936,10,181640,1075,393,662,26266,64,0,64,1,16777216,2573,0.163,0,0.174
1,2576,24258.698,level1,0,1024,640,5.396,1,5.302,5.302,5.000,0,0.204,5.301,0.048,0.499,1.035,0.007,1,1,1169,3936,10,181640,1075,393,662,26277,64,0,64,1,16777216,2574,0.142,0,0.164
1,2577,24264.197,level1,0,1024,640,5.792,1,5.844,5.844,6.000,0,0.155,5.019,0.038,0.499,1.016,0.007,1,1,1169,3936,10,181640,1075,393,662,26288,64,0,64,1,16777216,2575,0.149,0,0.279
1,2578,24269.556,level1,0,1024,640,5.337,1,5.370,5.370,5.000,0,0.125,5.040,0.038,0.514,1.072,0.007,1,1,1169,3936,10,181640,1075,393,662,26299,64,0,64,1,16777216,2576,0.140,0,0.152
1,2579,24275.022,level1,0,1024,640,5.367,1,5.366,5.366,5.000,0,0.126,5.139,0.038,0.498,1.031,0.007,1,1,1169,3936,10,181640,1075,393,662,26310,64,0,64,1,16777216,2577,0.161,0,0.159
1,2580,24280.348,level1,0,1024,640,5.451,1,5.467,5.467,5.000,0,0.110,5.013,0.038,0.509,1.012,0.007,1,1,1169,3936,10,181640,1075,393,662,26321,64,0,64,1,16777216,2578,0.208,0,0.160
1,2581,24285.704,level1,0,1024,640,5.352,1,5.348,5.348,6.000,0,0.114,5.021,0.036,0.504,1.007,0.006,1,1,1169,3936,10,181640,1075,393,662,26332,64,0,64,1,16777216,2579,0.153,0,0.182
1,2582,24291.259,level1,0,1024,640,5.346,1,5.348,5.348,5.000,0,0.112,5.214,0.051,0.553,1.087,0.009,1,1,1169,3936,10,181640,1075,393,662,26343,64,0,64,1,16777216,2580,0.150,0,0.174
1,2583,24297.000,level1,0,1024,640,5.624,1,5.598,5.598,6.000,0,0.130,5.301,0.081,0.520,1.375,0.017,1,1,1169,3936,10,181640,1075,393,662,26354,64,0,64,1,16777216,2581,0.159,0,0.217
1,2584,24304.877,level1,0,1024,640,7.770,1,5.728,5.728,5.000,0,0.127,5.396,0.092,0.521,1.060,0.009,1,1,1169,3936,10,181640,1075,393,662,26365,64,0,64,1,16777216,2582,0.150,0,0.203
1,2585,24311.198,level1,0,1024,640,6.413,1,7.933,7.933,9.000,0,0.145,5.319,0.077,0.507,1.058,0.008,1,1,1169,3936,10,181640,1075,393,662,26376,64,0,64,1,16777216,2583,0.159,0,0.259
1,2586,24317.510,level1,0,1024,640,6.052,1,6.578,6.578,6.000,0,0.134,5.607,0.049,0.505,1.043,0.008,1,1,1169,3936,10,181640,1075,393,662,26387,64,0,64,1,16777216,2584,0.146,0,0.517
1,2587,24323.810,level1,0,1024,640,6.137,1,6.050,6.050,6.000,0,0.220,5.752,0.066,0.508,1.038,0.008,1,1,1169,3936,10,181640,1075,393,662,26398,64,0,64,1,16777216,2585,0.157,0,0.255
1,2588,24329.740,level1,0,1024,640,6.218,1,6.240,6.240,6.000,0,0.197,5.471,0.060,0.596,1.285,0.009,1,1,1169,3936,10,181640,1075,393,662,26409,64,0,64,1,16777216,2586,0.152,0,0.195
1,2589,24335.793,level1,0,1024,640,5.856,1,5.931,5.931,6.000,0,0.123,5.679,0.049,0.520,1.032,0.008,1,1,1148,3894,10,178616,1075,414,641,26420,64,0,64,1,16777216,2587,0.142,0,0.197
1,2590,24342.750,level1,0,1024,640,6.305,1,6.104,6.104,7.000,0,0.319,6.328,0.052,0.521,1.037,0.007,1,1,1148,3894,10,178616,1075,414,641,26431,64,0,64,1,16777216,2588,0.152,0,0.246
1,2591,24348.413,level1,0,1024,640,6.888,1,7.000,7.000,6.000,0,0.211,5.108,0.047,0.535,1.069,0.007,1,1,1148,3894,10,178616,1075,414,641,26442,64,0,64,1,16777216,2589,0.145,0,0.289
1,2592,24354.852,level1,0,1024,640,5.658,1,5.608,5.608,6.000,0,0.254,5.883,0.052,0.509,1.166,0.008,1,1,1148,3894,10,178616,1075,414,641,26453,64,0,64,1,16777216,2590,0.148,0,0.235
1,2593,24360.674,level1,0,1024,640,6.350,1,6.478,6.478,6.000,0,0.133,5.362,0.045,0.573,1.115,0.008,1,1,1148,3894,10,178616,1075,414,641,26464,64,0,64,1,16777216,2591,0.157,0,0.274
1,2594,24366.710,level1,0,1024,640,5.869,1,5.852,5.852,7.000,0,0.152,5.526,0.048,0.507,1.167,0.011,1,1,1148,3894,10,178616,1075,414,641,26475,64,0,64,1,16777216,2592,0.154,0,0.300
1,2595,24373.232,level1,0,1024,640,6.030,1,6.008,6.008,6.000,0,0.169,6.020,0.048,0.537,1.158,0.009,1,1,1157,3936,11,180156,1078,414,643,26487,65,0,65,1,16777216,2593,0.175,0,0.276
1,2596,24379.278,level1,0,1024,640,6.525,1,6.503,6.503,6.000,0,0.195,5.494,0.093,0.526,1.150,0.013,1,1,1157,3936,11,180156,1078,414,643,26499,65,0,65,1,16777216,2594,0.199,0,0.257
1,2597,24385.693,level1,0,1024,640,6.196,1,6.121,6.121,6.000,0,0.270,5.755,0.052,0.570,1.130,0.009,1,1,1157,3936,11,180156,1078,414,643,26511,65,0,65,1,16777216,2595,0.173,0,0.328
1,2598,24394.650,level1,0,1024,640,8.953,1,6.266,6.266,6.000,0,0.272,5.702,0.109,0.527,1.090,0.011,1,1,1157,3936,11,180156,1078,414,643,26523,65,0,65,1,16777216,2596,0.154,0,0.183
1,2599,24401.261,level1,0,1024,640,6.936,1,9.011,9.011,9.000,0,0.132,5.431,0.055,0.519,1.120,0.009,1,1,1157,3936,11,180156,1078,414,643,26535,65,0,65,1,16777216,2597,0.151,0,0.237
1,2600,24407.021,level1,0,1024,640,5.814,1,6.575,6.575,7.000,0,0.122,5.358,0.071,0.553,1.087,0.007,1,1,1157,3936,11,180156,1078,414,643,26547,65,0,65,1,16777216,2598,0.153,0,0.202
1,2601,24413.106,level1,0,1024,640,5.771,1,5.770,5.770,5.000,0,0.123,5.694,0.053,0.519,1.063,0.007,1,1,1157,3936,11,180156,1078,414,643,26559,65,0,65,1,16777216,2599,0.157,0,0.211
1,2602,24419.365,level1,0,1024,640,6.255,1,6.152,6.152,7.000,0,0.216,5.703,0.046,0.529,1.109,0.008,1,1,1157,3936,11,180156,1078,414,643,26571,65,0,65,1,16777216,2600,0.148,0,0.277
1,2603,24425.347,level1,0,1024,640,6.132,1,6.216,6.216,5.000,0,0.143,5.555,0.045,0.518,1.037,0.008,1,1,1157,3936,11,180156,1078,414,643,26583,65,0,65,1,16777216,2601,0.156,0,0.234
1,2604,24432.068,level1,0,1024,640,6.057,1,5.916,5.916,7.000,0,0.270,6.165,0.097,0.526,1.071,0.010,1,1,1157,3936,11,180156,1078,414,643,26595,65,0,65,1,16777216,2602,0.158,0,0.169
1,2605,24437.797,level1,0,1024,640,6.671,1,6.793,6.793,6.000,0,0.162,5.278,0.043,0.515,1.123,0.008,1,1,1157,3936,11,180156,1078,414,643,26607,65,0,65,1,16777216,2603,0.160,0,0.239
1,2606,24444.272,level1,0,1024,640,5.627,1,5.656,5.656,6.000,0,0.134,6.087,0.078,0.523,1.111,0.008,1,1,1157,3936,11,180156,1078,414,643,26619,65,0,65,1,16777216,2604,0.154,0,0.167
1,2607,24452.266,level1,0,1024,640,8.666,1,6.562,6.562,6.000,0,0.316,5.435,0.062,0.556,1.152,0.010,1,1,1157,3936,11,180156,1078,414,643,26631,65,0,65,1,16777216,2605,0.161,0,0.254
1,2608,24458.185,level1,0,1024,640,6.573,1,7.999,7.999,9.000,0,0.172,4.799,0.044,0.521,1.027,0.007,1,1,1157,3936,11,180156,1078,414,643,26643,65,0,65,1,16777216,2606,0.154,0,0.259
1,2609,24464.332,level1,0,1024,640,5.247,1,5.932,5.932,5.000,0,0.127,5.693,0.049,0.517,1.165,0.011,1,1,1157,3936,11,180156,1078,414,643,26655,65,0,65,1,16777216,2607,0.156,0,0.272
1,2610,24472.030,level1,0,1024,640,8.275,1,6.077,6.077,6.000,0,0.228,5.075,0.091,0.535,1.057,0.009,1,1,1157,3936,11,180156,1078,414,643,26667,65,0,65,1,16777216,2608,0.157,0,0.203
1,2611,24478.762,level1,0,1024,640,6.123,1,7.683,7.683,8.000,0,0.128,5.723,0.053,0.635,1.461,0.010,1,1,1157,3936,11,180156,1078,414,643,26679,65,0,65,1,16777216,2609,0.159,0,0.188
1,2612,24485.185,level1,0,1024,640,6.618,1,7.050,7.050,7.000,0,0.331,5.533,0.047,0.518,1.042,0.008,1,1,1157,3936,11,180156,1078,414,643,26691,65,0,65,1,16777216,2610,0.156,0,0.505
1,2613,24492.092,level1,0,1024,640,6.088,1,6.191,6.191,7.000,0,0.229,6.344,0.055,0.533,1.111,0.008,1,1,1157,3936,11,180156,1078,414,643,26703,65,0,65,1,16777216,2611,0.155,0,0.269
1,2614,24498.002,level1,0,1024,640,6.767,1,6.860,6.860,6.000,0,0.137,5.490,0.052,0.537,1.083,0.008,1,1,1157,3936,11,180156,1078,414,643,26715,65,0,65,1,16777216,2612,0.151,0,0.225
1,2615,24504.907,level1,0,1024,640,5.976,1,5.900,5.900,7.000,0,0.213,6.420,0.051,0.597,1.361,0.008,1,1,1157,3936,11,180156,1078,414,643,26727,65,0,65,1,16777216,2613,0.159,0,0.215
1,2616,24510.613,level1,0,1024,640,7.030,1,6.975,6.975,6.000,0,0.268,5.063,0.083,0.516,1.024,0.008,1,1,1157,3936,11,180156,1078,414,643,26739,65,0,65,1,16777216,2614,0.154,0,0.284
1,2617,24515.913,level1,0,1024,640,5.527,1,5.666,5.666,6.000,0,0.130,4.878,0.042,0.521,1.069,0.006,1,1,1157,3936,11,180156,1078,414,643,26751,65,0,65,1,16777216,2615,0.156,0,0.245
1,2618,24521.591,level1,0,1024,640,5.255,1,5.220,5.220,5.000,0,0.165,5.271,0.071,0.517,1.056,0.007,1,1,1157,3936,11,180156,1078,414,643,26763,65,0,65,1,16777216,2616,0.143,0,0.166
1,2619,24527.043,level1,0,1024,640,5.724,1,5.755,5.755,6.000,0,0.133,5.022,0.048,0.562,1.107,0.008,1,1,1157,3936,11,180156,1078,414,643,26775,65,0,65,1,16777216,2617,0.144,0,0.242
1,2620,24532.792,level1,0,1024,640,5.397,1,5.401,5.401,5.000,0,0.130,5.374,0.048,0.559,1.090,0.009,1,1,1157,3936,11,180156,1078,414,643,26787,65,0,65,1,16777216,2618,0.154,0,0.192
1,2621,24538.843,level1,0,1024,640,5.862,1,5.771,5.771,6.000,0,0.220,5.558,0.054,0.623,1.222,0.008,1,1,1157,3936,11,180156,1078,414,643,26799,65,0,65,1,16777216,2619,0.158,0,0.214
1,2622,24544.398,level1,0,1024,640,6.004,1,6.093,6.093,7.000,0,0.131,5.117,0.046,0.513,1.201,0.016,1,1,1157,3936,11,180156,1078,414,643,26811,65,0,65,1,16777216,2620,0.151,0,0.255
1,2623,24550.687,level1,0,1024,640,5.937,1,5.789,5.789,5.000,0,0.243,5.363,0.152,0.770,1.366,0.015,1,1,1157,3936,11,180156,1078,414,643,26823,65,0,65,1,16777216,2621,0.161,0,0.489
1,2624,24556.340,level1,0,1024,640,5.982,1,6.115,6.115,6.000,0,0.144,5.102,0.083,0.514,1.024,0.012,1,1,1148,3918,11,178860,1078,414,643,26835,65,0,65,1,16777216,2622,0.136,0,0.316
1,2625,24561.940,level1,0,1024,640,5.666,1,5.631,5.631,5.000,0,0.181,5.070,0.050,0.507,1.020,0.008,1,1,1148,3918,11,178860,1078,414,643,26847,65,0,65,1,16777216,2623,0.164,0,0.292
1,2626,24568.398,level1,0,1024,640,5.747,1,5.692,5.692,6.000,0,0.233,5.730,0.100,0.510,1.197,0.018,1,1,1148,3918,11,178860,1078,414,643,26859,65,0,65,1,16777216,2624,0.140,0,0.383
1,2627,24574.402,level1,0,1024,640,6.396,1,6.428,6.428,7.000,0,0.202,5.303,0.135,0.513,1.026,0.010,1,1,1148,3918,11,178860,1078,414,643,26871,65,0,65,1,16777216,2625,0.151,0,0.350
1,2628,24581.480,level1,0,1024,640,6.097,1,6.077,6.077,6.000,0,0.223,6.340,0.079,0.928,1.740,0.010,1,1,1148,3918,11,178860,1078,414,643,26883,65,0,65,1,16777216,2626,0.153,0,0.429
1,2629,24587.522,level1,0,1024,640,6.896,1,6.966,6.966,7.000,0,0.153,5.490,0.074,0.514,1.380,0.008,1,1,1148,3918,11,178860,1078,414,643,26895,65,0,65,1,16777216,2627,0.153,0,0.315
1,2630,24593.998,level1,0,1024,640,5.935,1,5.929,5.929,6.000,0,0.160,6.058,0.048,0.708,1.248,0.009,1,1,1145,3890,12,178304,1078,414,643,26908,66,0,66,1,16777216,2628,0.154,0,0.204
1,2631,24600.379,level1,0,1024,640,6.616,1,6.561,6.561,6.000,0,0.215,5.788,0.084,0.595,1.127,0.009,1,1,1145,3890,12,178304,1078,414,643,26921,66,0,66,1,16777216,2629,0.155,0,0.289
1,2632,24606.364,level1,0,1024,640,6.535,1,6.532,6.532,7.000,0,0.211,5.279,0.043,0.500,1.021,0.008,1,1,1145,3890,12,178304,1078,414,643,26934,66,0,66,1,16777216,2630,0.160,0,0.434
1,2633,24612.288,level1,0,1024,640,5.820,1,5.827,5.827,6.000,0,0.212,5.378,0.047,0.602,1.139,0.008,1,1,1145,3890,12,178304,1078,414,643,26947,66,0,66,1,16777216,2631,0.157,0,0.281
1,2634,24618.919,level1,0,1024,640,5.944,1,5.945,5.945,6.000,0,0.202,5.988,0.123,0.540,1.126,0.017,1,1,1145,3890,12,178304,1078,414,643,26960,66,0,66,1,16777216,2632,0.148,0,0.302
1,2635,24624.767,level1,0,1024,640,6.608,1,6.602,6.602,7.000,0,0.217,5.305,0.046,0.519,1.030,0.009,1,1,1145,3890,12,178304,1078,414,643,26973,66,0,66,1,16777216,2633,0.164,0,0.271
1,2636,24633.160,level1,0,1024,640,6.626,1,6.707,6.707,6.000,0,0.137,6.992,0.126,0.735,1.532,0.020,1,1,1145,3890,12,178304,1078,414,643,26986,66,0,66,1,16777216,2634,0.152,0,1.133
1,2637,24639.586,level1,0,1024,640,7.605,1,7.527,7.527,8.000,0,0.213,5.885,0.055,0.540,1.133,0.009,1,1,1145,3890,12,178304,1078,414,643,26999,66,0,66,1,16777216,2635,0.153,0,0.266
1,2638,24646.754,level1,0,1024,640,6.613,1,6.579,6.579,6.000,0,0.247,6.391,0.101,0.514,1.041,0.010,1,1,1166,3932,12,181328,1078,393,664,27012,66,0,66,1,16777216,2636,0.155,0,0.418
1,2639,24652.998,level1,0,1024,640,7.110,1,7.113,7.113,7.000,0,0.244,5.569,0.059,0.506,1.145,0.010,1,1,1166,3932,12,181328,1078,393,664,27025,66,0,66,1,16777216,2637,0.162,0,0.358
1,2640,24658.996,level1,0,1024,640,6.314,1,6.305,6.305,7.000,0,0.255,5.269,0.043,0.504,1.028,0.007,1,1,1166,3932,12,181328,1078,393,664,27038,66,0,66,1,16777216,2638,0.151,0,0.420
1,2641,24664.627,level1,0,1024,640,5.659,1,5.789,5.789,5.000,0,0.126,5.243,0.041,0.498,1.025,0.008,1,1,1166,3932,12,181328,1078,393,664,27051,66,0,66,1,16777216,2639,0.157,0,0.216
1,2642,24670.142,level1,0,1024,640,5.614,1,5.599,5.599,6.000,0,0.141,5.144,0.041,0.501,1.107,0.008,1,1,1166,3932,12,181328,1078,393,664,27064,66,0,66,1,16777216,2640,0.150,0,0.185
1,2643,24675.544,level1,0,1024,640,5.524,1,5.529,5.529,5.000,0,0.136,5.026,0.037,0.496,1.008,0.007,1,1,1166,3932,12,181328,1078,393,664,27077,66,0,66,1,16777216,2641,0.163,0,0.200
1,2644,24682.305,level1,0,1024,640,5.598,1,5.358,5.358,5.000,0,0.365,6.171,0.055,0.510,1.134,0.009,1,1,1166,3932,12,181328,1078,393,664,27090,66,0,66,1,16777216,2642,0.155,0,0.155
1,2645,24688.567,level1,0,1024,640,6.745,1,6.888,6.888,8.000,0,0.220,5.700,0.043,0.556,1.079,0.008,1,1,1166,3932,12,181328,1078,393,664,27103,66,0,66,1,16777216,2643,0.221,0,0.281
1,2646,24694.427,level1,0,1024,640,6.280,1,6.274,6.274,6.000,0,0.231,5.263,0.059,0.503,1.045,0.009,1,1,1166,3932,12,181328,1078,393,664,27116,66,0,66,1,16777216,2644,0.154,0,0.292
1,2647,24699.960,level1,0,1024,640,5.691,1,5.765,5.765,6.000,0,0.164,5.125,0.039,0.486,1.036,0.008,1,1,1171,3947,12,182088,1078,392,665,27129,66,0,66,1,16777216,2645,0.162,0,0.200
1,2648,24705.382,level1,0,1024,640,5.491,1,5.525,5.525,6.000,0,0.131,5.059,0.037,0.490,1.048,0.008,1,1,1168,3941,12,181656,1078,395,662,27142,66,0,66,1,16777216,2646,0.155,0,0.192
1,2649,24711.109,level1,0,1024,640,5.411,1,5.392,5.392,5.000,0,0.145,5.357,0.054,0.493,1.026,0.011,1,1,1168,3941,12,181656,1078,395,662,27155,66,0,66,1,16777216,2647,0.208,0,0.162
1,2650,24716.737,level1,0,1024,640,5.774,1,5.783,5.783,5.000,0,0.140,5.226,0.040,0.493,1.038,0.010,1,1,1163,3893,12,180632,1078,396,661,27168,66,0,66,1,16777216,2648,0.144,0,0.217
1,2651,24722.548,level1,0,1024,640,5.640,1,5.576,5.576,6.000,0,0.204,5.388,0.049,0.502,1.014,0.009,1,1,1163,3893,12,180632,1078,396,661,27181,66,0,66,1,16777216,2649,0.159,0,0.165
1,2652,24728.462,level1,0,1024,640,6.085,1,6.060,6.060,6.000,0,0.228,5.215,0.050,0.506,1.020,0.009,1,1,1163,3893,12,180632,1078,396,661,27194,66,0,66,1,16777216,2650,0.148,0,0.414
1,2653,24734.129,level1,0,1024,640,5.642,1,5.727,5.727,6.000,0,0.144,5.244,0.045,0.500,1.015,0.009,1,1,1163,3893,12,180632,1078,396,661,27207,66,0,66,1,16777216,2651,0.164,0,0.228
1,2654,24739.870,level1,0,1024,640,5.585,1,5.612,5.612,6.000,0,0.119,5.398,0.048,0.710,1.420,0.010,1,1,1163,3893,12,180632,1078,396,661,27220,66,0,66,1,16777216,2652,0.152,0,0.173
1,2655,24745.595,level1,0,1024,640,5.893,1,5.880,5.880,6.000,0,0.131,5.237,0.041,0.497,1.147,0.009,1,1,1163,3893,12,180632,1078,396,661,27233,66,0,66,1,16777216,2653,0.160,0,0.310
1,2656,24751.202,level1,0,1024,640,5.582,1,5.594,5.594,5.000,0,0.120,5.250,0.054,0.609,1.128,0.010,1,1,1163,3893,12,180632,1078,396,661,27246,66,0,66,1,16777216,2654,0.144,0,0.180
1,2657,24756.912,level1,0,1024,640,5.647,1,5.631,5.631,6.000,0,0.135,5.322,0.044,0.555,1.092,0.008,1,1,1163,3893,12,180632,1078,396,661,27259,66,0,66,1,16777216,2655,0.160,0,0.203
1,2658,24762.687,level1,0,1024,640,5.683,1,5.669,5.669,5.000,0,0.149,5.409,0.050,0.489,1.164,0.009,1,1,1163,3893,12,180632,1078,396,661,27272,66,0,66,1,16777216,2656,0.154,0,0.163
1,2659,24770.796,level1,0,1024,640,7.876,1,5.812,5.812,6.000,0,0.137,5.615,0.076,0.506,1.139,0.095,1,1,1163,3893,12,180632,1078,396,661,27285,66,0,66,1,16777216,2657,0.161,0,0.199
1,2660,24777.905,level1,0,1024,640,7.025,1,8.232,8.232,8.000,0,0.418,5.725,0.051,0.499,1.015,0.015,1,1,1163,3893,12,180632,1078,396,661,27298,66,0,66,1,16777216,2658,0.154,0,0.320
1,2661,24784.548,level1,0,1024,640,7.283,1,6.961,6.961,8.000,0,0.136,5.066,0.070,0.494,0.996,0.008,1,1,1163,3893,12,180632,1078,396,661,27311,66,0,66,1,16777216,2659,0.156,0,0.174
1,2662,24790.991,level1,0,1024,640,5.887,1,6.646,6.646,6.000,0,0.139,5.621,0.071,0.498,1.033,0.010,1,1,1163,3893,12,180632,1078,396,661,27324,66,0,66,1,16777216,2660,0.142,0,0.178
1,2663,24796.573,level1,0,1024,640,6.063,1,6.472,6.472,6.000,0,0.151,5.158,0.054,0.512,1.053,0.008,1,1,1163,3893,12,180632,1078,396,661,27337,66,0,66,1,16777216,2661,0.157,0,0.205
1,2664,24802.109,level1,0,1024,640,5.516,1,5.533,5.533,6.000,0,0.144,5.187,0.044,0.488,1.174,0.010,1,1,1163,3893,12,180632,1078,396,661,27350,66,0,66,1,16777216,2662,0.179,0,0.157
1,2665,24807.710,level1,0,1024,640,5.544,1,5.552,5.552,5.000,0,0.135,5.249,0.040,0.488,1.025,0.008,1,1,1163,3893,12,180632,1078,396,661,27363,66,0,66,1,16777216,2663,0.161,0,0.173
1,2666,24813.192,level1,0,1024,640,5.616,1,5.615,5.615,6.000,0,0.137,5.112,0.043,0.492,0.997,0.008,1,1,1163,3893,12,180632,1078,396,661,27376,66,0,66,1,16777216,2664,0.155,0,0.187
1,2667,24818.765,level1,0,1024,640,5.453,1,5.464,5.464,5.000,0,0.126,5.232,0.043,0.518,1.086,0.008,1,1,1163,3893,12,180632,1078,396,661,27389,66,0,66,1,16777216,2665,0.157,0,0.168
1,2668,24824.201,level1,0,1024,640,5.654,1,5.631,5.631,6.000,0,0.146,5.017,0.040,0.502,1.105,0.008,1,1,1163,3893,12,180632,1078,396,661,27402,66,0,66,1,16777216,2666,0.150,0,0.226
1,2669,24829.771,level1,0,1024,640,5.375,1,5.370,5.370,5.000,0,0.133,5.206,0.045,0.625,1.374,0.011,1,1,1163,3893,12,180632,1078,396,661,27415,66,0,66,1,16777216,2667,0.154,0,0.160
1,2670,24835.672,level1,0,1024,640,5.660,1,5.619,5.619,5.000,0,0.194,5.449,0.044,0.490,1.306,0.008,1,1,1163,3893,12,180632,1078,396,661,27428,66,0,66,1,16777216,2668,0.151,0,0.209
1,2671,24841.211,level1,0,1024,640,5.816,1,5.876,5.876,7.000,0,0.135,5.142,0.074,0.493,1.084,0.018,1,1,1163,3893,12,180632,1078,396,661,27441,66,0,66,1,16777216,2669,0.144,0,0.183
1,2672,24846.573,level1,0,1024,640,5.643,1,5.622,5.622,6.000,0,0.156,4.899,0.036,0.490,0.986,0.007,1,1,1163,3893,11,180580,1078,397,660,27453,66,0,66,1,16777216,2670,0.147,0,0.266
1,2673,24852.470,level1,0,1024,640,5.212,1,5.255,5.255,5.000,0,0.115,5.562,0.057,0.568,1.072,0.008,1,1,1163,3893,11,180580,1078,397,660,27465,66,0,66,1,16777216,2671,0.161,0,0.160
1,2674,24858.740,level1,0,1024,640,6.121,1,6.017,6.017,6.000,0,0.216,5.725,0.044,0.498,1.062,0.008,1,1,1163,3893,11,180580,1078,397,660,27477,66,0,66,1,16777216,2672,0.138,0,0.279
1,2675,24864.778,level1,0,1024,640,6.337,1,6.313,6.313,6.000,0,0.234,5.418,0.052,0.493,1.331,0.010,1,1,1163,3893,11,180580,1078,397,660,27489,66,0,66,1,16777216,2673,0.145,0,0.320
1,2676,24870.416,level1,0,1024,640,5.921,1,5.924,5.924,6.000,0,0.238,5.142,0.045,0.499,1.016,0.008,1,1,1163,3893,11,180580,1078,397,660,27501,66,0,66,1,16777216,2674,0.625,0,0.208
1,2677,24875.808,level1,0,1024,640,5.511,1,5.611,5.611,6.000,0,0.139,5.032,0.036,0.495,0.994,0.007,1,1,1163,3893,10,180528,1078,398,659,27512,66,0,66,1,16777216,2675,0.165,0,0.181
1,2678,24881.590,level1,0,1024,640,5.479,1,5.474,5.474,5.000,0,0.143,5.327,0.044,0.498,1.103,0.008,1,1,1163,3893,10,180528,1078,398,659,27523,66,0,66,1,16777216,2676,0.137,0,0.263
1,2679,24887.143,level1,0,1024,640,5.697,1,5.708,5.708,6.000,0,0.133,5.188,0.039,0.497,1.089,0.007,1,1,1163,3893,10,180528,1078,398,659,27534,66,0,66,1,16777216,2677,0.158,0,0.189
1,2680,24892.918,level1,0,1024,640,5.553,1,5.548,5.548,5.000,0,0.138,5.401,0.048,0.491,1.037,0.008,1,1,1163,3893,10,180528,1078,398,659,27545,66,0,66,1,16777216,2678,0.185,0,0.185
1,2681,24899.426,level1,0,1024,640,5.757,1,5.778,5.778,6.000,0,0.117,6.101,0.097,0.517,1.250,0.010,1,1,1163,3893,10,180528,1078,398,659,27556,66,0,66,1,16777216,2679,0.158,0,0.187
1,2682,24905.210,level1,0,1024,640,6.610,1,6.552,6.552,7.000,0,0.169,5.327,0.047,0.497,1.059,0.009,1,1,1163,3893,10,180528,1078,398,659,27567,66,0,66,1,16777216,2680,0.147,0,0.229
1,2683,24912.243,level1,0,1024,640,5.719,1,5.753,5.753,6.000,0,0.139,6.608,0.079,0.491,1.159,0.011,1,1,1163,3893,10,180528,1078,398,659,27578,66,0,66,1,16777216,2681,0.156,0,0.201
1,2684,24917.828,level1,0,1024,640,7.042,1,7.029,7.029,7.000,0,0.149,5.178,0.053,0.496,1.023,0.007,1,1,1163,3893,10,180528,1078,398,659,27589,66,0,66,1,16777216,2682,0.148,0,0.197
1,2685,24924.407,level1,0,1024,640,5.539,1,5.570,5.570,6.000,0,0.122,6.170,0.100,0.497,1.020,0.007,1,1,1163,3893,10,180528,1078,398,659,27600,66,0,66,1,16777216,2683,0.189,0,0.183
1,2686,24930.009,level1,0,1024,640,6.593,1,6.589,6.589,6.000,0,0.124,5.234,0.046,0.532,1.072,0.009,1,1,1163,3893,10,180528,1078,398,659,27611,66,0,66,1,16777216,2684,0.151,0,0.192
1,2687,24935.573,level1,0,1024,640,5.615,1,5.620,5.620,5.000,0,0.119,5.190,0.040,0.494,1.023,0.007,1,1,1163,3893,10,180528,1078,398,659,27622,66,0,66,1,16777216,2685,0.162,0,0.211
1,2688,24940.950,level1,0,1024,640,5.519,1,5.515,5.515,6.000,0,0.119,5.046,0.041,0.485,0.994,0.007,1,1,1163,3893,10,180528,1078,398,659,27633,66,0,66,1,16777216,2686,0.150,0,0.161
1,2689,24946.577,level1,0,1024,640,5.414,1,5.413,5.413,5.000,0,0.125,5.255,0.045,0.488,1.012,0.008,1,1,1163,3893,10,180528,1078,398,659,27644,66,0,66,1,16777216,2687,0.150,0,0.196
1,2690,24952.217,level1,0,1024,640,5.625,1,5.622,5.622,6.000,0,0.128,5.269,0.046,0.496,1.022,0.008,1,1,1163,3893,10,180528,1078,398,659,27655,66,0,66,1,16777216,2688,0.151,0,0.192
1,2691,24957.720,level1,0,1024,640,5.616,1,5.619,5.619,5.000,0,0.125,5.160,0.043,0.559,1.092,0.008,1,1,1163,3893,10,180528,1078,398,659,27666,66,0,66,1,16777216,2689,0.152,0,0.171
1,2692,24963.662,level1,0,1024,640,5.638,1,5.559,5.559,6.000,0,0.202,5.457,0.050,0.523,1.063,0.008,1,1,1163,3893,10,180528,1078,398,659,27677,66,0,66,1,16777216,2690,0.148,0,0.226
1,2693,24970.010,level1,0,1024,640,6.155,1,6.051,6.051,6.000,0,0.308,5.599,0.100,0.592,1.634,0.017,1,1,1163,3893,10,180528,1078,398,659,27688,66,0,66,1,16777216,2691,0.157,0,0.334
1,2694,24976.732,level1,0,1024,640,6.025,1,6.203,6.203,7.000,0,0.128,6.295,0.099,1.262,1.836,0.010,1,1,1163,3893,10,180528,1078,398,659,27699,66,0,66,1,16777216,2692,0.149,0,0.190
1,2695,24984.121,level1,0,1024,640,6.839,1,6.826,6.826,6.000,0,0.143,6.875,0.054,0.504,1.051,0.007,1,1,1163,3893,10,180528,1078,398,659,27710,66,0,66,1,16777216,2693,0.161,0,0.293
1,2696,24990.287,level1,0,1024,640,7.440,1,7.372,7.372,8.000,0,0.210,5.618,0.055,0.608,1.261,0.012,1,1,1163,3893,10,180528,1078,398,659,27721,66,0,66,1,16777216,2694,0.153,0,0.276
1,2697,24996.280,level1,0,1024,640,6.215,1,6.266,6.266,5.000,0,0.153,5.355,0.095,0.492,1.009,0.007,1,1,1163,3893,10,180528,1078,398,659,27732,66,0,66,1,16777216,2695,0.155,0,0.376
1,2698,25002.417,level1,0,1024,640,6.004,1,5.942,5.942,6.000,0,0.222,5.533,0.051,0.491,1.012,0.007,1,1,1163,3893,10,180528,1078,398,659,27743,66,0,66,1,16777216,2696,0.147,0,0.324
1,2699,25008.471,level1,0,1024,640,5.966,1,6.070,6.070,7.000,0,0.120,5.606,0.064,0.493,1.023,0.012,1,1,1163,3893,10,180528,1078,398,659,27754,66,0,66,1,16777216,2697,0.158,0,0.258
1,2700,25015.672,level1,0,1024,640,6.808,1,6.543,6.543,6.000,0,0.381,6.014,0.050,0.491,1.050,0.008,1,1,1163,3893,10,180528,1078,398,659,27765,66,0,66,1,16777216,2698,0.149,0,0.742
1,2701,25023.292,level1,0,1024,640,6.548,1,6.804,6.804,7.000,0,0.128,6.967,0.168,0.548,1.215,0.018,1,1,1163,3893,10,180528,1078,398,659,27776,66,0,66,1,16777216,2699,0.158,0,0.350
1,2702,25032.042,level1,0,1024,640,9.875,1,7.697,7.697,8.000,0,0.178,5.953,0.059,0.511,1.077,0.012,1,1,1163,3893,10,180528,1078,398,659,27787,66,0,66,1,16777216,2700,0.154,0,0.425
1,2703,25040.136,level1,0,1024,640,6.824,1,8.601,8.601,9.000,0,0.132,7.210,0.070,0.821,1.603,0.012,1,1,1163,3893,10,180528,1078,398,659,27798,66,0,66,1,16777216,2701,0.153,0,0.276
1,2704,25046.454,level1,0,1024,640,7.812,1,8.118,8.118,8.000,0,0.224,5.663,0.123,0.543,1.089,0.010,1,1,1163,3893,10,180528,1078,398,659,27809,66,0,66,1,16777216,2702,0.156,0,0.300
1,2705,25052.790,level1,0,1024,640,6.265,1,6.305,6.305,6.000,0,0.186,5.793,0.064,0.492,1.039,0.013,1,1,1163,3893,10,180528,1078,398,659,27820,66,0,66,1,16777216,2703,0.147,0,0.287
1,2706,25059.308,level1,0,1024,640,6.469,1,6.386,6.386,6.000,0,0.266,5.842,0.064,0.489,1.184,0.016,1,1,1163,3893,10,180528,1078,398,659,27831,66,0,66,1,16777216,2704,0.150,0,0.337
1,2707,25065.325,level1,0,1024,640,6.486,1,6.520,6.520,7.000,0,0.224,5.377,0.060,0.490,0.993,0.011,1,1,1163,3893,10,180528,1078,398,659,27842,66,0,66,1,16777216,2705,0.161,0,0.338
1,2708,25071.897,level1,0,1024,640,6.077,1,6.086,6.086,6.000,0,0.221,5.785,0.147,0.488,1.234,0.034,1,1,1168,3941,10,181552,1078,397,660,27853,66,0,66,1,16777216,2706,0.142,0,0.408
1,2709,25078.513,level1,0,1024,640,6.900,1,6.925,6.925,7.000,0,0.200,5.562,0.086,0.494,1.475,0.013,1,1,1168,3941,10,181552,1078,397,660,27864,66,0,66,1,16777216,2707,0.149,0,0.753
1,2710,25084.828,level1,0,1024,640,6.194,1,6.261,6.261,7.000,0,0.133,5.702,0.066,0.659,1.453,0.009,1,1,1166,3932,10,181224,1078,395,662,27875,66,0,66,1,16777216,2708,0.148,0,0.406
1,2711,25092.268,level1,0,1024,640,6.125,1,6.129,6.129,5.000,0,0.130,7.029,0.054,0.513,1.080,0.008,1,1,1161,3917,10,180464,1078,396,661,27886,66,0,66,1,16777216,2709,0.158,0,0.222
1,2712,25098.666,level1,0,1024,640,7.629,1,7.588,7.588,8.000,0,0.159,5.771,0.083,0.497,1.029,0.013,1,1,1161,3917,10,180464,1078,396,661,27897,66,0,66,1,16777216,2710,0.149,0,0.368
1,2713,25104.856,level1,0,1024,640,6.486,1,6.434,6.434,6.000,0,0.221,5.507,0.050,0.500,1.136,0.008,1,1,1161,3917,10,180464,1078,396,661,27908,66,0,66,1,16777216,2711,0.148,0,0.404
1,2714,25110.863,level1,0,1024,640,5.979,1,5.955,5.955,6.000,0,0.244,5.539,0.048,0.497,1.070,0.007,1,1,1161,3917,10,180464,1078,396,661,27919,66,0,66,1,16777216,2712,0.149,0,0.171
1,2715,25117.044,level1,0,1024,640,6.087,1,6.120,6.120,6.000,0,0.205,5.616,0.062,0.708,1.430,0.009,1,1,1161,3917,10,180464,1078,396,661,27930,66,0,66,1,16777216,2713,0.148,0,0.282
1,2716,25124.409,level1,0,1024,640,6.170,1,6.197,6.197,6.000,0,0.184,6.813,0.062,0.508,1.060,0.009,1,1,1161,3917,10,180464,1078,396,661,27941,66,0,66,1,16777216,2714,0.144,0,0.299
1,2717,25131.149,level1,0,1024,640,7.960,1,7.534,7.534,8.000,0,0.610,5.554,0.100,0.507,1.443,0.014,1,1,1158,3900,10,179944,1011,331,660,27952,66,0,66,1,16777216,2715,0.158,0,0.466
1,2718,25137.501,level1,0,1024,640,6.355,1,6.708,6.708,7.000,0,0.256,5.586,0.067,0.533,1.336,0.012,1,1,1158,3900,10,179944,1011,331,660,27963,66,0,66,1,16777216,2716,0.152,0,0.424
1,2719,25143.290,level1,0,1024,640,6.196,1,6.265,6.265,7.000,0,0.187,5.198,0.047,0.510,1.042,0.007,1,1,1137,3858,10,176920,1011,352,639,27974,66,0,66,1,16777216,2717,0.165,0,0.349
1,2720,25150.446,level1,0,1024,640,5.712,1,5.691,5.691,5.000,0,0.209,6.485,0.201,0.865,1.877,0.014,1,1,1137,3858,10,176920,1011,352,639,27985,66,0,66,1,16777216,2718,0.142,0,0.251
1,2721,25156.064,level1,0,1024,640,7.341,1,7.339,7.339,7.000,0,0.211,4.898,0.066,0.503,1.027,0.009,1,1,1137,3858,10,176920,1011,352,639,27996,66,0,66,1,16777216,2719,0.155,0,0.435
1,2722,25162.402,level1,0,1024,640,5.508,1,5.491,5.491,6.000,0,0.225,5.720,0.075,0.504,1.365,0.037,1,1,1137,3858,10,176920,1011,352,639,28007,66,0,66,1,16777216,2720,0.148,0,0.309
1,2723,25168.999,level1,0,1024,640,6.719,1,6.694,6.694,6.000,0,0.254,5.497,0.174,0.510,1.473,0.040,1,1,1137,3858,10,176920,1011,352,639,28018,66,0,66,1,16777216,2721,0.738,0,0.659
1,2724,25175.078,level1,0,1024,640,6.397,1,6.445,6.445,7.000,0,0.206,5.248,0.105,0.508,1.394,0.019,1,1,1137,3858,10,176920,1011,352,639,28029,66,0,66,1,16777216,2722,0.731,0,0.503
1,2725,25182.203,level1,0,1024,640,5.872,1,5.806,5.806,6.000,0,0.268,6.552,0.056,0.794,1.421,0.008,1,1,1137,3858,10,176920,1011,352,639,28040,66,0,66,1,16777216,2723,0.157,0,0.240
1,2726,25187.377,level1,0,1024,640,6.950,1,7.079,7.079,6.000,0,0.144,4.790,0.042,0.519,1.210,0.008,1,1,1125,3834,10,175192,1011,364,627,28051,66,0,66,1,16777216,2724,0.138,0,0.193
1,2727,25193.080,level1,0,1024,640,5.170,1,5.164,5.164,5.000,0,0.148,5.295,0.068,0.498,1.496,0.013,1,1,1125,3834,10,175192,1011,364,627,28062,66,0,66,1,16777216,2725,0.158,0,0.183
1,2728,25198.262,level1,0,1024,640,5.751,1,5.776,5.776,6.000,0,0.124,4.754,0.042,0.504,1.007,0.008,1,1,1125,3834,10,175192,1011,364,627,28073,66,0,66,1,16777216,2726,0.150,0,0.256
1,2729,25203.720,level1,0,1024,640,5.246,1,5.158,5.158,5.000,0,0.208,4.962,0.046,0.524,1.104,0.007,1,1,1125,3834,10,175192,1011,364,627,28084,66,0,66,1,16777216,2727,0.154,0,0.232
1,2730,25210.898,level1,0,1024,640,5.465,1,5.460,5.460,6.000,0,0.215,6.612,0.109,1.474,2.475,0.019,1,1,1125,3834,10,175192,1011,364,627,28095,66,0,66,1,16777216,2728,0.149,0,0.234
1,2731,25219.039,level1,0,1024,640,9.462,1,7.294,7.294,8.000,0,0.241,5.337,0.063,0.498,1.123,0.011,1,1,1125,3834,10,175192,1011,364,627,28106,66,0,66,1,16777216,2729,0.162,0,0.346
1,2732,25225.323,level1,0,1024,640,6.253,1,7.990,7.990,7.000,0,0.126,5.369,0.059,0.861,1.454,0.010,1,1,1125,3834,10,175192,1011,364,627,28117,66,0,66,1,16777216,2730,0.144,0,0.199
1,2733,25231.228,level1,0,1024,640,5.763,1,6.281,6.281,7.000,0,0.131,5.517,0.057,0.557,1.126,0.009,1,1,1125,3834,10,175192,1011,364,627,28128,66,0,66,1,16777216,2731,0.154,0,0.196
1,2734,25236.378,level1,0,1024,640,5.942,1,5.932,5.932,6.000,0,0.136,4.739,0.043,0.570,1.096,0.008,1,1,1125,3834,10,175192,1011,364,627,28139,66,0,66,1,16777216,2732,0.151,0,0.223
1,2735,25242.424,level1,0,1024,640,5.104,1,5.117,5.117,5.000,0,0.128,5.543,0.178,0.567,1.319,0.033,1,1,1125,3834,10,175192,1011,364,627,28150,66,0,66,1,16777216,2733,0.157,0,0.191
1,2736,25247.700,level1,0,1024,640,6.113,1,6.092,6.092,6.000,0,0.148,4.819,0.066,0.488,1.077,0.008,1,1,1125,3834,10,175192,1011,364,627,28161,66,0,66,1,16777216,2734,0.157,0,0.236
1,2737,25254.509,level1,0,1024,640,6.326,1,5.414,5.414,6.000,0,1.059,5.313,0.057,0.493,1.603,0.011,1,1,1121,3812,11,174556,1008,362,627,28173,67,0,67,1,16777216,2735,0.159,0,0.375
1,2738,25261.137,level1,0,1024,640,5.836,1,6.691,6.691,6.000,0,0.204,6.100,0.061,0.520,1.491,0.009,1,1,1121,3812,11,174556,1008,362,627,28185,67,0,67,1,16777216,2736,0.141,0,0.256
1,2739,25266.188,level1,0,1024,640,6.481,1,6.558,6.558,7.000,0,0.128,4.693,0.038,0.485,1.140,0.007,1,1,1121,3812,11,174556,1008,362,627,28197,67,0,67,1,16777216,2737,0.136,0,0.187
1,2740,25271.435,level1,0,1024,640,5.038,1,5.049,5.049,5.000,0,0.118,4.892,0.048,0.574,1.222,0.009,1,1,1121,3812,11,174556,1008,362,627,28209,67,0,67,1,16777216,2738,0.152,0,0.186
1,2741,25276.400,level1,0,1024,640,5.270,1,5.258,5.258,4.000,0,0.129,4.600,0.035,0.488,0.981,0.007,1,1,1121,3812,11,174556,1008,362,627,28221,67,0,67,1,16777216,2739,0.148,0,0.196
1,2742,25281.381,level1,0,1024,640,4.937,1,4.924,4.924,5.000,0,0.136,4.636,0.043,0.487,0.994,0.008,1,1,1121,3812,11,174556,1008,362,627,28233,67,0,67,1,16777216,2740,0.143,0,0.156
1,2743,25286.624,level1,0,1024,640,4.976,1,4.993,4.993,6.000,0,0.126,4.901,0.045,0.488,1.179,0.010,1,1,1121,3812,11,174556,1008,362,627,28245,67,0,67,1,16777216,2741,0.160,0,0.168
1,2744,25292.074,level1,0,1024,640,5.262,1,5.259,5.259,5.000,0,0.128,5.088,0.046,0.501,1.203,0.008,1,1,1121,3812,11,174556,1008,362,627,28257,67,0,67,1,16777216,2742,0.152,0,0.183
1,2745,25296.973,level1,0,1024,640,5.424,1,5.439,5.439,6.000,0,0.114,4.570,0.038,0.513,1.049,0.007,1,1,1121,3812,11,174556,1008,362,627,28269,67,0,67,1,16777216,2743,0.151,0,0.172
1,2746,25302.095,level1,0,1024,640,5.009,1,4.981,4.981,4.000,0,0.142,4.657,0.066,0.490,1.132,0.015,1,1,1121,3812,11,174556,1008,362,627,28281,67,0,67,1,16777216,2744,0.150,0,0.254
1,2747,25307.316,level1,0,1024,640,5.297,1,5.253,5.253,6.000,0,0.185,4.605,0.041,0.493,1.040,0.007,1,1,1121,3812,11,174556,1008,362,627,28293,67,0,67,1,16777216,2745,0.152,0,0.384
1,2748,25312.355,level1,0,1024,640,4.952,1,4.997,4.997,4.000,0,0.141,4.694,0.039,0.488,1.041,0.007,1,1,1121,3812,11,174556,1008,362,627,28305,67,0,67,1,16777216,2746,0.139,0,0.161
1,2749,25317.392,level1,0,1024,640,5.134,1,5.134,5.134,6.000,0,0.142,4.597,0.038,0.484,0.995,0.007,1,1,1121,3812,11,174556,1008,362,627,28317,67,0,67,1,16777216,2747,0.151,0,0.255
1,2750,25323.850,level1,0,1024,640,4.936,1,4.966,4.966,4.000,0,0.112,6.105,0.053,0.495,1.132,0.009,1,1,1121,3812,11,174556,1008,362,627,28329,67,0,67,1,16777216,2748,0.154,0,0.185
1,2751,25329.085,level1,0,1024,640,6.465,1,6.456,6.456,7.000,0,0.120,4.885,0.043,0.504,1.108,0.008,1,1,1121,3812,11,174556,1008,362,627,28341,67,0,67,1,16777216,2749,0.158,0,0.182
1,2752,25334.548,level1,0,1024,640,5.319,1,5.288,5.288,5.000,0,0.150,5.024,0.048,0.507,1.128,0.008,1,1,1121,3812,11,174556,1008,362,627,28353,67,0,67,1,16777216,2750,0.153,0,0.236
1,2753,25339.974,level1,0,1024,640,5.360,1,5.396,5.396,6.000,0,0.115,5.084,0.053,0.540,1.175,0.008,1,1,1121,3812,11,174556,1008,362,627,28365,67,0,67,1,16777216,2751,0.155,0,0.169
1,2754,25345.058,level1,0,1024,640,5.449,1,5.441,5.441,6.000,0,0.123,4.722,0.050,0.536,1.166,0.007,1,1,1121,3812,11,174556,1008,362,627,28377,67,0,67,1,16777216,2752,0.152,0,0.184
1,2755,25351.362,level1,0,1024,640,5.073,1,5.080,5.080,4.000,0,0.113,5.858,0.145,0.805,1.759,0.033,1,1,1121,3812,11,174556,1008,362,627,28389,67,0,67,1,16777216,2753,0.151,0,0.181
1,2756,25356.519,level1,0,1024,640,6.400,1,6.359,6.359,6.000,0,0.153,4.572,0.185,0.483,1.022,0.011,1,1,1121,3812,11,174556,1008,362,627,28401,67,0,67,1,16777216,2754,0.146,0,0.234
1,2757,25361.954,level1,0,1024,640,5.317,1,5.256,5.256,6.000,0,0.217,4.832,0.046,0.488,1.007,0.007,1,1,1121,3812,11,174556,1008,362,627,28413,67,0,67,1,16777216,2755,0.156,0,0.334
1,2758,25367.208,level1,0,1024,640,5.297,1,5.334,5.334,5.000,0,0.178,4.793,0.043,0.503,1.006,0.007,1,1,1121,3812,11,174556,1008,362,627,28425,67,0,67,1,16777216,2756,0.148,0,0.229
1,2759,25372.512,level1,0,1024,640,5.199,1,5.233,5.233,5.000,0,0.147,4.896,0.044,0.487,0.997,0.008,1,1,1123,3816,11,174844,1008,360,629,28437,67,0,67,1,16777216,2757,0.161,0,0.211
1,2760,25377.818,level1,0,1024,640,5.257,1,5.276,5.276,6.000,0,0.127,4.952,0.038,0.488,1.061,0.007,1,1,1123,3816,11,174844,1008,360,629,28449,67,0,67,1,16777216,2758,0.155,0,0.185
1,2761,25383.305,level1,0,1024,640,5.327,1,5.328,5.328,6.000,0,0.127,5.095,0.054,0.505,1.129,0.008,1,1,1123,3816,11,174844,1008,360,629,28461,67,0,67,1,16777216,2759,0.182,0,0.206
1,2762,25388.390,level1,0,1024,640,5.444,1,5.456,5.456,5.000,0,0.115,4.751,0.041,0.514,1.028,0.007,1,1,1123,3816,11,174844,1008,360,629,28473,67,0,67,1,16777216,2760,0.146,0,0.175
1,2763,25393.403,level1,0,1024,640,5.137,1,5.117,5.117,5.000,0,0.135,4.625,0.041,0.528,1.124,0.007,1,1,1123,3816,11,174844,1008,360,629,28485,67,0,67,1,16777216,2761,0.151,0,0.207
1,2764,25398.309,level1,0,1024,640,4.954,1,4.976,4.976,5.000,0,0.114,4.571,0.047,0.497,0.995,0.007,1,1,1123,3816,11,174844,1008,360,629,28497,67,0,67,1,16777216,2762,0.143,0,0.170
1,2765,25403.364,level1,0,1024,640,5.098,1,4.968,4.968,4.000,0,0.243,4.535,0.040,0.495,1.010,0.007,1,1,1123,3816,11,174844,1008,360,629,28509,67,0,67,1,16777216,2763,0.147,0,0.230
1,2766,25408.416,level1,0,1024,640,4.950,1,5.021,5.021,6.000,0,0.173,4.640,0.038,0.505,1.053,0.007,1,1,1126,3840,11,175420,1008,359,630,28521,67,0,67,1,16777216,2764,0.149,0,0.198
1,2767,25413.873,level1,0,1024,640,5.134,1,5.094,5.094,5.000,0,0.208,4.947,0.054,0.489,1.129,0.009,1,1,1105,3798,11,172396,1008,380,609,28533,67,0,67,1,16777216,2765,0.157,0,0.231
1,2768,25418.955,level1,0,1024,640,5.340,1,5.425,5.425,6.000,0,0.127,4.680,0.063,0.482,1.075,0.007,1,1,1102,3774,11,171820,1008,381,608,28545,67,0,67,1,16777216,2766,0.147,0,0.209
1,2769,25423.825,level1,0,1024,640,5.040,1,5.052,5.052,4.000,0,0.116,4.528,0.044,0.487,1.015,0.007,1,1,1102,3774,11,171820,1008,381,608,28557,67,0,67,1,16777216,2767,0.156,0,0.178
1,2770,25428.812,level1,0,1024,640,4.856,1,4.852,4.852,6.000,0,0.120,4.625,0.078,0.482,1.056,0.008,1,1,1102,3774,11,171820,1008,381,608,28569,67,0,67,1,16777216,2768,0.155,0,0.161
1,2771,25434.016,level1,0,1024,640,5.203,1,5.087,5.087,4.000,0,0.225,4.663,0.040,0.466,0.962,0.007,1,1,1102,3774,11,171820,1008,381,608,28581,67,0,67,1,16777216,2769,0.150,0,0.253
1,2772,25439.103,level1,0,1024,640,5.082,1,5.186,5.186,6.000,0,0.130,4.669,0.040,0.486,1.039,0.015,1,1,1102,3774,11,171820,1008,381,608,28593,67,0,67,1,16777216,2770,0.142,0,0.242
1,2773,25444.123,level1,0,1024,640,5.019,1,5.016,5.016,4.000,0,0.136,4.649,0.060,0.471,1.007,0.008,1,1,1102,3774,11,171820,1008,381,608,28605,67,0,67,1,16777216,2771,0.157,0,0.171
1,2774,25449.054,level1,0,1024,640,5.032,1,5.046,5.046,6.000,0,0.123,4.567,0.041,0.482,0.992,0.008,1,1,1102,3774,11,171820,1008,381,608,28617,67,0,67,1,16777216,2772,0.136,0,0.196
1,2775,25453.923,level1,0,1024,640,4.946,1,4.901,4.901,4.000,0,0.166,4.490,0.042,0.506,1.022,0.008,1,1,1099,3750,11,171244,1008,382,607,28629,67,0,67,1,16777216,2773,0.154,0,0.166
1,2776,25458.826,level1,0,1024,640,4.856,1,4.888,4.888,6.000,0,0.131,4.437,0.140,0.461,1.051,0.011,1,1,1099,3750,11,171244,1008,382,607,28641,67,0,67,1,16777216,2774,0.144,0,0.184
1,2777,25464.868,level1,0,1024,640,5.160,1,5.049,5.049,5.000,0,0.242,4.939,0.520,0.575,1.263,0.009,1,1,1099,3750,11,171244,1008,382,607,28653,67,0,67,1,16777216,2775,0.149,0,0.321
1,2778,25472.136,level1,0,1024,640,7.671,1,6.031,6.031,6.000,0,0.146,4.996,0.063,0.478,1.120,0.012,1,1,1099,3750,10,171192,1008,383,606,28664,67,0,67,1,16777216,2776,0.140,0,0.318
1,2779,25477.762,level1,0,1024,640,6.089,1,7.143,7.143,6.000,0,0.129,4.519,0.077,0.477,1.067,0.028,1,1,1099,3750,10,171192,1008,383,606,28675,67,0,67,1,16777216,2777,0.153,0,0.193
1,2780,25482.721,level1,0,1024,640,4.918,1,5.614,5.614,6.000,0,0.135,4.592,0.045,0.467,0.988,0.007,1,1,1099,3750,10,171192,1008,383,606,28686,67,0,67,1,16777216,2778,0.142,0,0.182
1,2781,25487.392,level1,0,1024,640,4.934,1,4.950,4.950,5.000,0,0.120,4.336,0.038,0.462,0.937,0.007,1,1,1099,3750,10,171192,1008,383,606,28697,67,0,67,1,16777216,2779,0.163,0,0.173
1,2782,25493.382,level1,0,1024,640,4.639,1,4.650,4.650,4.000,0,0.110,5.661,0.064,0.472,1.010,0.009,1,1,1099,3750,10,171192,1008,383,606,28708,67,0,67,1,16777216,2780,0.135,0,0.153
1,2783,25498.539,level1,0,1024,640,6.077,1,6.055,6.055,7.000,0,0.128,4.763,0.043,0.482,1.019,0.008,1,1,1099,3750,10,171192,1008,383,606,28719,67,0,67,1,16777216,2781,0.151,0,0.216
1,2784,25503.404,level1,0,1024,640,5.164,1,5.164,5.164,5.000,0,0.129,4.466,0.041,0.463,0.980,0.008,1,1,1099,3750,10,171192,1008,383,606,28730,67,0,67,1,16777216,2782,0.148,0,0.223
1,2785,25508.500,level1,0,1024,640,4.793,1,4.801,4.801,5.000,0,0.122,4.759,0.051,0.504,1.118,0.008,1,1,1099,3750,10,171192,1008,383,606,28741,67,0,67,1,16777216,2783,0.154,0,0.160
1,2786,25513.532,level1,0,1024,640,5.297,1,5.212,5.212,5.000,0,0.197,4.502,0.044,0.471,0.959,0.008,1,1,1099,3750,10,171192,1008,383,606,28752,67,0,67,1,16777216,2784,0.145,0,0.274
1,2787,25518.382,level1,0,1024,640,4.911,1,4.929,4.929,5.000,0,0.188,4.447,0.038,0.482,0.993,0.007,1,1,1099,3750,10,171192,1008,383,606,28763,67,0,67,1,16777216,2785,0.161,0,0.172
1,2788,25523.536,level1,0,1024,640,4.867,1,4.891,4.891,5.000,0,0.164,4.728,0.043,0.491,0.993,0.007,1,1,1099,3750,10,171192,1008,383,606,28774,67,0,67,1,16777216,2786,0.137,0,0.214
1,2789,25529.410,level1,0,1024,640,5.073,1,5.117,5.117,5.000,0,0.120,5.526,0.047,0.488,1.068,0.008,1,1,1099,3750,10,171192,1008,383,606,28785,67,0,67,1,16777216,2787,0.154,0,0.175
1,2790,25534.504,level1,0,1024,640,5.993,1,5.963,5.963,6.000,0,0.143,4.627,0.046,0.470,1.015,0.008,1,1,1099,3750,10,171192,1008,383,606,28796,67,0,67,1,16777216,2788,0.146,0,0.264
1,2791,25539.526,level1,0,1024,640,4.949,1,4.989,4.989,5.000,0,0.111,4.696,0.051,0.485,1.008,0.007,1,1,1099,3750,10,171192,1008,383,606,28807,67,0,67,1,16777216,2789,0.142,0,0.160
1,2792,25544.209,level1,0,1024,640,5.063,1,5.030,5.030,5.000,0,0.142,4.312,0.056,0.462,1.020,0.016,1,1,1099,3750,10,171192,1008,383,606,28818,67,0,67,1,16777216,2790,0.145,0,0.169
1,2793,25549.022,level1,0,1024,640,4.688,1,4.717,4.717,4.000,0,0.115,4.454,0.038,0.478,1.023,0.007,1,1,1099,3750,10,171192,1008,383,606,28829,67,0,67,1,16777216,2791,0.151,0,0.203
1,2794,25554.854,level1,0,1024,640,4.983,1,4.800,4.800,5.000,0,0.291,5.290,0.050,0.469,1.104,0.007,1,1,1099,3750,10,171192,1008,383,606,28840,67,0,67,1,16777216,2792,0.141,0,0.190
1,2795,25560.288,level1,0,1024,640,5.917,1,5.998,5.998,6.000,0,0.213,4.812,0.045,0.479,1.019,0.007,1,1,1099,3750,10,171192,1008,383,606,28851,67,0,67,1,16777216,2793,0.144,0,0.355
1,2796,25565.699,level1,0,1024,640,5.241,1,5.291,5.291,6.000,0,0.158,4.985,0.043,0.476,0.994,0.007,1,1,1099,3750,10,171192,1008,383,606,28862,67,0,67,1,16777216,2794,0.147,0,0.212
1,2797,25571.726,level1,0,1024,640,5.440,1,5.402,5.402,5.000,0,0.203,5.558,0.056,0.474,1.086,0.008,1,1,1099,3750,10,171192,1008,383,606,28873,67,0,67,1,16777216,2795,0.151,0,0.204
1,2798,25576.635,level1,0,1024,640,5.997,1,6.008,6.008,6.000,0,0.191,4.488,0.040,0.464,1.002,0.006,1,1,1099,3750,10,171192,1008,383,606,28884,67,0,67,1,16777216,2796,0.145,0,0.184
1,2799,25581.552,level1,0,1024,640,4.875,1,4.884,4.884,5.000,0,0.184,4.519,0.050,0.543,1.030,0.008,1,1,1099,3750,10,171192,1008,383,606,28895,67,0,67,1,16777216,2797,0.152,0,0.159
1,2800,25586.739,level1,0,1024,640,4.927,1,4.994,4.994,5.000,0,0.117,4.783,0.045,0.471,1.176,0.012,1,1,1099,3750,10,171192,1008,383,606,28906,67,0,67,1,16777216,2798,0.145,0,0.235
1,2801,25591.845,level1,0,1024,640,5.173,1,5.171,5.171,5.000,0,0.120,4.720,0.043,0.463,0.965,0.007,1,1,1099,3750,10,171192,1008,383,606,28917,67,0,67,1,16777216,2799,0.157,0,0.219
1,2802,25596.928,level1,0,1024,640,5.227,1,5.133,5.133,5.000,0,0.208,4.575,0.042,0.463,0.962,0.007,1,1,1099,3750,10,171192,1008,383,606,28928,67,0,67,1,16777216,2800,0.139,0,0.245
1,2803,25602.809,level1,0,1024,640,5.001,1,5.048,5.048,5.000,0,0.167,5.449,0.048,0.473,1.002,0.007,1,1,1099,3750,10,171192,1008,383,606,28939,67,0,67,1,16777216,2801,0.141,0,0.212
1,2804,25607.827,level1,0,1024,640,5.911,1,5.879,5.879,6.000,0,0.195,4.560,0.044,0.472,0.957,0.007,1,1,1100,3752,10,171336,1008,382,607,28950,67,0,67,1,16777216,2802,0.171,0,0.210
1,2805,25613.389,level1,0,1024,640,4.935,1,5.011,5.011,5.000,0,0.122,5.157,0.075,0.485,1.011,0.007,1,1,1100,3752,10,171336,1008,382,607,28961,67,0,67,1,16777216,2803,0.163,0,0.203
1,2806,25619.557,level1,0,1024,640,5.589,1,5.574,5.574,6.000,0,0.137,5.743,0.066,0.501,1.013,0.009,1,1,1100,3752,10,171336,1008,382,607,28972,67,0,67,1,16777216,2804,0.146,0,0.214
1,2807,25625.240,level1,0,1024,640,6.256,1,6.192,6.192,6.000,0,0.200,5.165,0.074,0.481,0.991,0.007,1,1,1100,3752,10,171336,1008,382,607,28983,67,0,67,1,16777216,2805,0.154,0,0.238
1,2808,25631.838,level1,0,1024,640,6.476,1,6.561,6.561,7.000,0,0.117,5.281,0.079,0.476,1.055,0.014,1,1,1100,3752,10,171336,1008,382,607,28994,67,0,67,1,16777216,2806,0.147,0,1.116
1,2809,25639.001,level1,0,1024,640,6.233,1,6.137,6.137,6.000,0,0.210,6.173,0.116,0.480,1.059,0.011,1,1,1100,3752,10,171336,1008,382,607,29005,67,0,67,1,16777216,2807,0.152,0,0.655
1,2810,25644.923,level1,0,1024,640,7.386,1,7.301,7.301,7.000,0,0.295,4.777,0.049,0.469,1.074,0.009,1,1,1100,3752,10,171336,1008,382,607,29016,67,0,67,1,16777216,2808,0.157,0,0.784
1,2811,25650.786,level1,0,1024,640,5.176,1,5.301,5.301,6.000,0,0.172,5.422,0.091,0.473,0.997,0.009,1,1,1100,3752,10,171336,1008,382,607,29027,67,0,67,1,16777216,2809,0.167,0,0.174
1,2812,25656.138,level1,0,1024,640,6.002,1,5.960,5.960,6.000,0,0.206,4.820,0.044,0.480,1.026,0.008,1,1,1079,3710,10,168312,1008,403,586,29038,67,0,67,1,16777216,2810,0.142,0,0.269
1,2813,25661.750,level1,0,1024,640,5.281,1,5.299,5.299,5.000,0,0.194,5.143,0.051,0.474,1.042,0.007,1,1,1079,3710,10,168312,1008,403,586,29049,67,0,67,1,16777216,2811,0.157,0,0.217
1,2814,25669.195,level1,0,1024,640,7.804,1,5.635,5.635,5.000,0,0.187,4.780,0.054,0.479,1.111,0.009,1,1,1088,3728,10,169608,1008,403,586,29060,67,0,67,1,16777216,2812,0.144,0,0.240
1,2815,25674.507,level1,0,1024,640,5.584,1,7.508,7.508,7.000,0,0.200,4.522,0.041,0.475,1.013,0.007,1,1,1088,3728,10,169608,1008,403,586,29071,67,0,67,1,16777216,2813,0.148,0,0.303
1,2816,25679.520,level1,0,1024,640,4.940,1,5.252,5.252,6.000,0,0.130,4.595,0.042,0.490,1.045,0.008,1,1,1088,3728,10,169608,1008,403,586,29082,67,0,67,1,16777216,2814,0.144,0,0.244
1,2817,25686.594,level1,0,1024,640,4.956,1,4.950,4.950,4.000,0,0.135,6.603,0.150,0.513,1.327,0.022,1,1,1088,3728,10,169608,1008,403,586,29093,67,0,67,1,16777216,2815,0.151,0,0.180
1,2818,25694.021,level1,0,1024,640,7.332,1,7.249,7.249,8.000,0,0.216,6.741,0.108,0.543,1.377,0.016,1,1,1088,3728,9,169556,1008,404,585,29103,67,0,67,1,16777216,2816,0.143,0,0.354
1,2819,25700.147,level1,0,1024,640,7.366,1,7.377,7.377,7.000,0,0.198,5.520,0.089,0.486,1.052,0.012,1,1,1088,3728,9,169556,1008,404,585,29113,67,0,67,1,16777216,2817,0.148,0,0.302
1,2820,25705.951,level1,0,1024,640,6.097,1,6.116,6.116,7.000,0,0.186,5.258,0.057,0.529,1.196,0.010,1,1,1088,3728,9,169556,1008,404,585,29123,67,0,67,1,16777216,2818,0.148,0,0.293
1,2821,25712.732,level1,0,1024,640,5.747,1,5.760,5.760,6.000,0,0.174,6.225,0.123,0.661,1.351,0.017,1,1,1088,3728,9,169556,1008,404,585,29133,67,0,67,1,16777216,2819,0.154,0,0.251
1,2822,25719.379,level1,0,1024,640,6.833,1,6.803,6.803,6.000,0,0.200,6.046,0.116,0.497,1.297,0.019,1,1,1088,3728,9,169556,1008,404,585,29143,67,0,67,1,16777216,2820,0.152,0,0.271
1,2823,25726.417,level1,0,1024,640,6.735,1,6.721,6.721,7.000,0,0.214,6.184,0.280,0.639,1.258,0.019,1,1,1088,3728,9,169556,1008,404,585,29153,67,0,67,1,16777216,2821,0.155,0,0.345
1,2824,25735.097,level1,0,1024,640,7.154,1,7.098,7.098,6.000,0,0.264,7.876,0.115,0.776,1.681,0.132,1,1,1099,3750,9,171140,1008,393,596,29163,67,0,67,1,16777216,2822,0.144,0,0.406
1,2825,25742.390,level1,0,1024,640,8.530,1,8.585,8.585,10.000,0,0.218,6.662,0.091,0.504,1.305,0.013,1,1,1099,3750,9,171140,1008,393,596,29173,67,0,67,1,16777216,2823,0.166,0,0.310
1,2826,25749.292,level1,0,1024,640,7.329,1,7.288,7.288,7.000,0,0.257,6.211,0.115,0.499,1.091,0.016,1,1,1099,3750,9,171140,1008,393,596,29183,67,0,67,1,16777216,2824,0.151,0,0.304
1,2827,25755.447,level1,0,1024,640,6.879,1,6.896,6.896,6.000,0,0.234,5.530,0.072,0.492,1.322,0.014,1,1,1099,3750,9,171140,1008,393,596,29193,67,0,67,1,16777216,2825,0.217,0,0.301
1,2828,25762.567,level1,0,1024,640,6.048,1,6.137,6.137,7.000,0,0.154,6.552,0.122,0.568,1.423,0.015,1,1,1099,3750,9,171140,1008,393,596,29203,67,0,67,1,16777216,2826,0.154,0,0.283
1,2829,25769.841,level1,0,1024,640,7.123,1,7.122,7.122,7.000,0,0.154,6.692,0.133,0.511,1.307,0.130,1,1,1102,3767,9,171660,1075,458,597,29213,67,0,67,1,16777216,2827,0.159,0,0.283
1,2830,25776.465,level1,0,1024,640,7.349,1,7.344,7.344,7.000,0,0.160,6.008,0.090,0.610,1.265,0.012,1,1,1102,3767,9,171660,1075,458,597,29223,67,0,67,1,16777216,2828,0.140,0,0.353
1,2831,25782.396,level1,0,1024,640,6.502,1,6.513,6.513,7.000,0,0.146,5.474,0.058,0.538,1.130,0.010,1,1,1102,3767,9,171660,1075,458,597,29233,67,0,67,1,16777216,2829,0.158,0,0.243
1,2832,25788.093,level1,0,1024,640,5.867,1,5.891,5.891,6.000,0,0.124,5.311,0.049,0.492,1.262,0.010,1,1,1107,3782,9,172420,1075,457,598,29243,67,0,67,1,16777216,2830,0.153,0,0.203
1,2833,25794.768,level1,0,1024,640,5.701,1,5.678,5.678,5.000,0,0.151,6.235,0.099,0.539,1.472,0.014,1,1,1107,3782,9,172420,1075,457,598,29253,67,0,67,1,16777216,2831,0.154,0,0.184
1,2834,25801.391,level1,0,1024,640,6.836,1,6.756,6.756,7.000,0,0.229,6.051,0.070,0.537,1.209,0.011,1,1,1107,3782,9,172420,1075,457,598,29263,67,0,67,1,16777216,2832,0.153,0,0.264
1,2835,25807.889,level1,0,1024,640,6.525,1,6.610,6.610,7.000,0,0.142,5.978,0.116,0.503,1.058,0.013,1,1,1107,3782,9,172420,1075,457,598,29273,67,0,67,1,16777216,2833,0.154,0,0.251
1,2836,25815.248,level1,0,1024,640,6.470,1,6.467,6.467,6.000,0,0.147,6.895,0.086,0.496,1.041,0.011,1,1,1107,3782,9,172420,1075,457,598,29283,67,0,67,1,16777216,2834,0.148,0,0.222
1,2837,25821.373,level1,0,1024,640,7.432,1,7.424,7.424,8.000,0,0.155,5.609,0.067,0.600,1.269,0.013,1,1,1107,3782,9,172420,1075,457,598,29293,67,0,67,1,16777216,2835,0.157,0,0.286
1,2838,25827.467,level1,0,1024,640,6.142,1,6.117,6.117,6.000,0,0.180,5.573,0.055,0.489,1.063,0.011,1,1,1107,3782,9,172420,1075,457,598,29303,67,0,67,1,16777216,2836,0.156,0,0.277
1,2839,25833.789,level1,0,1024,640,6.102,1,6.049,6.049,5.000,0,0.226,5.780,0.068,0.486,1.108,0.012,1,1,1107,3782,9,172420,1075,457,598,29313,67,0,67,1,16777216,2837,0.157,0,0.234
1,2840,25841.050,level1,0,1024,640,6.240,1,6.349,6.349,7.000,0,0.126,6.777,0.091,0.581,1.136,0.014,1,1,1107,3782,9,172420,1075,457,598,29323,67,0,67,1,16777216,2838,0.149,0,0.260
1,2841,25847.125,level1,0,1024,640,7.418,1,7.369,7.369,7.000,0,0.172,5.465,0.062,0.499,1.030,0.011,1,1,1107,3782,9,172420,1075,457,598,29333,67,0,67,1,16777216,2839,0.165,0,0.367
1,2842,25853.678,level1,0,1024,640,5.957,1,5.938,5.938,6.000,0,0.192,6.010,0.110,0.487,1.131,0.012,1,1,1103,3779,9,171884,1075,456,599,29343,67,0,67,1,16777216,2840,0.155,0,0.232
1,2843,25859.722,level1,0,1024,640,6.803,1,6.751,6.751,7.000,0,0.243,5.292,0.072,0.552,1.108,0.011,1,1,1100,3773,9,171452,1075,459,596,29353,67,0,67,1,16777216,2841,0.146,0,0.424
1,2844,25865.563,level1,0,1024,640,5.973,1,5.937,5.937,6.000,0,0.277,5.178,0.055,0.473,0.987,0.011,1,1,1100,3773,9,171452,1075,459,596,29363,67,0,67,1,16777216,2842,0.153,0,0.319
1,2845,25872.398,level1,0,1024,640,5.857,1,5.806,5.806,6.000,0,0.320,6.042,0.167,0.487,1.183,0.038,1,1,1100,3773,9,171452,1075,459,596,29373,67,0,67,1,16777216,2843,0.152,0,0.281
1,2846,25880.559,level1,0,1024,640,8.648,1,6.805,6.805,7.000,0,0.158,5.613,0.110,0.495,1.102,0.012,1,1,1100,3773,9,171452,1075,459,596,29383,67,0,67,1,16777216,2844,0.145,0,0.257
1,2847,25887.851,level1,0,1024,640,6.688,1,8.142,8.142,8.000,0,0.134,6.160,0.166,0.487,1.229,0.010,1,1,1100,3773,9,171452,1075,459,596,29393,67,0,67,1,16777216,2845,0.152,0,0.239
1,2848,25894.426,level1,0,1024,640,6.977,1,7.374,7.374,7.000,0,0.322,5.865,0.060,0.484,1.053,0.011,1,1,1100,3773,9,171452,1075,459,596,29403,67,0,67,1,16777216,2846,0.152,0,0.313
1,2849,25901.525,level1,0,1024,640,6.391,1,6.511,6.511,7.000,0,0.202,6.495,0.136,0.488,1.006,0.011,1,1,1100,3773,9,171452,1075,459,596,29413,67,0,67,1,16777216,2847,0.202,0,0.257
1,2850,25908.302,level1,0,1024,640,7.271,1,7.224,7.224,7.000,0,0.248,5.956,0.181,0.481,1.103,0.024,1,1,1100,3773,9,171452,1075,459,596,29423,67,0,67,1,16777216,2848,0.151,0,0.379
1,2851,25914.958,level1,0,1024,640,6.692,1,6.751,6.751,7.000,0,0.189,5.829,0.273,0.479,1.510,0.018,1,1,1100,3773,9,171452,1075,459,596,29433,67,0,67,1,16777216,2849,0.162,0,0.355
1,2852,25921.759,level1,0,1024,640,6.622,1,6.594,6.594,7.000,0,0.216,6.193,0.089,0.623,1.303,0.013,1,1,1095,3758,9,170692,1075,460,595,29443,67,0,67,1,16777216,2850,0.153,0,0.291
1,2853,25927.805,level1,0,1024,640,6.798,1,6.793,6.793,6.000,0,0.223,5.452,0.078,0.509,1.044,0.010,1,1,1095,3758,9,170692,1075,460,595,29453,67,0,67,1,16777216,2851,0.161,0,0.285
1,2854,25934.102,level1,0,1024,640,5.959,1,5.994,5.994,6.000,0,0.187,5.798,0.070,0.517,1.068,0.010,1,1,1095,3758,9,170692,1075,460,595,29463,67,0,67,1,16777216,2852,0.147,0,0.235
1,2855,25939.940,level1,0,1024,640,6.323,1,6.312,6.312,7.000,0,0.194,5.324,0.057,0.472,0.970,0.010,1,1,1074,3716,9,167668,1075,481,574,29473,67,0,67,1,16777216,2853,0.155,0,0.248
1,2856,25945.854,level1,0,1024,640,5.844,1,5.845,5.845,5.000,0,0.196,5.347,0.105,0.602,1.273,0.013,1,1,1074,3716,9,167668,1075,481,574,29483,67,0,67,1,16777216,2854,0.146,0,0.256
1,2857,25952.153,level1,0,1024,640,6.038,1,6.018,6.018,7.000,0,0.217,5.650,0.064,0.505,1.139,0.011,1,1,1074,3716,9,167668,1075,481,574,29493,67,0,67,1,16777216,2855,0.153,0,0.353
1,2858,25957.528,level1,0,1024,640,6.095,1,6.185,6.185,6.000,0,0.126,4.947,0.048,0.484,0.976,0.009,1,1,1074,3716,9,167668,1075,481,574,29503,67,0,67,1,16777216,2856,0.149,0,0.246
1,2859,25963.068,level1,0,1024,640,5.316,1,5.298,5.298,4.000,0,0.146,5.159,0.059,0.500,1.071,0.010,1,1,1074,3716,9,167668,1075,481,574,29513,67,0,67,1,16777216,2857,0.157,0,0.170
1,2860,25968.228,level1,0,1024,640,5.536,1,5.563,5.563,6.000,0,0.118,4.794,0.049,0.483,0.997,0.009,1,1,1069,3701,9,166908,1075,482,573,29523,67,0,67,1,16777216,2858,0.143,0,0.193
1,2861,25974.099,level1,0,1024,640,5.232,1,5.169,5.169,6.000,0,0.181,5.423,0.058,0.472,1.058,0.009,1,1,1069,3701,9,166908,1075,482,573,29533,67,0,67,1,16777216,2859,0.153,0,0.202
1,2862,25981.162,level1,0,1024,640,5.978,1,5.935,5.935,5.000,0,0.222,6.310,0.252,0.687,1.555,0.025,1,1,1069,3701,9,166908,1075,482,573,29543,67,0,67,1,16777216,2860,0.652,0,0.266
1,2863,25986.847,level1,0,1024,640,7.055,1,7.130,7.130,8.000,0,0.149,5.146,0.051,0.480,1.112,0.014,1,1,1069,3701,9,166908,1075,482,573,29553,67,0,67,1,16777216,2861,0.657,0,0.333
1,2864,25992.957,level1,0,1024,640,5.663,1,5.695,5.695,5.000,0,0.118,5.516,0.126,0.792,1.399,0.010,1,1,1069,3701,9,166908,1075,482,573,29563,67,0,67,1,16777216,2862,0.134,0,0.343
1,2865,25998.601,level1,0,1024,640,6.231,1,6.124,6.124,7.000,0,0.219,4.997,0.060,0.479,1.052,0.008,1,1,1069,3701,9,166908,1075,482,573,29573,67,0,67,1,16777216,2863,0.155,0,0.349
1,2866,26005.399,level1,0,1024,640,6.464,1,5.607,5.607,5.000,0,1.079,5.232,0.159,0.467,1.163,0.042,1,1,1069,3701,9,166908,1075,482,573,29583,67,0,67,1,16777216,2864,0.145,0,0.319
1,2867,26012.149,level1,0,1024,640,6.213,1,7.117,7.117,8.000,0,0.178,5.860,0.067,0.517,1.291,0.014,1,1,1069,3701,9,166908,1075,482,573,29593,67,0,67,1,16777216,2865,0.160,0,0.637
1,2868,26018.051,level1,0,1024,640,6.320,1,6.365,6.365,6.000,0,0.128,5.459,0.051,0.499,1.330,0.010,1,1,1069,3701,9,166908,1075,482,573,29603,67,0,67,1,16777216,2866,0.143,0,0.252
1,2869,26024.040,level1,0,1024,640,5.926,1,5.903,5.903,5.000,0,0.156,5.478,0.094,0.473,1.375,0.014,1,1,1069,3701,9,166908,1075,482,573,29613,67,0,67,1,16777216,2867,0.155,0,0.253
1,2870,26030.009,level1,0,1024,640,6.077,1,6.024,6.024,7.000,0,0.209,5.387,0.077,0.612,1.285,0.014,1,1,1069,3701,9,166908,1075,482,573,29623,67,0,67,1,16777216,2868,0.142,0,0.286
1,2871,26035.721,level1,0,1024,640,5.951,1,5.971,5.971,4.000,0,0.189,5.157,0.068,0.483,1.139,0.015,1,1,1069,3701,9,166908,1075,482,573,29633,67,0,67,1,16777216,2869,0.154,0,0.291
1,2872,26042.580,level1,0,1024,640,5.710,1,5.687,5.687,7.000,0,0.212,6.308,0.067,0.755,1.482,0.012,1,1,1069,3701,9,166908,1075,482,573,29643,67,0,67,1,16777216,2870,0.147,0,0.266
1,2873,26048.510,level1,0,1024,640,6.751,1,6.800,6.800,8.000,0,0.161,5.451,0.102,0.566,1.211,0.011,1,1,1069,3701,9,166908,1075,482,573,29653,67,0,67,1,16777216,2871,0.153,0,0.207
1,2874,26055.227,level1,0,1024,640,6.108,1,6.045,6.045,5.000,0,0.224,6.082,0.081,0.476,1.178,0.013,1,1,1079,3721,9,168348,1075,472,583,29663,67,0,67,1,16777216,2872,0.150,0,0.322
1,2875,26061.136,level1,0,1024,640,6.509,1,6.610,6.610,7.000,0,0.124,5.510,0.053,0.489,1.194,0.009,1,1,1079,3721,9,168348,1075,472,583,29673,67,0,67,1,16777216,2873,0.157,0,0.215
1,2876,26066.750,level1,0,1024,640,6.029,1,6.002,6.002,6.000,0,0.151,5.099,0.049,0.474,0.980,0.009,1,1,1079,3721,9,168348,1075,472,583,29683,67,0,67,1,16777216,2874,0.151,0,0.308
1,2877,26073.373,level1,0,1024,640,5.553,1,5.517,5.517,5.000,0,0.187,6.097,0.121,0.482,1.147,0.014,1,1,1082,3738,9,168868,1075,471,584,29693,67,0,67,1,16777216,2875,0.148,0,0.212
1,2878,26080.844,level1,0,1024,640,8.427,1,6.658,6.658,7.000,0,0.141,5.161,0.102,0.478,0.978,0.010,1,1,1082,3738,9,168868,1075,471,584,29703,67,0,67,1,16777216,2876,0.148,0,0.246
1,2879,26088.287,level1,0,1024,640,6.169,1,7.414,7.414,7.000,0,0.121,6.423,0.110,0.606,1.349,0.018,1,1,1082,3738,9,168868,1075,471,584,29713,67,0,67,1,16777216,2877,0.156,0,0.190
1,2880,26098.207,level1,0,1024,640,9.514,1,7.536,7.536,8.000,0,0.189,6.823,0.118,0.557,1.391,0.012,1,1,1087,3753,9,169628,1075,470,585,29723,67,0,67,1,16777216,2878,0.148,0,0.283
1,2881,26105.548,level1,0,1024,640,8.199,1,9.919,9.919,9.000,0,0.253,6.017,0.065,0.486,1.033,0.010,1,1,1087,3753,9,169628,1075,470,585,29733,67,0,67,1,16777216,2879,0.156,0,0.280
1,2882,26111.674,level1,0,1024,640,7.227,1,7.359,7.359,9.000,0,0.214,4.931,0.052,0.486,1.026,0.008,1,1,1087,3753,9,169628,1075,470,585,29743,67,0,67,1,16777216,2880,0.144,0,0.299
1,2883,26119.594,level1,0,1024,640,5.891,1,6.008,6.008,5.000,0,0.116,6.900,0.111,0.716,1.606,0.021,1,1,1087,3753,9,169628,1075,470,585,29753,67,0,67,1,16777216,2881,0.149,0,0.183
1,2884,26128.269,level1,0,1024,640,7.724,1,8.160,8.160,8.000,0,0.277,7.834,0.128,0.750,1.949,0.018,1,1,1087,3753,9,169628,1075,470,585,29763,67,0,67,1,16777216,2882,0.144,0,0.421
1,2885,26135.544,level1,0,1024,640,8.458,1,8.563,8.563,9.000,0,0.165,6.706,0.075,0.646,1.192,0.012,1,1,1087,3753,9,169628,1075,470,585,29773,67,0,67,1,16777216,2883,0.161,0,0.308
1,2886,26141.961,level1,0,1024,640,7.410,1,7.331,7.331,6.000,0,0.256,5.707,0.081,0.479,0.975,0.009,1,1,1087,3753,9,169628,1075,470,585,29783,67,0,67,1,16777216,2884,0.150,0,0.364
1,2887,26147.756,level1,0,1024,640,6.312,1,6.308,6.308,7.000,0,0.256,5.220,0.051,0.501,1.006,0.009,1,1,1087,3753,9,169628,1075,470,585,29793,67,0,67,1,16777216,2885,0.156,0,0.256
1,2888,26154.306,level1,0,1024,640,5.699,1,5.761,5.761,6.000,0,0.199,6.049,0.073,0.483,0.994,0.010,1,1,1087,3753,9,169628,1075,470,585,29803,67,0,67,1,16777216,2886,0.135,0,0.223
1,2889,26160.928,level1,0,1024,640,6.695,1,6.707,6.707,7.000,0,0.184,5.987,0.060,0.476,0.996,0.010,1,1,1087,3753,9,169628,1075,470,585,29813,67,0,67,1,16777216,2887,0.149,0,0.379
1,2890,26166.824,level1,0,1024,640,6.516,1,6.509,6.509,6.000,0,0.193,5.357,0.070,0.477,0.998,0.010,1,1,1087,3753,9,169628,1075,470,585,29823,67,0,67,1,16777216,2888,0.220,0,0.267
1,2891,26173.338,level1,0,1024,640,5.847,1,5.871,5.871,6.000,0,0.171,5.990,0.103,0.498,1.212,0.015,1,1,1087,3753,9,169628,1075,470,585,29833,67,0,67,1,16777216,2889,0.155,0,0.242
1,2892,26180.998,level1,0,1024,640,6.616,1,6.570,6.570,7.000,0,0.214,6.994,0.144,0.704,1.541,0.020,1,1,1087,3753,9,169628,1075,470,585,29843,67,0,67,1,16777216,2890,0.154,0,0.297
1,2893,26190.581,level1,0,1024,640,7.702,1,7.681,7.681,8.000,0,0.234,8.874,0.144,0.754,1.321,0.020,1,1,1084,3747,9,169196,1075,473,582,29853,67,0,67,1,16777216,2891,0.156,0,0.317
1,2894,26199.437,level1,0,1024,640,10.288,1,9.665,9.665,10.000,0,0.401,7.444,0.141,0.747,1.749,0.023,1,1,1084,3747,9,169196,1075,473,582,29863,67,0,67,1,16777216,2892,0.142,0,0.398
1,2895,26210.517,level1,0,1024,640,10.012,1,8.792,8.792,8.000,0,0.219,8.493,0.161,0.931,2.086,0.026,1,1,1084,3747,9,169196,1075,473,582,29873,67,0,67,1,16777216,2893,0.158,0,0.335
1,2896,26220.982,level1,0,1024,640,10.022,1,11.116,11.116,11.000,0,0.288,8.965,0.131,1.460,2.330,0.025,1,1,1089,3762,9,169956,1075,472,583,29883,67,0,67,1,16777216,2894,0.148,0,0.371
1,2897,26230.516,level1,0,1024,640,10.162,1,10.734,10.734,11.000,0,0.410,8.351,0.117,0.774,1.798,0.024,1,1,1089,3762,9,169956,1075,472,583,29893,67,0,67,1,16777216,2895,0.165,0,0.635
1,2898,26238.951,level1,0,1024,640,9.586,1,9.245,9.245,9.000,0,0.290,7.223,0.094,0.561,1.418,0.013,1,1,1089,3762,9,169956,1075,472,583,29903,67,0,67,1,16777216,2896,0.225,0,0.352
1,2899,26247.418,level1,0,1024,640,9.853,1,8.391,8.391,8.000,0,0.344,5.815,0.118,0.512,1.118,0.024,1,1,1089,3762,9,169956,1075,472,583,29913,67,0,67,1,16777216,2897,0.158,0,0.308
1,2900,26257.422,level1,0,1024,640,7.981,1,8.386,8.386,8.000,0,0.141,6.365,1.590,0.889,1.780,0.019,1,1,1089,3762,9,169956,1075,472,583,29923,67,0,67,1,16777216,2898,0.153,0,0.228
1,2901,26265.914,level1,0,1024,640,10.670,1,10.030,10.030,11.000,0,0.192,5.675,0.102,0.494,1.034,0.014,1,1,1089,3762,9,169956,1075,472,583,29933,67,0,67,1,16777216,2899,0.149,0,0.253
1,2902,26274.562,level1,0,1024,640,8.286,1,8.469,8.469,9.000,0,0.154,6.017,0.123,0.501,1.043,0.015,1,1,1089,3762,9,169956,1075,472,583,29943,67,0,67,1,16777216,2900,0.149,0,0.231
1,2903,26282.508,level1,0,1024,640,8.475,1,8.644,8.644,8.000,0,0.137,5.544,0.069,0.474,1.254,0.012,1,1,1089,3762,9,169956,1075,472,583,29953,67,0,67,1,16777216,2901,0.147,0,0.227
1,2904,26291.254,level1,0,1024,640,7.386,1,8.122,8.122,7.000,0,0.179,6.833,0.137,0.508,1.491,0.023,1,1,1089,3762,9,169956,1075,472,583,29963,67,0,67,1,16777216,2902,0.146,0,0.402
1,2905,26304.186,level1,0,1024,640,11.435,1,8.608,8.608,9.000,0,0.196,6.601,1.867,0.495,1.516,0.028,1,1,1089,3762,9,169956,1075,472,583,29973,67,0,67,1,16777216,2903,0.165,0,0.266
1,2906,26313.809,level1,0,1024,640,12.014,1,12.934,12.934,14.000,0,0.156,5.957,0.120,0.526,1.197,0.018,1,1,1089,3762,9,169956,1075,472,583,29983,67,0,67,1,16777216,2904,0.169,0,0.267
1,2907,26322.685,level1,0,1024,640,9.775,1,9.808,9.808,10.000,0,0.423,5.110,0.069,0.467,0.963,0.009,1,1,1089,3762,9,169956,1075,472,583,29993,67,0,67,1,16777216,2905,0.154,0,0.450
1,2908,26329.341,level1,0,1024,640,6.954,1,8.616,8.616,8.000,0,0.129,4.800,0.081,0.481,0.977,0.009,1,1,1089,3762,9,169956,1075,472,583,30003,67,0,67,1,16777216,2906,0.169,0,0.193
1,2909,26335.529,level1,0,1024,640,6.220,1,6.648,6.648,7.000,0,0.123,4.786,0.063,0.471,1.026,0.009,1,1,1089,3762,9,169956,1075,472,583,30013,67,0,67,1,16777216,2907,0.116,0,0.185
1,2910,26342.118,level1,0,1024,640,6.027,1,6.183,6.183,6.000,0,0.129,5.321,0.090,0.495,1.010,0.008,1,1,1089,3762,9,169956,1075,472,583,30023,67,0,67,1,16777216,2908,0.114,0,0.180
1,2911,26347.220,level1,0,1024,640,5.740,1,6.602,6.602,7.000,0,0.131,4.721,0.053,0.473,0.952,0.008,1,1,1089,3762,9,169956,1075,472,583,30033,67,0,67,1,16777216,2909,0.118,0,0.194
1,2912,26354.400,level1,0,1024,640,7.000,1,5.075,5.075,4.000,0,0.158,4.681,0.271,0.476,0.964,0.009,1,1,1089,3762,8,169904,1064,463,582,30042,67,0,67,1,16777216,2910,0.122,0,0.167
1,2913,26359.418,level1,0,1024,640,5.285,1,7.212,7.212,8.000,0,0.128,4.625,0.062,0.470,0.958,0.009,1,1,1089,3762,8,169904,1064,463,582,30051,67,0,67,1,16777216,2911,0.111,0,0.197
1,2914,26365.551,level1,0,1024,640,5.773,1,4.997,4.997,5.000,0,0.114,4.729,0.315,0.555,1.054,0.009,1,1,1089,3762,8,169904,1064,463,582,30060,67,0,67,1,16777216,2912,0.104,0,0.177
1,2915,26371.245,level1,0,1024,640,5.982,1,6.196,6.196,6.000,0,0.127,4.697,0.062,0.473,0.957,0.008,1,1,1089,3762,8,169904,1064,463,582,30069,67,0,67,1,16777216,2913,0.117,0,0.240
1,2916,26376.172,level1,0,1024,640,5.092,1,5.647,5.647,6.000,0,0.135,4.549,0.045,0.466,0.938,0.007,1,1,1089,3762,8,169904,1064,463,582,30078,67,0,67,1,16777216,2914,0.117,0,0.192
1,2917,26384.232,level1,0,1024,640,6.368,1,4.919,4.919,5.000,0,0.116,4.934,1.351,0.473,1.029,0.026,1,1,1089,3762,8,169904,1064,463,582,30087,67,0,67,1,16777216,2915,0.117,0,0.185
1,2918,26390.859,level1,0,1024,640,8.061,1,8.071,8.071,7.000,0,0.124,4.786,0.067,0.468,0.986,0.009,1,1,1089,3762,8,169904,1064,463,582,30096,67,0,67,1,16777216,2916,0.117,0,0.196
1,2919,26397.437,level1,0,1024,640,6.510,1,6.640,6.640,8.000,0,0.126,4.856,0.064,0.469,0.970,0.009,1,1,1089,3762,8,169904,1064,463,582,30105,67,0,67,1,16777216,2917,0.118,0,0.209
1,2920,26404.419,level1,0,1024,640,6.363,1,6.578,6.578,6.000,0,0.120,5.401,0.137,0.469,0.954,0.009,1,1,1089,3762,8,169904,1064,463,582,30114,67,0,67,1,16777216,2918,0.113,0,0.209
1,2921,26410.756,level1,0,1024,640,7.079,1,6.977,6.977,7.000,0,0.131,4.726,0.072,0.470,0.989,0.013,1,1,1089,3762,8,169904,1064,463,582,30123,67,0,67,1,16777216,2919,0.110,0,0.204
1,2922,26417.095,level1,0,1024,640,6.385,1,6.325,6.325,6.000,0,0.140,4.688,0.064,0.479,0.980,0.009,1,1,1089,3762,8,169904,1064,463,582,30132,67,0,67,1,16777216,2920,0.346,0,0.192
1,2923,26424.550,level1,0,1024,640,7.353,1,6.336,6.336,6.000,0,0.124,4.790,0.064,0.475,1.009,0.069,1,1,1089,3762,8,169904,1064,463,582,30141,67,0,67,1,16777216,2921,0.117,0,0.188
1,2924,26431.564,level1,0,1024,640,6.631,1,7.468,7.468,8.000,0,0.129,5.171,0.067,0.478,0.966,0.008,1,1,1089,3762,8,169904,1064,463,582,30150,67,0,67,1,16777216,2922,0.114,0,0.202
1,2925,26436.684,level1,0,1024,640,5.548,1,6.995,6.995,7.000,0,0.123,4.753,0.057,0.466,0.955,0.008,1,1,1089,3762,8,169904,1064,463,582,30159,67,0,67,1,16777216,2923,0.108,0,0.182
1,2926,26443.195,level1,0,1024,640,6.412,1,5.112,5.112,5.000,0,0.119,4.832,0.076,0.468,1.085,0.032,1,1,1089,3762,8,169904,1064,463,582,30168,67,0,67,1,16777216,2924,0.120,0,0.175
1,2927,26454.725,level1,0,1024,640,11.572,1,6.524,6.524,7.000,0,0.128,4.791,0.075,0.470,0.978,0.010,1,1,1089,3762,8,169904,1064,463,582,30177,67,0,67,1,16777216,2925,0.108,0,0.188
1,2928,26461.308,level1,0,1024,640,6.649,1,11.544,11.544,11.000,0,0.133,4.739,0.061,0.477,0.965,0.009,1,1,1084,3747,8,169144,1064,464,581,30186,67,0,67,1,16777216,2926,0.098,0,0.202
1,2929,26466.968,level1,0,1024,640,5.785,1,6.565,6.565,7.000,0,0.149,4.619,0.056,0.483,0.960,0.007,1,1,1084,3747,8,169144,1064,464,581,30195,67,0,67,1,16777216,2927,0.115,0,0.185
1,2930,26473.984,level1,0,1024,640,6.483,1,5.716,5.716,5.000,0,0.132,5.142,0.066,0.477,0.959,0.009,1,1,1084,3747,8,169144,1064,464,581,30204,67,0,67,1,16777216,2928,0.112,0,0.240
1,2931,26482.256,level1,0,1024,640,8.462,1,6.978,6.978,7.000,0,0.130,4.698,0.319,0.486,0.980,0.009,1,1,1084,3747,8,169144,1064,464,581,30213,67,0,67,1,16777216,2929,0.123,0,0.202
1,2932,26488.882,level1,0,1024,640,6.390,1,8.263,8.263,9.000,0,0.234,5.159,0.094,0.477,0.976,0.009,1,1,1087,3753,8,169576,1064,461,584,30222,67,0,67,1,16777216,2930,0.117,0,0.192
1,2933,26495.375,level1,0,1024,640,6.959,1,6.617,6.617,7.000,0,0.119,4.728,0.060,0.493,0.985,0.009,1,1,1108,3795,8,172600,1064,440,605,30231,67,0,67,1,16777216,2931,0.114,0,0.184
1,2934,26501.966,level1,0,1024,640,6.573,1,6.524,6.524,6.000,0,0.125,4.730,0.076,0.486,0.977,0.008,1,1,1108,3795,8,172600,1064,440,605,30240,67,0,67,1,16777216,2932,0.108,0,0.215
1,2935,26508.638,level1,0,1024,640,6.256,1,6.560,6.560,6.000,0,0.133,4.973,0.249,0.527,1.023,0.009,1,1,1108,3795,8,172600,1064,440,605,30249,67,0,67,1,16777216,2933,0.112,0,0.184
1,2936,26516.124,level1,0,1024,640,7.774,1,6.698,6.698,7.000,0,0.137,4.831,0.103,0.529,1.041,0.009,1,1,1108,3795,8,172600,1064,440,605,30258,67,0,67,1,16777216,2934,0.119,0,0.210
1,2937,26522.175,level1,0,1024,640,6.024,1,7.470,7.470,8.000,0,0.119,4.891,0.069,0.504,1.003,0.009,1,1,1108,3795,8,172600,1064,440,605,30267,67,0,67,1,16777216,2935,0.124,0,0.194
1,2938,26528.466,level1,0,1024,640,6.249,1,6.118,6.118,6.000,0,0.167,4.945,0.058,0.486,0.974,0.008,1,1,1108,3795,8,172600,1064,440,605,30276,67,0,67,1,16777216,2936,0.107,0,0.259
1,2939,26533.948,level1,0,1024,640,5.304,1,6.206,6.206,6.000,0,0.120,5.117,0.064,0.495,0.985,0.008,1,1,1108,3795,8,172600,1064,440,605,30285,67,0,67,1,16777216,2937,0.110,0,0.177
1,2940,26540.884,level1,0,1024,640,6.895,1,5.482,5.482,6.000,0,0.120,4.898,0.323,0.490,0.988,0.009,1,1,1108,3795,8,172600,1064,440,605,30294,67,0,67,1,16777216,2938,0.118,0,0.177
1,2941,26549.749,level1,0,1024,640,8.199,1,6.954,6.954,7.000,0,0.124,5.804,0.083,0.488,1.401,0.015,1,1,1108,3795,8,172600,1064,440,605,30303,67,0,67,1,16777216,2939,0.113,0,0.194
1,2942,26555.599,level1,0,1024,640,6.947,1,8.993,8.993,9.000,0,0.194,4.733,0.059,0.485,0.983,0.008,1,1,1108,3795,8,172600,1064,440,605,30312,67,0,67,1,16777216,2940,0.101,0,0.321
1,2943,26561.913,level1,0,1024,640,6.265,1,5.765,5.765,5.000,0,0.238,4.773,0.068,0.484,0.986,0.011,1,1,1108,3795,8,172600,1064,440,605,30321,67,0,67,1,16777216,2941,0.122,0,0.235
1,2944,26568.373,level1,0,1024,640,6.001,1,6.317,6.317,6.000,0,0.132,5.224,0.075,0.723,1.426,0.014,1,1,1108,3795,8,172600,1064,440,605,30330,67,0,67,1,16777216,2942,0.109,0,0.240
1,2945,26576.262,level1,0,1024,640,8.100,1,6.528,6.528,6.000,0,0.197,4.882,0.207,0.564,1.065,0.010,1,1,1108,3795,8,172600,1064,440,605,30339,67,0,67,1,16777216,2943,0.121,0,0.308
1,2946,26582.506,level1,0,1024,640,6.316,1,7.770,7.770,9.000,0,0.125,4.959,0.058,0.501,1.046,0.012,1,1,1108,3795,8,172600,1064,440,605,30348,67,0,67,1,16777216,2944,0.105,0,0.190
1,2947,26588.652,level1,0,1024,640,5.963,1,6.311,6.311,6.000,0,0.126,5.138,0.060,0.495,0.992,0.008,1,1,1108,3795,8,172600,1064,440,605,30357,67,0,67,1,16777216,2945,0.118,0,0.256
1,2948,26594.300,level1,0,1024,640,5.656,1,6.168,6.168,6.000,0,0.171,5.111,0.055,0.482,0.983,0.008,1,1,1103,3780,8,171840,1064,441,604,30366,67,0,67,1,16777216,2946,0.117,0,0.279
1,2949,26601.792,level1,0,1024,640,6.360,1,5.567,5.567,6.000,0,0.114,5.512,0.811,0.721,1.404,0.010,1,1,1103,3780,8,171840,1064,441,604,30375,67,0,67,1,16777216,2947,0.113,0,0.198
1,2950,26610.290,level1,0,1024,640,9.784,1,7.531,7.531,7.000,0,0.201,4.968,0.068,0.570,1.183,0.011,1,1,1103,3780,8,171840,1064,441,604,30384,67,0,67,1,16777216,2948,0.127,0,0.237
1,2951,26618.101,level1,0,1024,640,6.236,1,8.528,8.528,9.000,0,0.126,6.510,0.101,0.717,1.235,0.010,1,1,1100,3763,8,171320,1064,442,603,30393,67,0,67,1,16777216,2949,0.112,0,0.267
1,2952,26624.480,level1,0,1024,640,7.597,1,7.808,7.808,8.000,0,0.150,5.305,0.089,0.669,1.424,0.012,1,1,1100,3763,8,171320,1064,442,603,30402,67,0,67,1,16777216,2950,0.123,0,0.263
1,2953,26635.354,level1,0,1024,640,6.790,1,6.612,6.612,7.000,0,0.220,7.732,1.744,0.760,1.637,0.017,1,1,1100,3763,8,171320,1064,442,603,30411,67,0,67,1,16777216,2951,0.120,0,0.495
1,2954,26642.659,level1,0,1024,640,11.518,1,11.185,11.185,10.000,0,0.136,5.177,0.088,0.503,1.119,0.013,1,1,1090,3743,8,169880,1064,452,593,30420,67,0,67,1,16777216,2952,0.124,0,0.807
1,2955,26649.521,level1,0,1024,640,6.465,1,6.700,6.700,7.000,0,0.144,5.554,0.107,0.487,1.199,0.018,1,1,1090,3743,8,169880,1064,452,593,30429,67,0,67,1,16777216,2953,0.114,0,0.203
1,2956,26658.976,level1,0,1024,640,7.184,1,6.989,6.989,7.000,0,0.252,7.692,0.237,0.807,1.657,0.015,1,1,1090,3743,8,169880,1064,452,593,30438,67,0,67,1,16777216,2954,0.117,0,0.328
1,2957,26669.051,level1,0,1024,640,9.140,1,9.501,9.501,9.000,0,0.231,8.472,0.394,0.524,1.334,0.018,1,1,1090,3743,8,169880,1064,452,593,30447,67,0,67,1,16777216,2955,0.121,0,0.374
1,2958,26678.474,level1,0,1024,640,10.802,1,10.052,10.052,11.000,0,0.189,7.376,0.112,0.570,1.215,0.010,1,1,1090,3743,8,169880,1064,452,593,30456,67,0,67,1,16777216,2956,0.124,0,0.352
1,2959,26684.235,level1,0,1024,640,8.528,1,9.294,9.294,9.000,0,0.137,4.650,0.071,0.482,0.962,0.008,1,1,1090,3743,8,169880,1064,452,593,30465,67,0,67,1,16777216,2957,0.122,0,0.223
1,2960,26690.374,level1,0,1024,640,6.209,1,5.732,5.732,6.000,0,0.112,4.597,0.055,0.486,0.963,0.008,1,1,1090,3743,8,169880,1064,452,593,30474,67,0,67,1,16777216,2958,0.104,0,0.195
1,2961,26697.962,level1,0,1024,640,5.981,1,6.122,6.122,6.000,0,0.133,5.676,0.581,0.536,1.031,0.010,1,1,1090,3743,8,169880,1064,452,593,30483,67,0,67,1,16777216,2959,0.113,0,0.177
1,2962,26704.243,level1,0,1024,640,7.757,1,7.615,7.615,8.000,0,0.124,4.724,0.058,0.474,0.964,0.008,1,1,1090,3743,8,169880,1064,452,593,30492,67,0,67,1,16777216,2960,0.117,0,0.204
1,2963,26710.256,level1,0,1024,640,5.935,1,6.279,6.279,6.000,0,0.123,4.792,0.070,0.684,1.169,0.009,1,1,1090,3743,8,169880,1064,452,593,30501,67,0,67,1,16777216,2961,0.118,0,0.202
1,2964,26715.841,level1,0,1024,640,5.792,1,5.997,5.997,5.000,0,0.120,4.601,0.052,0.481,0.955,0.007,1,1,1090,3743,8,169880,1064,452,593,30510,67,0,67,1,16777216,2962,0.118,0,0.185
1,2965,26720.704,level1,0,1024,640,4.965,1,5.567,5.567,6.000,0,0.140,4.486,0.066,0.468,0.938,0.007,1,1,1090,3743,8,169880,1064,452,593,30519,67,0,67,1,16777216,2963,0.113,0,0.168
1,2966,26727.030,level1,0,1024,640,5.591,1,4.856,4.856,5.000,0,0.125,4.881,0.404,0.483,1.010,0.010,1,1,1090,3743,8,169880,1064,452,593,30528,67,0,67,1,16777216,2964,0.120,0,0.159
1,2967,26734.921,level1,0,1024,640,8.350,1,6.363,6.363,6.000,0,0.125,4.766,0.062,0.475,0.964,0.009,1,1,1095,3758,8,170640,1064,451,594,30537,67,0,67,1,16777216,2965,0.117,0,0.196
1,2968,26741.296,level1,0,1024,640,6.284,1,7.880,7.880,8.000,0,0.114,4.855,0.064,0.473,0.963,0.008,1,1,1095,3758,8,170640,1064,451,594,30546,67,0,67,1,16777216,2966,0.104,0,0.185
1,2969,26747.388,level1,0,1024,640,5.999,1,6.373,6.373,7.000,0,0.124,4.959,0.054,0.509,1.022,0.007,1,1,1095,3758,8,170640,1064,451,594,30555,67,0,67,1,16777216,2967,0.113,0,0.184
1,2970,26753.088,level1,0,1024,640,5.464,1,6.121,6.121,6.000,0,0.231,5.202,0.047,0.467,0.998,0.007,1,1,1095,3758,8,170640,1064,451,594,30564,67,0,67,1,16777216,2968,0.116,0,0.213
1,2971,26762.349,level1,0,1024,640,6.888,1,5.653,5.653,6.000,0,0.119,7.378,0.243,1.006,1.780,0.020,1,1,1095,3758,8,170640,1064,451,594,30573,67,0,67,1,16777216,2969,0.103,0,0.166
1,2972,26771.217,level1,0,1024,640,8.804,1,9.367,9.367,9.000,0,0.141,7.611,0.074,0.663,1.519,0.021,1,1,1095,3758,8,170640,1064,451,594,30582,67,0,67,1,16777216,2970,0.116,0,0.269
1,2973,26776.777,level1,0,1024,640,8.567,1,8.787,8.787,9.000,0,0.154,4.629,0.052,0.478,0.950,0.007,1,1,1095,3758,8,170640,1064,451,594,30591,67,0,67,1,16777216,2971,0.118,0,0.191
1,2974,26782.101,level1,0,1024,640,4.995,1,5.552,5.552,5.000,0,0.128,4.956,0.053,0.483,0.963,0.007,1,1,1100,3773,8,171400,1064,450,595,30600,67,0,67,1,16777216,2972,0.118,0,0.183
1,2975,26789.764,level1,0,1024,640,7.855,1,5.327,5.327,6.000,0,0.111,4.757,0.059,0.480,0.977,0.008,1,1,1100,3773,8,171400,1064,450,595,30609,67,0,67,1,16777216,2973,0.121,0,0.186
1,2976,26796.563,level1,0,1024,640,6.692,1,7.731,7.731,7.000,0,0.179,4.851,0.073,0.486,0.986,0.009,1,1,1100,3773,8,171400,1064,450,595,30618,67,0,67,1,16777216,2974,0.111,0,0.252
1,2977,26802.476,level1,0,1024,640,5.978,1,6.732,6.732,7.000,0,0.123,4.796,0.063,0.522,1.015,0.009,1,1,1121,3815,8,174424,1064,429,616,30627,67,0,67,1,16777216,2975,0.109,0,0.187
1,2978,26809.456,level1,0,1024,640,6.651,1,5.902,5.902,6.000,0,0.119,5.088,0.100,0.523,1.041,0.008,1,1,1121,3815,8,174424,1064,429,616,30636,67,0,67,1,16777216,2976,0.109,0,0.176
1,2979,26816.036,level1,0,1024,640,6.954,1,6.983,6.983,7.000,0,0.116,4.763,0.051,0.535,1.045,0.008,1,1,1121,3815,8,174424,1064,429,616,30645,67,0,67,1,16777216,2977,0.105,0,0.178
1,2980,26823.682,level1,0,1024,640,7.555,1,6.617,6.617,6.000,0,0.123,4.834,0.071,0.503,1.019,0.008,1,1,1121,3815,8,174424,1064,429,616,30654,67,0,67,1,16777216,2978,0.115,0,0.216
1,2981,26829.981,level1,0,1024,640,6.437,1,7.623,7.623,8.000,0,0.123,4.700,0.068,0.490,1.014,0.008,1,1,1121,3815,8,174424,1064,429,616,30663,67,0,67,1,16777216,2979,0.120,0,0.192
1,2982,26836.019,level1,0,1024,640,5.360,1,6.286,6.286,6.000,0,0.115,5.365,0.080,0.497,0.997,0.008,1,1,1124,3821,8,174856,1064,426,619,30672,67,0,67,1,16777216,2980,0.115,0,0.179
1,2983,26842.824,level1,0,1024,640,7.423,1,6.135,6.135,7.000,0,0.122,4.772,0.056,0.500,0.991,0.008,1,1,1124,3821,8,174856,1064,426,619,30681,67,0,67,1,16777216,2981,0.117,0,0.275
1,2984,26851.554,level1,0,1024,640,8.635,1,6.718,6.718,7.000,0,0.125,4.848,0.075,0.499,0.989,0.008,1,1,1119,3806,8,174096,1064,427,618,30690,67,0,67,1,16777216,2982,0.105,0,0.188
1,2985,26857.323,level1,0,1024,640,5.807,1,8.722,8.722,9.000,0,0.124,4.840,0.044,0.497,0.989,0.007,1,1,1118,3804,8,173952,1064,428,617,30699,67,0,67,1,16777216,2983,0.123,0,0.180
1,2986,26863.804,level1,0,1024,640,6.531,1,5.756,5.756,5.000,0,0.121,4.778,0.057,0.503,1.000,0.007,1,1,1118,3804,8,173952,1064,428,617,30708,67,0,67,1,16777216,2984,0.116,0,0.168
1,2987,26870.209,level1,0,1024,640,6.364,1,6.498,6.498,6.000,0,0.123,4.805,0.071,0.504,1.006,0.009,1,1,1118,3804,8,173952,1064,428,617,30717,67,0,67,1,16777216,2985,0.112,0,0.184
1,2988,26876.836,level1,0,1024,640,6.312,1,6.415,6.415,7.000,0,0.131,5.128,0.062,0.501,0.991,0.008,1,1,1118,3804,8,173952,1064,428,617,30726,67,0,67,1,16777216,2986,0.114,0,0.193
1,2989,26884.908,level1,0,1024,640,8.359,1,6.611,6.611,6.000,0,0.138,4.846,0.058,0.504,1.047,0.008,1,1,1118,3804,8,173952,1064,428,617,30735,67,0,67,1,16777216,2987,0.123,0,0.179
1,2990,26890.314,level1,0,1024,640,5.599,1,8.086,8.086,8.000,0,0.119,4.636,0.075,0.497,0.994,0.007,1,1,1118,3804,8,173952,1064,428,617,30744,67,0,67,1,16777216,2988,0.119,0,0.190
1,2991,26895.333,level1,0,1024,640,5.016,1,5.386,5.386,6.000,0,0.128,4.669,0.046,0.497,0.981,0.007,1,1,1118,3804,8,173952,1064,428,617,30753,67,0,67,1,16777216,2989,0.122,0,0.172
1,2992,26900.239,level1,0,1024,640,5.001,1,5.008,5.008,4.000,0,0.117,4.583,0.037,0.491,0.962,0.006,1,1,1118,3804,8,173952,1064,428,617,30762,67,0,67,1,16777216,2990,0.118,0,0.161
1,2993,26907.419,level1,0,1024,640,6.963,1,4.897,4.897,5.000,0,0.115,4.787,0.050,0.485,0.970,0.007,1,1,1113,3789,8,173192,1064,429,616,30771,67,0,67,1,16777216,2991,0.104,0,0.153
1,2994,26914.067,level1,0,1024,640,6.576,1,7.197,7.197,7.000,0,0.122,4.824,0.085,0.495,0.984,0.008,1,1,1113,3789,8,173192,1064,429,616,30780,67,0,67,1,16777216,2992,0.111,0,0.169
1,2995,26919.519,level1,0,1024,640,5.980,1,6.682,6.682,8.000,0,0.127,4.337,0.045,0.503,0.991,0.007,1,1,1110,3772,8,172672,997,364,615,30789,67,0,67,1,16777216,2993,0.104,0,0.204
1,2996,26924.342,level1,0,1024,640,4.673,1,5.419,5.419,5.000,0,0.112,4.459,0.074,0.484,0.963,0.006,1,1,1110,3772,8,172672,997,364,615,30798,67,0,67,1,16777216,2994,0.106,0,0.171
1,2997,26930.539,level1,0,1024,640,6.153,1,4.810,4.810,5.000,0,0.115,4.521,0.054,0.485,0.993,0.007,1,1,1110,3772,8,172672,997,364,615,30807,67,0,67,1,16777216,2995,0.105,0,0.158
1,2998,26938.015,level1,0,1024,640,7.663,1,6.223,6.223,6.000,0,0.134,4.337,0.053,0.491,0.969,0.007,1,1,1110,3772,8,172672,997,364,615,30816,67,0,67,1,16777216,2996,0.109,0,0.185
1,2999,26944.020,level1,0,1024,640,5.955,1,7.554,7.554,8.000,0,0.139,4.386,0.053,0.491,0.972,0.007,1,1,1110,3772,8,172672,997,364,615,30825,67,0,67,1,16777216,2997,0.118,0,0.262
1,3000,26949.872,level1,0,1024,640,5.985,1,5.916,5.916,6.000,0,0.118,4.257,0.049,0.482,0.965,0.007,1,1,1099,3750,8,171088,997,375,604,30834,67,0,67,1,16777216,2998,0.105,0,0.174
1,3001,26954.696,level1,0,1024,640,4.671,1,5.896,5.896,6.000,0,0.137,4.413,0.046,0.466,0.989,0.007,1,1,1099,3750,8,171088,997,375,604,30843,67,0,67,1,16777216,2999,0.118,0,0.219
1,3002,26960.780,level1,0,1024,640,6.184,1,4.773,4.773,4.000,0,0.134,4.309,0.050,0.483,0.971,0.007,1,1,1099,3750,8,171088,997,375,604,30852,67,0,67,1,16777216,3000,0.105,0,0.168
1,3003,26969.055,level1,0,1024,640,8.211,1,6.087,6.087,6.000,0,0.118,4.340,0.080,0.477,0.959,0.008,1,1,1099,3750,8,171088,997,375,604,30861,67,0,67,1,16777216,3001,0.121,0,0.171
1,3004,26975.344,level1,0,1024,640,6.199,1,8.329,8.329,8.000,0,0.115,4.415,0.096,0.480,1.001,0.014,1,1,1099,3750,8,171088,997,375,604,30870,67,0,67,1,16777216,3002,0.123,0,0.225
1,3005,26981.459,level1,0,1024,640,6.204,1,6.275,6.275,6.000,0,0.145,4.358,0.064,0.492,0.979,0.008,1,1,1099,3750,8,171088,997,375,604,30879,67,0,67,1,16777216,3003,0.118,0,0.211
1,3006,26987.199,level1,0,1024,640,5.754,1,6.102,6.102,7.000,0,0.112,4.337,0.072,0.510,1.012,0.008,1,1,1099,3750,8,171088,997,375,604,30888,67,0,67,1,16777216,3004,0.109,0,0.198
1,3007,26994.617,level1,0,1024,640,7.385,1,5.742,5.742,5.000,0,0.116,4.359,0.083,0.476,0.968,0.008,1,1,1099,3750,8,171088,997,375,604,30897,67,0,67,1,16777216,3005,0.116,0,0.200
1,3008,27000.149,level1,0,1024,640,5.425,1,7.401,7.401,8.000,0,0.278,4.480,0.069,0.474,0.959,0.007,1,1,1099,3750,8,171088,997,375,604,30906,67,0,67,1,16777216,3006,0.102,0,0.183
1,3009,27006.184,level1,0,1024,640,6.221,1,5.540,5.540,6.000,0,0.118,4.310,0.054,0.491,0.982,0.008,1,1,1099,3750,8,171088,997,375,604,30915,67,0,67,1,16777216,3007,0.103,0,0.191
1,3010,27012.522,level1,0,1024,640,6.344,1,6.015,6.015,5.000,0,0.115,4.305,0.052,0.479,0.956,0.007,1,1,1099,3750,8,171088,997,375,604,30924,67,0,67,1,16777216,3008,0.124,0,0.171
1,3011,27018.323,level1,0,1024,640,5.809,1,6.346,6.346,7.000,0,0.122,4.299,0.051,0.487,0.975,0.007,1,1,1099,3750,8,171088,997,375,604,30933,67,0,67,1,16777216,3009,0.111,0,0.177
1,3012,27026.378,level1,0,1024,640,7.814,1,5.790,5.790,6.000,0,0.120,4.535,0.056,0.486,0.963,0.008,1,1,1099,3750,8,171088,997,375,604,30942,67,0,67,1,16777216,3010,0.112,0,0.169
1,3013,27032.405,level1,0,1024,640,6.242,1,8.067,8.067,8.000,0,0.135,4.307,0.069,0.473,0.957,0.007,1,1,1099,3750,8,171088,997,375,604,30951,67,0,67,1,16777216,3011,0.122,0,0.180
1,3014,27038.581,level1,0,1024,640,6.270,1,6.019,6.019,6.000,0,0.128,4.238,0.045,0.477,0.949,0.007,1,1,1099,3750,8,171088,997,375,604,30960,67,0,67,1,16777216,3012,0.113,0,0.173
1,3015,27043.218,level1,0,1024,640,4.561,1,6.169,6.169,6.000,0,0.109,4.313,0.046,0.467,0.940,0.006,1,1,1099,3750,8,171088,997,375,604,30969,67,0,67,1,16777216,3013,0.099,0,0.165
1,3016,27048.337,level1,0,1024,640,4.661,1,4.648,4.648,5.000,0,0.122,4.174,0.640,0.469,0.944,0.006,1,1,1102,3774,8,171664,997,374,605,30978,67,0,67,1,16777216,3014,0.122,0,0.175
1,3017,27054.994,level1,0,1024,640,6.961,1,5.125,5.125,5.000,0,0.127,4.449,0.063,0.481,1.062,0.012,1,1,1102,3774,8,171664,997,374,605,30987,67,0,67,1,16777216,3015,0.105,0,0.182
1,3018,27060.838,level1,0,1024,640,6.036,1,6.649,6.649,6.000,0,0.131,4.274,0.047,0.487,0.968,0.007,1,1,1102,3774,8,171664,997,374,605,30996,67,0,67,1,16777216,3016,0.113,0,0.175
1,3019,27065.958,level1,0,1024,640,5.043,1,5.837,5.837,6.000,0,0.110,4.343,0.052,0.479,0.969,0.007,1,1,1102,3774,8,171664,997,374,605,31005,67,0,67,1,16777216,3017,0.121,0,0.167
1,3020,27071.840,level1,0,1024,640,5.761,1,5.125,5.125,5.000,0,0.109,4.451,0.064,0.502,0.984,0.008,1,1,1102,3774,8,171664,997,374,605,31014,67,0,67,1,16777216,3018,0.116,0,0.173
1,3021,27078.060,level1,0,1024,640,6.146,1,5.897,5.897,7.000,0,0.120,4.506,0.085,0.485,1.143,0.009,1,1,1102,3774,8,171664,997,374,605,31023,67,0,67,1,16777216,3019,0.121,0,0.187
1,3022,27087.165,level1,0,1024,640,8.527,1,6.429,6.429,6.000,0,0.182,5.049,0.121,0.498,0.994,0.008,1,1,1105,3798,8,172240,997,373,606,31032,67,0,67,1,16777216,3020,0.114,0,0.395
1,3023,27094.441,level1,0,1024,640,7.183,1,8.927,8.927,8.000,0,0.129,5.172,0.092,0.495,1.324,0.016,1,1,1105,3798,8,172240,997,373,606,31041,67,0,67,1,16777216,3021,0.163,0,0.217
1,3024,27101.255,level1,0,1024,640,6.229,1,7.291,7.291,8.000,0,0.136,5.778,0.070,0.628,1.420,0.012,1,1,1126,3840,8,175264,997,352,627,31050,67,0,67,1,16777216,3022,0.128,0,0.232
1,3025,27108.489,level1,0,1024,640,7.420,1,6.841,6.841,6.000,0,0.239,5.202,0.458,0.520,1.422,0.017,1,1,1126,3840,8,175264,997,352,627,31059,67,0,67,1,16777216,3023,0.163,0,0.259
1,3026,27117.674,level1,0,1024,640,9.671,1,7.420,7.420,8.000,0,0.234,5.095,0.080,0.491,1.043,0.012,1,1,1131,3855,8,176024,997,351,628,31068,67,0,67,1,16777216,3024,0.142,0,0.436
1,3027,27124.492,level1,0,1024,640,7.059,1,8.954,8.954,9.000,0,0.141,4.878,0.057,0.493,1.112,0.008,1,1,1131,3855,8,176024,997,351,628,31077,67,0,67,1,16777216,3025,0.869,0,0.214
1,3028,27131.126,level1,0,1024,640,5.717,1,6.803,6.803,7.000,0,0.114,5.770,0.082,0.607,1.334,0.011,1,1,1131,3855,8,176024,997,351,628,31086,67,0,67,1,16777216,3026,0.138,0,0.200
1,3029,27137.302,level1,0,1024,640,6.511,1,6.703,6.703,7.000,0,0.384,5.466,0.051,0.541,1.230,0.009,1,1,1134,3861,8,176456,997,348,631,31095,67,0,67,1,16777216,3027,0.152,0,0.268
1,3030,27146.916,level1,0,1024,640,9.350,1,6.158,6.158,5.000,0,0.194,5.690,0.090,0.500,1.035,0.014,1,1,1134,3861,8,176456,997,348,631,31104,67,0,67,1,16777216,3028,0.146,0,0.251
1,3031,27153.350,level1,0,1024,640,6.895,1,9.574,9.574,10.000,0,0.132,5.263,0.056,0.498,1.219,0.010,1,1,1132,3857,8,176168,997,350,629,31113,67,0,67,1,16777216,3029,0.153,0,0.210
1,3032,27159.114,level1,0,1024,640,5.649,1,6.421,6.421,7.000,0,0.126,5.380,0.054,0.490,1.129,0.008,1,1,1137,3872,8,176928,997,349,630,31122,67,0,67,1,16777216,3030,0.144,0,0.197
1,3033,27164.732,level1,0,1024,640,5.863,1,5.805,5.805,6.000,0,0.183,5.143,0.048,0.494,1.176,0.007,1,1,1137,3872,8,176928,997,349,630,31131,67,0,67,1,16777216,3031,0.153,0,0.238
1,3034,27170.569,level1,0,1024,640,6.164,1,5.550,5.550,5.000,0,0.128,4.804,0.059,0.495,1.028,0.009,1,1,1137,3872,8,176928,997,349,630,31140,67,0,67,1,16777216,3032,0.150,0,0.172
1,3035,27178.780,level1,0,1024,640,7.884,1,5.858,5.858,6.000,0,0.136,5.053,0.137,0.492,1.020,0.008,1,1,1137,3872,8,176928,997,349,630,31149,67,0,67,1,16777216,3033,0.156,0,0.192
1,3036,27185.549,level1,0,1024,640,7.148,1,8.270,8.270,8.000,0,0.211,4.759,0.052,0.532,1.064,0.008,1,1,1146,3890,8,178224,997,349,630,31158,67,0,67,1,16777216,3034,0.152,0,0.251
1,3037,27191.406,level1,0,1024,640,5.860,1,6.721,6.721,7.000,0,0.185,4.751,0.058,0.488,1.037,0.008,1,1,1146,3890,8,178224,997,349,630,31167,67,0,67,1,16777216,3035,0.200,0,0.204
1,3038,27196.592,level1,0,1024,640,5.167,1,5.872,5.872,6.000,0,0.135,4.764,0.064,0.485,1.096,0.017,1,1,1141,3875,8,177464,997,350,629,31176,67,0,67,1,16777216,3036,0.157,0,0.218
1,3039,27201.634,level1,0,1024,640,5.136,1,5.136,5.136,5.000,0,0.135,4.693,0.040,0.487,1.052,0.006,1,1,1141,3875,8,177464,997,350,629,31185,67,0,67,1,16777216,3037,0.156,0,0.169
1,3040,27207.408,level1,0,1024,640,5.035,1,5.057,5.057,5.000,0,0.114,5.404,0.067,0.498,1.133,0.011,1,1,1141,3875,8,177464,997,350,629,31194,67,0,67,1,16777216,3038,0.148,0,0.184
1,3041,27213.833,level1,0,1024,640,6.419,1,5.821,5.821,6.000,0,0.149,5.416,0.061,0.561,1.231,0.011,1,1,1141,3875,8,177464,997,350,629,31203,67,0,67,1,16777216,3039,0.157,0,0.229
1,3042,27220.303,level1,0,1024,640,7.053,1,6.461,6.461,6.000,0,0.138,4.836,0.058,0.489,1.037,0.009,1,1,1141,3875,8,177464,997,350,629,31212,67,0,67,1,16777216,3040,0.150,0,0.266
1,3043,27225.513,level1,0,1024,640,5.255,1,6.408,6.408,7.000,0,0.150,4.801,0.049,0.498,1.086,0.008,1,1,1136,3860,8,176704,997,351,628,31221,67,0,67,1,16777216,3041,0.156,0,0.204
1,3044,27230.648,level1,0,1024,640,5.189,1,5.197,5.197,5.000,0,0.139,4.725,0.071,0.529,1.105,0.007,1,1,1136,3860,8,176704,997,351,628,31230,67,0,67,1,16777216,3042,0.145,0,0.191
1,3045,27236.007,level1,0,1024,640,5.190,1,5.213,5.213,5.000,0,0.120,4.913,0.051,0.677,1.480,0.008,1,1,1136,3860,8,176704,997,351,628,31239,67,0,67,1,16777216,3043,0.151,0,0.269
1,3046,27241.200,level1,0,1024,640,5.360,1,5.341,5.341,5.000,0,0.138,4.736,0.062,0.494,1.118,0.009,1,1,1136,3860,8,176704,997,351,628,31248,67,0,67,1,16777216,3044,0.145,0,0.250
1,3047,27246.293,level1,0,1024,640,5.219,1,5.181,5.181,5.000,0,0.173,4.631,0.042,0.488,1.021,0.007,1,1,1136,3860,8,176704,997,351,628,31257,67,0,67,1,16777216,3045,0.156,0,0.238
1,3048,27251.744,level1,0,1024,640,4.954,1,5.016,5.016,6.000,0,0.115,5.078,0.092,0.614,1.260,0.009,1,1,1124,3836,8,174976,997,363,616,31266,67,0,67,1,16777216,3046,0.149,0,0.162
1,3049,27256.840,level1,0,1024,640,5.520,1,5.499,5.499,5.000,0,0.134,4.706,0.040,0.491,1.051,0.008,1,1,1124,3836,8,174976,997,363,616,31275,67,0,67,1,16777216,3047,0.157,0,0.210
1,3050,27261.834,level1,0,1024,640,5.037,1,5.056,5.056,5.000,0,0.117,4.658,0.045,0.496,1.056,0.007,1,1,1124,3836,8,174976,997,363,616,31284,67,0,67,1,16777216,3048,0.152,0,0.171
1,3051,27267.070,level1,0,1024,640,5.007,1,5.012,5.012,5.000,0,0.108,4.877,0.056,0.493,1.023,0.007,1,1,1124,3836,8,174976,997,363,616,31293,67,0,67,1,16777216,3049,0.155,0,0.189
1,3052,27272.024,level1,0,1024,640,5.236,1,5.230,5.230,5.000,0,0.117,4.591,0.059,0.498,1.152,0.007,1,1,1124,3836,8,174976,997,363,616,31302,67,0,67,1,16777216,3050,0.144,0,0.182
1,3053,27276.761,level1,0,1024,640,4.958,1,4.948,4.948,5.000,0,0.127,4.391,0.038,0.483,1.013,0.006,1,1,1124,3836,8,174976,997,363,616,31311,67,0,67,1,16777216,3051,0.153,0,0.178
1,3054,27281.613,level1,0,1024,640,4.786,1,4.732,4.732,5.000,0,0.180,4.450,0.045,0.559,1.064,0.008,1,1,1124,3836,8,174976,997,363,616,31320,67,0,67,1,16777216,3052,0.149,0,0.173
1,3055,27286.640,level1,0,1024,640,4.895,1,4.885,4.885,5.000,0,0.190,4.587,0.040,0.489,1.016,0.007,1,1,1124,3836,8,174976,997,363,616,31329,67,0,67,1,16777216,3053,0.154,0,0.206
1,3056,27291.709,level1,0,1024,640,4.928,1,4.983,4.983,5.000,0,0.130,4.719,0.049,0.491,1.048,0.008,1,1,1124,3836,8,174976,997,363,616,31338,67,0,67,1,16777216,3054,0.166,0,0.162
1,3057,27296.663,level1,0,1024,640,5.097,1,5.103,5.103,6.000,0,0.125,4.588,0.038,0.517,1.088,0.016,1,1,1124,3836,8,174976,997,363,616,31347,67,0,67,1,16777216,3055,0.153,0,0.196
1,3058,27302.394,level1,0,1024,640,4.936,1,4.916,4.916,4.000,0,0.148,5.184,0.235,0.501,1.245,0.033,1,1,1124,3836,8,174976,997,363,616,31356,67,0,67,1,16777216,3056,0.146,0,0.158
1,3059,27308.122,level1,0,1024,640,5.952,1,5.873,5.873,6.000,0,0.222,5.066,0.128,0.500,1.109,0.024,1,1,1124,3836,8,174976,997,363,616,31365,67,0,67,1,16777216,3057,0.159,0,0.298
1,3060,27313.456,level1,0,1024,640,5.707,1,5.693,5.693,6.000,0,0.238,4.772,0.051,0.567,1.075,0.008,1,1,1124,3836,8,174976,997,363,616,31374,67,0,67,1,16777216,3058,0.159,0,0.264
1,3061,27318.495,level1,0,1024,640,5.227,1,5.281,5.281,5.000,0,0.186,4.594,0.041,0.491,1.042,0.006,1,1,1124,3836,8,174976,997,363,616,31383,67,0,67,1,16777216,3059,0.161,0,0.212
1,3062,27323.652,level1,0,1024,640,5.116,1,5.127,5.127,5.000,0,0.176,4.635,0.042,0.498,1.071,0.007,1,1,1129,3851,8,175736,997,362,617,31392,67,0,67,1,16777216,3060,0.135,0,0.300
1,3063,27328.644,level1,0,1024,640,5.001,1,5.055,5.055,5.000,0,0.118,4.629,0.040,0.514,1.095,0.006,1,1,1129,3851,8,175736,997,362,617,31401,67,0,67,1,16777216,3061,0.159,0,0.197
1,3064,27333.686,level1,0,1024,640,4.991,1,4.960,4.960,5.000,0,0.151,4.677,0.043,0.487,1.013,0.007,1,1,1129,3851,8,175736,997,362,617,31410,67,0,67,1,16777216,3062,0.140,0,0.166
1,3065,27338.414,level1,0,1024,640,5.002,1,5.046,5.046,5.000,0,0.108,4.411,0.035,0.488,1.063,0.006,1,1,1129,3851,8,175736,997,362,617,31419,67,0,67,1,16777216,3063,0.152,0,0.170
1,3066,27343.400,level1,0,1024,640,4.714,1,4.716,4.716,4.000,0,0.107,4.649,0.070,0.485,1.210,0.009,1,1,1134,3866,8,176496,997,361,618,31428,67,0,67,1,16777216,3064,0.143,0,0.158
1,3067,27348.622,level1,0,1024,640,5.108,1,5.090,5.090,6.000,0,0.124,4.757,0.074,0.480,1.253,0.007,1,1,1134,3866,8,176496,997,361,618,31437,67,0,67,1,16777216,3065,0.157,0,0.261
1,3068,27353.618,level1,0,1024,640,5.164,1,5.175,5.175,5.000,0,0.111,4.623,0.042,0.478,1.051,0.007,1,1,1134,3866,8,176496,997,361,618,31446,67,0,67,1,16777216,3066,0.151,0,0.214
1,3069,27358.830,level1,0,1024,640,5.027,1,4.961,4.961,6.000,0,0.178,4.753,0.096,0.476,1.154,0.010,1,1,1134,3866,8,176496,997,361,618,31455,67,0,67,1,16777216,3067,0.155,0,0.180
1,3070,27364.023,level1,0,1024,640,5.175,1,5.233,5.233,4.000,0,0.120,4.827,0.040,0.478,1.189,0.007,1,1,1134,3866,8,176496,997,361,618,31464,67,0,67,1,16777216,3068,0.146,0,0.200
1,3071,27368.788,level1,0,1024,640,5.166,1,5.182,5.182,5.000,0,0.106,4.428,0.038,0.500,1.053,0.007,1,1,1125,3848,8,175200,997,361,618,31473,67,0,67,1,16777216,3069,0.152,0,0.190
1,3072,27373.561,level1,0,1024,640,4.816,1,4.808,4.808,5.000,0,0.113,4.384,0.039,0.481,1.017,0.007,1,1,1125,3848,8,175200,997,361,618,31482,67,0,67,1,16777216,3070,0.149,0,0.233
1,3073,27378.783,level1,0,1024,640,4.758,1,4.691,4.691,5.000,0,0.175,4.843,0.044,0.488,1.037,0.007,1,1,1125,3848,8,175200,997,361,618,31491,67,0,67,1,16777216,3071,0.152,0,0.151
1,3074,27384.574,level1,0,1024,640,5.458,1,5.420,5.420,5.000,0,0.213,5.175,0.045,0.481,1.021,0.007,1,1,1125,3848,8,175200,997,361,618,31500,67,0,67,1,16777216,3072,0.136,0,0.347
1,3075,27389.852,level1,0,1024,640,5.516,1,5.610,5.610,6.000,0,0.124,4.921,0.060,0.545,1.290,0.008,1,1,1146,3890,8,178224,997,340,639,31509,67,0,67,1,16777216,3073,0.175,0,0.168
1,3076,27395.045,level1,0,1024,640,5.362,1,5.308,5.308,6.000,0,0.177,4.770,0.042,0.508,1.039,0.007,1,1,1146,3890,8,178224,997,340,639,31518,67,0,67,1,16777216,3074,0.184,0,0.198
1,3077,27400.257,level1,0,1024,640,5.164,1,5.214,5.214,4.000,0,0.127,4.784,0.076,0.498,1.090,0.007,1,1,1146,3890,8,178224,997,340,639,31527,67,0,67,1,16777216,3075,0.155,0,0.220
1,3078,27405.540,level1,0,1024,640,5.163,1,5.175,5.175,6.000,0,0.112,4.934,0.046,0.536,1.047,0.008,1,1,1146,3890,8,178224,1123,465,639,31536,67,0,67,1,16777216,3076,0.147,0,0.184
1,3079,27411.111,level1,0,1024,640,5.266,1,5.261,5.261,5.000,0,0.117,5.205,0.079,0.498,1.124,0.008,1,1,1146,3890,8,178224,1123,465,639,31545,67,0,67,1,16777216,3077,0.159,0,0.162
1,3080,27416.605,level1,0,1024,640,5.582,1,5.589,5.589,5.000,0,0.114,5.157,0.040,0.506,1.078,0.007,1,1,1146,3890,8,178224,1123,465,639,31554,67,0,67,1,16777216,3078,0.146,0,0.179
1,3081,27422.178,level1,0,1024,640,5.606,1,5.554,5.554,6.000,0,0.165,5.123,0.041,0.513,1.089,0.010,1,1,1146,3890,8,178224,1123,465,639,31563,67,0,67,1,16777216,3079,0.151,0,0.238
1,3082,27428.344,level1,0,1024,640,5.929,1,5.774,5.774,6.000,0,0.318,5.357,0.044,0.503,1.064,0.007,1,1,1146,3890,8,178224,1123,465,639,31572,67,0,67,1,16777216,3080,0.150,0,0.436
1,3083,27434.217,level1,0,1024,640,5.999,1,5.996,5.996,6.000,0,0.320,5.218,0.057,0.496,1.012,0.007,1,1,1149,3896,8,178656,1123,462,642,31581,67,0,67,1,16777216,3081,0.153,0,0.270
1,3084,27439.957,level1,0,1024,640,5.744,1,5.928,5.928,6.000,0,0.138,5.205,0.065,0.497,1.084,0.007,1,1,1149,3896,8,178656,1123,462,642,31590,67,0,67,1,16777216,3082,0.695,0,0.325
1,3085,27445.794,level1,0,1024,640,5.859,1,5.846,5.846,6.000,0,0.152,5.205,0.043,0.593,1.152,0.007,1,1,1151,3905,8,178984,1123,464,640,31599,67,0,67,1,16777216,3083,0.143,0,0.426
1,3086,27451.500,level1,0,1024,640,5.682,1,5.654,5.654,5.000,0,0.181,5.225,0.048,0.505,1.020,0.007,1,1,1151,3905,8,178984,1123,464,640,31608,67,0,67,1,16777216,3084,0.141,0,0.249
1,3087,27457.252,level1,0,1024,640,5.725,1,5.730,5.730,6.000,0,0.174,5.255,0.045,0.512,1.043,0.007,1,1,1146,3857,8,177960,1123,465,639,31617,67,0,67,1,16777216,3085,0.162,0,0.271
1,3088,27462.772,level1,0,1024,640,5.654,1,5.658,5.658,5.000,0,0.171,5.121,0.045,0.523,1.022,0.007,1,1,1141,3842,8,177200,1123,466,638,31626,67,0,67,1,16777216,3086,0.178,0,0.177
1,3089,27468.117,level1,0,1024,640,5.468,1,5.520,5.520,6.000,0,0.119,5.003,0.039,0.514,1.014,0.007,1,1,1141,3842,8,177200,1123,466,638,31635,67,0,67,1,16777216,3087,0.149,0,0.178
1,3090,27474.024,level1,0,1024,640,5.412,1,5.361,5.361,5.000,0,0.168,5.485,0.053,0.517,1.046,0.008,1,1,1141,3842,8,177200,1123,466,638,31644,67,0,67,1,16777216,3088,0.147,0,0.194
1,3091,27479.545,level1,0,1024,640,6.017,1,6.058,6.058,7.000,0,0.130,4.998,0.043,0.515,1.009,0.007,1,1,1141,3842,8,177200,1123,466,638,31653,67,0,67,1,16777216,3089,0.153,0,0.343
1,3092,27485.133,level1,0,1024,640,5.347,1,5.360,5.360,5.000,0,0.117,5.227,0.053,0.516,1.239,0.009,1,1,1136,3827,8,176440,1123,467,637,31662,67,0,67,1,16777216,3090,0.152,0,0.184
1,3093,27490.787,level1,0,1024,640,5.626,1,5.615,5.615,5.000,0,0.123,5.261,0.049,0.547,1.134,0.007,1,1,1136,3827,8,176440,1123,467,637,31671,67,0,67,1,16777216,3091,0.154,0,0.212
1,3094,27496.068,level1,0,1024,640,5.631,1,5.645,5.645,6.000,0,0.114,4.921,0.039,0.510,1.061,0.006,1,1,1136,3827,8,176440,1123,467,637,31680,67,0,67,1,16777216,3092,0.148,0,0.202
1,3095,27501.812,level1,0,1024,640,5.334,1,5.303,5.303,6.000,0,0.145,5.243,0.125,0.542,1.263,0.013,1,1,1136,3827,8,176440,1123,467,637,31689,67,0,67,1,16777216,3093,0.156,0,0.224
1,3096,27508.040,level1,0,1024,640,6.295,1,5.922,5.922,6.000,0,0.517,5.257,0.046,0.524,1.096,0.007,1,1,1136,3827,8,176440,1123,467,637,31698,67,0,67,1,16777216,3094,0.152,0,0.400
1,3097,27515.083,level1,0,1024,640,5.738,1,6.053,6.053,5.000,0,0.200,6.551,0.057,0.527,1.675,0.010,1,1,1136,3827,8,176440,1123,467,637,31707,67,0,67,1,16777216,3095,0.303,0,0.227
1,3098,27521.782,level1,0,1024,640,6.953,1,7.023,7.023,8.000,0,0.133,6.296,0.059,0.628,1.555,0.010,1,1,1136,3827,8,176440,1123,467,637,31716,67,0,67,1,16777216,3096,0.143,0,0.207
1,3099,27527.904,level1,0,1024,640,6.698,1,6.707,6.707,6.000,0,0.120,5.704,0.075,0.803,1.313,0.007,1,1,1136,3827,8,176440,1123,467,637,31725,67,0,67,1,16777216,3097,0.158,0,0.214
1,3100,27534.742,level1,0,1024,640,6.246,1,6.166,6.166,7.000,0,0.203,6.311,0.061,0.516,1.188,0.008,1,1,1136,3827,8,176440,1123,467,637,31734,67,0,67,1,16777216,3098,0.150,0,0.257
1,3101,27541.383,level1,0,1024,640,6.839,1,6.850,6.850,6.000,0,0.190,6.121,0.054,0.560,1.091,0.008,1,1,1136,3827,8,176440,1123,467,637,31743,67,0,67,1,16777216,3099,0.153,0,0.269
1,3102,27549.538,level1,0,1024,640,8.432,1,6.590,6.590,6.000,0,0.191,5.806,0.091,0.657,1.327,0.015,1,1,1123,3801,8,174568,1059,417,624,31752,67,0,67,1,16777216,3100,0.150,0,0.219
1,3103,27555.722,level1,0,1024,640,7.027,1,8.248,8.248,9.000,0,0.171,5.006,0.048,0.513,1.031,0.008,1,1,1123,3801,8,174568,1059,417,624,31761,67,0,67,1,16777216,3101,0.159,0,0.311
1,3104,27561.193,level1,0,1024,640,5.518,1,6.142,6.142,7.000,0,0.185,4.964,0.043,0.518,1.062,0.007,1,1,1123,3801,8,174568,1059,417,624,31770,67,0,67,1,16777216,3102,0.770,0,0.271
1,3105,27567.180,level1,0,1024,640,5.378,1,5.455,5.455,4.000,0,0.112,5.568,0.048,0.524,1.026,0.007,1,1,1123,3801,8,174568,1059,417,624,31779,67,0,67,1,16777216,3103,0.160,0,0.255
1,3106,27573.154,level1,0,1024,640,6.100,1,6.017,6.017,6.000,0,0.191,5.442,0.047,0.520,1.112,0.008,1,1,1123,3801,8,174568,1059,417,624,31788,67,0,67,1,16777216,3104,0.153,0,0.284
1,3107,27578.682,level1,0,1024,640,5.915,1,5.939,5.939,7.000,0,0.165,5.048,0.054,0.556,1.144,0.010,1,1,1123,3801,8,174568,1059,417,624,31797,67,0,67,1,16777216,3105,0.151,0,0.250
1,3108,27584.769,level1,0,1024,640,5.857,1,5.838,5.838,5.000,0,0.189,5.284,0.049,0.512,1.027,0.007,1,1,1123,3801,8,174568,1059,417,624,31806,67,0,67,1,16777216,3106,0.157,0,0.553
1,3109,27590.425,level1,0,1024,640,5.750,1,5.759,5.759,7.000,0,0.181,5.167,0.070,0.523,1.034,0.007,1,1,1123,3801,8,174568,1059,417,624,31815,67,0,67,1,16777216,3107,0.236,0,0.232
1,3110,27597.464,level1,0,1024,640,5.570,1,5.635,5.635,5.000,0,0.113,6.647,0.060,0.513,1.073,0.007,1,1,1123,3801,8,174568,1059,417,624,31824,67,0,67,1,16777216,3108,0.163,0,0.211
1,3111,27603.600,level1,0,1024,640,7.192,1,7.125,7.125,6.000,0,0.176,5.603,0.049,0.549,1.084,0.007,1,1,1123,3801,8,174568,1059,417,624,31833,67,0,67,1,16777216,3109,0.140,0,0.296
1,3112,27609.873,level1,0,1024,640,6.065,1,6.045,6.045,7.000,0,0.202,5.804,0.056,0.823,1.441,0.009,1,1,1123,3801,8,174568,1059,417,624,31842,67,0,67,1,16777216,3110,0.145,0,0.204
1,3113,27615.876,level1,0,1024,640,6.307,1,6.316,6.316,6.000,0,0.192,5.514,0.043,0.546,1.119,0.007,1,1,1123,3801,8,174568,1059,417,624,31851,67,0,67,1,16777216,3111,0.151,0,0.247
1,3114,27621.846,level1,0,1024,640,5.951,1,5.965,5.965,6.000,0,0.179,5.529,0.047,0.542,1.081,0.007,1,1,1123,3801,8,174568,1059,417,624,31860,67,0,67,1,16777216,3112,0.151,0,0.211
1,3115,27628.757,level1,0,1024,640,6.011,1,6.006,6.006,6.000,0,0.182,6.399,0.076,0.887,1.811,0.010,1,1,1123,3801,8,174568,1059,417,624,31869,67,0,67,1,16777216,3113,0.154,0,0.246
1,3116,27635.810,level1,0,1024,640,7.184,1,7.070,7.070,7.000,0,0.287,6.228,0.117,0.517,1.191,0.028,1,1,1123,3801,8,174568,1059,417,624,31878,67,0,67,1,16777216,3114,0.148,0,0.400
1,3117,27643.332,level1,0,1024,640,7.564,1,7.738,7.738,8.000,0,0.123,6.205,0.098,0.533,1.343,0.013,1,1,1128,3849,8,175592,1059,416,625,31887,67,0,67,1,16777216,3115,0.159,0,1.089
1,3118,27649.532,level1,0,1024,640,6.866,1,6.823,6.823,7.000,0,0.166,5.582,0.056,0.543,1.120,0.010,1,1,1128,3849,8,175592,1059,416,625,31896,67,0,67,1,16777216,3116,0.140,0,0.390
1,3119,27656.477,level1,0,1024,640,5.978,1,6.024,6.024,6.000,0,0.121,6.554,0.049,0.586,1.146,0.008,1,1,1128,3849,8,175592,1059,416,625,31905,67,0,67,1,16777216,3117,0.155,0,0.214
1,3120,27663.021,level1,0,1024,640,6.922,1,6.906,6.906,7.000,0,0.138,6.176,0.050,0.505,1.027,0.008,1,1,1128,3849,8,175592,1059,416,625,31914,67,0,67,1,16777216,3118,0.145,0,0.176
1,3121,27668.419,level1,0,1024,640,6.553,1,6.559,6.559,6.000,0,0.131,5.029,0.042,0.517,1.086,0.007,1,1,1128,3849,8,175592,1059,416,625,31923,67,0,67,1,16777216,3119,0.154,0,0.190
1,3122,27674.335,level1,0,1024,640,5.446,1,5.455,5.455,6.000,0,0.120,5.469,0.071,0.502,1.137,0.009,1,1,1133,3864,8,176352,1059,415,626,31932,67,0,67,1,16777216,3120,0.151,0,0.248
1,3123,27679.980,level1,0,1024,640,5.951,1,5.913,5.913,6.000,0,0.157,5.186,0.050,0.499,1.004,0.009,1,1,1133,3864,8,176352,1059,415,626,31941,67,0,67,1,16777216,3121,0.152,0,0.243
1,3124,27685.641,level1,0,1024,640,5.561,1,5.599,5.599,5.000,0,0.121,5.296,0.040,0.623,1.151,0.007,1,1,1159,3921,8,180136,1059,393,648,31950,67,0,67,1,16777216,3122,0.152,0,0.200
1,3125,27691.202,level1,0,1024,640,5.637,1,5.643,5.643,6.000,0,0.116,5.212,0.048,0.503,1.044,0.008,1,1,1159,3921,8,180136,1059,393,648,31959,67,0,67,1,16777216,3123,0.152,0,0.182
1,3126,27696.519,level1,0,1024,640,5.609,1,5.591,5.591,6.000,0,0.133,4.929,0.038,0.514,1.100,0.007,1,1,1159,3921,8,180136,1059,393,648,31968,67,0,67,1,16777216,3124,0.150,0,0.212
1,3127,27701.779,level1,0,1024,640,5.251,1,5.268,5.268,5.000,0,0.116,4.909,0.067,0.495,1.086,0.013,1,1,1159,3921,8,180136,1059,393,648,31977,67,0,67,1,16777216,3125,0.155,0,0.164
1,3128,27707.346,level1,0,1024,640,5.300,1,5.287,5.287,6.000,0,0.126,5.195,0.049,0.496,1.032,0.007,1,1,1159,3921,8,180136,1059,393,648,31986,67,0,67,1,16777216,3126,0.151,0,0.191
1,3129,27713.033,level1,0,1024,640,5.558,1,5.566,5.566,5.000,0,0.119,5.323,0.049,0.493,1.034,0.007,1,1,1159,3921,8,180136,1059,393,648,31995,67,0,67,1,16777216,3127,0.157,0,0.190
1,3130,27718.701,level1,0,1024,640,5.708,1,5.692,5.692,5.000,0,0.135,5.269,0.063,0.512,1.286,0.015,1,1,1154,3906,8,179376,1059,394,647,32004,67,0,67,1,16777216,3128,0.138,0,0.196
1,3131,27724.956,level1,0,1024,640,5.986,1,5.893,5.893,6.000,0,0.227,5.556,0.047,0.499,1.035,0.007,1,1,1149,3891,8,178616,1059,395,646,32013,67,0,67,1,16777216,3129,0.146,0,0.420
1,3132,27730.448,level1,0,1024,640,5.898,1,5.998,5.998,6.000,0,0.128,5.155,0.042,0.509,1.072,0.008,1,1,1152,3897,8,179048,1059,392,649,32022,67,0,67,1,16777216,3130,0.161,0,0.164
1,3133,27735.973,level1,0,1024,640,5.539,1,5.524,5.524,6.000,0,0.139,5.142,0.041,0.507,1.035,0.007,1,1,1152,3897,8,179048,1059,392,649,32031,67,0,67,1,16777216,3131,0.149,0,0.195
1,3134,27741.436,level1,0,1024,640,5.464,1,5.489,5.489,5.000,0,0.114,5.138,0.044,0.512,1.026,0.007,1,1,1148,3889,8,178472,1059,396,645,32040,67,0,67,1,16777216,3132,0.152,0,0.160
1,3135,27747.073,level1,0,1024,640,5.513,1,5.496,5.496,5.000,0,0.134,5.267,0.039,0.517,1.016,0.006,1,1,1148,3889,8,178472,1059,396,645,32049,67,0,67,1,16777216,3133,0.164,0,0.193
1,3136,27753.090,level1,0,1024,640,5.584,1,5.601,5.601,6.000,0,0.113,5.589,0.149,0.518,1.105,0.011,1,1,1148,3889,8,178472,1059,396,645,32058,67,0,67,1,16777216,3134,0.150,0,0.158
1,3137,27759.274,level1,0,1024,640,6.621,1,6.068,6.068,7.000,0,0.133,5.252,0.051,0.505,1.063,0.009,1,1,1148,3889,8,178472,1059,396,645,32067,67,0,67,1,16777216,3135,0.155,0,0.207
1,3138,27764.850,level1,0,1024,640,5.665,1,6.191,6.191,5.000,0,0.139,5.122,0.092,0.505,1.050,0.012,1,1,1148,3889,8,178472,1059,396,645,32076,67,0,67,1,16777216,3136,0.150,0,0.214
1,3139,27770.345,level1,0,1024,640,5.550,1,5.573,5.573,6.000,0,0.120,5.114,0.045,0.530,1.062,0.008,1,1,1153,3904,8,179232,1059,395,646,32085,67,0,67,1,16777216,3137,0.156,0,0.212
1,3140,27776.858,level1,0,1024,640,5.431,1,5.444,5.444,6.000,0,0.107,6.200,0.041,0.509,1.008,0.007,1,1,1143,3841,8,177448,1059,397,644,32094,67,0,67,1,16777216,3138,0.147,0,0.161
1,3141,27784.525,level1,0,1024,640,6.533,1,6.512,6.512,6.000,0,0.129,7.308,0.066,0.858,1.767,0.015,1,1,1143,3841,8,177448,1059,397,644,32103,67,0,67,1,16777216,3139,0.153,0,0.159
1,3142,27793.755,level1,0,1024,640,7.949,1,7.855,7.855,8.000,0,0.222,8.591,0.063,0.534,1.544,0.009,1,1,1143,3841,8,177448,1059,397,644,32112,67,0,67,1,16777216,3140,0.147,0,0.346
1,3143,27800.270,level1,0,1024,640,8.988,1,9.081,9.081,10.000,0,0.126,6.065,0.116,0.870,1.561,0.021,1,1,1143,3841,8,177448,1059,397,644,32121,67,0,67,1,16777216,3141,0.210,0,0.198
1,3144,27807.729,level1,0,1024,640,6.597,1,6.553,6.553,5.000,0,0.172,6.897,0.145,0.780,1.680,0.021,1,1,1152,3859,8,178744,1059,397,644,32130,67,0,67,1,16777216,3142,0.155,0,0.236
1,3145,27814.378,level1,0,1024,640,7.639,1,7.556,7.556,8.000,0,0.253,5.984,0.070,0.527,1.348,0.012,1,1,1152,3859,8,178744,1059,397,644,32139,67,0,67,1,16777216,3143,0.158,0,0.332
1,3146,27820.538,level1,0,1024,640,6.408,1,6.537,6.537,7.000,0,0.127,5.477,0.328,0.516,1.284,0.010,1,1,1152,3859,8,178744,1059,397,644,32148,67,0,67,1,16777216,3144,0.152,0,0.221
1,3147,27827.200,level1,0,1024,640,7.155,1,6.340,6.340,6.000,0,0.201,5.262,0.053,0.532,1.082,0.009,1,1,1152,3859,8,178744,1059,397,644,32157,67,0,67,1,16777216,3145,0.152,0,0.401
1,3148,27833.851,level1,0,1024,640,5.644,1,6.460,6.460,6.000,0,0.122,6.220,0.100,0.525,1.161,0.010,1,1,1152,3859,8,178744,1059,397,644,32166,67,0,67,1,16777216,3146,0.150,0,0.200
1,3149,27839.796,level1,0,1024,640,6.835,1,6.745,6.745,8.000,0,0.202,5.379,0.052,0.511,1.159,0.009,1,1,1138,3831,8,176728,1059,411,630,32175,67,0,67,1,16777216,3147,0.183,0,0.293
1,3150,27846.363,level1,0,1024,640,5.832,1,5.850,5.850,6.000,0,0.197,6.093,0.073,0.627,1.181,0.009,1,1,1143,3846,8,177488,1059,410,631,32184,67,0,67,1,16777216,3148,0.152,0,0.198
1,3151,27852.434,level1,0,1024,640,6.649,1,6.644,6.644,6.000,0,0.196,5.539,0.048,0.540,1.068,0.008,1,1,1143,3846,8,177488,1059,410,631,32193,67,0,67,1,16777216,3149,0.157,0,0.271
1,3152,27858.339,level1,0,1024,640,5.987,1,6.000,6.000,6.000,0,0.188,5.450,0.055,0.537,1.048,0.007,1,1,1143,3846,8,177488,1059,410,631,32202,67,0,67,1,16777216,3150,0.144,0,0.206
1,3153,27864.714,level1,0,1024,640,6.404,1,6.295,6.295,6.000,0,0.284,5.376,0.100,0.517,1.043,0.010,1,1,1143,3846,8,177488,1059,410,631,32211,67,0,67,1,16777216,3151,0.151,0,0.591
1,3154,27870.441,level1,0,1024,640,5.960,1,6.117,6.117,6.000,0,0.142,5.199,0.045,0.503,1.036,0.007,1,1,1143,3846,8,177488,1059,410,631,32220,67,0,67,1,16777216,3152,0.137,0,0.336
1,3155,27875.952,level1,0,1024,640,5.600,1,5.575,5.575,6.000,0,0.162,5.105,0.049,0.504,1.066,0.008,1,1,1143,3846,8,177488,1059,410,631,32229,67,0,67,1,16777216,3153,0.145,0,0.185
1,3156,27881.325,level1,0,1024,640,5.471,1,5.506,5.506,5.000,0,0.132,5.012,0.045,0.493,1.021,0.016,1,1,1143,3846,8,177488,1059,410,631,32238,67,0,67,1,16777216,3154,0.152,0,0.180
1,3157,27886.563,level1,0,1024,640,5.348,1,5.364,5.364,6.000,0,0.115,4.906,0.042,0.501,1.005,0.007,1,1,1143,3846,8,177488,1059,410,631,32247,67,0,67,1,16777216,3155,0.159,0,0.172
1,3158,27892.108,level1,0,1024,640,5.237,1,5.230,5.230,5.000,0,0.118,5.200,0.055,0.500,1.016,0.008,1,1,1143,3846,8,177488,1059,410,631,32256,67,0,67,1,16777216,3156,0.152,0,0.164
1,3159,27897.598,level1,0,1024,640,5.595,1,5.590,5.590,5.000,0,0.128,5.110,0.041,0.504,1.033,0.007,1,1,1143,3846,8,177488,1059,410,631,32265,67,0,67,1,16777216,3157,0.154,0,0.208
1,3160,27902.767,level1,0,1024,640,5.429,1,5.444,5.444,6.000,0,0.113,4.850,0.040,0.515,1.041,0.007,1,1,1143,3846,8,177488,1059,410,631,32274,67,0,67,1,16777216,3158,0.149,0,0.162
1,3161,27908.015,level1,0,1024,640,5.164,1,5.173,5.173,5.000,0,0.106,4.921,0.053,0.492,1.118,0.010,1,1,1143,3846,8,177488,1059,410,631,32283,67,0,67,1,16777216,3159,0.147,0,0.166
1,3162,27913.248,level1,0,1024,640,5.324,1,5.296,5.296,5.000,0,0.132,4.840,0.042,0.499,1.018,0.007,1,1,1143,3846,8,177488,1059,410,631,32292,67,0,67,1,16777216,3160,0.153,0,0.213
1,3163,27918.509,level1,0,1024,640,5.211,1,5.224,5.224,6.000,0,0.119,4.895,0.038,0.492,1.019,0.007,1,1,1143,3846,8,177488,1059,410,631,32301,67,0,67,1,16777216,3161,0.150,0,0.205
1,3164,27924.794,level1,0,1024,640,5.329,1,5.265,5.265,5.000,0,0.183,5.789,0.099,0.539,1.070,0.010,1,1,1143,3846,8,177488,1059,410,631,32310,67,0,67,1,16777216,3162,0.157,0,0.209
1,3165,27930.884,level1,0,1024,640,6.356,1,6.332,6.332,7.000,0,0.205,5.550,0.073,0.533,1.097,0.009,1,1,1143,3846,8,177488,1059,410,631,32319,67,0,67,1,16777216,3163,0.153,0,0.255
1,3166,27936.814,level1,0,1024,640,6.112,1,6.109,6.109,5.000,0,0.201,5.390,0.051,0.551,1.138,0.008,1,1,1143,3846,8,177488,1059,410,631,32328,67,0,67,1,16777216,3164,0.155,0,0.273
1,3167,27942.791,level1,0,1024,640,5.892,1,5.907,5.907,6.000,0,0.187,5.479,0.046,0.502,1.089,0.008,1,1,1143,3846,8,177488,1059,410,631,32337,67,0,67,1,16777216,3165,0.157,0,0.250
1,3168,27948.676,level1,0,1024,640,5.904,1,5.914,5.914,6.000,0,0.184,5.462,0.043,0.496,1.069,0.007,1,1,1143,3846,8,177488,1059,410,631,32346,67,0,67,1,16777216,3166,0.151,0,0.188
1,3169,27954.729,level1,0,1024,640,5.879,1,5.942,5.942,6.000,0,0.122,5.632,0.048,0.499,1.048,0.007,1,1,1143,3846,8,177488,1059,410,631,32355,67,0,67,1,16777216,3167,0.153,0,0.245
1,3170,27962.515,level1,0,1024,640,8.077,1,5.993,5.993,7.000,0,0.186,5.236,0.153,0.503,1.214,0.025,1,1,1143,3846,8,177488,1059,410,631,32364,67,0,67,1,16777216,3168,0.155,0,0.186
1,3171,27968.921,level1,0,1024,640,6.199,1,7.845,7.845,7.000,0,0.158,5.501,0.094,0.501,1.516,0.016,1,1,1143,3846,8,177488,1059,410,631,32373,67,0,67,1,16777216,3169,0.157,0,0.243
1,3172,27974.471,level1,0,1024,640,6.013,1,6.453,6.453,6.000,0,0.119,5.070,0.064,0.501,1.034,0.008,1,1,1148,3861,8,178248,1059,409,632,32382,67,0,67,1,16777216,3170,0.156,0,0.291
1,3173,27981.035,level1,0,1024,640,5.672,1,5.582,5.582,6.000,0,0.208,5.947,0.079,0.525,1.401,0.012,1,1,1174,3918,8,182032,1265,590,654,32391,67,0,67,1,16777216,3171,0.151,0,0.322
1,3174,27987.355,level1,0,1024,640,6.368,1,6.463,6.463,7.000,0,0.115,5.927,0.050,0.543,1.439,0.008,1,1,1160,3885,8,179976,1265,591,653,32400,67,0,67,1,16777216,3172,0.141,0,0.222
1,3175,27993.358,level1,0,1024,640,6.309,1,6.276,6.276,5.000,0,0.148,5.591,0.080,0.565,1.181,0.008,1,1,1160,3885,8,179976,1265,591,653,32409,67,0,67,1,16777216,3173,0.155,0,0.178
1,3176,27999.530,level1,0,1024,640,6.023,1,6.042,6.042,7.000,0,0.125,5.751,0.068,0.518,1.636,0.016,1,1,1160,3885,8,179976,1265,591,653,32418,67,0,67,1,16777216,3174,0.152,0,0.217
1,3177,28006.013,level1,0,1024,640,6.429,1,6.364,6.364,6.000,0,0.194,5.829,0.045,0.510,1.554,0.009,1,1,1160,3885,8,179976,1265,591,653,32427,67,0,67,1,16777216,3175,0.157,0,0.404
1,3178,28012.047,level1,0,1024,640,6.229,1,6.260,6.260,6.000,0,0.162,5.593,0.085,0.565,1.197,0.008,1,1,1165,3933,8,181000,1265,590,654,32436,67,0,67,1,16777216,3176,0.145,0,0.186
1,3179,28017.946,level1,0,1024,640,6.040,1,6.074,6.074,6.000,0,0.129,5.487,0.051,0.561,1.129,0.008,1,1,1168,3939,8,181432,1265,587,657,32445,67,0,67,1,16777216,3177,0.156,0,0.226
1,3180,28023.686,level1,0,1024,640,5.923,1,5.869,5.869,6.000,0,0.184,5.312,0.043,0.552,1.234,0.007,1,1,1173,3987,8,182456,1265,586,658,32454,67,0,67,1,16777216,3178,0.150,0,0.196
1,3181,28029.802,level1,0,1024,640,5.645,1,5.719,5.719,6.000,0,0.110,5.759,0.066,0.594,1.571,0.013,1,1,1168,3977,8,181736,1265,591,653,32463,67,0,67,1,16777216,3179,0.153,0,0.175
1,3182,28037.920,level1,0,1024,640,8.181,1,6.214,6.214,6.000,0,0.173,5.700,0.064,0.523,1.058,0.009,1,1,1168,3977,8,181736,1265,591,653,32472,67,0,67,1,16777216,3180,0.143,0,0.273
1,3183,28045.850,level1,0,1024,640,6.556,1,8.059,8.059,9.000,0,0.115,6.997,0.140,0.789,1.836,0.058,1,1,1163,3962,8,180976,1265,592,652,32481,67,0,67,1,16777216,3181,0.145,0,0.214
1,3184,28053.153,level1,0,1024,640,7.743,1,8.060,8.060,7.000,0,0.253,6.611,0.086,0.526,1.066,0.012,1,1,1163,3962,8,180976,1265,592,652,32490,67,0,67,1,16777216,3182,0.143,0,0.332
1,3185,28060.132,level1,0,1024,640,7.141,1,7.243,7.243,8.000,0,0.151,6.424,0.111,0.704,1.335,0.012,1,1,1158,3947,8,180216,1265,593,651,32499,67,0,67,1,16777216,3183,0.165,0,0.283
1,3186,28069.770,level1,0,1024,640,9.240,1,6.925,6.925,6.000,0,0.149,6.811,0.122,0.516,1.724,0.026,1,1,1158,3947,8,180216,1265,593,651,32508,67,0,67,1,16777216,3184,0.144,0,0.230
1,3187,28076.954,level1,0,1024,640,7.862,1,9.716,9.716,11.000,0,0.218,6.199,0.057,0.539,1.492,0.013,1,1,1158,3947,8,180216,1265,593,651,32517,67,0,67,1,16777216,3185,0.151,0,0.298
1,3188,28084.006,level1,0,1024,640,6.743,1,7.151,7.151,6.000,0,0.205,6.493,0.071,0.542,1.529,0.027,1,1,1158,3947,8,180216,1265,593,651,32526,67,0,67,1,16777216,3186,0.185,0,0.274
1,3189,28092.584,level1,0,1024,640,8.769,1,7.077,7.077,7.000,0,0.288,6.269,0.104,0.545,1.350,0.015,1,1,1158,3947,8,180216,1265,593,651,32535,67,0,67,1,16777216,3187,0.143,0,0.298
1,3190,28099.305,level1,0,1024,640,7.077,1,8.524,8.524,9.000,0,0.149,5.935,0.082,0.510,1.427,0.017,1,1,1158,3947,8,180216,1265,593,651,32544,67,0,67,1,16777216,3188,0.151,0,0.246
1,3191,28105.518,level1,0,1024,640,6.514,1,6.830,6.830,7.000,0,0.134,5.671,0.046,0.521,1.291,0.008,1,1,1153,3899,8,179192,1265,594,650,32553,67,0,67,1,16777216,3189,0.167,0,0.355
1,3192,28111.340,level1,0,1024,640,6.019,1,6.033,6.033,6.000,0,0.123,5.470,0.051,0.510,1.113,0.008,1,1,1138,3869,8,177032,1265,609,635,32562,67,0,67,1,16777216,3190,0.147,0,0.175
1,3193,28117.848,level1,0,1024,640,5.847,1,5.856,5.856,6.000,0,0.113,5.328,0.853,0.508,1.098,0.007,1,1,1138,3869,8,177032,1265,609,635,32571,67,0,67,1,16777216,3191,0.143,0,0.208
1,3194,28125.934,level1,0,1024,640,8.410,1,6.546,6.546,6.000,0,0.115,5.781,0.076,0.508,1.143,0.014,1,1,1138,3869,8,177032,1265,609,635,32580,67,0,67,1,16777216,3192,0.142,0,0.246
1,3195,28132.579,level1,0,1024,640,6.822,1,8.250,8.250,8.000,0,0.157,5.605,0.075,0.504,1.375,0.009,1,1,1138,3869,8,177032,1265,609,635,32589,67,0,67,1,16777216,3193,0.153,0,0.404
1,3196,28138.343,level1,0,1024,640,6.006,1,6.442,6.442,7.000,0,0.114,5.379,0.059,0.499,1.253,0.010,1,1,1138,3869,8,177032,1265,609,635,32598,67,0,67,1,16777216,3194,0.137,0,0.206
1,3197,28144.377,level1,0,1024,640,5.924,1,5.847,5.847,6.000,0,0.183,5.383,0.163,0.579,1.101,0.008,1,1,1138,3869,8,177032,1265,609,635,32607,67,0,67,1,16777216,3195,0.153,0,0.289
1,3198,28152.571,level1,0,1024,640,7.784,1,6.107,6.107,6.000,0,0.159,5.862,0.097,0.511,1.102,0.013,1,1,1138,3869,8,177032,1265,609,635,32616,67,0,67,1,16777216,3196,0.150,0,0.362
1,3199,28159.192,level1,0,1024,640,6.890,1,8.190,8.190,9.000,0,0.338,5.641,0.049,0.508,1.163,0.010,1,1,1143,3884,8,177792,1265,608,636,32625,67,0,67,1,16777216,3197,0.150,0,0.358
1,3200,28165.034,level1,0,1024,640,6.152,1,6.590,6.590,5.000,0,0.130,5.338,0.042,0.501,1.118,0.007,1,1,1143,3884,8,177792,1265,608,636,32634,67,0,67,1,16777216,3198,0.149,0,0.327
1,3201,28171.626,level1,0,1024,640,5.772,1,5.719,5.719,6.000,0,0.179,5.899,0.299,0.513,1.223,0.009,1,1,1143,3884,8,177792,1265,608,636,32643,67,0,67,1,16777216,3199,0.158,0,0.206
1,3202,28179.464,level1,0,1024,640,8.057,1,6.607,6.607,6.000,0,0.158,5.892,0.088,0.519,1.299,0.014,1,1,1143,3884,8,177792,1265,608,636,32652,67,0,67,1,16777216,3200,0.146,0,0.219
1,3203,28185.936,level1,0,1024,640,6.821,1,7.887,7.887,9.000,0,0.161,5.536,0.095,0.518,1.039,0.010,1,1,1143,3884,8,177792,1265,608,636,32661,67,0,67,1,16777216,3201,0.155,0,0.268
1,3204,28191.783,level1,0,1024,640,6.005,1,6.444,6.444,7.000,0,0.126,5.419,0.052,0.504,1.129,0.009,1,1,1143,3884,8,177792,1265,608,636,32670,67,0,67,1,16777216,3202,0.152,0,0.240
1,3205,28197.446,level1,0,1024,640,5.832,1,5.846,5.846,5.000,0,0.114,5.262,0.042,0.498,1.026,0.007,1,1,1153,3914,8,179312,1265,606,638,32679,67,0,67,1,16777216,3203,0.156,0,0.240
1,3206,28203.485,level1,0,1024,640,5.667,1,5.666,5.666,6.000,0,0.116,5.627,0.049,0.498,1.049,0.007,1,1,1158,3929,8,180072,1265,605,639,32688,67,0,67,1,16777216,3204,0.138,0,0.243
1,3207,28209.745,level1,0,1024,640,6.212,1,6.057,6.057,6.000,0,0.267,5.663,0.060,0.493,1.102,0.008,1,1,1158,3929,8,180072,1265,605,639,32697,67,0,67,1,16777216,3205,0.154,0,0.260
1,3208,28219.587,level1,0,1024,640,8.689,1,6.245,6.245,6.000,0,0.154,6.775,0.100,0.828,1.661,0.014,1,1,1179,3971,8,183096,1265,584,660,32706,67,0,67,1,16777216,3206,0.150,0,0.246
1,3209,28226.514,level1,0,1024,640,7.805,1,9.881,9.881,10.000,0,0.238,5.921,0.076,0.522,1.253,0.011,1,1,1179,3971,8,183096,1265,584,660,32715,67,0,67,1,16777216,3207,0.155,0,0.284
1,3210,28233.383,level1,0,1024,640,6.387,1,6.889,6.889,7.000,0,0.131,6.399,0.081,0.533,1.252,0.009,1,1,1184,3986,8,183856,1265,583,661,32724,67,0,67,1,16777216,3208,0.149,0,0.248
1,3211,28244.257,level1,0,1024,640,9.088,1,6.916,6.916,7.000,0,0.181,7.946,0.318,0.529,1.260,0.013,1,1,1184,3986,8,183856,1265,583,661,32733,67,0,67,1,16777216,3209,0.163,0,0.294
1,3212,28252.678,level1,0,1024,640,9.173,1,10.823,10.823,11.000,0,0.163,7.380,0.130,0.541,1.339,0.012,1,1,1187,3992,8,184288,1265,580,664,32742,67,0,67,1,16777216,3210,0.157,0,0.243
1,3213,28259.273,level1,0,1024,640,7.962,1,8.467,8.467,8.000,0,0.151,6.081,0.066,0.520,1.380,0.014,1,1,1181,3980,8,183424,1265,586,658,32751,67,0,67,1,16777216,3211,0.157,0,0.290
1,3214,28266.086,level1,0,1024,640,6.541,1,6.545,6.545,7.000,0,0.148,6.343,0.075,0.542,1.499,0.010,1,1,1181,3980,8,183424,1265,586,658,32760,67,0,67,1,16777216,3212,0.154,0,0.238
1,3215,28273.835,level1,0,1024,640,8.635,1,6.763,6.763,6.000,0,0.118,5.469,0.064,0.518,1.164,0.009,1,1,1186,3995,8,184184,1265,585,659,32769,67,0,67,1,16777216,3213,0.147,0,0.190
1,3216,28281.178,level1,0,1024,640,6.481,1,7.784,7.784,8.000,0,0.148,6.331,0.063,0.583,1.294,0.009,1,1,1186,3995,8,184184,1265,585,659,32778,67,0,67,1,16777216,3214,0.149,0,0.225
1,3217,28287.155,level1,0,1024,640,6.754,1,7.352,7.352,7.000,0,0.121,5.575,0.043,0.510,1.087,0.007,1,1,1176,3932,8,182400,1265,587,657,32787,67,0,67,1,16777216,3215,0.148,0,0.233
1,3218,28293.561,level1,0,1024,640,5.941,1,5.929,5.929,6.000,0,0.131,6.031,0.051,0.504,1.131,0.008,1,1,1176,3932,8,182400,1265,587,657,32796,67,0,67,1,16777216,3216,0.149,0,0.185
1,3219,28301.378,level1,0,1024,640,8.384,1,6.397,6.397,6.000,0,0.163,5.421,0.095,0.504,1.034,0.014,1,1,1166,3902,8,180880,1265,589,655,32805,67,0,67,1,16777216,3217,0.148,0,0.176
1,3220,28308.416,level1,0,1024,640,6.946,1,8.048,8.048,9.000,0,0.230,5.536,0.071,0.497,1.223,0.018,1,1,1161,3887,8,180120,1265,590,654,32814,67,0,67,1,16777216,3218,0.153,0,0.399
1,3221,28314.820,level1,0,1024,640,6.110,1,6.916,6.916,7.000,0,0.205,5.842,0.060,0.492,1.485,0.012,1,1,1156,3839,8,179096,1265,591,653,32823,67,0,67,1,16777216,3219,0.153,0,0.284
1,3222,28321.392,level1,0,1024,640,6.406,1,6.393,6.393,6.000,0,0.214,6.016,0.053,0.740,1.627,0.009,1,1,1156,3839,8,179096,1265,591,653,32832,67,0,67,1,16777216,3220,0.150,0,0.274
1,3223,28330.668,level1,0,1024,640,8.549,1,6.808,6.808,7.000,0,0.169,6.611,0.182,0.568,1.440,0.019,1,1,1140,3807,8,176792,1265,607,637,32841,67,0,67,1,16777216,3221,0.154,0,0.509
1,3224,28337.447,level1,0,1024,640,7.968,1,9.091,9.091,9.000,0,0.194,5.553,0.053,0.483,1.140,0.008,1,1,1140,3807,8,176792,1265,607,637,32850,67,0,67,1,16777216,3222,0.151,0,0.324
1,3225,28343.698,level1,0,1024,640,5.997,1,6.718,6.718,7.000,0,0.121,5.802,0.057,0.488,1.171,0.010,1,1,1140,3807,8,176792,1265,607,637,32859,67,0,67,1,16777216,3223,0.155,0,0.264
1,3226,28350.465,level1,0,1024,640,6.286,1,6.237,6.237,7.000,0,0.171,6.183,0.156,0.735,1.469,0.010,1,1,1140,3807,8,176792,1265,607,637,32868,67,0,67,1,16777216,3224,0.142,0,0.249
1,3227,28356.936,level1,0,1024,640,6.786,1,6.791,6.791,6.000,0,0.164,5.882,0.142,0.483,1.230,0.023,1,1,1140,3807,8,176792,1265,607,637,32877,67,0,67,1,16777216,3225,0.142,0,0.271
1,3228,28366.099,level1,0,1024,640,9.218,1,6.472,6.472,6.000,0,0.127,5.905,0.065,0.487,1.175,0.009,1,1,1140,3807,8,176792,1265,607,637,32886,67,0,67,1,16777216,3226,0.150,0,0.274
1,3229,28373.229,level1,0,1024,640,7.277,1,9.177,9.177,10.000,0,0.199,5.770,0.053,0.509,1.087,0.009,1,1,1145,3822,8,177552,1265,606,638,32895,67,0,67,1,16777216,3227,0.155,0,0.288
1,3230,28380.063,level1,0,1024,640,6.231,1,7.109,7.109,6.000,0,0.135,6.363,0.063,0.487,1.056,0.009,1,1,1145,3822,8,177552,1265,606,638,32904,67,0,67,1,16777216,3228,0.137,0,0.268
1,3231,28388.878,level1,0,1024,640,9.301,1,6.910,6.910,8.000,0,0.204,5.875,0.064,0.523,1.252,0.010,1,1,1145,3822,8,177552,1265,606,638,32913,67,0,67,1,16777216,3229,0.163,0,0.342
1,3232,28395.663,level1,0,1024,640,6.815,1,8.743,8.743,8.000,0,0.192,5.851,0.057,0.499,1.027,0.009,1,1,1150,3870,8,178576,1265,605,639,32922,67,0,67,1,16777216,3230,0.820,0,0.272
1,3233,28401.833,level1,0,1024,640,6.363,1,6.753,6.753,8.000,0,0.194,5.668,0.050,0.493,1.115,0.008,1,1,1150,3870,8,178576,1265,605,639,32931,67,0,67,1,16777216,3231,0.155,0,0.240
1,3234,28407.871,level1,0,1024,640,6.067,1,6.118,6.118,6.000,0,0.157,5.642,0.046,0.493,1.042,0.007,1,1,1150,3870,8,178576,1265,605,639,32940,67,0,67,1,16777216,3232,0.143,0,0.187
1,3235,28414.622,level1,0,1024,640,6.276,1,6.075,6.075,6.000,0,0.354,6.105,0.058,0.498,1.091,0.009,1,1,1155,3885,8,179336,1265,604,640,32949,67,0,67,1,16777216,3233,0.154,0,0.222
1,3236,28422.567,level1,0,1024,640,8.671,1,6.713,6.713,6.000,0,0.182,5.341,0.096,0.606,1.126,0.009,1,1,1160,3900,8,180096,1265,603,641,32958,67,0,67,1,16777216,3234,0.149,0,0.187
1,3237,28428.893,level1,0,1024,640,6.064,1,8.084,8.084,8.000,0,0.169,5.632,0.067,0.525,1.178,0.011,1,1,1186,3957,8,183880,1265,581,663,32967,67,0,67,1,16777216,3235,0.148,0,0.323
1,3238,28436.509,level1,0,1024,640,6.391,1,6.454,6.454,6.000,0,0.230,6.103,0.819,0.624,1.567,0.029,1,1,1191,3972,8,184640,1265,580,664,32976,67,0,67,1,16777216,3236,0.156,0,0.450
1,3239,28444.656,level1,0,1024,640,9.359,1,7.431,7.431,8.000,0,0.189,5.643,0.069,0.526,1.061,0.009,1,1,1186,3957,8,183880,1265,581,663,32985,67,0,67,1,16777216,3237,0.144,0,0.267
1,3240,28451.851,level1,0,1024,640,6.751,1,8.108,8.108,9.000,0,0.156,6.099,0.057,0.520,1.141,0.008,1,1,1186,3957,8,183880,1265,581,663,32994,67,0,67,1,16777216,3238,0.146,0,0.229
1,3241,28458.205,level1,0,1024,640,6.567,1,7.241,7.241,6.000,0,0.131,5.895,0.048,0.574,1.133,0.007,1,1,1189,3996,8,184576,1265,578,666,33003,67,0,67,1,16777216,3239,0.151,0,0.275
1,3242,28464.720,level1,0,1024,640,6.314,1,6.319,6.319,7.000,0,0.121,5.681,0.461,0.592,1.174,0.007,1,1,1177,3967,8,182808,1265,586,658,33012,67,0,67,1,16777216,3240,0.152,0,0.239
1,3243,28474.025,level1,0,1024,640,8.730,1,6.590,6.590,6.000,0,0.191,6.608,0.112,0.646,1.421,0.011,1,1,1172,3952,8,182048,1265,587,657,33021,67,0,67,1,16777216,3241,0.152,0,0.314
1,3244,28480.631,level1,0,1024,640,7.773,1,9.278,9.278,10.000,0,0.198,5.496,0.056,0.545,1.134,0.011,1,1,1172,3952,8,182048,1265,587,657,33030,67,0,67,1,16777216,3242,0.155,0,0.286
1,3245,28486.543,level1,0,1024,640,5.890,1,6.528,6.528,6.000,0,0.121,5.529,0.046,0.536,1.084,0.008,1,1,1172,3952,8,182048,1265,587,657,33039,67,0,67,1,16777216,3243,0.151,0,0.209
1,3246,28492.872,level1,0,1024,640,5.986,1,5.996,5.996,6.000,0,0.114,5.863,0.053,0.537,1.209,0.009,1,1,1172,3952,8,182048,1265,587,657,33048,67,0,67,1,16777216,3244,0.147,0,0.293
1,3247,28498.951,level1,0,1024,640,6.242,1,6.242,6.242,7.000,0,0.114,5.675,0.078,0.526,1.293,0.010,1,1,1167,3904,8,181024,1265,588,656,33057,67,0,67,1,16777216,3245,0.153,0,0.206
1,3248,28506.850,level1,0,1024,640,8.091,1,6.217,6.217,6.000,0,0.228,5.500,0.062,0.529,1.125,0.008,1,1,1167,3904,8,181024,1265,588,656,33066,67,0,67,1,16777216,3246,0.152,0,0.344
1,3249,28515.370,level1,0,1024,640,7.982,1,7.751,7.751,7.000,0,0.186,5.989,0.111,0.530,1.543,0.016,1,1,1167,3904,8,181024,1265,588,656,33075,67,0,67,1,16777216,3247,0.150,0,0.197
1,3250,28522.185,level1,0,1024,640,7.053,1,8.630,8.630,9.000,0,0.213,5.800,0.058,0.546,1.135,0.009,1,1,1176,3922,8,182320,1265,588,656,33084,67,0,67,1,16777216,3248,0.146,0,0.306
1,3251,28528.811,level1,0,1024,640,6.853,1,6.733,6.733,6.000,0,0.120,5.579,0.053,0.540,1.152,0.007,1,1,1171,3907,8,181560,1265,589,655,33093,67,0,67,1,16777216,3249,0.153,0,0.225
1,3252,28535.391,level1,0,1024,640,6.118,1,6.756,6.756,7.000,0,0.123,6.042,0.054,0.530,1.159,0.008,1,1,1154,3873,8,179112,1265,606,638,33102,67,0,67,1,16777216,3250,0.147,0,0.355
1,3253,28541.604,level1,0,1024,640,6.497,1,6.426,6.426,7.000,0,0.186,5.767,0.045,0.526,1.108,0.007,1,1,1154,3873,8,179112,1265,606,638,33111,67,0,67,1,16777216,3251,0.158,0,0.201
1,3254,28547.495,level1,0,1024,640,6.229,1,6.209,6.209,6.000,0,0.213,5.428,0.047,0.528,1.086,0.007,1,1,1154,3873,8,179112,1265,606,638,33120,67,0,67,1,16777216,3252,0.146,0,0.197
1,3255,28553.906,level1,0,1024,640,5.886,1,5.891,5.891,5.000,0,0.209,5.937,0.063,0.530,1.127,0.007,1,1,1154,3873,8,179112,1265,606,638,33129,67,0,67,1,16777216,3253,0.154,0,0.197
1,3256,28560.484,level1,0,1024,640,6.354,1,6.432,6.432,7.000,0,0.130,6.166,0.057,0.518,1.105,0.008,1,1,1159,3888,8,179872,1265,605,639,33138,67,0,67,1,16777216,3254,0.146,0,0.217
1,3257,28566.687,level1,0,1024,640,6.613,1,6.608,6.608,7.000,0,0.125,5.732,0.081,0.524,1.167,0.011,1,1,1159,3888,8,179872,1265,605,639,33147,67,0,67,1,16777216,3255,0.144,0,0.248
1,3258,28574.201,level1,0,1024,640,6.341,1,6.288,6.288,6.000,0,0.187,6.919,0.068,0.526,1.283,0.010,1,1,1159,3888,8,179872,1265,605,639,33156,67,0,67,1,16777216,3256,0.213,0,0.332
1,3259,28581.180,level1,0,1024,640,7.475,1,7.415,7.415,8.000,0,0.241,6.305,0.183,0.571,1.148,0.013,1,1,1164,3936,8,180896,1265,604,640,33165,67,0,67,1,16777216,3257,0.160,0,0.233
1,3260,28587.606,level1,0,1024,640,7.075,1,7.183,7.183,7.000,0,0.140,5.773,0.069,0.536,1.295,0.007,1,1,1164,3936,8,180896,1265,604,640,33174,67,0,67,1,16777216,3258,0.148,0,0.437
1,3261,28593.627,level1,0,1024,640,6.164,1,6.188,6.188,5.000,0,0.116,5.646,0.054,0.535,1.348,0.007,1,1,1164,3936,8,180896,1265,604,640,33183,67,0,67,1,16777216,3259,0.142,0,0.201
1,3262,28599.626,level1,0,1024,640,5.996,1,6.000,6.000,7.000,0,0.112,5.631,0.071,0.562,1.328,0.009,1,1,1169,3951,8,181656,1265,603,641,33192,67,0,67,1,16777216,3260,0.150,0,0.179
1,3263,28605.775,level1,0,1024,640,6.012,1,6.005,6.005,6.000,0,0.120,5.795,0.043,0.518,1.558,0.007,1,1,1169,3951,8,181656,1265,603,641,33201,67,0,67,1,16777216,3261,0.158,0,0.185
1,3264,28611.978,level1,0,1024,640,6.142,1,6.152,6.152,6.000,0,0.111,5.847,0.053,0.550,1.332,0.008,1,1,1169,3951,8,181656,1265,603,641,33210,67,0,67,1,16777216,3262,0.137,0,0.189
1,3265,28617.891,level1,0,1024,640,6.246,1,6.225,6.225,6.000,0,0.125,5.528,0.039,0.531,1.343,0.007,1,1,1169,3951,8,181656,1265,603,641,33219,67,0,67,1,16777216,3263,0.156,0,0.210
1,3266,28623.693,level1,0,1024,640,5.850,1,5.869,5.869,7.000,0,0.113,5.462,0.056,0.529,1.184,0.008,1,1,1174,3966,8,182416,1265,602,642,33228,67,0,67,1,16777216,3264,0.146,0,0.166
1,3267,28630.436,level1,0,1024,640,5.834,1,5.834,5.834,5.000,0,0.113,6.338,0.089,0.792,1.920,0.012,1,1,1195,4008,8,185440,1265,581,663,33237,67,0,67,1,16777216,3265,0.152,0,0.198
1,3268,28636.737,level1,0,1024,640,6.848,1,6.814,6.814,7.000,0,0.140,5.821,0.059,0.633,1.460,0.012,1,1,1200,4023,8,186200,1265,580,664,33246,67,0,67,1,16777216,3266,0.152,0,0.267
1,3269,28646.797,level1,0,1024,640,7.185,1,7.208,7.208,8.000,0,0.123,8.617,0.136,0.943,1.948,0.016,1,1,1200,4023,8,186200,1265,580,664,33255,67,0,67,1,16777216,3267,0.157,0,1.176
1,3270,28654.914,level1,0,1024,640,9.587,1,9.453,9.453,9.000,0,0.253,7.133,0.150,0.564,1.498,0.044,1,1,1195,4008,8,185440,1265,581,663,33264,67,0,67,1,16777216,3268,0.149,0,0.558
1,3271,28661.537,level1,0,1024,640,7.724,1,7.822,7.822,7.000,0,0.157,6.119,0.060,0.602,1.154,0.011,1,1,1188,3984,8,184352,1265,580,664,33273,67,0,67,1,16777216,3269,0.163,0,0.272
1,3272,28667.498,level1,0,1024,640,6.525,1,6.564,6.564,7.000,0,0.122,5.576,0.043,0.556,1.075,0.007,1,1,1181,3970,8,183344,1265,587,657,33282,67,0,67,1,16777216,3270,0.141,0,0.214
1,3273,28673.733,level1,0,1024,640,5.923,1,5.915,5.915,6.000,0,0.131,5.856,0.075,0.526,1.115,0.009,1,1,1186,4018,8,184368,1265,586,658,33291,67,0,67,1,16777216,3271,0.149,0,0.169
1,3274,28679.761,level1,0,1024,640,6.365,1,6.345,6.345,6.000,0,0.150,5.543,0.051,0.510,1.143,0.009,1,1,1181,3970,8,183344,1265,587,657,33300,67,0,67,1,16777216,3272,0.141,0,0.277
1,3275,28685.572,level1,0,1024,640,5.917,1,5.955,5.955,5.000,0,0.113,5.445,0.043,0.517,1.149,0.007,1,1,1181,3970,8,183344,1265,587,657,33309,67,0,67,1,16777216,3273,0.153,0,0.205
1,3276,28693.175,level1,0,1024,640,5.850,1,5.768,5.768,7.000,0,0.195,7.148,0.093,0.786,1.617,0.013,1,1,1181,3970,8,183344,1265,587,657,33318,67,0,67,1,16777216,3274,0.147,0,0.163
1,3277,28699.574,level1,0,1024,640,7.708,1,7.721,7.721,8.000,0,0.180,5.869,0.063,0.523,1.111,0.010,1,1,1181,3970,8,183344,1265,587,657,33327,67,0,67,1,16777216,3275,0.149,0,0.279
1,3278,28705.672,level1,0,1024,640,6.232,1,6.298,6.298,6.000,0,0.115,5.742,0.055,0.509,1.130,0.008,1,1,1172,3952,8,182048,1265,587,657,33336,67,0,67,1,16777216,3276,0.155,0,0.179
1,3279,28712.680,level1,0,1024,640,6.260,1,6.184,6.184,6.000,0,0.191,6.472,0.073,0.517,1.065,0.009,1,1,1172,3952,8,182048,1265,587,657,33345,67,0,67,1,16777216,3277,0.149,0,0.265
1,3280,28718.690,level1,0,1024,640,6.948,1,7.007,7.007,7.000,0,0.126,5.556,0.053,0.497,1.110,0.008,1,1,1167,3904,8,181024,1265,588,656,33354,67,0,67,1,16777216,3278,0.149,0,0.264
1,3281,28724.932,level1,0,1024,640,6.095,1,6.021,6.021,6.000,0,0.205,5.706,0.049,0.497,1.031,0.008,1,1,1167,3904,8,181024,1265,588,656,33363,67,0,67,1,16777216,3279,0.162,0,0.274
1,3282,28731.026,level1,0,1024,640,6.134,1,6.215,6.215,6.000,0,0.125,5.647,0.068,0.497,1.287,0.012,1,1,1167,3904,8,181024,1265,588,656,33372,67,0,67,1,16777216,3280,0.149,0,0.248
1,3283,28739.693,level1,0,1024,640,6.195,1,6.117,6.117,7.000,0,0.203,8.102,0.083,0.693,1.326,0.008,1,1,1150,3870,8,178576,1265,605,639,33381,67,0,67,1,16777216,3281,0.155,0,0.270
1,3284,28745.722,level1,0,1024,640,8.641,1,8.642,8.642,8.000,0,0.197,5.511,0.065,0.520,1.031,0.009,1,1,1150,3870,8,178576,1265,605,639,33390,67,0,67,1,16777216,3282,0.147,0,0.245
1,3285,28752.310,level1,0,1024,640,6.011,1,6.038,6.038,7.000,0,0.172,6.011,0.140,0.525,1.151,0.022,1,1,1150,3870,8,178576,1265,605,639,33399,67,0,67,1,16777216,3283,0.142,0,0.255
1,3286,28758.651,level1,0,1024,640,6.708,1,6.669,6.669,6.000,0,0.203,5.740,0.045,0.511,1.146,0.007,1,1,1150,3870,8,178576,1265,605,639,33408,67,0,67,1,16777216,3284,0.143,0,0.327
1,3287,28764.356,level1,0,1024,640,6.118,1,6.205,6.205,6.000,0,0.128,5.328,0.044,0.512,1.033,0.007,1,1,1150,3870,8,178576,1265,605,639,33417,67,0,67,1,16777216,3285,0.143,0,0.201
1,3288,28770.803,level1,0,1024,640,5.898,1,5.901,5.901,6.000,0,0.124,5.837,0.084,0.523,1.152,0.010,1,1,1155,3918,8,179600,1265,604,640,33426,67,0,67,1,16777216,3286,0.147,0,0.396
1,3289,28776.507,level1,0,1024,640,6.319,1,6.259,6.259,7.000,0,0.180,5.265,0.042,0.509,1.035,0.008,1,1,1165,3981,8,181384,1265,602,642,33435,67,0,67,1,16777216,3287,0.144,0,0.207
1,3290,28782.379,level1,0,1024,640,5.595,1,5.668,5.668,5.000,0,0.113,5.492,0.091,0.622,1.232,0.009,1,1,1165,3981,8,181384,1265,602,642,33444,67,0,67,1,16777216,3288,0.150,0,0.172
1,3291,28787.903,level1,0,1024,640,5.916,1,5.902,5.902,6.000,0,0.124,5.150,0.041,0.527,1.094,0.007,1,1,1165,3981,8,181384,1265,602,642,33453,67,0,67,1,16777216,3289,0.158,0,0.201
1,3292,28793.556,level1,0,1024,640,5.559,1,5.572,5.572,6.000,0,0.113,5.229,0.055,0.523,1.105,0.010,1,1,1165,3981,8,181384,1265,602,642,33462,67,0,67,1,16777216,3290,0.144,0,0.251
1,3293,28800.466,level1,0,1024,640,5.609,1,5.603,5.603,5.000,0,0.113,6.527,0.059,0.821,1.464,0.009,1,1,1170,4029,8,182408,1265,601,643,33471,67,0,67,1,16777216,3291,0.154,0,0.201
1,3294,28806.270,level1,0,1024,640,6.920,1,6.918,6.918,7.000,0,0.119,5.429,0.042,0.550,1.076,0.007,1,1,1170,4029,8,182408,1265,601,643,33480,67,0,67,1,16777216,3292,0.137,0,0.207
1,3295,28812.999,level1,0,1024,640,5.817,1,5.826,5.826,6.000,0,0.112,6.321,0.061,0.546,1.123,0.008,1,1,1175,4077,8,183432,1265,600,644,33489,67,0,67,1,16777216,3293,0.152,0,0.230
1,3296,28818.780,level1,0,1024,640,6.775,1,6.725,6.725,7.000,0,0.162,5.344,0.044,0.518,1.041,0.008,1,1,1175,4077,8,183432,1265,600,644,33498,67,0,67,1,16777216,3294,0.150,0,0.225
1,3297,28824.466,level1,0,1024,640,5.786,1,5.827,5.827,5.000,0,0.119,5.244,0.044,0.530,1.157,0.008,1,1,1175,4077,8,183432,1265,600,644,33507,67,0,67,1,16777216,3295,0.150,0,0.271
1,3298,28830.920,level1,0,1024,640,5.766,1,5.576,5.576,5.000,0,0.310,5.874,0.100,0.635,1.236,0.010,1,1,1175,4077,8,183432,1265,600,644,33516,67,0,67,1,16777216,3296,0.145,0,0.162
1,3299,28837.096,level1,0,1024,640,6.347,1,6.532,6.532,7.000,0,0.127,5.752,0.053,0.556,1.119,0.008,1,1,1196,4119,8,186456,1265,579,665,33525,67,0,67,1,16777216,3297,0.153,0,0.239
1,3300,28843.681,level1,0,1024,640,6.204,1,6.147,6.147,6.000,0,0.181,6.080,0.104,0.676,1.582,0.013,1,1,1191,4104,8,185696,1265,580,664,33534,67,0,67,1,16777216,3298,0.150,0,0.210
1,3301,28850.081,level1,0,1024,640,6.634,1,6.613,6.613,7.000,0,0.205,5.901,0.050,0.553,1.300,0.009,1,1,1189,4106,8,185456,1265,580,664,33543,67,0,67,1,16777216,3299,0.150,0,0.239
1,3302,28855.958,level1,0,1024,640,6.270,1,6.352,6.352,6.000,0,0.124,5.519,0.040,0.624,1.196,0.007,1,1,1194,4154,8,186480,1265,579,665,33552,67,0,67,1,16777216,3300,0.147,0,0.190
1,3303,28862.467,level1,0,1024,640,5.971,1,5.858,5.858,7.000,0,0.236,6.043,0.053,0.560,1.202,0.008,1,1,1198,4195,9,187372,1276,585,669,33563,67,0,67,1,16777216,3301,0.157,0,0.172
1,3304,28868.287,level1,0,1024,640,6.469,1,6.584,6.584,6.000,0,0.120,5.404,0.044,0.569,1.136,0.007,1,1,1203,4210,9,188132,1276,584,670,33573,67,0,67,1,16777216,3302,0.147,0,0.245
1,3305,28874.381,level1,0,1024,640,5.842,1,5.814,5.814,6.000,0,0.150,5.635,0.064,0.551,1.311,0.010,1,1,1191,4148,9,186100,1276,592,662,33583,67,0,67,1,16777216,3303,0.203,0,0.240
1,3306,28880.373,level1,0,1024,640,6.194,1,6.149,6.149,6.000,0,0.192,5.448,0.049,0.555,1.104,0.008,1,1,1191,4148,9,186100,1276,592,662,33593,67,0,67,1,16777216,3304,0.197,0,0.294
1,3307,28886.140,level1,0,1024,640,5.844,1,5.916,5.916,6.000,0,0.121,5.381,0.040,0.549,1.076,0.007,1,1,1191,4148,9,186100,1276,592,662,33603,67,0,67,1,16777216,3305,0.199,0,0.220
1,3308,28893.533,level1,0,1024,640,5.750,1,5.719,5.719,6.000,0,0.154,7.007,0.058,0.800,1.698,0.010,1,1,1191,4148,9,186100,1276,592,662,33613,67,0,67,1,16777216,3306,0.197,0,0.170
1,3309,28902.296,level1,0,1024,640,7.490,1,7.478,7.478,7.000,0,0.165,8.288,0.050,0.798,1.829,0.009,1,1,1186,4133,9,185340,1276,593,661,33623,67,0,67,1,16777216,3307,0.203,0,0.255
1,3310,28910.864,level1,0,1024,640,10.621,1,8.715,8.715,8.000,0,0.164,6.208,0.076,0.555,1.347,0.009,1,1,1186,4133,9,185340,1276,593,661,33633,67,0,67,1,16777216,3308,0.198,0,0.207
1,3311,28917.406,level1,0,1024,640,7.034,1,8.613,8.613,9.000,0,0.128,5.743,0.049,0.549,1.116,0.008,1,1,1186,4133,9,185340,1276,593,661,33643,67,0,67,1,16777216,3309,0.207,0,0.253
1,3312,28923.525,level1,0,1024,640,6.182,1,6.479,6.479,7.000,0,0.195,5.685,0.044,0.543,1.166,0.008,1,1,1181,4118,9,184580,1276,594,660,33653,67,0,67,1,16777216,3310,0.192,0,0.190
1,3313,28929.392,level1,0,1024,640,6.109,1,6.124,6.124,6.000,0,0.182,5.423,0.064,0.536,1.114,0.010,1,1,1181,4118,9,184580,1276,594,660,33663,67,0,67,1,16777216,3311,0.206,0,0.194
1,3314,28935.098,level1,0,1024,640,5.791,1,5.853,5.853,6.000,0,0.120,5.363,0.039,0.533,1.112,0.007,1,1,1181,4118,9,184580,1276,594,660,33673,67,0,67,1,16777216,3312,0.182,0,0.180
1,3315,28942.621,level1,0,1024,640,5.998,1,5.929,5.929,6.000,0,0.188,6.853,0.072,0.538,1.104,0.012,1,1,1164,4084,9,182132,1276,611,643,33683,67,0,67,1,16777216,3313,0.205,0,0.403
1,3316,28948.755,level1,0,1024,640,7.503,1,7.471,7.471,7.000,0,0.219,5.512,0.046,0.526,1.086,0.008,1,1,1164,4084,9,182132,1276,611,643,33693,67,0,67,1,16777216,3314,0.201,0,0.349
1,3317,28956.461,level1,0,1024,640,6.110,1,6.117,6.117,7.000,0,0.213,6.999,0.152,0.842,1.533,0.016,1,1,1164,4084,9,182132,1276,611,643,33703,67,0,67,1,16777216,3315,0.207,0,0.332
1,3318,28963.907,level1,0,1024,640,7.756,1,7.686,7.686,7.000,0,0.274,6.744,0.097,0.649,1.294,0.014,1,1,1164,4084,9,182132,1276,611,643,33713,67,0,67,1,16777216,3316,0.193,0,0.311
1,3319,28971.115,level1,0,1024,640,7.370,1,7.437,7.437,8.000,0,0.215,6.563,0.118,0.603,1.172,0.012,1,1,1164,4084,9,182132,1276,611,643,33723,67,0,67,1,16777216,3317,0.202,0,0.303
1,3320,28977.789,level1,0,1024,640,7.096,1,7.180,7.180,7.000,0,0.131,6.200,0.060,0.533,1.218,0.010,1,1,1169,4099,9,182892,1276,610,644,33733,67,0,67,1,16777216,3318,0.196,0,0.275
1,3321,28984.301,level1,0,1024,640,6.776,1,6.699,6.699,7.000,0,0.206,5.942,0.054,0.522,1.053,0.010,1,1,1169,4099,9,182892,1276,610,644,33743,67,0,67,1,16777216,3319,0.204,0,0.300
1,3322,28990.513,level1,0,1024,640,6.334,1,6.415,6.415,5.000,0,0.122,5.825,0.050,0.782,1.450,0.009,1,1,1169,4099,9,182892,1276,610,644,33753,67,0,67,1,16777216,3320,0.202,0,0.205
1,3323,28996.445,level1,0,1024,640,6.267,1,6.270,6.270,7.000,0,0.125,5.490,0.050,0.524,1.143,0.010,1,1,1184,4144,9,185172,1276,607,647,33763,67,0,67,1,16777216,3321,0.193,0,0.262
1,3324,29002.923,level1,0,1024,640,5.824,1,5.832,5.832,6.000,0,0.117,6.144,0.050,0.526,1.063,0.008,1,1,1184,4144,9,185172,1276,607,647,33773,67,0,67,1,16777216,3322,0.194,0,0.163
1,3325,29008.931,level1,0,1024,640,6.589,1,6.527,6.527,6.000,0,0.177,5.556,0.056,0.523,1.134,0.010,1,1,1184,4144,9,185172,1276,607,647,33783,67,0,67,1,16777216,3323,0.204,0,0.211
1,3326,29015.834,level1,0,1024,640,6.360,1,6.340,6.340,7.000,0,0.197,6.097,0.058,0.529,1.069,0.007,1,1,1184,4144,9,185172,1276,607,647,33793,67,0,67,1,16777216,3324,0.200,0,0.541
1,3327,29021.881,level1,0,1024,640,6.588,1,6.595,6.595,7.000,0,0.190,5.568,0.047,0.517,1.137,0.007,1,1,1187,4168,9,185748,1276,606,648,33803,67,0,67,1,16777216,3325,0.254,0,0.235
1,3328,29028.564,level1,0,1024,640,6.147,1,5.980,5.980,5.000,0,0.353,5.784,0.365,0.547,1.304,0.013,1,1,1187,4168,9,185748,1276,606,648,33813,67,0,67,1,16777216,3326,0.199,0,0.168
1,3329,29035.120,level1,0,1024,640,6.691,1,6.840,6.840,6.000,0,0.202,5.938,0.076,0.518,1.163,0.013,1,1,1187,4168,9,185748,1276,606,648,33823,67,0,67,1,16777216,3327,0.199,0,0.322
1,3330,29042.025,level1,0,1024,640,6.632,1,6.588,6.588,8.000,0,0.250,6.211,0.079,0.581,1.439,0.008,1,1,1208,4210,9,188772,1276,585,669,33833,67,0,67,1,16777216,3328,0.194,0,0.357
1,3331,29048.527,level1,0,1024,640,6.701,1,6.823,6.823,6.000,0,0.130,6.006,0.084,0.680,1.333,0.009,1,1,1213,4258,9,189796,1276,584,670,33843,67,0,67,1,16777216,3329,0.195,0,0.275
1,3332,29055.124,level1,0,1024,640,6.490,1,6.482,6.482,7.000,0,0.138,6.108,0.087,0.557,1.141,0.008,1,1,1213,4258,9,189796,1276,584,670,33853,67,0,67,1,16777216,3330,0.202,0,0.256
1,3333,29061.563,level1,0,1024,640,6.587,1,6.587,6.587,6.000,0,0.137,5.955,0.093,0.552,1.277,0.009,1,1,1213,4258,9,189796,1276,584,670,33863,67,0,67,1,16777216,3331,0.210,0,0.245
1,3334,29068.271,level1,0,1024,640,6.427,1,6.433,6.433,7.000,0,0.132,6.282,0.048,0.556,1.231,0.007,1,1,1216,4264,9,190228,1276,581,673,33873,67,0,67,1,16777216,3332,0.207,0,0.240
1,3335,29074.925,level1,0,1024,640,6.761,1,6.707,6.707,7.000,0,0.186,6.147,0.075,0.540,1.340,0.012,1,1,1209,4250,9,189220,1276,588,666,33883,67,0,67,1,16777216,3333,0.207,0,0.238
1,3336,29081.180,level1,0,1024,640,6.651,1,6.621,6.621,6.000,0,0.205,5.781,0.046,0.558,1.141,0.010,1,1,1209,4250,9,189220,1276,588,666,33893,67,0,67,1,16777216,3334,0.201,0,0.206
1,3337,29087.180,level1,0,1024,640,6.165,1,6.231,6.231,7.000,0,0.151,5.620,0.042,0.542,1.202,0.007,1,1,1209,4250,9,189220,1276,588,666,33903,67,0,67,1,16777216,3335,0.207,0,0.183
1,3338,29094.117,level1,0,1024,640,6.079,1,6.090,6.090,5.000,0,0.140,6.422,0.099,0.673,1.258,0.009,1,1,1209,4250,9,189220,1276,588,666,33913,67,0,67,1,16777216,3336,0.188,0,0.272
1,3339,29102.932,level1,0,1024,640,9.087,1,7.023,7.023,7.000,0,0.199,6.181,0.067,0.571,1.555,0.011,1,1,1209,4250,9,189220,1276,588,666,33923,67,0,67,1,16777216,3337,0.191,0,0.356
1,3340,29110.734,level1,0,1024,640,7.138,1,8.722,8.722,10.000,0,0.197,6.855,0.057,0.710,1.510,0.010,1,1,1204,4235,9,188460,1276,589,665,33933,67,0,67,1,16777216,3338,0.200,0,0.264
1,3341,29116.628,level1,0,1024,640,7.300,1,7.723,7.723,8.000,0,0.197,5.462,0.044,0.555,1.120,0.007,1,1,1204,4235,9,188460,1276,589,665,33943,67,0,67,1,16777216,3339,0.203,0,0.185
1,3342,29123.444,level1,0,1024,640,5.840,1,5.889,5.889,5.000,0,0.149,6.428,0.053,0.548,1.101,0.007,1,1,1204,4235,9,188460,1276,589,665,33953,67,0,67,1,16777216,3340,0.205,0,0.181
1,3343,29129.829,level1,0,1024,640,6.861,1,6.889,6.889,7.000,0,0.116,5.960,0.045,0.546,1.429,0.009,1,1,1199,4220,9,187700,1276,590,664,33963,67,0,67,1,16777216,3341,0.205,0,0.253
1,3344,29136.733,level1,0,1024,640,6.330,1,6.322,6.322,6.000,0,0.130,6.530,0.048,0.557,1.383,0.007,1,1,1199,4220,9,187700,1276,590,664,33973,67,0,67,1,16777216,3342,0.202,0,0.190
1,3345,29143.445,level1,0,1024,640,7.022,1,6.925,6.925,7.000,0,0.225,6.188,0.081,0.559,1.135,0.011,1,1,1188,4160,10,185864,1276,607,647,33985,67,0,67,1,16777216,3343,0.209,0,0.193
1,3346,29150.068,level1,0,1024,640,6.800,1,6.800,6.800,7.000,0,0.226,6.036,0.056,0.651,1.353,0.010,1,1,1188,4160,10,185864,1276,607,647,33996,67,0,67,1,16777216,3344,0.205,0,0.297
1,3347,29156.721,level1,0,1024,640,6.810,1,6.795,6.795,6.000,0,0.242,5.857,0.077,0.555,1.176,0.019,1,1,1188,4160,10,185864,1276,607,647,34007,67,0,67,1,16777216,3345,0.201,0,0.465
1,3348,29162.710,level1,0,1024,640,6.340,1,6.443,6.443,7.000,0,0.138,5.522,0.061,0.535,1.276,0.008,1,1,1188,4160,10,185864,1276,607,647,34018,67,0,67,1,16777216,3346,0.195,0,0.260
1,3349,29168.788,level1,0,1024,640,6.054,1,5.975,5.975,6.000,0,0.218,5.545,0.062,0.614,1.428,0.010,1,1,1188,4160,10,185864,1276,607,647,34029,67,0,67,1,16777216,3347,0.196,0,0.246
1,3350,29174.917,level1,0,1024,640,6.061,1,6.039,6.039,7.000,0,0.229,5.627,0.047,0.534,1.369,0.008,1,1,1188,4160,10,185864,1276,607,647,34040,67,0,67,1,16777216,3348,0.192,0,0.208
1,3351,29181.012,level1,0,1024,640,6.143,1,6.194,6.194,6.000,0,0.190,5.581,0.047,0.550,1.256,0.009,1,1,1193,4175,10,186624,1276,606,648,34051,67,0,67,1,16777216,3349,0.218,0,0.272
1,3352,29187.154,level1,0,1024,640,5.994,1,6.000,6.000,5.000,0,0.185,5.718,0.056,0.578,1.205,0.009,1,1,1193,4175,10,186624,1276,606,648,34062,67,0,67,1,16777216,3350,0.192,0,0.177
1,3353,29193.039,level1,0,1024,640,6.171,1,6.197,6.197,6.000,0,0.158,5.416,0.071,0.524,1.145,0.013,1,1,1198,4190,10,187384,1276,605,649,34073,67,0,67,1,16777216,3351,0.210,0,0.230
1,3354,29199.961,level1,0,1024,640,5.987,1,5.983,5.983,7.000,0,0.163,6.367,0.056,0.661,1.365,0.011,1,1,1198,4190,10,187384,1276,605,649,34084,67,0,67,1,16777216,3352,0.202,0,0.330
1,3355,29206.016,level1,0,1024,640,6.865,1,6.786,6.786,7.000,0,0.240,5.560,0.054,0.583,1.239,0.008,1,1,1203,4238,10,188408,1276,604,650,34095,67,0,67,1,16777216,3353,0.206,0,0.194
1,3356,29212.629,level1,0,1024,640,5.959,1,6.040,6.040,6.000,0,0.157,6.215,0.052,0.554,1.128,0.008,1,1,1208,4253,10,189168,1276,603,651,34106,67,0,67,1,16777216,3354,0.200,0,0.179
1,3357,29220.157,level1,0,1024,640,6.615,1,6.649,6.649,7.000,0,0.123,7.102,0.079,0.541,1.183,0.010,1,1,1213,4268,10,189928,1276,602,652,34117,67,0,67,1,16777216,3355,0.195,0,0.215
1,3358,29226.262,level1,0,1024,640,7.528,1,7.522,7.522,7.000,0,0.130,5.715,0.043,0.533,1.122,0.008,1,1,1213,4268,10,189928,1276,602,652,34128,67,0,67,1,16777216,3356,0.204,0,0.208
1,3359,29232.487,level1,0,1024,640,6.156,1,6.101,6.101,6.000,0,0.188,5.774,0.053,0.557,1.120,0.009,1,1,1223,4331,10,191712,1276,600,654,34139,67,0,67,1,16777216,3357,0.210,0,0.205
1,3360,29239.726,level1,0,1024,640,6.225,1,6.235,6.235,6.000,0,0.172,6.781,0.061,0.580,1.264,0.009,1,1,1247,4397,10,195312,1276,578,676,34150,67,0,67,1,16777216,3358,0.204,0,0.214
1,3361,29245.953,level1,0,1024,640,7.351,1,7.379,7.379,8.000,0,0.150,5.670,0.047,0.700,1.302,0.007,1,1,1247,4397,10,195312,1276,578,676,34161,67,0,67,1,16777216,3359,0.210,0,0.354
1,3362,29252.917,level1,0,1024,640,6.193,1,6.144,6.144,6.000,0,0.198,6.433,0.056,0.573,1.225,0.008,1,1,1252,4412,10,196072,1276,577,677,34172,67,0,67,1,16777216,3360,0.207,0,0.272
1,3363,29260.173,level1,0,1024,640,7.031,1,7.031,7.031,7.000,0,0.196,6.522,0.189,0.707,1.580,0.023,1,1,1252,4412,10,196072,1276,577,677,34183,67,0,67,1,16777216,3361,0.211,0,0.338
1,3364,29266.575,level1,0,1024,640,7.224,1,7.232,7.232,7.000,0,0.191,5.837,0.054,0.579,1.291,0.008,1,1,1247,4364,10,195048,1276,578,676,34194,67,0,67,1,16777216,3362,0.851,0,0.314
1,3365,29272.677,level1,0,1024,640,6.256,1,6.267,6.267,6.000,0,0.179,5.688,0.049,0.576,1.145,0.008,1,1,1250,4370,10,195480,1276,575,679,34205,67,0,67,1,16777216,3363,0.195,0,0.179
1,3366,29278.899,level1,0,1024,640,6.233,1,6.189,6.189,6.000,0,0.221,5.675,0.051,0.724,1.325,0.009,1,1,1238,4341,10,193712,1276,583,671,34216,67,0,67,1,16777216,3364,0.207,0,0.265
1,3367,29284.842,level1,0,1024,640,6.267,1,6.264,6.264,7.000,0,0.216,5.347,0.056,0.558,1.168,0.008,1,1,1235,4324,10,193192,1211,520,670,34227,67,0,67,1,16777216,3365,0.210,0,0.308
1,3368,29290.976,level1,0,1024,640,5.782,1,5.874,5.874,6.000,0,0.131,5.667,0.087,0.710,1.324,0.008,1,1,1235,4324,10,193192,1211,520,670,34238,67,0,67,1,16777216,3366,0.197,0,0.239
1,3369,29296.896,level1,0,1024,640,6.097,1,6.093,6.093,6.000,0,0.137,5.530,0.047,0.567,1.180,0.008,1,1,1235,4324,10,193192,1211,520,670,34249,67,0,67,1,16777216,3367,0.209,0,0.199
1,3370,29305.272,level1,0,1024,640,8.190,1,5.891,5.891,5.000,0,0.156,5.668,0.095,0.548,1.377,0.030,1,1,1235,4324,10,193192,1211,520,670,34260,67,0,67,1,16777216,3368,0.206,0,0.171
1,3371,29312.730,level1,0,1024,640,6.777,1,8.655,8.655,9.000,0,0.448,6.383,0.061,0.553,1.208,0.009,1,1,1234,4355,10,193312,1211,520,670,34271,67,0,67,1,16777216,3369,0.213,0,0.448
1,3372,29318.940,level1,0,1024,640,6.919,1,7.280,7.280,7.000,0,0.194,5.671,0.064,0.549,1.142,0.008,1,1,1223,4323,10,191648,1211,522,668,34282,67,0,67,1,16777216,3370,0.202,0,0.271
1,3373,29326.212,level1,0,1024,640,6.409,1,6.368,6.368,7.000,0,0.232,6.526,0.073,0.578,1.172,0.013,1,1,1214,4305,10,190352,1211,522,668,34293,67,0,67,1,16777216,3371,0.191,0,0.428
1,3374,29333.904,level1,0,1024,640,8.260,1,8.054,8.054,7.000,0,0.443,5.968,0.063,0.558,1.160,0.008,1,1,1214,4305,10,190352,1211,522,668,34304,67,0,67,1,16777216,3372,0.150,0,1.201
1,3375,29341.964,level1,0,1024,640,6.472,1,6.790,6.790,7.000,0,0.127,7.562,0.057,0.556,1.137,0.008,1,1,1209,4290,10,189592,1211,523,667,34315,67,0,67,1,16777216,3373,0.148,0,0.309
1,3376,29348.062,level1,0,1024,640,8.085,1,8.035,8.035,8.000,0,0.174,5.582,0.049,0.539,1.089,0.008,1,1,1192,4256,10,187144,1146,476,650,34326,67,0,67,1,16777216,3374,0.146,0,0.284
1,3377,29354.850,level1,0,1024,640,6.073,1,6.051,6.051,7.000,0,0.199,6.246,0.100,0.543,1.158,0.012,1,1,1192,4256,10,187144,1146,476,650,34337,67,0,67,1,16777216,3375,0.161,0,0.238
1,3378,29361.275,level1,0,1024,640,6.848,1,6.844,6.844,6.000,0,0.195,5.851,0.072,0.558,1.152,0.013,1,1,1192,4256,10,187144,1146,476,650,34348,67,0,67,1,16777216,3376,0.150,0,0.293
1,3379,29367.890,level1,0,1024,640,6.507,1,6.514,6.514,7.000,0,0.195,5.939,0.092,0.622,1.198,0.014,1,1,1192,4256,10,187144,1146,476,650,34359,67,0,67,1,16777216,3377,0.161,0,0.379
1,3380,29375.127,level1,0,1024,640,6.789,1,6.522,6.522,7.000,0,0.459,6.415,0.063,0.694,1.513,0.011,1,1,1192,4256,10,187144,1146,476,650,34370,67,0,67,1,16777216,3378,0.156,0,0.289
1,3381,29382.017,level1,0,1024,640,6.964,1,7.217,7.217,6.000,0,0.198,6.319,0.086,0.643,1.385,0.008,1,1,1192,4256,10,187144,1146,476,650,34381,67,0,67,1,16777216,3379,0.162,0,0.270
1,3382,29388.005,level1,0,1024,640,6.881,1,6.911,6.911,8.000,0,0.179,5.429,0.083,0.540,1.149,0.010,1,1,1192,4256,10,187144,1146,476,650,34392,67,0,67,1,16777216,3380,0.151,0,0.287
1,3383,29394.495,level1,0,1024,640,6.102,1,6.087,6.087,6.000,0,0.193,5.741,0.160,0.533,1.225,0.008,1,1,1192,4256,10,187144,1146,476,650,34403,67,0,67,1,16777216,3381,0.153,0,0.386
1,3384,29400.574,level1,0,1024,640,6.371,1,6.378,6.378,6.000,0,0.187,5.539,0.069,0.537,1.107,0.008,1,1,1197,4304,10,188168,1146,475,651,34414,67,0,67,1,16777216,3382,0.149,0,0.276
1,3385,29406.826,level1,0,1024,640,5.990,1,6.053,6.053,6.000,0,0.123,5.783,0.087,0.562,1.134,0.009,1,1,1207,4367,10,189952,1146,473,653,34425,67,0,67,1,16777216,3383,0.154,0,0.252
1,3386,29413.327,level1,0,1024,640,6.377,1,6.285,6.285,7.000,0,0.215,5.946,0.049,0.550,1.114,0.008,1,1,1207,4367,10,189952,1146,473,653,34436,67,0,67,1,16777216,3384,0.149,0,0.284
1,3387,29419.811,level1,0,1024,640,6.370,1,6.464,6.464,6.000,0,0.122,6.044,0.063,0.816,1.531,0.009,1,1,1207,4367,10,189952,1146,473,653,34447,67,0,67,1,16777216,3385,0.162,0,0.248
1,3388,29426.082,level1,0,1024,640,6.522,1,6.516,6.516,7.000,0,0.129,5.815,0.043,0.707,1.338,0.008,1,1,1212,4382,10,190712,1146,472,654,34458,67,0,67,1,16777216,3386,0.153,0,0.279
1,3389,29432.883,level1,0,1024,640,6.487,1,6.235,6.235,6.000,0,0.378,6.107,0.064,0.550,1.135,0.008,1,1,1222,4412,10,192232,1146,470,656,34469,67,0,67,1,16777216,3387,0.153,0,0.243
1,3390,29438.917,level1,0,1024,640,6.656,1,6.829,6.829,6.000,0,0.199,5.487,0.062,0.544,1.147,0.011,1,1,1222,4412,10,192232,1146,470,656,34480,67,0,67,1,16777216,3388,0.153,0,0.271
1,3391,29444.901,level1,0,1024,640,6.003,1,6.014,6.014,6.000,0,0.196,5.486,0.044,0.571,1.229,0.007,1,1,1243,4454,10,195256,1146,449,677,34491,67,0,67,1,16777216,3389,0.163,0,0.252
1,3392,29453.426,level1,0,1024,640,6.380,1,5.922,5.922,7.000,0,0.652,7.609,0.065,0.571,1.480,0.012,1,1,1243,4454,10,195256,1146,449,677,34502,67,0,67,1,16777216,3390,0.149,0,0.191
1,3393,29460.455,level1,0,1024,640,8.001,1,8.527,8.527,7.000,0,0.129,6.647,0.054,1.006,1.952,0.009,1,1,1238,4439,10,194496,1146,450,676,34513,67,0,67,1,16777216,3391,0.160,0,0.193
1,3394,29467.646,level1,0,1024,640,7.169,1,7.150,7.150,8.000,0,0.146,6.643,0.078,0.585,1.245,0.008,1,1,1248,4469,10,196016,1251,552,678,34524,67,0,67,1,16777216,3392,0.154,0,0.313
1,3395,29475.318,level1,0,1024,640,7.255,1,7.231,7.231,8.000,0,0.161,7.091,0.051,0.577,1.197,0.008,1,1,1256,4490,10,197208,1251,548,682,34535,67,0,67,1,16777216,3393,0.164,0,0.353
1,3396,29481.753,level1,0,1024,640,7.553,1,7.527,7.527,7.000,0,0.196,5.958,0.066,0.730,1.316,0.008,1,1,1249,4476,10,196200,1251,555,675,34546,67,0,67,1,16777216,3394,0.156,0,0.208
1,3397,29494.803,level1,0,1024,640,11.890,1,11.836,11.836,11.000,0,0.241,7.051,0.133,0.591,1.207,0.015,1,1,1244,4461,10,195440,1251,556,674,34557,67,0,67,1,16777216,3395,0.176,0,5.603
1,3398,29501.625,level1,0,1024,640,7.701,1,7.759,7.759,9.000,0,0.192,6.148,0.155,0.563,1.340,0.032,1,1,1239,4446,10,194680,1251,557,673,34568,67,0,67,1,16777216,3396,0.174,0,0.318
1,3399,29508.009,level1,0,1024,640,6.820,1,6.865,6.865,6.000,0,0.144,5.787,0.082,0.568,1.434,0.013,1,1,1234,4431,10,193920,1251,558,672,34579,67,0,67,1,16777216,3397,0.164,0,0.361
1,3400,29515.281,level1,0,1024,640,6.273,1,6.281,6.281,6.000,0,0.138,6.778,0.090,0.855,1.937,0.012,1,1,1234,4431,10,193920,1251,558,672,34590,67,0,67,1,16777216,3398,0.156,0,0.259
1,3401,29522.125,level1,0,1024,640,7.299,1,7.292,7.292,7.000,0,0.144,6.345,0.067,0.620,1.228,0.008,1,1,1234,4431,10,193920,1251,558,672,34601,67,0,67,1,16777216,3399,0.150,0,0.279
1,3402,29529.089,level1,0,1024,640,6.772,1,6.790,6.790,7.000,0,0.128,6.401,0.202,0.558,1.293,0.015,1,1,1229,4416,10,193160,1251,559,671,34612,67,0,67,1,16777216,3400,0.154,0,0.226
1,3403,29535.510,level1,0,1024,640,7.006,1,6.955,6.955,8.000,0,0.169,5.972,0.048,0.562,1.300,0.008,1,1,1229,4416,10,193160,1251,559,671,34623,67,0,67,1,16777216,3401,0.161,0,0.216
1,3404,29542.811,level1,0,1024,640,6.562,1,6.368,6.368,6.000,0,0.370,6.652,0.105,0.567,1.647,0.017,1,1,1229,4416,10,193160,1251,559,671,34634,67,0,67,1,16777216,3402,0.158,0,0.164
1,3405,29549.617,level1,0,1024,640,7.487,1,7.657,7.657,7.000,0,0.197,6.019,0.058,0.759,1.592,0.011,1,1,1212,4382,10,190712,1251,576,654,34645,67,0,67,1,16777216,3403,0.158,0,0.519
1,3406,29556.586,level1,0,1024,640,6.602,1,6.562,6.562,7.000,0,0.242,6.227,0.195,0.552,1.256,0.013,1,1,1212,4382,10,190712,1251,576,654,34656,67,0,67,1,16777216,3404,0.158,0,0.275
1,3407,29563.101,level1,0,1024,640,6.796,1,6.907,6.907,8.000,0,0.132,6.106,0.058,0.620,1.281,0.009,1,1,1212,4382,10,190712,1251,576,654,34667,67,0,67,1,16777216,3405,0.718,0,0.214
1,3408,29569.475,level1,0,1024,640,6.642,1,6.572,6.572,6.000,0,0.201,5.825,0.067,0.708,1.416,0.010,1,1,1207,4334,10,189688,1251,577,653,34678,67,0,67,1,16777216,3406,0.148,0,0.269
1,3409,29576.336,level1,0,1024,640,6.439,1,6.425,6.425,6.000,0,0.215,6.261,0.058,0.562,1.132,0.009,1,1,1212,4349,10,190448,1251,576,654,34689,67,0,67,1,16777216,3407,0.159,0,0.320
1,3410,29582.835,level1,0,1024,640,6.778,1,6.851,6.851,7.000,0,0.144,5.964,0.049,0.549,1.124,0.008,1,1,1217,4364,10,191208,1251,575,655,34700,67,0,67,1,16777216,3408,0.156,0,0.310
1,3411,29589.287,level1,0,1024,640,6.412,1,6.432,6.432,6.000,0,0.123,5.984,0.094,0.551,1.204,0.011,1,1,1217,4364,10,191208,1251,575,655,34711,67,0,67,1,16777216,3409,0.158,0,0.244
1,3412,29596.340,level1,0,1024,640,6.846,1,6.739,6.739,7.000,0,0.225,6.239,0.048,0.552,1.119,0.007,1,1,1217,4364,10,191208,1251,575,655,34722,67,0,67,1,16777216,3410,0.154,0,0.526
1,3413,29603.293,level1,0,1024,640,6.855,1,6.853,6.853,7.000,0,0.230,6.335,0.050,0.590,1.146,0.009,1,1,1225,4396,10,192488,1251,573,657,34733,67,0,67,1,16777216,3411,0.157,0,0.330
1,3414,29613.493,level1,0,1024,640,9.771,1,6.878,6.878,7.000,0,0.177,6.714,0.100,0.571,1.312,0.015,1,1,1225,4396,10,192488,1251,573,657,34744,67,0,67,1,16777216,3412,0.141,0,0.256
1,3415,29620.421,level1,0,1024,640,7.683,1,10.258,10.258,10.000,0,0.159,6.008,0.051,0.578,1.255,0.009,1,1,1230,4444,10,193512,1251,572,658,34755,67,0,67,1,16777216,3413,0.165,0,0.314
1,3416,29626.976,level1,0,1024,640,6.868,1,6.906,6.906,7.000,0,0.149,5.699,0.047,0.611,1.218,0.007,1,1,1235,4459,10,194272,1251,571,659,34766,67,0,67,1,16777216,3414,0.155,0,0.291
1,3417,29635.109,level1,0,1024,640,6.290,1,6.453,6.453,6.000,0,0.217,7.346,0.242,0.768,1.802,0.017,1,1,1235,4459,10,194272,1251,571,659,34777,67,0,67,1,16777216,3415,0.155,0,0.191
1,3418,29644.838,level1,0,1024,640,8.444,1,8.474,8.474,9.000,0,0.316,8.770,0.101,0.684,1.728,0.014,1,1,1238,4483,10,194848,1251,570,660,34788,67,0,67,1,16777216,3416,0.217,0,0.529
1,3419,29652.434,level1,0,1024,640,10.231,1,10.379,10.379,10.000,0,0.170,6.164,0.075,0.592,1.260,0.010,1,1,1264,4540,10,198632,1393,688,682,34799,67,0,67,1,16777216,3417,0.164,0,1.171
1,3420,29660.421,level1,0,1024,640,7.138,1,6.992,6.992,8.000,0,0.302,7.008,0.081,0.764,1.599,0.012,1,1,1274,4603,10,200416,1393,686,684,34810,67,0,67,1,16777216,3418,0.146,0,0.577
1,3421,29669.655,level1,0,1024,640,9.450,1,7.672,7.672,7.000,0,0.144,6.763,0.110,0.582,1.699,0.019,1,1,1274,4603,10,200416,1393,686,684,34821,67,0,67,1,16777216,3419,0.167,0,0.260
1,3422,29677.091,level1,0,1024,640,7.975,1,9.275,9.275,9.000,0,0.183,6.227,0.106,0.587,1.488,0.016,1,1,1274,4603,10,200416,1393,686,684,34832,67,0,67,1,16777216,3420,0.156,0,0.301
1,3423,29684.456,level1,0,1024,640,6.939,1,7.480,7.480,8.000,0,0.249,6.707,0.053,0.595,1.620,0.011,1,1,1282,4657,10,201872,1393,682,688,34843,67,0,67,1,16777216,3421,0.152,0,0.347
1,3424,29691.641,level1,0,1024,640,7.270,1,7.294,7.294,7.000,0,0.228,6.618,0.057,0.656,1.487,0.009,1,1,1282,4657,10,201872,1393,682,688,34854,67,0,67,1,16777216,3422,0.157,0,0.274
1,3425,29698.214,level1,0,1024,640,7.075,1,7.129,7.129,7.000,0,0.175,6.127,0.046,0.587,1.331,0.007,1,1,1272,4627,10,200352,1328,620,686,34865,67,0,67,1,16777216,3423,0.163,0,0.219
1,3426,29705.800,level1,0,1024,640,6.592,1,6.550,6.550,7.000,0,0.210,7.107,0.060,0.574,1.470,0.011,1,1,1272,4594,10,200088,1328,620,686,34876,67,0,67,1,16777216,3424,0.157,0,0.196
1,3427,29712.320,level1,0,1024,640,7.663,1,7.753,7.753,8.000,0,0.126,5.972,0.052,0.586,1.199,0.008,1,1,1267,4579,10,199328,1328,621,685,34887,67,0,67,1,16777216,3425,0.158,0,0.362
1,3428,29719.781,level1,0,1024,640,6.498,1,6.399,6.399,5.000,0,0.227,6.898,0.090,0.702,1.392,0.008,1,1,1267,4579,10,199328,1328,621,685,34898,67,0,67,1,16777216,3426,0.224,0,0.240
1,3429,29726.606,level1,0,1024,640,7.675,1,7.705,7.705,8.000,0,0.195,6.062,0.076,0.577,1.402,0.008,1,1,1267,4579,10,199328,1328,621,685,34909,67,0,67,1,16777216,3427,0.162,0,0.484
1,3430,29733.832,level1,0,1024,640,6.581,1,6.583,6.583,7.000,0,0.195,6.721,0.061,0.599,1.306,0.011,1,1,1267,4579,10,199328,1328,621,685,34920,67,0,67,1,16777216,3428,0.155,0,0.242
1,3431,29740.449,level1,0,1024,640,7.206,1,7.226,7.226,7.000,0,0.174,6.146,0.048,0.595,1.267,0.008,1,1,1267,4579,10,199328,1328,621,685,34931,67,0,67,1,16777216,3429,0.163,0,0.241
1,3432,29746.578,level1,0,1024,640,6.533,1,6.571,6.571,7.000,0,0.138,5.746,0.043,0.586,1.159,0.007,1,1,1267,4579,10,199328,1328,621,685,34942,67,0,67,1,16777216,3430,0.157,0,0.196
1,3433,29754.336,level1,0,1024,640,6.349,1,6.145,6.145,7.000,0,0.334,7.077,0.121,0.607,1.217,0.011,1,1,1267,4579,10,199328,1328,621,685,34953,67,0,67,1,16777216,3431,0.163,0,0.213
1,3434,29763.163,level1,0,1024,640,7.796,1,7.922,7.922,7.000,0,0.208,7.979,0.248,0.904,1.846,0.045,1,1,1267,4579,10,199328,1328,621,685,34964,67,0,67,1,16777216,3432,0.164,0,0.375
1,3435,29772.401,level1,0,1024,640,8.798,1,8.783,8.783,9.000,0,0.230,8.595,0.075,0.588,1.306,0.011,1,1,1272,4594,10,200088,1328,620,686,34975,67,0,67,1,16777216,3433,0.185,0,0.331
1,3436,29781.115,level1,0,1024,640,11.414,1,9.114,9.114,8.000,0,0.193,5.889,0.081,0.576,1.343,0.018,1,1,1283,4616,11,201724,1328,619,687,34988,67,0,67,1,16777216,3434,0.154,0,0.208
1,3437,29788.564,level1,0,1024,640,7.152,1,8.706,8.706,10.000,0,0.131,6.187,0.053,0.603,1.208,0.011,1,1,1278,4568,11,200700,1328,620,686,35000,67,0,67,1,16777216,3435,0.188,0,0.199
1,3438,29795.542,level1,0,1024,640,7.075,1,7.609,7.609,7.000,0,0.151,6.114,0.055,0.582,1.247,0.010,1,1,1278,4568,11,200700,1328,620,686,35012,67,0,67,1,16777216,3436,0.158,0,0.355
1,3439,29802.103,level1,0,1024,640,7.099,1,6.825,6.825,7.000,0,0.147,5.575,0.056,0.577,1.164,0.007,1,1,1278,4568,11,200700,1328,620,686,35024,67,0,67,1,16777216,3437,0.167,0,0.207
1,3440,29808.367,level1,0,1024,640,5.956,1,6.544,6.544,6.000,0,0.120,5.891,0.048,0.594,1.206,0.008,1,1,1278,4568,11,200700,1328,620,686,35036,67,0,67,1,16777216,3438,0.149,0,0.190
1,3441,29815.244,level1,0,1024,640,6.335,1,6.254,6.254,6.000,0,0.208,6.420,0.060,0.591,1.294,0.010,1,1,1273,4520,11,199676,1328,621,685,35048,67,0,67,1,16777216,3439,0.162,0,0.180
1,3442,29821.801,level1,0,1024,640,6.872,1,6.939,6.939,8.000,0,0.145,6.116,0.048,0.614,1.295,0.008,1,1,1273,4520,11,199676,1328,621,685,35060,67,0,67,1,16777216,3440,0.155,0,0.241
1,3443,29828.375,level1,0,1024,640,6.810,1,6.726,6.726,6.000,0,0.227,5.882,0.047,0.652,1.339,0.008,1,1,1247,4463,11,195892,1186,503,663,35072,67,0,67,1,16777216,3441,0.166,0,0.402
1,3444,29834.893,level1,0,1024,640,6.815,1,6.776,6.776,7.000,0,0.260,5.581,0.051,0.580,1.157,0.008,1,1,1247,4463,11,195892,1186,503,663,35084,67,0,67,1,16777216,3442,0.162,0,0.612
1,3445,29841.574,level1,0,1024,640,6.185,1,6.250,6.250,7.000,0,0.203,6.055,0.072,0.746,1.672,0.012,1,1,1244,4439,11,195316,1186,504,662,35096,67,0,67,1,16777216,3443,0.168,0,0.344
1,3446,29848.276,level1,0,1024,640,6.464,1,6.533,6.533,6.000,0,0.134,6.284,0.081,0.611,1.295,0.008,1,1,1244,4439,11,195316,1186,504,662,35108,67,0,67,1,16777216,3444,0.147,0,0.198
1,3447,29854.271,level1,0,1024,640,6.868,1,6.782,6.782,7.000,0,0.219,5.441,0.052,0.610,1.173,0.008,1,1,1244,4439,11,195316,1186,504,662,35120,67,0,67,1,16777216,3445,0.156,0,0.277
1,3448,29863.670,level1,0,1024,640,5.825,1,5.920,5.920,6.000,0,0.124,8.930,0.134,0.828,1.925,0.017,1,1,1244,4439,11,195316,1186,504,662,35132,67,0,67,1,16777216,3446,0.163,0,0.203
1,3449,29870.975,level1,0,1024,640,9.655,1,9.516,9.516,9.000,0,0.258,6.651,0.065,0.765,1.607,0.015,1,1,1239,4424,11,194556,1186,505,661,35144,67,0,67,1,16777216,3447,0.157,0,0.319
1,3450,29877.997,level1,0,1024,640,7.245,1,7.296,7.296,7.000,0,0.204,6.420,0.073,0.592,1.396,0.011,1,1,1234,4376,11,193532,1186,506,660,35156,67,0,67,1,16777216,3448,0.158,0,0.311
1,3451,29884.481,level1,0,1024,640,6.944,1,6.959,6.959,7.000,0,0.196,5.976,0.057,0.661,1.358,0.011,1,1,1234,4376,11,193532,1186,506,660,35168,67,0,67,1,16777216,3449,0.165,0,0.249
1,3452,29893.164,level1,0,1024,640,8.468,1,6.499,6.499,7.000,0,0.207,6.184,0.064,0.596,1.206,0.010,1,1,1234,4376,11,193532,1186,506,660,35180,67,0,67,1,16777216,3450,0.155,0,0.263
1,3453,29900.480,level1,0,1024,640,7.427,1,8.659,8.659,9.000,0,0.211,6.090,0.047,0.592,1.255,0.008,1,1,1231,4359,11,193012,1186,507,659,35192,67,0,67,1,16777216,3451,0.160,0,0.239
1,3454,29906.963,level1,0,1024,640,6.562,1,7.322,7.322,7.000,0,0.174,6.005,0.052,0.585,1.192,0.009,1,1,1231,4359,11,193012,1186,507,659,35204,67,0,67,1,16777216,3452,0.145,0,0.245
1,3455,29913.043,level1,0,1024,640,6.583,1,6.537,6.537,7.000,0,0.216,5.508,0.047,0.590,1.158,0.008,1,1,1231,4359,11,193012,1186,507,659,35216,67,0,67,1,16777216,3453,0.158,0,0.299
1,3456,29919.401,level1,0,1024,640,6.025,1,6.039,6.039,6.000,0,0.205,5.835,0.053,0.684,1.312,0.009,1,1,1231,4359,11,193012,1186,507,659,35228,67,0,67,1,16777216,3454,0.152,0,0.258
1,3457,29925.713,level1,0,1024,640,6.343,1,6.388,6.388,6.000,0,0.159,5.758,0.098,0.545,1.157,0.008,1,1,1226,4344,11,192252,1186,508,658,35240,67,0,67,1,16777216,3455,0.157,0,0.287
1,3458,29934.493,level1,0,1024,640,8.524,1,6.325,6.325,6.000,0,0.492,6.036,0.076,0.656,1.390,0.011,1,1,1226,4344,11,192252,1186,508,658,35252,67,0,67,1,16777216,3456,0.713,0,0.301
1,3459,29940.574,level1,0,1024,640,6.973,1,8.751,8.751,9.000,0,0.204,5.171,0.050,0.546,1.100,0.009,1,1,1226,4344,11,192252,1186,508,658,35264,67,0,67,1,16777216,3457,0.152,0,0.272
1,3460,29946.272,level1,0,1024,640,5.536,1,5.996,5.996,6.000,0,0.123,5.334,0.049,0.550,1.141,0.008,1,1,1226,4344,11,192252,1186,508,658,35276,67,0,67,1,16777216,3458,0.154,0,0.187
1,3461,29953.741,level1,0,1024,640,5.744,1,5.720,5.720,6.000,0,0.144,7.020,0.087,0.570,1.234,0.011,1,1,1221,4329,11,191492,1186,509,657,35288,67,0,67,1,16777216,3459,0.153,0,0.209
1,3462,29962.337,level1,0,1024,640,9.832,1,7.551,7.551,7.000,0,0.158,5.790,0.082,0.552,1.131,0.015,1,1,1212,4311,10,190144,1186,510,656,35299,67,0,67,1,16777216,3460,0.156,0,0.291
1,3463,29969.711,level1,0,1024,640,6.967,1,8.664,8.664,9.000,0,0.487,6.215,0.063,0.611,1.586,0.013,1,1,1212,4311,10,190144,1186,510,656,35310,67,0,67,1,16777216,3461,0.160,0,0.355
1,3464,29977.713,level1,0,1024,640,8.506,1,7.238,7.238,7.000,0,0.183,5.686,0.088,0.553,1.133,0.009,1,1,1212,4311,10,190144,1186,510,656,35321,67,0,67,1,16777216,3462,0.158,0,0.223
1,3465,29984.744,level1,0,1024,640,6.670,1,8.065,8.065,9.000,0,0.133,6.021,0.115,0.551,1.160,0.008,1,1,1217,4359,10,191168,1186,509,657,35332,67,0,67,1,16777216,3463,0.160,0,0.286
1,3466,29991.257,level1,0,1024,640,6.614,1,7.012,7.012,7.000,0,0.204,5.988,0.048,0.596,1.247,0.009,1,1,1222,4374,10,191928,1251,572,658,35343,67,0,67,1,16777216,3464,0.155,0,0.266
1,3467,29998.919,level1,0,1024,640,6.510,1,6.507,6.507,5.000,0,0.204,7.065,0.122,0.554,1.676,0.015,1,1,1222,4374,10,191928,1251,572,658,35354,67,0,67,1,16777216,3465,0.158,0,0.261
1,3468,30005.584,level1,0,1024,640,7.588,1,7.661,7.661,8.000,0,0.134,6.204,0.060,0.552,1.584,0.011,1,1,1222,4374,10,191928,1251,572,658,35365,67,0,67,1,16777216,3466,0.161,0,0.259
1,3469,30012.697,level1,0,1024,640,6.609,1,6.603,6.603,7.000,0,0.140,6.715,0.054,0.854,1.677,0.010,1,1,1222,4374,10,191928,1251,572,658,35376,67,0,67,1,16777216,3467,0.161,0,0.199
1,3470,30018.814,level1,0,1024,640,7.162,1,7.168,7.168,7.000,0,0.131,5.679,0.045,0.576,1.219,0.008,1,1,1219,4368,10,191496,1251,575,655,35387,67,0,67,1,16777216,3468,0.154,0,0.253
1,3471,30024.805,level1,0,1024,640,6.054,1,6.071,6.071,6.000,0,0.118,5.591,0.070,0.546,1.261,0.007,1,1,1219,4368,10,191496,1251,575,655,35398,67,0,67,1,16777216,3469,0.162,0,0.207
1,3472,30031.207,level1,0,1024,640,6.047,1,5.972,5.972,6.000,0,0.193,5.957,0.060,0.570,1.227,0.009,1,1,1219,4368,10,191496,1251,575,655,35409,67,0,67,1,16777216,3470,0.150,0,0.188
1,3473,30037.339,level1,0,1024,640,6.390,1,6.453,6.453,7.000,0,0.128,5.710,0.049,0.572,1.232,0.007,1,1,1224,4383,10,192256,1251,574,656,35420,67,0,67,1,16777216,3471,0.160,0,0.237
1,3474,30043.478,level1,0,1024,640,6.139,1,6.148,6.148,6.000,0,0.121,5.690,0.069,0.555,1.295,0.012,1,1,1224,4383,10,192256,1251,574,656,35431,67,0,67,1,16777216,3472,0.153,0,0.253
1,3475,30049.918,level1,0,1024,640,6.141,1,6.120,6.120,6.000,0,0.141,6.006,0.052,0.584,1.437,0.011,1,1,1224,4383,10,192256,1251,574,656,35442,67,0,67,1,16777216,3473,0.161,0,0.235
1,3476,30055.975,level1,0,1024,640,6.411,1,6.431,6.431,7.000,0,0.122,5.664,0.040,0.689,1.330,0.007,1,1,1224,4383,10,192256,1251,574,656,35453,67,0,67,1,16777216,3474,0.156,0,0.225
1,3477,30062.600,level1,0,1024,640,6.053,1,6.008,6.008,5.000,0,0.168,6.173,0.104,0.556,1.398,0.009,1,1,1219,4368,10,191496,1251,575,655,35464,67,0,67,1,16777216,3475,0.159,0,0.177
1,3478,30068.664,level1,0,1024,640,6.678,1,6.701,6.701,7.000,0,0.143,5.618,0.044,0.576,1.209,0.008,1,1,1224,4383,10,192256,1251,574,656,35475,67,0,67,1,16777216,3476,0.154,0,0.250
1,3479,30075.888,level1,0,1024,640,6.072,1,6.078,6.078,6.000,0,0.139,6.752,0.062,0.740,1.429,0.009,1,1,1224,4383,10,192256,1251,574,656,35486,67,0,67,1,16777216,3477,0.162,0,0.265
1,3480,30082.452,level1,0,1024,640,7.281,1,7.247,7.247,7.000,0,0.172,6.042,0.055,0.568,1.334,0.008,1,1,1224,4383,10,192256,1251,574,656,35497,67,0,67,1,16777216,3478,0.151,0,0.287
1,3481,30088.911,level1,0,1024,640,6.571,1,6.547,6.547,7.000,0,0.198,5.916,0.068,0.592,1.286,0.014,1,1,1224,4383,10,192256,1251,574,656,35508,67,0,67,1,16777216,3479,0.169,0,0.271
1,3482,30095.301,level1,0,1024,640,6.536,1,6.470,6.470,6.000,0,0.255,5.786,0.053,0.556,1.121,0.009,1,1,1227,4400,10,192776,1251,573,657,35519,67,0,67,1,16777216,3480,0.156,0,0.282
1,3483,30101.984,level1,0,1024,640,6.254,1,6.298,6.298,7.000,0,0.214,6.185,0.082,0.556,1.331,0.014,1,1,1227,4400,10,192776,1251,573,657,35530,67,0,67,1,16777216,3481,0.153,0,0.190
1,3484,30108.332,level1,0,1024,640,6.708,1,6.787,6.787,6.000,0,0.140,5.831,0.073,0.555,1.318,0.013,1,1,1227,4400,10,192776,1251,573,657,35541,67,0,67,1,16777216,3482,0.158,0,0.294
1,3485,30114.777,level1,0,1024,640,6.391,1,6.347,6.347,7.000,0,0.184,5.893,0.068,0.570,1.424,0.012,1,1,1232,4448,10,193800,1251,572,658,35552,67,0,67,1,16777216,3483,0.152,0,0.286
1,3486,30121.236,level1,0,1024,640,6.442,1,6.424,6.424,6.000,0,0.199,5.931,0.048,0.748,1.559,0.011,1,1,1232,4448,10,193800,1251,572,658,35563,67,0,67,1,16777216,3484,0.150,0,0.272
1,3487,30127.785,level1,0,1024,640,6.377,1,6.387,6.387,6.000,0,0.194,6.061,0.089,0.773,1.732,0.008,1,1,1237,4463,10,194560,1251,571,659,35574,67,0,67,1,16777216,3485,0.162,0,0.199
1,3488,30134.258,level1,0,1024,640,6.750,1,6.757,6.757,8.000,0,0.186,5.821,0.051,0.589,1.200,0.008,1,1,1237,4463,10,194560,1251,571,659,35585,67,0,67,1,16777216,3486,0.152,0,0.408
1,3489,30140.669,level1,0,1024,640,6.276,1,6.263,6.263,6.000,0,0.196,5.957,0.050,0.634,1.274,0.008,1,1,1237,4463,10,194560,1251,571,659,35596,67,0,67,1,16777216,3487,0.160,0,0.198
1,3490,30147.042,level1,0,1024,640,6.461,1,6.456,6.456,7.000,0,0.203,5.874,0.046,0.567,1.139,0.007,1,1,1240,4487,10,195136,1251,570,660,35607,67,0,67,1,16777216,3488,0.158,0,0.240
1,3491,30153.716,level1,0,1024,640,6.297,1,6.303,6.303,6.000,0,0.201,6.247,0.049,0.591,1.214,0.008,1,1,1266,4544,10,198920,1393,688,682,35618,67,0,67,1,16777216,3489,0.151,0,0.173
1,3492,30160.291,level1,0,1024,640,6.653,1,6.704,6.704,6.000,0,0.149,6.173,0.045,0.769,1.519,0.008,1,1,1271,4592,10,199944,1393,687,683,35629,67,0,67,1,16777216,3490,0.152,0,0.204
1,3493,30166.775,level1,0,1024,640,6.603,1,6.617,6.617,7.000,0,0.126,6.051,0.048,0.599,1.301,0.010,1,1,1271,4592,10,199944,1393,687,683,35640,67,0,67,1,16777216,3491,0.160,0,0.245
1,3494,30176.018,level1,0,1024,640,8.702,1,6.468,6.468,6.000,0,0.203,6.544,0.096,0.591,1.714,0.016,1,1,1271,4592,10,199944,1393,687,683,35651,67,0,67,1,16777216,3492,0.156,0,0.229
1,3495,30183.887,level1,0,1024,640,8.137,1,9.322,9.322,9.000,0,0.208,6.247,0.124,0.595,1.362,0.019,1,1,1271,4625,10,200208,1393,687,683,35662,67,0,67,1,16777216,3493,0.157,0,0.307
1,3496,30190.308,level1,0,1024,640,6.876,1,7.903,7.903,9.000,0,0.157,5.866,0.051,0.592,1.192,0.010,1,1,1269,4626,10,199960,1321,622,677,35673,67,0,67,1,16777216,3494,0.150,0,0.341
1,3497,30196.567,level1,0,1024,640,6.227,1,6.253,6.253,6.000,0,0.133,5.907,0.042,0.568,1.273,0.008,1,1,1269,4626,10,199960,1321,622,677,35684,67,0,67,1,16777216,3495,0.157,0,0.173
1,3498,30204.230,level1,0,1024,640,6.242,1,6.251,6.251,6.000,0,0.125,7.223,0.144,0.589,1.447,0.011,1,1,1264,4611,10,199200,1321,623,676,35695,67,0,67,1,16777216,3496,0.144,0,0.165
1,3499,30211.549,level1,0,1024,640,7.815,1,7.746,7.746,8.000,0,0.189,6.811,0.061,0.578,1.659,0.010,1,1,1259,4596,10,198440,1321,624,675,35706,67,0,67,1,16777216,3497,0.191,0,0.246
1,3500,30218.302,level1,0,1024,640,7.255,1,7.311,7.311,7.000,0,0.137,6.306,0.064,0.614,1.327,0.010,1,1,1259,4596,10,198440,1321,624,675,35717,67,0,67,1,16777216,3498,0.155,0,0.239
1,3501,30224.541,level1,0,1024,640,6.783,1,6.776,6.776,7.000,0,0.143,5.781,0.045,0.650,1.243,0.009,1,1,1259,4596,10,198440,1321,624,675,35728,67,0,67,1,16777216,3499,0.168,0,0.262
1,3502,30231.253,level1,0,1024,640,6.133,1,6.142,6.142,6.000,0,0.137,6.334,0.072,0.565,1.437,0.012,1,1,1259,4596,10,198440,1321,624,675,35739,67,0,67,1,16777216,3500,0.157,0,0.166
1,3503,30237.770,level1,0,1024,640,6.798,1,6.782,6.782,7.000,0,0.150,6.083,0.043,0.585,1.363,0.008,1,1,1254,4581,9,197628,1321,626,673,35749,67,0,67,1,16777216,3501,0.159,0,0.234
1,3504,30243.853,level1,0,1024,640,6.451,1,6.485,6.485,7.000,0,0.115,5.717,0.041,0.563,1.173,0.007,1,1,1254,4581,9,197628,1321,626,673,35759,67,0,67,1,16777216,3502,0.148,0,0.203
1,3505,30250.365,level1,0,1024,640,6.119,1,6.050,6.050,5.000,0,0.185,6.093,0.057,0.575,1.292,0.009,1,1,1254,4581,9,197628,1321,626,673,35769,67,0,67,1,16777216,3503,0.158,0,0.171
1,3506,30256.467,level1,0,1024,640,6.536,1,6.593,6.593,7.000,0,0.125,5.674,0.042,0.566,1.192,0.012,1,1,1254,4581,9,197628,1321,626,673,35779,67,0,67,1,16777216,3504,0.157,0,0.251
1,3507,30262.657,level1,0,1024,640,6.031,1,6.036,6.036,6.000,0,0.125,5.828,0.048,0.690,1.322,0.007,1,1,1254,4581,9,197628,1321,626,673,35789,67,0,67,1,16777216,3505,0.157,0,0.187
1,3508,30268.929,level1,0,1024,640,6.219,1,6.211,6.211,6.000,0,0.133,5.860,0.067,0.573,1.322,0.010,1,1,1254,4581,9,197628,1321,626,673,35799,67,0,67,1,16777216,3506,0.155,0,0.206
1,3509,30275.929,level1,0,1024,640,6.460,1,6.418,6.418,6.000,0,0.174,6.384,0.084,0.570,1.203,0.013,1,1,1254,4581,9,197628,1321,626,673,35809,67,0,67,1,16777216,3507,0.161,0,0.350
1,3510,30283.949,level1,0,1024,640,7.204,1,7.043,7.043,7.000,0,0.327,7.092,0.189,0.579,1.506,0.030,1,1,1254,4581,9,197628,1321,626,673,35819,67,0,67,1,16777216,3508,0.151,0,0.395
1,3511,30293.332,level1,0,1024,640,9.616,1,8.015,8.015,9.000,0,0.198,6.940,0.110,0.586,1.588,0.014,1,1,1254,4581,9,197628,1321,626,673,35829,67,0,67,1,16777216,3509,0.167,0,0.381
1,3512,30300.854,level1,0,1024,640,8.275,1,9.269,9.269,9.000,0,0.153,6.224,0.073,0.616,1.330,0.013,1,1,1254,4581,9,197628,1321,626,673,35839,67,0,67,1,16777216,3510,0.149,0,0.274
1,3513,30307.594,level1,0,1024,640,6.854,1,7.591,7.591,7.000,0,0.205,6.116,0.068,0.568,1.273,0.011,1,1,1254,4581,9,197628,1321,626,673,35849,67,0,67,1,16777216,3511,0.147,0,0.344
1,3514,30315.336,level1,0,1024,640,6.833,1,6.829,6.829,8.000,0,0.210,6.975,0.117,0.641,1.396,0.014,1,1,1254,4581,9,197628,1321,626,673,35859,67,0,67,1,16777216,3512,0.159,0,0.433
1,3515,30322.151,level1,0,1024,640,7.520,1,7.579,7.579,7.000,0,0.149,6.328,0.050,0.733,1.434,0.008,1,1,1259,4596,9,198388,1321,625,674,35869,67,0,67,1,16777216,3513,0.169,0,0.269
1,3516,30329.559,level1,0,1024,640,6.788,1,6.801,6.801,7.000,0,0.138,6.928,0.079,0.647,1.483,0.009,1,1,1264,4644,9,199412,1321,624,675,35879,67,0,67,1,16777216,3514,0.157,0,0.256
1,3517,30340.873,level1,0,1024,640,9.599,1,7.599,7.599,7.000,0,0.214,8.640,0.083,0.975,2.791,0.014,1,1,1274,4707,9,201196,1321,622,677,35889,67,0,67,1,16777216,3515,0.156,0,0.442
1,3518,30348.526,level1,0,1024,640,9.819,1,11.145,11.145,12.000,0,0.200,6.454,0.103,0.608,1.246,0.013,1,1,1279,4722,9,201956,1321,621,678,35899,67,0,67,1,16777216,3516,0.150,0,0.277
1,3519,30356.612,level1,0,1024,640,8.016,1,7.664,7.664,7.000,0,0.200,6.540,0.087,0.843,1.746,0.047,1,1,1284,4737,9,202716,1321,620,679,35909,67,0,67,1,16777216,3517,0.161,0,0.289
1,3520,30364.088,level1,0,1024,640,7.712,1,8.260,8.260,8.000,0,0.367,6.341,0.052,0.663,1.584,0.008,1,1,1318,4833,9,207836,1321,596,703,35919,67,0,67,1,16777216,3518,0.164,0,0.455
1,3521,30371.808,level1,0,1024,640,6.834,1,7.255,7.255,8.000,0,0.194,7.172,0.106,0.957,2.036,0.012,1,1,1318,4833,9,207836,1321,596,703,35929,67,0,67,1,16777216,3519,0.151,0,0.241
1,3522,30379.110,level1,0,1024,640,7.708,1,7.746,7.746,7.000,0,0.151,6.784,0.088,0.614,1.476,0.015,1,1,1322,4841,9,208412,1321,592,707,35939,67,0,67,1,16777216,3520,0.157,0,0.267
1,3523,30386.156,level1,0,1024,640,7.445,1,7.361,7.361,7.000,0,0.240,6.385,0.088,0.616,1.578,0.010,1,1,1317,4793,9,207388,1321,593,706,35949,67,0,67,1,16777216,3521,0.164,0,0.326
1,3524,30393.856,level1,0,1024,640,7.085,1,7.126,7.126,8.000,0,0.198,7.030,0.059,0.676,1.991,0.008,1,1,1317,4793,9,207388,1321,593,706,35959,67,0,67,1,16777216,3522,0.166,0,0.406
1,3525,30401.238,level1,0,1024,640,7.539,1,7.607,7.607,7.000,0,0.129,6.860,0.071,0.786,1.794,0.015,1,1,1323,4834,9,208484,1321,591,708,35969,67,0,67,1,16777216,3523,0.171,0,0.313
1,3526,30411.230,level1,0,1024,640,9.112,1,7.380,7.380,7.000,0,0.167,7.748,0.063,0.771,1.836,0.010,1,1,1323,4834,9,208484,1321,591,708,35979,67,0,67,1,16777216,3524,0.159,0,0.311
1,3527,30419.059,level1,0,1024,640,8.857,1,9.878,9.878,10.000,0,0.253,6.718,0.064,0.892,1.854,0.009,1,1,1323,4834,9,208484,1321,591,708,35989,67,0,67,1,16777216,3525,0.169,0,0.198
1,3528,30426.324,level1,0,1024,640,7.253,1,7.937,7.937,8.000,0,0.158,6.719,0.052,0.632,1.308,0.008,1,1,1324,4836,10,208680,1321,590,709,36001,67,0,67,1,16777216,3526,0.170,0,0.306
1,3529,30436.219,level1,0,1024,640,9.983,1,7.243,7.243,8.000,0,0.224,6.600,0.107,0.739,1.670,0.012,1,1,1333,4854,12,210080,1321,588,711,36015,68,0,68,1,16777216,3527,0.165,0,0.283
1,3530,30443.650,level1,0,1024,640,7.414,1,9.930,9.930,10.000,0,0.160,6.675,0.050,0.627,1.295,0.008,1,1,1333,4854,12,210080,1321,588,711,36028,68,0,68,1,16777216,3528,0.208,0,0.318
1,3531,30450.718,level1,0,1024,640,7.136,1,7.389,7.389,7.000,0,0.128,6.554,0.102,0.653,1.285,0.009,1,1,1333,4854,12,210080,1321,588,711,36041,68,0,68,1,16777216,3529,0.191,0,0.277
1,3532,30457.808,level1,0,1024,640,7.039,1,7.028,7.028,8.000,0,0.138,6.655,0.053,0.623,1.238,0.008,1,1,1333,4854,12,210080,1321,588,711,36054,68,0,68,1,16777216,3530,0.202,0,0.238
1,3533,30464.746,level1,0,1024,640,7.359,1,7.198,7.198,7.000,0,0.297,6.235,0.051,0.648,1.338,0.008,1,1,1333,4854,12,210080,1321,588,711,36067,68,0,68,1,16777216,3531,0.211,0,0.345
1,3534,30472.162,level1,0,1024,640,6.813,1,6.965,6.965,7.000,0,0.148,6.835,0.054,0.689,1.481,0.009,1,1,1333,4854,12,210080,1321,588,711,36080,68,0,68,1,16777216,3532,0.215,0,0.373
1,3535,30479.784,level1,0,1024,640,7.363,1,7.242,7.242,6.000,0,0.260,7.005,0.142,0.991,2.053,0.023,1,1,1333,4854,12,210080,1321,588,711,36093,68,0,68,1,16777216,3533,0.206,0,0.200
1,3536,30486.872,level1,0,1024,640,7.981,1,7.947,7.947,9.000,0,0.293,6.205,0.050,0.621,1.319,0.009,1,1,1333,4854,12,210080,1321,588,711,36106,68,0,68,1,16777216,3534,0.206,0,0.513
1,3537,30494.048,level1,0,1024,640,6.842,1,6.918,6.918,6.000,0,0.226,6.542,0.047,0.605,1.347,0.008,1,1,1329,4846,12,209504,1321,592,707,36119,68,0,68,1,16777216,3535,0.208,0,0.354
1,3538,30502.056,level1,0,1024,640,7.264,1,7.261,7.261,8.000,0,0.226,7.272,0.060,0.605,1.580,0.010,1,1,1329,4846,12,209504,1321,592,707,36132,68,0,68,1,16777216,3536,0.209,0,0.438
1,3539,30509.411,level1,0,1024,640,7.934,1,7.960,7.960,8.000,0,0.197,6.647,0.106,0.785,1.732,0.012,1,1,1323,4805,12,208408,1321,594,705,36145,68,0,68,1,16777216,3537,0.225,0,0.389
1,3540,30520.308,level1,0,1024,640,9.637,1,7.431,7.431,7.000,0,0.275,7.925,0.087,0.943,1.867,0.015,1,1,1323,4805,12,208408,1321,594,705,36158,68,0,68,1,16777216,3538,0.210,0,0.467
1,3541,30528.245,level1,0,1024,640,9.054,1,10.721,10.721,11.000,0,0.163,6.830,0.066,0.941,1.689,0.012,1,1,1328,4853,12,209432,1321,593,706,36171,68,0,68,1,16777216,3539,0.213,0,0.291
1,3542,30538.702,level1,0,1024,640,9.960,1,8.009,8.009,8.000,0,0.207,7.298,0.095,0.690,1.477,0.032,1,1,1328,4853,12,209432,1321,593,706,36184,68,0,68,1,16777216,3540,0.205,0,0.363
1,3543,30546.460,level1,0,1024,640,8.239,1,10.511,10.511,10.000,0,0.221,6.805,0.106,0.619,1.408,0.011,1,1,1323,4838,12,208672,1321,594,705,36197,68,0,68,1,16777216,3541,0.215,0,0.416
1,3544,30553.777,level1,0,1024,640,7.286,1,7.564,7.564,8.000,0,0.141,6.893,0.049,0.609,1.230,0.010,1,1,1323,4838,12,208672,1321,594,705,36210,68,0,68,1,16777216,3542,0.215,0,0.225
1,3545,30561.098,level1,0,1024,640,7.385,1,7.350,7.350,7.000,0,0.176,6.788,0.090,0.613,1.218,0.008,1,1,1323,4838,12,208672,1321,594,705,36223,68,0,68,1,16777216,3543,0.214,0,0.257
1,3546,30567.699,level1,0,1024,640,7.315,1,7.348,7.348,7.000,0,0.146,6.082,0.083,0.619,1.260,0.008,1,1,1323,4838,12,208672,1321,594,705,36236,68,0,68,1,16777216,3544,0.213,0,0.284
1,3547,30575.272,level1,0,1024,640,6.638,1,6.598,6.598,7.000,0,0.185,7.019,0.082,0.781,1.971,0.017,1,1,1323,4838,12,208672,1321,594,705,36249,68,0,68,1,16777216,3545,0.218,0,0.280
1,3548,30582.724,level1,0,1024,640,7.755,1,7.784,7.784,8.000,0,0.156,6.748,0.049,0.611,1.379,0.008,1,1,1323,4838,12,208672,1321,594,705,36262,68,0,68,1,16777216,3546,0.213,0,0.492
1,3549,30589.599,level1,0,1024,640,7.238,1,7.257,7.257,8.000,0,0.137,6.350,0.083,0.672,1.599,0.014,1,1,1323,4838,12,208672,1321,594,705,36275,68,0,68,1,16777216,3547,0.213,0,0.298
1,3550,30596.438,level1,0,1024,640,7.013,1,6.995,6.995,7.000,0,0.155,6.210,0.049,0.745,1.513,0.008,1,1,1323,4838,12,208672,1321,594,705,36288,68,0,68,1,16777216,3548,0.210,0,0.416
1,3551,30603.071,level1,0,1024,640,6.743,1,6.632,6.632,6.000,0,0.265,6.104,0.045,0.611,1.328,0.007,1,1,1323,4838,12,208672,1321,594,705,36301,68,0,68,1,16777216,3549,0.212,0,0.212
1,3552,30613.615,level1,0,1024,640,9.749,1,6.929,6.929,7.000,0,0.556,6.841,0.103,0.621,1.494,0.010,1,1,1323,4838,12,208672,1321,594,705,36314,68,0,68,1,16777216,3550,0.209,0,0.506
1,3553,30621.221,level1,0,1024,640,8.090,1,10.299,10.299,10.000,0,0.142,6.368,0.093,0.603,1.268,0.015,1,1,1314,4820,12,207376,1321,594,705,36327,68,0,68,1,16777216,3551,0.220,0,0.262
1,3554,30628.188,level1,0,1024,640,7.051,1,7.656,7.656,8.000,0,0.272,6.300,0.075,0.633,1.562,0.012,1,1,1309,4805,12,206616,1321,595,704,36340,68,0,68,1,16777216,3552,0.208,0,0.291
1,3555,30636.240,level1,0,1024,640,6.833,1,6.887,6.887,6.000,0,0.214,7.424,0.171,0.679,1.631,0.018,1,1,1304,4757,12,205592,1321,596,703,36353,68,0,68,1,16777216,3553,0.245,0,0.232
1,3556,30645.029,level1,0,1024,640,8.145,1,8.143,8.143,9.000,0,0.219,8.170,0.068,0.616,1.631,0.011,1,1,1304,4757,12,205592,1321,596,703,36366,68,0,68,1,16777216,3554,0.214,0,0.322
1,3557,30653.284,level1,0,1024,640,9.722,1,9.746,9.746,10.000,0,0.196,6.406,0.364,0.596,1.333,0.035,1,1,1305,4783,12,205928,1321,595,704,36379,68,0,68,1,16777216,3555,0.214,0,1.279
1,3558,30661.233,level1,0,1024,640,7.617,1,7.527,7.527,7.000,0,0.283,7.016,0.085,0.708,1.655,0.011,1,1,1305,4783,12,205928,1321,595,704,36392,68,0,68,1,16777216,3556,0.214,0,0.549
1,3559,30667.868,level1,0,1024,640,7.482,1,7.631,7.631,8.000,0,0.133,6.212,0.044,0.589,1.311,0.008,1,1,1305,4783,12,205928,1321,595,704,36405,68,0,68,1,16777216,3557,0.259,0,0.232
1,3560,30674.633,level1,0,1024,640,6.697,1,6.618,6.618,7.000,0,0.215,6.274,0.051,0.588,1.209,0.009,1,1,1310,4831,12,206952,1321,594,705,36418,68,0,68,1,16777216,3558,0.204,0,0.217
1,3561,30681.810,level1,0,1024,640,6.744,1,6.761,6.761,6.000,0,0.201,6.108,0.649,0.592,1.242,0.009,1,1,1302,4815,12,205800,1321,602,697,36431,68,0,68,1,16777216,3559,0.216,0,0.211
1,3562,30691.838,level1,0,1024,640,9.414,1,7.400,7.400,7.000,0,0.215,7.216,0.154,0.639,1.877,0.021,1,1,1302,4815,12,205800,1321,602,697,36444,68,0,68,1,16777216,3560,0.201,0,0.433
1,3563,30699.993,level1,0,1024,640,8.497,1,10.047,10.047,11.000,0,0.229,6.958,0.072,0.809,1.783,0.012,1,1,1319,4849,12,208248,1321,585,714,36457,68,0,68,1,16777216,3561,0.213,0,0.452
1,3564,30706.544,level1,0,1024,640,7.464,1,7.961,7.961,8.000,0,0.165,6.038,0.078,0.597,1.249,0.008,1,1,1319,4849,12,208248,1321,585,714,36470,68,0,68,1,16777216,3562,0.218,0,0.259
1,3565,30712.913,level1,0,1024,640,6.467,1,6.503,6.503,6.000,0,0.134,5.970,0.048,0.589,1.268,0.008,1,1,1319,4849,12,208248,1321,585,714,36483,68,0,68,1,16777216,3563,0.224,0,0.212
1,3566,30720.411,level1,0,1024,640,6.592,1,6.412,6.412,6.000,0,0.313,6.839,0.085,0.614,1.666,0.011,1,1,1319,4849,12,208248,1321,585,714,36496,68,0,68,1,16777216,3564,0.212,0,0.255
1,3567,30726.778,level1,0,1024,640,7.370,1,7.527,7.527,8.000,0,0.149,5.870,0.051,0.626,1.268,0.008,1,1,1314,4834,12,207488,1321,586,713,36509,68,0,68,1,16777216,3565,0.216,0,0.282
1,3568,30733.488,level1,0,1024,640,6.242,1,6.268,6.268,6.000,0,0.130,6.332,0.058,0.611,1.299,0.011,1,1,1309,4786,12,206464,1321,587,712,36522,68,0,68,1,16777216,3566,0.207,0,0.186
1,3569,30739.990,level1,0,1024,640,6.745,1,6.731,6.731,7.000,0,0.143,6.102,0.046,0.596,1.297,0.009,1,1,1314,4801,12,207224,1321,586,713,36535,68,0,68,1,16777216,3567,0.213,0,0.205
1,3570,30746.323,level1,0,1024,640,6.485,1,6.504,6.504,6.000,0,0.125,5.950,0.044,0.592,1.201,0.009,1,1,1314,4801,12,207224,1321,586,713,36548,68,0,68,1,16777216,3568,0.204,0,0.208
1,3571,30752.859,level1,0,1024,640,6.381,1,6.375,6.375,7.000,0,0.129,6.104,0.046,0.601,1.207,0.008,1,1,1314,4801,12,207224,1321,586,713,36561,68,0,68,1,16777216,3569,0.219,0,0.251
1,3572,30759.309,level1,0,1024,640,6.655,1,6.578,6.578,7.000,0,0.206,5.903,0.043,0.592,1.290,0.007,1,1,1314,4801,12,207224,1321,586,713,36574,68,0,68,1,16777216,3570,0.212,0,0.292
1,3573,30765.765,level1,0,1024,640,6.341,1,6.342,6.342,6.000,0,0.203,6.013,0.046,0.598,1.201,0.008,1,1,1314,4801,12,207224,1321,586,713,36587,68,0,68,1,16777216,3571,0.210,0,0.185
1,3574,30771.962,level1,0,1024,640,6.436,1,6.443,6.443,6.000,0,0.197,5.782,0.041,0.598,1.210,0.008,1,1,1314,4801,12,207224,1321,586,713,36600,68,0,68,1,16777216,3572,0.198,0,0.173
1,3575,30778.496,level1,0,1024,640,6.258,1,6.315,6.315,7.000,0,0.139,6.051,0.046,0.606,1.316,0.008,1,1,1309,4753,12,206200,1321,587,712,36613,68,0,68,1,16777216,3573,0.212,0,0.290
1,3576,30786.120,level1,0,1024,640,6.498,1,6.432,6.432,6.000,0,0.206,7.174,0.050,0.596,1.310,0.008,1,1,1309,4753,12,206200,1321,587,712,36626,68,0,68,1,16777216,3574,0.209,0,0.189
1,3577,30793.786,level1,0,1024,640,7.683,1,7.738,7.738,8.000,0,0.147,7.116,0.089,0.836,2.089,0.018,1,1,1309,4753,12,206200,1321,587,712,36639,68,0,68,1,16777216,3575,0.234,0,0.301
1,3578,30801.774,level1,0,1024,640,7.755,1,7.644,7.644,7.000,0,0.262,7.307,0.132,0.619,1.455,0.012,1,1,1309,4753,12,206200,1321,587,712,36652,68,0,68,1,16777216,3576,0.197,0,0.279
1,3579,30808.746,level1,0,1024,640,7.858,1,7.968,7.968,9.000,0,0.152,6.486,0.068,0.723,1.486,0.011,1,1,1309,4753,12,206200,1321,587,712,36665,68,0,68,1,16777216,3577,0.220,0,0.259
1,3580,30815.408,level1,0,1024,640,7.022,1,6.978,6.978,6.000,0,0.194,6.137,0.057,0.610,1.226,0.012,1,1,1309,4753,12,206200,1321,587,712,36678,68,0,68,1,16777216,3578,0.207,0,0.265
1,3581,30823.303,level1,0,1024,640,7.061,1,6.697,6.697,6.000,0,0.548,6.746,0.280,0.593,1.514,0.043,1,1,1309,4753,12,206200,1321,587,712,36691,68,0,68,1,16777216,3579,0.218,0,0.300
1,3582,30830.280,level1,0,1024,640,7.528,1,7.884,7.884,9.000,0,0.201,6.403,0.073,0.650,1.491,0.010,1,1,1314,4768,12,206960,1321,586,713,36704,68,0,68,1,16777216,3580,0.214,0,0.289
1,3583,30836.926,level1,0,1024,640,6.852,1,6.913,6.913,7.000,0,0.140,6.222,0.049,0.700,1.401,0.009,1,1,1319,4783,12,207720,1321,585,714,36717,68,0,68,1,16777216,3581,0.235,0,0.227
1,3584,30845.185,level1,0,1024,640,6.723,1,6.715,6.715,7.000,0,0.151,7.716,0.090,0.635,1.511,0.012,1,1,1319,4783,12,207720,1321,585,714,36730,68,0,68,1,16777216,3582,0.211,0,0.295
1,3585,30852.199,level1,0,1024,640,8.259,1,8.204,8.204,8.000,0,0.202,6.513,0.049,0.613,1.349,0.009,1,1,1319,4783,12,207720,1321,585,714,36743,68,0,68,1,16777216,3583,0.216,0,0.240
1,3586,30858.913,level1,0,1024,640,7.081,1,7.129,7.129,7.000,0,0.157,6.132,0.063,0.637,1.363,0.011,1,1,1325,4805,12,208664,1321,587,712,36756,68,0,68,1,16777216,3584,0.225,0,0.355
1,3587,30866.144,level1,0,1024,640,6.732,1,6.676,6.676,6.000,0,0.208,6.640,0.053,0.664,1.817,0.010,1,1,1330,4820,12,209424,1321,586,713,36769,68,0,68,1,16777216,3585,0.221,0,0.316
1,3588,30875.447,level1,0,1024,640,8.868,1,7.094,7.094,7.000,0,0.227,7.050,0.079,0.635,1.420,0.015,1,1,1335,4835,12,210184,1321,585,714,36782,68,0,68,1,16777216,3586,0.210,0,0.182
1,3589,30883.457,level1,0,1024,640,8.376,1,9.446,9.446,10.000,0,0.196,6.648,0.115,0.632,1.837,0.018,1,1,1353,4884,11,212828,1321,565,734,36794,68,0,68,1,16777216,3587,0.219,0,0.323
1,3590,30891.683,level1,0,1024,640,7.343,1,8.085,8.085,8.000,0,0.163,6.956,0.689,0.804,1.614,0.012,1,1,1348,4836,11,211804,1321,566,733,36806,68,0,68,1,16777216,3588,0.236,0,0.394
1,3591,30900.874,level1,0,1024,640,10.246,1,8.077,8.077,8.000,0,0.144,6.527,0.064,0.633,1.286,0.010,1,1,1348,4836,11,211804,1321,566,733,36818,68,0,68,1,16777216,3589,0.172,0,0.249
1,3592,30908.823,level1,0,1024,640,7.647,1,9.205,9.205,10.000,0,0.202,6.750,0.144,0.742,1.900,0.025,1,1,1348,4836,11,211804,1321,566,733,36830,68,0,68,1,16777216,3590,0.160,0,0.262
1,3593,30915.684,level1,0,1024,640,7.447,1,8.024,8.024,7.000,0,0.208,6.256,0.051,0.766,1.387,0.010,1,1,1339,4818,11,210508,1321,575,724,36842,68,0,68,1,16777216,3591,0.812,0,0.338
1,3594,30923.208,level1,0,1024,640,6.749,1,6.754,6.754,7.000,0,0.203,6.985,0.096,0.646,1.511,0.013,1,1,1334,4803,11,209748,1321,576,723,36854,68,0,68,1,16777216,3592,0.164,0,0.232
1,3595,30931.103,level1,0,1024,640,7.618,1,7.589,7.589,8.000,0,0.233,7.263,0.092,0.709,1.395,0.012,1,1,1334,4803,11,209748,1321,576,723,36866,68,0,68,1,16777216,3593,0.168,0,0.295
1,3596,30938.118,level1,0,1024,640,7.907,1,7.908,7.908,8.000,0,0.230,6.420,0.047,0.622,1.235,0.009,1,1,1339,4851,11,210772,1321,575,724,36878,68,0,68,1,16777216,3594,0.167,0,0.309
1,3597,30944.872,level1,0,1024,640,6.876,1,6.895,6.895,6.000,0,0.209,6.289,0.056,0.611,1.381,0.010,1,1,1339,4851,11,210772,1321,575,724,36890,68,0,68,1,16777216,3595,0.168,0,0.191
1,3598,30953.026,level1,0,1024,640,6.819,1,6.825,6.825,8.000,0,0.206,7.624,0.056,0.638,1.421,0.010,1,1,1352,4900,11,212828,1321,573,726,36902,68,0,68,1,16777216,3596,0.158,0,0.261
1,3599,30959.503,level1,0,1024,640,8.030,1,8.092,8.092,8.000,0,0.144,6.082,0.045,0.628,1.290,0.011,1,1,1352,4900,11,212828,1321,573,726,36914,68,0,68,1,16777216,3597,0.171,0,0.201
1,3600,30966.196,level1,0,1024,640,6.546,1,6.479,6.479,6.000,0,0.203,6.197,0.074,0.633,1.257,0.010,1,1,1352,4900,11,212828,1321,573,726,36926,68,0,68,1,16777216,3598,0.161,0,0.202
1,3601,30974.453,level1,0,1024,640,7.045,1,6.818,6.818,7.000,0,0.432,7.419,0.067,0.624,1.324,0.011,1,1,1352,4900,11,212828,1321,573,726,36938,68,0,68,1,16777216,3599,0.172,0,0.326
1,3602,30982.682,level1,0,1024,640,7.982,1,8.248,8.248,8.000,0,0.168,7.674,0.059,1.027,2.051,0.011,1,1,1352,4900,11,212828,1321,573,726,36950,68,0,68,1,16777216,3600,0.145,0,0.318
1,3603,30989.714,level1,0,1024,640,8.222,1,8.188,8.188,8.000,0,0.205,6.491,0.053,0.633,1.426,0.011,1,1,1352,4900,11,212828,1321,573,726,36962,68,0,68,1,16777216,3601,0.169,0,0.276
1,3604,30996.907,level1,0,1024,640,7.113,1,7.105,7.105,8.000,0,0.206,6.544,0.080,0.687,1.454,0.012,1,1,1352,4900,11,212828,1321,573,726,36974,68,0,68,1,16777216,3602,0.161,0,0.350
1,3605,31006.402,level1,0,1024,640,9.647,1,7.141,7.141,6.000,0,0.235,6.411,0.060,0.668,1.581,0.011,1,1,1352,4900,11,212828,1321,573,726,36986,68,0,68,1,16777216,3603,0.165,0,0.288
1,3606,31013.994,level1,0,1024,640,7.418,1,9.457,9.457,10.000,0,0.224,6.587,0.059,0.632,1.270,0.010,1,1,1347,4885,11,212068,1321,574,725,36998,68,0,68,1,16777216,3604,0.223,0,0.260
1,3607,31020.598,level1,0,1024,640,7.120,1,7.527,7.527,7.000,0,0.266,6.084,0.045,0.631,1.252,0.008,1,1,1347,4885,11,212068,1321,574,725,37010,68,0,68,1,16777216,3605,0.176,0,0.195
1,3608,31027.611,level1,0,1024,640,6.564,1,6.702,6.702,7.000,0,0.128,6.508,0.067,0.706,1.672,0.011,1,1,1347,4885,11,212068,1321,574,725,37022,68,0,68,1,16777216,3606,0.162,0,0.294
1,3609,31034.657,level1,0,1024,640,7.053,1,6.979,6.979,7.000,0,0.209,6.516,0.055,0.620,1.234,0.009,1,1,1342,4837,11,211044,1321,575,724,37034,68,0,68,1,16777216,3607,0.160,0,0.260
1,3610,31042.741,level1,0,1024,640,7.036,1,6.964,6.964,7.000,0,0.274,7.530,0.088,0.754,2.007,0.015,1,1,1342,4837,11,211044,1321,575,724,37046,68,0,68,1,16777216,3608,0.162,0,0.178
1,3611,31054.032,level1,0,1024,640,8.192,1,8.280,8.280,8.000,0,0.192,10.360,0.356,0.954,2.456,0.060,1,1,1342,4837,11,211044,1321,575,724,37058,68,0,68,1,16777216,3609,0.177,0,0.372
1,3612,31066.324,level1,0,1024,640,13.515,1,11.187,11.187,12.000,0,0.267,9.400,0.094,0.645,1.307,0.013,1,1,1364,4902,13,214484,1324,564,737,37073,69,0,69,1,16777216,3610,0.166,0,0.268
1,3613,31076.652,level1,0,1024,640,10.706,1,12.241,12.241,12.000,0,0.238,8.977,0.139,0.889,1.571,0.015,1,1,1364,4902,13,214484,1324,564,737,37087,69,0,69,1,16777216,3611,0.172,0,0.219
1,3614,31084.469,level1,0,1024,640,9.522,1,10.339,10.339,10.000,0,0.170,7.313,0.096,0.660,1.910,0.014,1,1,1356,4868,13,213188,1324,565,736,37101,69,0,69,1,16777216,3612,0.175,0,0.228
1,3615,31093.667,level1,0,1024,640,8.006,1,7.902,7.902,8.000,0,0.273,8.477,0.125,0.903,1.660,0.016,1,1,1356,4868,13,213188,1324,565,736,37115,69,0,69,1,16777216,3613,0.176,0,0.306
1,3616,31103.922,level1,0,1024,640,11.367,1,9.186,9.186,9.000,0,0.286,7.385,0.107,0.765,1.771,0.019,1,1,1356,4868,13,213188,1324,565,736,37129,69,0,69,1,16777216,3614,0.166,0,0.300
1,3617,31112.063,level1,0,1024,640,8.521,1,10.264,10.264,10.000,0,0.290,7.037,0.075,0.639,1.291,0.013,1,1,1361,4916,13,214212,1324,564,737,37143,69,0,69,1,16777216,3615,0.239,0,0.309
1,3618,31118.605,level1,0,1024,640,7.613,1,8.107,8.107,8.000,0,0.218,5.968,0.072,0.647,1.307,0.008,1,1,1361,4916,13,214212,1324,564,737,37157,69,0,69,1,16777216,3616,0.163,0,0.277
1,3619,31125.528,level1,0,1024,640,6.533,1,6.529,6.529,7.000,0,0.221,6.372,0.058,0.639,1.342,0.009,1,1,1361,4916,13,214212,1324,564,737,37171,69,0,69,1,16777216,3617,0.178,0,0.265
1,3620,31132.288,level1,0,1024,640,6.950,1,6.913,6.913,7.000,0,0.253,6.189,0.053,0.650,1.340,0.009,1,1,1361,4916,13,214212,1324,564,737,37185,69,0,69,1,16777216,3618,0.169,0,0.255
1,3621,31139.874,level1,0,1024,640,6.849,1,6.852,6.852,7.000,0,0.253,6.848,0.130,0.781,1.471,0.010,1,1,1361,4916,13,214212,1324,564,737,37199,69,0,69,1,16777216,3619,0.161,0,0.346
1,3622,31146.799,level1,0,1024,640,7.539,1,7.557,7.557,8.000,0,0.235,6.321,0.044,0.627,1.364,0.008,1,1,1361,4916,13,214212,1324,564,737,37213,69,0,69,1,16777216,3620,0.166,0,0.314
1,3623,31153.939,level1,0,1024,640,6.836,1,6.834,6.834,7.000,0,0.236,6.615,0.054,0.637,1.358,0.008,1,1,1361,4916,13,214212,1324,564,737,37227,69,0,69,1,16777216,3621,0.171,0,0.228
1,3624,31160.834,level1,0,1024,640,7.257,1,7.133,7.133,6.000,0,0.354,6.259,0.049,0.677,1.383,0.010,1,1,1369,4950,13,215508,1324,563,738,37241,69,0,69,1,16777216,3622,0.161,0,0.220
1,3625,31168.940,level1,0,1024,640,6.685,1,6.910,6.910,8.000,0,0.136,7.099,0.626,0.627,1.750,0.029,1,1,1369,4950,13,215508,1324,563,738,37255,69,0,69,1,16777216,3623,0.169,0,0.236
1,3626,31176.183,level1,0,1024,640,8.314,1,8.191,8.191,7.000,0,0.256,6.584,0.073,0.694,1.549,0.010,1,1,1369,4950,13,215508,1324,563,738,37269,69,0,69,1,16777216,3624,0.169,0,0.320
1,3627,31184.434,level1,0,1024,640,8.691,1,7.139,7.139,8.000,0,0.302,6.137,0.081,0.683,1.381,0.015,1,1,1364,4902,13,214484,1324,564,737,37283,69,0,69,1,16777216,3625,0.185,0,0.218
1,3628,31192.283,level1,0,1024,640,7.199,1,8.235,8.235,7.000,0,0.227,6.809,0.060,0.629,1.794,0.010,1,1,1364,4902,13,214484,1324,564,737,37297,69,0,69,1,16777216,3626,0.162,0,0.202
1,3629,31199.990,level1,0,1024,640,7.330,1,7.937,7.937,8.000,0,0.166,7.172,0.072,1.067,2.017,0.012,1,1,1364,4902,13,214484,1324,564,737,37311,69,0,69,1,16777216,3627,0.168,0,0.285
1,3630,31206.611,level1,0,1024,640,7.697,1,7.689,7.689,9.000,0,0.175,6.119,0.050,0.636,1.283,0.009,1,1,1364,4902,13,214484,1324,564,737,37325,69,0,69,1,16777216,3628,0.155,0,0.271
1,3631,31213.371,level1,0,1024,640,6.591,1,6.626,6.626,6.000,0,0.140,6.288,0.050,0.630,1.323,0.009,1,1,1364,4902,13,214484,1324,564,737,37339,69,0,69,1,16777216,3629,0.171,0,0.276
1,3632,31220.717,level1,0,1024,640,6.796,1,6.788,6.788,7.000,0,0.145,6.818,0.069,0.640,1.506,0.011,1,1,1364,4902,13,214484,1324,564,737,37353,69,0,69,1,16777216,3630,0.157,0,0.303
1,3633,31227.556,level1,0,1024,640,7.253,1,7.257,7.257,7.000,0,0.145,6.425,0.047,0.627,1.248,0.010,1,1,1364,4902,13,214484,1324,564,737,37367,69,0,69,1,16777216,3631,0.179,0,0.215
1,3634,31235.581,level1,0,1024,640,7.199,1,6.990,6.990,7.000,0,0.348,7.223,0.077,0.638,1.612,0.013,1,1,1350,4869,13,212428,1324,574,727,37381,69,0,69,1,16777216,3632,0.149,0,0.364
1,3635,31242.391,level1,0,1024,640,7.837,1,7.958,7.958,8.000,0,0.229,6.226,0.048,0.663,1.378,0.009,1,1,1341,4851,13,211132,1324,574,727,37395,69,0,69,1,16777216,3633,0.174,0,0.298
1,3636,31249.012,level1,0,1024,640,6.638,1,6.717,6.717,7.000,0,0.153,6.204,0.053,0.638,1.399,0.012,1,1,1346,4899,13,212156,1324,573,728,37409,69,0,69,1,16777216,3634,0.151,0,0.207
1,3637,31256.167,level1,0,1024,640,6.692,1,6.696,6.696,6.000,0,0.149,6.668,0.052,0.759,1.449,0.010,1,1,1351,4914,13,212916,1324,572,729,37423,69,0,69,1,16777216,3635,0.167,0,0.280
1,3638,31263.531,level1,0,1024,640,7.124,1,7.138,7.138,8.000,0,0.136,6.777,0.077,0.631,1.291,0.012,1,1,1351,4914,13,212916,1324,572,729,37437,69,0,69,1,16777216,3636,0.149,0,0.263
1,3639,31270.529,level1,0,1024,640,7.579,1,7.430,7.430,7.000,0,0.282,6.280,0.098,0.647,1.293,0.012,1,1,1356,4929,13,213676,1324,571,730,37451,69,0,69,1,16777216,3637,0.168,0,0.328
1,3640,31277.609,level1,0,1024,640,6.851,1,6.945,6.945,7.000,0,0.182,6.490,0.118,0.659,1.378,0.030,1,1,1356,4929,13,213676,1324,571,730,37465,69,0,69,1,16777216,3638,0.235,0,0.277
1,3641,31284.558,level1,0,1024,640,7.117,1,7.090,7.090,7.000,0,0.214,6.299,0.140,0.636,1.636,0.011,1,1,1356,4929,13,213676,1324,571,730,37479,69,0,69,1,16777216,3639,0.174,0,0.286
1,3642,31291.452,level1,0,1024,640,6.755,1,6.833,6.833,7.000,0,0.140,6.512,0.067,0.679,1.345,0.010,1,1,1346,4899,13,212156,1324,573,728,37493,69,0,69,1,16777216,3640,0.152,0,0.172
1,3643,31297.983,level1,0,1024,640,6.947,1,6.928,6.928,6.000,0,0.155,6.123,0.041,0.622,1.324,0.007,1,1,1346,4899,13,212156,1324,573,728,37507,69,0,69,1,16777216,3641,0.174,0,0.204
1,3644,31304.567,level1,0,1024,640,6.563,1,6.500,6.500,8.000,0,0.215,6.140,0.044,0.625,1.358,0.007,1,1,1346,4899,13,212156,1324,573,728,37521,69,0,69,1,16777216,3642,0.165,0,0.174
1,3645,31311.612,level1,0,1024,640,6.566,1,6.586,6.586,6.000,0,0.201,6.599,0.063,0.628,1.267,0.010,1,1,1346,4899,13,212156,1324,573,728,37535,69,0,69,1,16777216,3643,0.164,0,0.176
1,3646,31318.191,level1,0,1024,640,7.047,1,7.103,7.103,8.000,0,0.146,6.153,0.042,0.617,1.281,0.009,1,1,1346,4899,13,212156,1324,573,728,37549,69,0,69,1,16777216,3644,0.169,0,0.234
1,3647,31325.008,level1,0,1024,640,6.630,1,6.595,6.595,6.000,0,0.180,6.335,0.048,0.618,1.286,0.008,1,1,1346,4899,13,212156,1324,573,728,37563,69,0,69,1,16777216,3645,0.177,0,0.249
1,3648,31332.976,level1,0,1024,640,7.277,1,7.059,7.059,7.000,0,0.395,7.014,0.059,0.719,1.584,0.011,1,1,1346,4899,13,212156,1324,573,728,37577,69,0,69,1,16777216,3646,0.169,0,0.483
1,3649,31340.408,level1,0,1024,640,7.840,1,7.952,7.952,8.000,0,0.285,6.571,0.093,0.633,1.271,0.009,1,1,1346,4899,13,212156,1324,573,728,37591,69,0,69,1,16777216,3647,0.159,0,0.475
1,3650,31347.150,level1,0,1024,640,7.169,1,7.229,7.229,6.000,0,0.223,6.195,0.044,0.624,1.243,0.008,1,1,1346,4899,13,212156,1324,573,728,37605,69,0,69,1,16777216,3648,0.169,0,0.272
1,3651,31354.470,level1,0,1024,640,6.623,1,6.634,6.634,7.000,0,0.215,6.877,0.057,0.641,1.318,0.008,1,1,1346,4899,13,212156,1324,573,728,37619,69,0,69,1,16777216,3649,0.168,0,0.165
1,3652,31361.429,level1,0,1024,640,7.410,1,7.409,7.409,8.000,0,0.215,6.431,0.053,0.757,1.521,0.011,1,1,1351,4914,13,212916,1324,572,729,37633,69,0,69,1,16777216,3650,0.161,0,0.252
1,3653,31368.246,level1,0,1024,640,6.981,1,6.965,6.965,7.000,0,0.230,6.111,0.208,0.626,1.391,0.013,1,1,1351,4914,13,212916,1324,572,729,37647,69,0,69,1,16777216,3651,0.172,0,0.260
1,3654,31376.010,level1,0,1024,640,7.055,1,7.025,7.025,7.000,0,0.261,6.141,0.886,0.611,1.475,0.016,1,1,1356,4962,13,213940,1324,571,730,37661,69,0,69,1,16777216,3652,0.152,0,0.466
1,3655,31384.422,level1,0,1024,640,9.030,1,7.502,7.502,7.000,0,0.155,6.349,0.062,0.668,1.313,0.012,1,1,1361,4977,13,214700,1324,570,731,37675,69,0,69,1,16777216,3653,0.181,0,0.206
1,3656,31391.345,level1,0,1024,640,7.276,1,8.444,8.444,9.000,0,0.186,6.010,0.048,0.618,1.257,0.008,1,1,1366,4992,13,215460,1324,569,732,37689,69,0,69,1,16777216,3654,0.152,0,0.237
1,3657,31397.969,level1,0,1024,640,6.488,1,6.934,6.934,7.000,0,0.176,6.150,0.044,0.607,1.351,0.008,1,1,1369,5016,13,216036,1324,568,733,37703,69,0,69,1,16777216,3655,0.167,0,0.248
1,3658,31405.023,level1,0,1024,640,6.709,1,6.725,6.725,7.000,0,0.160,6.480,0.059,0.637,1.495,0.009,1,1,1359,4986,13,214516,1324,570,731,37717,69,0,69,1,16777216,3656,0.169,0,0.350
1,3659,31414.108,level1,0,1024,640,8.980,1,7.009,7.009,7.000,0,0.145,6.525,0.117,0.640,1.363,0.016,1,1,1359,4986,13,214516,1324,570,731,37731,69,0,69,1,16777216,3657,0.170,0,0.303
1,3660,31422.119,level1,0,1024,640,8.128,1,9.135,9.135,9.000,0,0.230,6.476,0.051,0.646,1.533,0.009,1,1,1385,5043,13,218300,1324,548,753,37745,69,0,69,1,16777216,3658,0.161,0,0.353
1,3661,31429.749,level1,0,1024,640,7.100,1,7.965,7.965,8.000,0,0.249,6.988,0.068,0.617,1.844,0.014,1,1,1385,5043,13,218300,1324,548,753,37759,69,0,69,1,16777216,3659,0.182,0,0.308
1,3662,31438.222,level1,0,1024,640,7.602,1,7.631,7.631,7.000,0,0.230,7.837,0.090,0.653,1.759,0.016,1,1,1388,5067,13,218876,1324,547,754,37773,69,0,69,1,16777216,3660,0.157,0,0.306
1,3663,31445.220,level1,0,1024,640,8.371,1,8.369,8.369,9.000,0,0.224,6.475,0.081,0.613,1.516,0.044,1,1,1388,5067,13,218876,1324,547,754,37787,69,0,69,1,16777216,3661,0.181,0,0.205
1,3664,31451.826,level1,0,1024,640,6.976,1,6.968,6.968,7.000,0,0.240,6.134,0.051,0.618,1.260,0.013,1,1,1388,5067,13,218876,1324,547,754,37801,69,0,69,1,16777216,3662,0.165,0,0.175
1,3665,31458.954,level1,0,1024,640,6.671,1,6.610,6.610,6.000,0,0.297,6.558,0.084,0.641,1.371,0.042,1,1,1393,5082,13,219636,1324,546,755,37815,69,0,69,1,16777216,3663,0.238,0,0.179
1,3666,31466.765,level1,0,1024,640,7.639,1,7.602,7.602,7.000,0,0.337,6.716,0.079,0.714,1.436,0.012,1,1,1393,5082,13,219636,1324,546,755,37829,69,0,69,1,16777216,3664,0.170,0,0.652
1,3667,31473.844,level1,0,1024,640,7.192,1,7.369,7.369,8.000,0,0.162,6.647,0.054,0.657,1.354,0.010,1,1,1398,5097,13,220396,1324,545,756,37843,69,0,69,1,16777216,3665,0.159,0,0.211
1,3668,31481.264,level1,0,1024,640,7.049,1,7.071,7.071,7.000,0,0.141,6.995,0.075,0.728,1.747,0.012,1,1,1398,5097,13,220396,1324,545,756,37857,69,0,69,1,16777216,3666,0.166,0,0.202
1,3669,31492.283,level1,0,1024,640,10.501,1,7.438,7.438,8.000,0,0.173,7.474,0.115,0.789,1.840,0.013,1,1,1398,5097,13,220396,1324,545,756,37871,69,0,69,1,16777216,3667,0.168,0,0.220
1,3670,31500.378,level1,0,1024,640,8.563,1,11.054,11.054,11.000,0,0.171,7.046,0.075,0.871,1.769,0.012,1,1,1398,5097,13,220396,1324,545,756,37885,69,0,69,1,16777216,3668,0.153,0,0.254
1,3671,31507.338,level1,0,1024,640,7.632,1,8.098,8.098,8.000,0,0.237,6.397,0.053,0.752,1.563,0.010,1,1,1393,5082,13,219636,1324,546,755,37899,69,0,69,1,16777216,3669,0.190,0,0.257
1,3672,31517.269,level1,0,1024,640,8.362,1,7.198,7.198,7.000,0,1.410,7.955,0.064,0.654,1.327,0.011,1,1,1391,5056,14,219224,1324,546,755,37910,74,0,74,1,16777216,3670,0.167,0,0.493
1,3673,31524.759,level1,0,1024,640,8.502,1,9.666,9.666,9.000,0,0.247,6.953,0.054,0.626,1.358,0.010,1,1,1391,5056,13,219172,1324,547,754,37924,74,0,74,1,16777216,3671,0.183,0,0.230
1,3674,31532.604,level1,0,1024,640,7.645,1,7.612,7.612,8.000,0,0.272,7.132,0.073,0.624,1.530,0.013,1,1,1386,5041,13,218412,1324,548,753,37938,74,0,74,1,16777216,3672,0.202,0,0.351
1,3675,31539.858,level1,0,1024,640,7.745,1,7.791,7.791,8.000,0,0.235,6.658,0.058,0.765,1.422,0.010,1,1,1386,5041,11,218308,1324,550,751,37950,74,0,74,1,16777216,3673,0.223,0,0.298
1,3676,31548.703,level1,0,1024,640,9.076,1,7.227,7.227,8.000,0,0.219,6.415,0.069,0.619,1.397,0.013,1,1,1386,5041,11,218308,1324,550,751,37962,74,0,74,1,16777216,3674,0.209,0,0.270
1,3677,31556.810,level1,0,1024,640,7.883,1,8.883,8.883,8.000,0,0.385,6.600,0.108,0.712,1.865,0.020,1,1,1386,5041,11,218308,1324,550,751,37974,74,0,74,1,16777216,3675,0.218,0,0.309
1,3678,31564.663,level1,0,1024,640,7.303,1,8.155,8.155,8.000,0,0.227,7.201,0.057,0.629,1.383,0.011,1,1,1383,5017,11,217732,1324,551,750,37986,74,0,74,1,16777216,3676,0.209,0,0.355
1,3679,31572.418,level1,0,1024,640,7.622,1,7.705,7.705,8.000,0,0.144,7.323,0.065,0.661,1.657,0.013,1,1,1383,5017,11,217732,1324,551,750,37998,74,0,74,1,16777216,3677,0.219,0,0.210
1,3680,31580.628,level1,0,1024,640,9.038,1,7.863,7.863,8.000,0,0.250,6.400,0.163,0.620,1.394,0.042,1,1,1383,5017,11,217732,1324,551,750,38010,74,0,74,1,16777216,3678,0.214,0,0.315
1,3681,31588.400,level1,0,1024,640,7.157,1,8.243,8.243,9.000,0,0.238,7.117,0.061,0.814,1.478,0.011,1,1,1378,5002,11,216972,1324,552,749,38022,74,0,74,1,16777216,3679,0.301,0,0.340
1,3682,31596.336,level1,0,1024,640,8.719,1,7.829,7.829,7.000,0,0.249,6.312,0.083,0.748,1.441,0.011,1,1,1357,4960,11,213948,1324,573,728,38034,74,0,74,1,16777216,3680,0.220,0,0.405
1,3683,31605.471,level1,0,1024,640,9.196,1,7.751,7.751,8.000,0,0.151,6.273,0.060,0.632,1.485,0.011,1,1,1357,4960,11,213948,1324,573,728,38046,74,0,74,1,16777216,3681,0.222,0,0.221
1,3684,31612.625,level1,0,1024,640,6.771,1,9.123,9.123,9.000,0,0.130,6.661,0.051,0.614,1.371,0.011,1,1,1357,4960,11,213948,1324,573,728,38058,74,0,74,1,16777216,3682,0.199,0,0.210
1,3685,31619.147,level1,0,1024,640,7.103,1,7.162,7.162,7.000,0,0.162,6.086,0.050,0.633,1.313,0.010,1,1,1357,4960,11,213948,1324,573,728,38070,74,0,74,1,16777216,3683,0.223,0,0.217
1,3686,31625.447,level1,0,1024,640,6.553,1,6.537,6.537,7.000,0,0.173,5.840,0.043,0.614,1.277,0.008,1,1,1357,4960,11,213948,1324,573,728,38082,74,0,74,1,16777216,3684,0.214,0,0.231
1,3687,31633.411,level1,0,1024,640,6.209,1,6.263,6.263,6.000,0,0.126,7.520,0.115,0.646,1.761,0.020,1,1,1357,4960,11,213948,1324,573,728,38094,74,0,74,1,16777216,3685,0.218,0,0.195
1,3688,31644.325,level1,0,1024,640,10.915,1,8.337,8.337,8.000,0,0.190,7.548,0.088,0.635,1.295,0.013,1,1,1357,4960,11,213948,1324,573,728,38106,74,0,74,1,16777216,3686,0.208,0,0.565
1,3689,31652.396,level1,0,1024,640,8.854,1,10.670,10.670,11.000,0,0.226,6.789,0.065,0.626,1.462,0.011,1,1,1357,4960,11,213948,1324,573,728,38118,74,0,74,1,16777216,3687,0.225,0,0.322
1,3690,31659.895,level1,0,1024,640,7.901,1,8.631,8.631,9.000,0,0.159,6.395,0.057,0.674,1.734,0.013,1,1,1357,4960,11,213948,1324,573,728,38130,74,0,74,1,16777216,3688,0.208,0,0.883
1,3691,31667.358,level1,0,1024,640,6.937,1,6.967,6.967,7.000,0,0.129,6.898,0.080,0.656,1.472,0.010,1,1,1378,5002,11,216972,1324,552,749,38142,74,0,74,1,16777216,3689,0.221,0,0.352
1,3692,31674.324,level1,0,1024,640,7.336,1,7.300,7.300,6.000,0,0.165,6.558,0.050,0.619,1.330,0.009,1,1,1378,5002,11,216972,1324,552,749,38154,74,0,74,1,16777216,3690,0.216,0,0.189
1,3693,31681.991,level1,0,1024,640,7.055,1,6.972,6.972,7.000,0,0.247,7.161,0.058,0.628,1.363,0.009,1,1,1383,5017,11,217732,1324,551,750,38166,74,0,74,1,16777216,3691,0.219,0,0.195
1,3694,31688.778,level1,0,1024,640,7.871,1,7.666,7.666,9.000,0,0.438,5.947,0.186,0.661,1.279,0.009,1,1,1383,5017,11,217732,1324,551,750,38178,74,0,74,1,16777216,3692,0.214,0,0.192
1,3695,31696.404,level1,0,1024,640,7.123,1,7.334,7.334,7.000,0,0.238,6.579,0.059,0.713,1.454,0.009,1,1,1383,5017,11,217732,1324,551,750,38190,74,0,74,1,16777216,3693,0.224,0,0.739
1,3696,31703.099,level1,0,1024,640,7.041,1,7.102,7.102,7.000,0,0.178,6.247,0.045,0.668,1.446,0.008,1,1,1386,5041,11,218308,1324,550,751,38202,74,0,74,1,16777216,3694,0.201,0,0.215
1,3697,31710.246,level1,0,1024,640,6.601,1,6.651,6.651,6.000,0,0.132,6.786,0.052,0.774,1.585,0.010,1,1,1386,5041,11,218308,1324,550,751,38214,74,0,74,1,16777216,3695,0.230,0,0.172
1,3698,31716.801,level1,0,1024,640,7.213,1,7.188,7.188,7.000,0,0.151,6.141,0.039,0.620,1.344,0.008,1,1,1386,5041,11,218308,1324,550,751,38226,74,0,74,1,16777216,3696,0.218,0,0.213
1,3699,31723.702,level1,0,1024,640,6.584,1,6.525,6.525,7.000,0,0.213,6.423,0.073,0.629,1.591,0.014,1,1,1391,5056,11,219068,1324,549,752,38238,74,0,74,1,16777216,3697,0.213,0,0.183
1,3700,31732.135,level1,0,1024,640,6.968,1,6.996,6.996,8.000,0,0.188,7.882,0.079,0.664,1.684,0.015,1,1,1396,5071,11,219828,1324,548,753,38250,74,0,74,1,16777216,3698,0.209,0,0.277
1,3701,31743.280,level1,0,1024,640,11.425,1,8.451,8.451,8.000,0,0.241,7.600,0.082,0.686,1.660,0.013,1,1,1396,5071,11,219828,1324,548,753,38262,74,0,74,1,16777216,3699,0.218,0,0.295
1,3702,31752.624,level1,0,1024,640,8.827,1,11.410,11.410,11.000,0,0.165,8.139,0.059,1.039,2.103,0.014,1,1,1387,5053,11,218532,1324,557,744,38274,74,0,74,1,16777216,3700,0.220,0,0.557
1,3703,31760.333,level1,0,1024,640,8.613,1,9.042,9.042,9.000,0,0.148,7.235,0.060,0.653,1.489,0.010,1,1,1387,5053,11,218532,1324,557,744,38286,74,0,74,1,16777216,3701,0.862,0,0.258
1,3704,31767.790,level1,0,1024,640,7.764,1,7.752,7.752,8.000,0,0.160,6.911,0.076,0.669,1.497,0.013,1,1,1392,5068,11,219292,1324,556,745,38298,74,0,74,1,16777216,3702,0.211,0,0.300
1,3705,31775.512,level1,0,1024,640,7.927,1,7.452,7.452,7.000,0,0.145,6.708,0.074,0.646,1.535,0.010,1,1,1392,5068,11,219292,1324,556,745,38310,74,0,74,1,16777216,3703,0.256,0,0.297
1,3706,31782.620,level1,0,1024,640,7.297,1,7.715,7.715,8.000,0,0.216,6.546,0.048,0.766,1.486,0.008,1,1,1392,5068,11,219292,1324,556,745,38322,74,0,74,1,16777216,3704,0.205,0,0.288
1,3707,31789.955,level1,0,1024,640,6.968,1,7.050,7.050,7.000,0,0.131,6.903,0.058,0.693,1.597,0.010,1,1,1392,5068,11,219292,1324,556,745,38334,74,0,74,1,16777216,3705,0.220,0,0.232
1,3708,31796.946,level1,0,1024,640,7.453,1,7.370,7.370,8.000,0,0.218,6.457,0.043,0.633,1.432,0.008,1,1,1392,5068,11,219292,1324,556,745,38346,74,0,74,1,16777216,3706,0.210,0,0.266
1,3709,31805.684,level1,0,1024,640,6.918,1,6.943,6.943,7.000,0,0.193,8.224,0.093,0.972,2.202,0.018,1,1,1392,5068,11,219292,1324,556,745,38358,74,0,74,1,16777216,3707,0.219,0,0.219
1,3710,31814.766,level1,0,1024,640,9.257,1,8.807,8.807,9.000,0,0.259,8.074,0.070,0.684,1.477,0.012,1,1,1387,5053,11,218532,1324,557,744,38370,74,0,74,1,16777216,3708,0.214,0,0.287
1,3711,31823.671,level1,0,1024,640,9.518,1,9.016,9.016,8.000,0,0.194,7.456,0.076,0.640,1.902,0.015,1,1,1387,5053,11,218532,1324,557,744,38382,74,0,74,1,16777216,3709,0.214,0,0.221
1,3712,31831.863,level1,0,1024,640,8.070,1,9.022,9.022,10.000,0,0.194,7.204,0.442,0.650,1.457,0.010,1,1,1387,5053,11,218532,1324,557,744,38394,74,0,74,1,16777216,3710,0.230,0,0.337
1,3713,31840.792,level1,0,1024,640,8.247,1,8.207,8.207,8.000,0,0.234,8.164,0.170,1.004,2.122,0.025,1,1,1387,5053,11,218532,1324,557,744,38406,74,0,74,1,16777216,3711,0.224,0,0.353
1,3714,31851.051,level1,0,1024,640,9.045,1,9.015,9.015,9.000,0,0.262,9.464,0.085,0.695,1.617,0.012,1,1,1387,5053,11,218532,1324,557,744,38418,74,0,74,1,16777216,3712,0.209,0,0.437
1,3715,31862.078,level1,0,1024,640,12.785,1,10.092,10.092,10.000,0,0.210,7.665,0.126,0.767,1.739,0.012,1,1,1387,5053,11,218532,1324,557,744,38430,74,0,74,1,16777216,3713,0.222,0,0.270
1,3716,31874.434,level1,0,1024,640,9.921,1,11.005,11.005,10.000,0,0.185,10.099,0.125,0.987,2.354,0.025,1,1,1392,5068,11,219292,1324,556,745,38442,74,0,74,1,16777216,3714,0.222,0,0.250
1,3717,31884.708,level1,0,1024,640,11.156,1,12.435,12.435,13.000,0,0.293,9.225,0.118,0.685,1.781,0.019,1,1,1397,5078,11,220012,1324,551,750,38454,74,0,74,1,16777216,3715,0.225,0,0.327
1,3718,31894.565,level1,0,1024,640,11.049,1,10.616,10.616,11.000,0,0.264,8.046,0.105,0.669,1.885,0.017,1,1,1402,5093,11,220772,1324,550,751,38466,74,0,74,1,16777216,3716,0.223,0,0.669
1,3719,31902.280,level1,0,1024,640,8.671,1,9.506,9.506,9.000,0,0.192,7.106,0.090,0.659,1.458,0.011,1,1,1402,5093,11,220772,1324,550,751,38478,74,0,74,1,16777216,3717,0.211,0,0.320
1,3720,31921.483,level1,0,1024,640,16.618,1,7.708,7.708,8.000,0,0.220,9.468,0.312,0.703,2.101,0.019,1,1,1402,5093,11,220772,1324,550,751,38490,74,0,74,1,16777216,3718,0.893,0,0.310
1,3721,31930.788,level1,0,1024,640,10.798,1,19.225,19.225,20.000,0,0.394,8.188,0.098,0.688,1.973,0.073,1,1,1402,5093,11,220772,1324,550,751,38502,74,0,74,1,16777216,3719,0.217,0,0.333
1,3722,31938.855,level1,0,1024,640,8.901,1,9.250,9.250,8.000,0,0.215,7.366,0.087,0.720,1.603,0.017,1,1,1402,5093,11,220772,1324,550,751,38514,74,0,74,1,16777216,3720,0.213,0,0.280
1,3723,31947.515,level1,0,1024,640,8.846,1,8.070,8.070,8.000,0,0.247,7.219,0.050,0.671,1.618,0.011,1,1,1403,5095,12,220968,1324,549,752,38527,75,0,75,1,16777216,3721,0.234,0,0.284
1,3724,31954.936,level1,0,1024,640,7.653,1,8.608,8.608,9.000,0,0.133,6.980,0.056,0.651,1.613,0.012,1,1,1403,5095,12,220968,1324,549,752,38540,75,0,75,1,16777216,3722,0.216,0,0.231
1,3725,31962.900,level1,0,1024,640,7.689,1,7.575,7.575,7.000,0,0.260,7.254,0.058,0.654,1.958,0.010,1,1,1403,5095,12,220968,1324,549,752,38553,75,0,75,1,16777216,3723,0.288,0,0.384
1,3726,31969.703,level1,0,1024,640,7.764,1,7.842,7.842,8.000,0,0.178,6.301,0.049,0.730,1.622,0.011,1,1,1403,5095,12,220968,1324,549,752,38566,75,0,75,1,16777216,3724,0.273,0,0.263
1,3727,31979.612,level1,0,1024,640,6.747,1,6.733,6.733,7.000,0,0.197,9.332,0.174,1.034,2.350,0.025,1,1,1403,5095,12,220968,1324,549,752,38579,75,0,75,1,16777216,3725,0.256,0,0.194
1,3728,31988.534,level1,0,1024,640,10.397,1,10.083,10.083,10.000,0,0.251,7.924,0.112,0.678,1.751,0.016,1,1,1403,5095,12,220968,1324,549,752,38592,75,0,75,1,16777216,3726,0.267,0,0.366
1,3729,31995.928,level1,0,1024,640,8.724,1,8.833,8.833,9.000,0,0.222,6.652,0.055,0.643,1.324,0.011,1,1,1386,5061,12,218520,1324,566,735,38605,75,0,75,1,16777216,3727,0.278,0,0.278
1,3730,32004.185,level1,0,1024,640,7.113,1,7.322,7.322,7.000,0,0.193,7.317,0.532,0.655,1.741,0.015,1,1,1386,5061,12,218520,1324,566,735,38618,75,0,75,1,16777216,3728,0.265,0,0.208
1,3731,32011.993,level1,0,1024,640,8.247,1,8.270,8.270,9.000,0,0.169,7.311,0.100,0.742,1.762,0.012,1,1,1386,5061,12,218520,1324,566,735,38631,75,0,75,1,16777216,3729,0.274,0,0.221
1,3732,32023.321,level1,0,1024,640,11.300,1,7.947,7.947,8.000,0,0.219,7.332,0.107,1.023,1.834,0.018,1,1,1386,5061,12,218520,1324,566,735,38644,75,0,75,1,16777216,3730,0.261,0,0.354
1,3733,32032.231,level1,0,1024,640,8.553,1,11.211,11.211,11.000,0,0.162,7.693,0.102,0.734,2.087,0.013,1,1,1386,5061,12,218520,1324,566,735,38657,75,0,75,1,16777216,3731,0.266,0,0.242
1,3734,32040.428,level1,0,1024,640,8.535,1,8.890,8.890,9.000,0,0.141,7.357,0.100,0.643,1.793,0.018,1,1,1391,5076,12,219280,1324,565,736,38670,75,0,75,1,16777216,3732,0.273,0,0.223
1,3735,32048.532,level1,0,1024,640,8.045,1,8.329,8.329,8.000,0,0.219,7.459,0.058,0.622,2.066,0.011,1,1,1391,5076,12,219280,1324,565,736,38683,75,0,75,1,16777216,3733,0.271,0,0.353
1,3736,32058.045,level1,0,1024,640,7.976,1,7.967,7.967,7.000,0,0.220,8.669,0.383,0.737,1.792,0.021,1,1,1386,5061,12,218520,1324,566,735,38696,75,0,75,1,16777216,3734,0.270,0,0.219
1,3737,32066.288,level1,0,1024,640,9.759,1,9.594,9.594,10.000,0,0.196,7.405,0.130,0.645,2.110,0.021,1,1,1391,5076,12,219280,1324,565,736,38709,75,0,75,1,16777216,3735,0.269,0,0.298
1,3738,32074.468,level1,0,1024,640,8.486,1,8.226,8.226,9.000,0,0.200,7.172,0.060,0.655,1.449,0.012,1,1,1391,5076,12,219280,1324,565,736,38722,75,0,75,1,16777216,3736,0.272,0,0.282
1,3739,32082.151,level1,0,1024,640,7.625,1,8.121,8.121,8.000,0,0.164,6.694,0.593,0.835,1.500,0.014,1,1,1391,5076,12,219280,1324,565,736,38735,75,0,75,1,16777216,3737,0.270,0,0.225
1,3740,32090.379,level1,0,1024,640,7.837,1,7.860,7.860,8.000,0,0.141,7.588,0.091,0.768,1.562,0.013,1,1,1391,5076,12,219280,1324,565,736,38748,75,0,75,1,16777216,3738,0.261,0,0.401
1,3741,32097.887,level1,0,1024,640,8.438,1,8.138,8.138,8.000,0,0.158,6.642,0.109,0.713,1.362,0.012,1,1,1391,5076,12,219280,1324,565,736,38761,75,0,75,1,16777216,3739,0.348,0,0.311
1,3742,32106.560,level1,0,1024,640,7.464,1,7.449,7.449,8.000,0,0.159,7.888,0.071,0.636,1.319,0.011,1,1,1391,5076,12,219280,1324,565,736,38774,75,0,75,1,16777216,3740,0.264,0,0.251
1,3743,32113.742,level1,0,1024,640,8.478,1,8.718,8.718,8.000,0,0.214,6.609,0.055,0.637,1.358,0.010,1,1,1391,5076,12,219280,1324,565,736,38787,75,0,75,1,16777216,3741,0.267,0,0.296
1,3744,32120.901,level1,0,1024,640,7.175,1,7.169,7.169,7.000,0,0.220,6.597,0.050,0.643,1.511,0.008,1,1,1391,5076,12,219280,1324,565,736,38800,75,0,75,1,16777216,3742,0.258,0,0.283
1,3745,32128.724,level1,0,1024,640,6.972,1,7.066,7.066,7.000,0,0.129,6.621,0.876,0.741,1.608,0.010,1,1,1391,5076,12,219280,1324,565,736,38813,75,0,75,1,16777216,3743,0.277,0,0.191
1,3746,32137.702,level1,0,1024,640,8.083,1,8.000,8.000,8.000,0,0.211,8.268,0.125,0.678,1.963,0.016,1,1,1391,5076,12,219280,1324,565,736,38826,75,0,75,1,16777216,3744,0.265,0,0.366
1,3747,32145.808,level1,0,1024,640,9.055,1,8.854,8.854,9.000,0,0.161,7.372,0.071,0.721,1.690,0.013,1,1,1396,5091,12,220040,1324,564,737,38839,75,0,75,1,16777216,3745,0.269,0,0.242
1,3748,32153.429,level1,0,1024,640,8.353,1,8.084,8.084,8.000,0,0.137,6.653,0.059,0.661,1.311,0.011,1,1,1396,5091,10,219936,1324,566,735,38850,75,0,75,1,16777216,3746,0.268,0,0.220
1,3749,32161.977,level1,0,1024,640,7.106,1,7.589,7.589,8.000,0,0.196,8.049,0.103,0.844,1.680,0.013,1,1,1396,5091,10,219936,1324,566,735,38861,75,0,75,1,16777216,3747,0.276,0,0.188
1,3750,32169.731,level1,0,1024,640,8.594,1,8.623,8.623,8.000,0,0.169,7.196,0.118,0.713,1.654,0.012,1,1,1396,5091,10,219936,1324,566,735,38872,75,0,75,1,16777216,3748,0.264,0,0.262
1,3751,32179.300,level1,0,1024,640,9.527,1,7.753,7.753,8.000,0,0.164,7.290,0.066,0.667,1.679,0.013,1,1,1396,5091,10,219936,1324,566,735,38883,75,0,75,1,16777216,3749,0.280,0,0.262
1,3752,32187.804,level1,0,1024,640,8.638,1,9.533,9.533,9.000,0,0.214,7.061,0.160,0.692,1.686,0.014,1,1,1396,5091,10,219936,1324,566,735,38894,75,0,75,1,16777216,3750,0.271,0,0.225
1,3753,32196.987,level1,0,1024,640,8.734,1,8.629,8.629,9.000,0,0.251,7.603,0.068,0.651,1.460,0.013,1,1,1405,5109,10,221232,1324,557,744,38905,75,0,75,1,16777216,3751,0.266,0,0.350
1,3754,32204.812,level1,0,1024,640,8.179,1,9.097,9.097,9.000,0,0.233,7.236,0.079,0.650,1.673,0.015,1,1,1405,5109,10,221232,1324,557,744,38916,75,0,75,1,16777216,3752,0.292,0,0.265
1,3755,32213.980,level1,0,1024,640,8.074,1,7.991,7.991,9.000,0,0.310,8.304,0.106,0.685,1.620,0.015,1,1,1395,5079,10,219712,1324,559,742,38927,75,0,75,1,16777216,3753,0.281,0,0.426
1,3756,32222.844,level1,0,1024,640,10.229,1,8.998,8.998,9.000,0,0.280,6.981,0.066,0.635,1.586,0.013,1,1,1392,5055,10,219136,1324,560,741,38938,75,0,75,1,16777216,3754,0.253,0,0.255
1,3757,32230.453,level1,0,1024,640,8.327,1,8.833,8.833,8.000,0,0.159,6.251,0.076,0.646,1.346,0.013,1,1,1387,5040,10,218376,1324,561,740,38949,75,0,75,1,16777216,3755,0.253,0,0.230
1,3758,32237.678,level1,0,1024,640,6.703,1,7.594,7.594,8.000,0,0.146,6.795,0.054,0.652,1.447,0.009,1,1,1366,4998,10,215352,1324,582,719,38960,75,0,75,1,16777216,3756,0.324,0,0.216
1,3759,32244.602,level1,0,1024,640,7.164,1,7.190,7.190,7.000,0,0.125,6.563,0.046,0.650,1.328,0.007,1,1,1366,4998,10,215352,1324,582,719,38971,75,0,75,1,16777216,3757,0.275,0,0.181
1,3760,32252.364,level1,0,1024,640,6.918,1,6.915,6.915,8.000,0,0.132,6.280,1.172,0.673,1.475,0.010,1,1,1368,4989,10,215536,1324,582,719,38982,75,0,75,1,16777216,3758,0.262,0,0.172
1,3761,32261.076,level1,0,1024,640,7.969,1,7.885,7.885,7.000,0,0.213,8.071,0.123,0.890,2.202,0.020,1,1,1368,4989,10,215536,1324,582,719,38993,75,0,75,1,16777216,3759,0.259,0,0.294
1,3762,32268.886,level1,0,1024,640,9.095,1,8.726,8.726,8.000,0,0.164,6.802,0.108,0.886,1.602,0.014,1,1,1358,4959,10,214016,1324,584,717,39004,75,0,75,1,16777216,3760,0.306,0,0.308
1,3763,32276.835,level1,0,1024,640,7.888,1,7.850,7.850,8.000,0,0.184,6.856,0.115,0.616,1.899,0.018,1,1,1353,4911,10,212992,1324,585,716,39015,75,0,75,1,16777216,3761,0.273,0,0.348
1,3764,32285.317,level1,0,1024,640,7.446,1,7.924,7.924,8.000,0,0.144,7.921,0.086,0.974,1.632,0.012,1,1,1353,4911,10,212992,1324,585,716,39026,75,0,75,1,16777216,3762,0.253,0,0.324
1,3765,32292.990,level1,0,1024,640,8.384,1,8.381,8.381,9.000,0,0.148,7.242,0.056,0.629,1.422,0.009,1,1,1353,4911,10,212992,1324,585,716,39037,75,0,75,1,16777216,3763,0.272,0,0.224
1,3766,32302.723,level1,0,1024,640,10.061,1,7.631,7.631,7.000,0,0.125,6.904,0.065,0.617,1.948,0.014,1,1,1348,4896,10,212232,1324,586,715,39048,75,0,75,1,16777216,3764,0.261,0,0.181
1,3767,32310.312,level1,0,1024,640,7.920,1,9.782,9.782,10.000,0,0.155,6.552,0.086,0.830,1.507,0.013,1,1,1348,4896,10,212232,1324,586,715,39059,75,0,75,1,16777216,3765,0.273,0,0.229
1,3768,32317.640,level1,0,1024,640,7.003,1,7.561,7.561,8.000,0,0.149,6.914,0.049,0.633,1.319,0.008,1,1,1348,4896,10,212232,1324,586,715,39070,75,0,75,1,16777216,3766,0.263,0,0.201
1,3769,32324.193,level1,0,1024,640,7.391,1,7.331,7.331,8.000,0,0.218,6.083,0.042,0.615,1.266,0.008,1,1,1348,4896,10,212232,1324,586,715,39081,75,0,75,1,16777216,3767,0.265,0,0.205
1,3770,32331.969,level1,0,1024,640,6.528,1,6.530,6.530,6.000,0,0.215,7.258,0.114,0.719,1.631,0.012,1,1,1348,4896,10,212232,1324,586,715,39092,75,0,75,1,16777216,3768,0.257,0,0.181
1,3771,32339.984,level1,0,1024,640,7.951,1,7.913,7.913,8.000,0,0.242,7.379,0.058,0.901,1.554,0.010,1,1,1348,4896,10,212232,1324,586,715,39103,75,0,75,1,16777216,3769,0.271,0,0.310
1,3772,32347.971,level1,0,1024,640,7.923,1,8.020,8.020,8.000,0,0.157,7.446,0.056,0.618,1.426,0.009,1,1,1348,4896,10,212232,1324,586,715,39114,75,0,75,1,16777216,3770,0.257,0,0.317
1,3773,32354.600,level1,0,1024,640,7.912,1,7.855,7.855,7.000,0,0.214,6.173,0.045,0.613,1.329,0.008,1,1,1353,4911,10,212992,1324,585,716,39125,75,0,75,1,16777216,3771,0.271,0,0.191
1,3774,32362.357,level1,0,1024,640,6.557,1,6.630,6.630,7.000,0,0.142,7.175,0.234,0.620,1.505,0.011,1,1,1353,4911,10,212992,1324,585,716,39136,75,0,75,1,16777216,3772,0.264,0,0.192
1,3775,32369.314,level1,0,1024,640,8.038,1,7.937,7.937,8.000,0,0.242,6.285,0.052,0.653,1.424,0.009,1,1,1353,4911,10,212992,1324,585,716,39147,75,0,75,1,16777216,3773,0.271,0,0.373
1,3776,32378.378,level1,0,1024,640,8.956,1,6.808,6.808,7.000,0,0.149,6.377,0.068,0.642,1.394,0.011,1,1,1348,4896,10,212232,1324,586,715,39158,75,0,75,1,16777216,3774,0.246,0,0.223
1,3777,32387.131,level1,0,1024,640,8.591,1,9.138,9.138,9.000,0,0.184,6.539,0.067,0.623,1.764,0.013,1,1,1338,4833,10,210448,1324,588,713,39169,75,0,75,1,16777216,3775,0.279,0,0.298
1,3778,32394.690,level1,0,1024,640,7.563,1,8.738,8.738,9.000,0,0.134,6.546,0.058,0.638,1.465,0.011,1,1,1360,4882,10,213656,1324,579,722,39180,75,0,75,1,16777216,3776,0.281,0,0.284
1,3779,32401.823,level1,0,1024,640,7.749,1,7.460,7.460,7.000,0,0.178,5.924,0.062,0.626,1.318,0.013,1,1,1359,4880,10,213512,1324,579,722,39191,75,0,75,1,16777216,3777,0.268,0,0.185
1,3780,32409.394,level1,0,1024,640,6.569,1,7.287,7.287,7.000,0,0.229,6.933,0.056,0.626,1.344,0.012,1,1,1359,4880,10,213512,1324,579,722,39202,75,0,75,1,16777216,3778,0.235,0,0.340
1,3781,32416.261,level1,0,1024,640,7.425,1,7.458,7.458,7.000,0,0.204,6.388,0.043,0.673,1.527,0.008,1,1,1359,4880,10,213512,1324,579,722,39213,75,0,75,1,16777216,3779,0.216,0,0.225
1,3782,32423.841,level1,0,1024,640,6.843,1,6.823,6.823,8.000,0,0.222,7.111,0.056,0.649,1.676,0.011,1,1,1364,4928,10,214536,1324,578,723,39224,75,0,75,1,16777216,3780,0.216,0,0.183
1,3783,32430.879,level1,0,1024,640,7.509,1,7.596,7.596,7.000,0,0.133,6.645,0.051,0.841,1.539,0.009,1,1,1361,4904,10,213960,1324,579,722,39235,75,0,75,1,16777216,3781,0.203,0,0.198
1,3784,32437.719,level1,0,1024,640,7.054,1,7.040,7.040,7.000,0,0.151,6.435,0.047,0.595,1.222,0.009,1,1,1340,4862,10,210936,1324,600,701,39246,75,0,75,1,16777216,3782,0.215,0,0.202
1,3785,32444.592,level1,0,1024,640,6.794,1,6.818,6.818,7.000,0,0.129,6.514,0.047,0.613,1.353,0.007,1,1,1330,4832,10,209416,1324,602,699,39257,75,0,75,1,16777216,3783,0.220,0,0.180
1,3786,32450.990,level1,0,1024,640,6.883,1,6.875,6.875,7.000,0,0.136,6.021,0.053,0.614,1.262,0.021,1,1,1325,4817,10,208656,1324,603,698,39268,75,0,75,1,16777216,3784,0.210,0,0.182
1,3787,32457.661,level1,0,1024,640,6.442,1,6.389,6.389,7.000,0,0.189,6.263,0.041,0.621,1.326,0.007,1,1,1320,4802,10,207896,1324,604,697,39279,75,0,75,1,16777216,3785,0.214,0,0.172
1,3788,32464.569,level1,0,1024,640,6.715,1,6.707,6.707,7.000,0,0.198,6.449,0.048,0.680,1.459,0.008,1,1,1315,4787,10,207136,1324,605,696,39290,75,0,75,1,16777216,3786,0.208,0,0.209
1,3789,32472.347,level1,0,1024,640,7.017,1,6.954,6.954,6.000,0,0.244,7.196,0.061,0.642,1.702,0.011,1,1,1315,4787,10,207136,1324,605,696,39301,75,0,75,1,16777216,3787,0.218,0,0.251
1,3790,32478.997,level1,0,1024,640,7.607,1,7.716,7.716,8.000,0,0.152,6.248,0.053,0.880,1.496,0.010,1,1,1315,4787,10,207136,1324,605,696,39312,75,0,75,1,16777216,3788,0.203,0,0.193
1,3791,32486.132,level1,0,1024,640,6.754,1,6.716,6.716,6.000,0,0.190,6.630,0.051,0.625,1.238,0.009,1,1,1315,4787,10,207136,1324,605,696,39323,75,0,75,1,16777216,3789,0.217,0,0.258
1,3792,32492.984,level1,0,1024,640,6.992,1,7.054,7.054,8.000,0,0.128,6.493,0.049,0.625,1.248,0.009,1,1,1311,4741,10,206256,1324,606,695,39334,75,0,75,1,16777216,3790,0.196,0,0.178
1,3793,32500.095,level1,0,1024,640,6.892,1,6.886,6.886,6.000,0,0.129,6.709,0.052,0.667,1.340,0.009,1,1,1306,4726,10,205496,1324,607,694,39345,75,0,75,1,16777216,3791,0.219,0,0.211
1,3794,32508.825,level1,0,1024,640,8.865,1,7.114,7.114,7.000,0,0.155,6.568,0.057,0.611,1.884,0.013,1,1,1306,4726,10,205496,1324,607,694,39356,75,0,75,1,16777216,3792,0.209,0,0.215
1,3795,32516.132,level1,0,1024,640,7.638,1,8.907,8.907,9.000,0,0.331,6.238,0.057,0.625,1.361,0.010,1,1,1306,4726,10,205496,1324,607,694,39367,75,0,75,1,16777216,3793,0.221,0,0.391
1,3796,32522.738,level1,0,1024,640,6.744,1,7.217,7.217,8.000,0,0.141,6.110,0.046,0.599,1.264,0.008,1,1,1301,4711,10,204736,1324,608,693,39378,75,0,75,1,16777216,3794,0.214,0,0.301
1,3797,32529.189,level1,0,1024,640,6.520,1,6.479,6.479,6.000,0,0.182,6.029,0.059,0.614,1.615,0.014,1,1,1301,4711,10,204736,1324,608,693,39389,75,0,75,1,16777216,3795,0.216,0,0.174
1,3798,32536.066,level1,0,1024,640,6.728,1,6.681,6.681,7.000,0,0.222,6.193,0.045,0.604,1.454,0.007,1,1,1301,4711,10,204736,1324,608,693,39400,75,0,75,1,16777216,3796,0.204,0,0.404
1,3799,32542.908,level1,0,1024,640,6.713,1,6.798,6.798,7.000,0,0.141,6.315,0.053,0.607,1.396,0.009,1,1,1301,4711,10,204736,1324,608,693,39411,75,0,75,1,16777216,3797,0.208,0,0.325
1,3800,32552.694,level1,0,1024,640,9.066,1,6.798,6.798,6.000,0,0.133,7.024,0.063,0.624,1.328,0.010,1,1,1301,4711,10,204736,1324,608,693,39422,75,0,75,1,16777216,3798,0.254,0,0.280
1,3801,32560.246,level1,0,1024,640,8.269,1,9.721,9.721,10.000,0,0.148,6.316,0.054,0.601,1.569,0.013,1,1,1301,4711,10,204736,1324,608,693,39433,75,0,75,1,16777216,3799,0.224,0,0.217
1,3802,32566.733,level1,0,1024,640,6.860,1,7.619,7.619,8.000,0,0.198,5.956,0.042,0.598,1.250,0.007,1,1,1301,4711,10,204736,1324,608,693,39444,75,0,75,1,16777216,3800,0.203,0,0.283
1,3803,32573.815,level1,0,1024,640,6.362,1,6.365,6.365,6.000,0,0.197,6.662,0.056,0.697,1.323,0.008,1,1,1301,4711,10,204736,1324,608,693,39455,75,0,75,1,16777216,3801,0.226,0,0.163
1,3804,32581.131,level1,0,1024,640,7.297,1,7.279,7.279,8.000,0,0.213,6.654,0.081,0.608,1.380,0.011,1,1,1292,4693,10,203440,1324,608,693,39466,75,0,75,1,16777216,3802,0.210,0,0.358
1,3805,32587.618,level1,0,1024,640,7.235,1,7.241,7.241,7.000,0,0.208,5.942,0.046,0.676,1.367,0.009,1,1,1292,4693,10,203440,1324,608,693,39477,75,0,75,1,16777216,3803,0.222,0,0.283
1,3806,32594.595,level1,0,1024,640,6.404,1,6.406,6.406,5.000,0,0.206,6.503,0.059,0.765,1.448,0.010,1,1,1297,4708,10,204200,1324,607,694,39488,75,0,75,1,16777216,3804,0.208,0,0.204
1,3807,32602.144,level1,0,1024,640,7.048,1,7.052,7.052,8.000,0,0.202,6.995,0.068,0.617,1.403,0.009,1,1,1297,4708,10,204200,1324,607,694,39499,75,0,75,1,16777216,3805,0.213,0,0.277
1,3808,32609.680,level1,0,1024,640,7.571,1,7.569,7.569,8.000,0,0.203,6.945,0.081,0.699,1.683,0.017,1,1,1292,4693,9,203388,1324,609,692,39509,75,0,75,1,16777216,3806,0.193,0,0.294
1,3809,32618.164,level1,0,1024,640,7.715,1,7.689,7.689,8.000,0,0.229,7.732,0.064,0.676,2.067,0.013,1,1,1297,4708,9,204148,1324,608,693,39519,75,0,75,1,16777216,3807,0.212,0,0.450
1,3810,32625.611,level1,0,1024,640,8.280,1,8.304,8.304,8.000,0,0.205,6.875,0.086,0.628,1.577,0.009,1,1,1297,4708,9,204148,1324,608,693,39529,75,0,75,1,16777216,3808,0.205,0,0.271
1,3811,32634.350,level1,0,1024,640,7.326,1,7.397,7.397,7.000,0,0.135,8.273,0.102,0.879,2.003,0.016,1,1,1297,4708,9,204148,1324,608,693,39539,75,0,75,1,16777216,3809,0.217,0,0.221
1,3812,32642.435,level1,0,1024,640,9.091,1,9.076,9.076,9.000,0,0.149,7.039,0.328,0.627,1.352,0.022,1,1,1297,4708,9,204148,1324,608,693,39549,75,0,75,1,16777216,3810,0.214,0,0.557
1,3813,32650.437,level1,0,1024,640,7.994,1,7.990,7.990,8.000,0,0.154,7.278,0.100,0.801,1.748,0.013,1,1,1297,4708,9,204148,1324,608,693,39559,75,0,75,1,16777216,3811,0.201,0,0.462
1,3814,32657.313,level1,0,1024,640,7.770,1,7.746,7.746,8.000,0,0.178,6.412,0.071,0.682,1.423,0.011,1,1,1302,4723,9,204908,1324,607,694,39569,75,0,75,1,16777216,3812,0.201,0,0.207
1,3815,32665.267,level1,0,1024,640,8.028,1,8.067,8.067,8.000,0,0.140,6.351,0.058,0.608,1.498,0.009,1,1,1307,4738,9,205668,1324,606,695,39579,75,0,75,1,16777216,3813,0.217,0,1.394
1,3816,32673.020,level1,0,1024,640,7.148,1,7.050,7.050,7.000,0,0.237,6.928,0.084,0.610,1.483,0.015,1,1,1312,4753,9,206428,1324,605,696,39589,75,0,75,1,16777216,3814,0.244,0,0.493
1,3817,32680.078,level1,0,1024,640,7.385,1,7.484,7.484,7.000,0,0.133,6.638,0.049,0.642,1.515,0.011,1,1,1317,4768,9,207188,1324,604,697,39599,75,0,75,1,16777216,3815,0.204,0,0.225
1,3818,32687.439,level1,0,1024,640,7.423,1,7.251,7.251,8.000,0,0.311,6.573,0.053,0.744,1.409,0.009,1,1,1341,4834,9,210788,1324,582,719,39609,75,0,75,1,16777216,3816,0.209,0,0.418
1,3819,32697.008,level1,0,1024,640,9.377,1,7.180,7.180,7.000,0,0.192,6.747,0.071,0.657,1.764,0.012,1,1,1341,4834,9,210788,1324,582,719,39619,75,0,75,1,16777216,3817,0.222,0,0.238
1,3820,32704.448,level1,0,1024,640,7.747,1,9.606,9.606,10.000,0,0.145,6.414,0.097,0.686,1.313,0.010,1,1,1336,4786,9,209764,1324,583,718,39629,75,0,75,1,16777216,3818,0.223,0,0.275
1,3821,32712.091,level1,0,1024,640,6.895,1,7.408,7.408,7.000,0,0.134,7.203,0.056,0.609,1.509,0.010,1,1,1336,4786,9,209764,1324,583,718,39639,75,0,75,1,16777216,3819,0.223,0,0.242
1,3822,32721.809,level1,0,1024,640,10.235,1,7.667,7.667,8.000,0,0.196,6.631,0.112,0.741,1.377,0.012,1,1,1336,4786,9,209764,1324,583,718,39649,75,0,75,1,16777216,3820,0.213,0,0.267
1,3823,32729.007,level1,0,1024,640,7.646,1,9.756,9.756,9.000,0,0.143,6.201,0.094,0.610,1.420,0.012,1,1,1340,4832,9,210644,1324,582,719,39659,75,0,75,1,16777216,3821,0.219,0,0.304
1,3824,32736.640,level1,0,1024,640,6.677,1,7.124,7.124,7.000,0,0.142,7.197,0.054,0.617,1.562,0.009,1,1,1340,4832,9,210644,1324,582,719,39669,75,0,75,1,16777216,3822,0.205,0,0.232
1,3825,32743.834,level1,0,1024,640,7.658,1,7.589,7.589,8.000,0,0.213,6.741,0.047,0.622,1.415,0.007,1,1,1332,4816,9,209492,1324,590,711,39679,75,0,75,1,16777216,3823,0.221,0,0.188
1,3826,32751.797,level1,0,1024,640,7.155,1,7.244,7.244,7.000,0,0.124,7.527,0.069,0.933,1.585,0.011,1,1,1327,4801,9,208732,1324,591,710,39689,75,0,75,1,16777216,3824,0.214,0,0.238
1,3827,32759.064,level1,0,1024,640,8.094,1,8.006,8.006,8.000,0,0.208,6.682,0.087,0.607,1.296,0.012,1,1,1327,4801,9,208732,1324,591,710,39699,75,0,75,1,16777216,3825,0.205,0,0.280
1,3828,32767.205,level1,0,1024,640,7.187,1,7.231,7.231,7.000,0,0.161,7.641,0.081,1.205,1.991,0.009,1,1,1327,4801,9,208732,1324,591,710,39709,75,0,75,1,16777216,3826,0.210,0,0.243
1,3829,32773.421,level1,0,1024,640,8.108,1,8.115,8.115,8.000,0,0.151,5.787,0.043,0.655,1.274,0.008,1,1,1323,4755,9,207852,1324,592,709,39719,75,0,75,1,16777216,3827,0.205,0,0.219
1,3830,32780.414,level1,0,1024,640,6.322,1,6.183,6.183,7.000,0,0.286,6.260,0.239,0.611,1.379,0.015,1,1,1323,4755,9,207852,1324,592,709,39729,75,0,75,1,16777216,3828,0.212,0,0.186
1,3831,32787.271,level1,0,1024,640,7.137,1,7.232,7.232,7.000,0,0.204,6.170,0.052,0.639,1.593,0.009,1,1,1323,4755,9,207852,1324,592,709,39739,75,0,75,1,16777216,3829,0.211,0,0.425
1,3832,32794.058,level1,0,1024,640,6.572,1,6.639,6.639,6.000,0,0.138,6.387,0.049,0.908,1.550,0.009,1,1,1323,4755,9,207852,1324,592,709,39749,75,0,75,1,16777216,3830,0.215,0,0.207
1,3833,32801.352,level1,0,1024,640,6.914,1,6.842,6.842,7.000,0,0.208,6.768,0.049,0.617,1.374,0.008,1,1,1323,4755,9,207852,1324,592,709,39759,75,0,75,1,16777216,3831,0.220,0,0.262
1,3834,32808.163,level1,0,1024,640,7.323,1,7.329,7.329,8.000,0,0.203,6.261,0.044,0.601,1.256,0.007,1,1,1323,4755,9,207852,1324,592,709,39769,75,0,75,1,16777216,3832,0.202,0,0.297
1,3835,32815.528,level1,0,1024,640,6.872,1,6.774,6.774,7.000,0,0.296,6.752,0.046,0.706,1.449,0.007,1,1,1323,4755,9,207852,1324,592,709,39779,75,0,75,1,16777216,3833,0.211,0,0.261
1,3836,32822.227,level1,0,1024,640,7.230,1,7.289,7.289,7.000,0,0.241,6.217,0.050,0.611,1.233,0.008,1,1,1328,4770,9,208612,1324,591,710,39789,75,0,75,1,16777216,3834,0.204,0,0.185
1,3837,32828.776,level1,0,1024,640,6.651,1,6.756,6.756,7.000,0,0.136,6.093,0.072,0.607,1.508,0.014,1,1,1336,4786,9,209764,1324,583,718,39799,75,0,75,1,16777216,3835,0.221,0,0.241
1,3838,32836.405,level1,0,1024,640,6.752,1,6.652,6.652,6.000,0,0.237,6.994,0.048,0.624,1.554,0.008,1,1,1336,4786,9,209764,1324,583,718,39809,75,0,75,1,16777216,3836,0.201,0,0.341
1,3839,32842.643,level1,0,1024,640,7.419,1,7.507,7.507,7.000,0,0.148,5.817,0.044,0.612,1.252,0.007,1,1,1336,4786,9,209764,1324,583,718,39819,75,0,75,1,16777216,3837,0.209,0,0.222
1,3840,32849.113,level1,0,1024,640,6.185,1,6.209,6.209,7.000,0,0.122,6.101,0.046,0.600,1.285,0.007,1,1,1336,4786,9,209764,1324,583,718,39829,75,0,75,1,16777216,3838,0.213,0,0.194
1,3841,32855.421,level1,0,1024,640,6.656,1,6.603,6.603,6.000,0,0.179,5.757,0.042,0.600,1.208,0.008,1,1,1336,4786,9,209764,1324,583,718,39839,75,0,75,1,16777216,3839,0.218,0,0.325
1,3842,32862.049,level1,0,1024,640,6.151,1,6.210,6.210,7.000,0,0.119,6.200,0.076,0.608,1.250,0.009,1,1,1336,4786,9,209764,1324,583,718,39849,75,0,75,1,16777216,3840,0.197,0,0.228
1,3843,32868.424,level1,0,1024,640,6.654,1,6.632,6.632,6.000,0,0.140,5.954,0.042,0.608,1.282,0.007,1,1,1336,4786,9,209764,1324,583,718,39859,75,0,75,1,16777216,3841,0.214,0,0.230
1,3844,32875.144,level1,0,1024,640,6.319,1,6.322,6.322,7.000,0,0.139,6.339,0.056,0.705,1.511,0.008,1,1,1336,4786,9,209764,1324,583,718,39869,75,0,75,1,16777216,3842,0.207,0,0.179
1,3845,32881.464,level1,0,1024,640,6.777,1,6.764,6.764,7.000,0,0.152,5.892,0.048,0.611,1.242,0.007,1,1,1341,4834,9,210788,1324,582,719,39879,75,0,75,1,16777216,3843,0.216,0,0.222
1,3846,32887.681,level1,0,1024,640,6.278,1,6.271,6.271,6.000,0,0.159,5.839,0.041,0.607,1.217,0.006,1,1,1341,4834,9,210788,1324,582,719,39889,75,0,75,1,16777216,3844,0.205,0,0.174
1,3847,32894.574,level1,0,1024,640,6.289,1,6.270,6.270,6.000,0,0.178,6.430,0.053,0.616,1.239,0.009,1,1,1338,4810,9,210212,1324,583,718,39899,75,0,75,1,16777216,3845,0.238,0,0.226
1,3848,32901.132,level1,0,1024,640,6.944,1,6.933,6.933,8.000,0,0.184,6.051,0.047,0.599,1.308,0.007,1,1,1317,4768,9,207188,1324,604,697,39909,75,0,75,1,16777216,3846,0.210,0,0.265
1,3849,32908.015,level1,0,1024,640,6.560,1,6.535,6.535,6.000,0,0.212,6.341,0.079,0.600,1.529,0.009,1,1,1312,4753,9,206428,1324,605,696,39919,75,0,75,1,16777216,3847,0.208,0,0.241
1,3850,32915.190,level1,0,1024,640,6.865,1,6.907,6.907,7.000,0,0.171,6.673,0.058,0.941,1.596,0.009,1,1,1306,4736,9,205524,1324,606,695,39929,75,0,75,1,16777216,3848,0.174,0,0.267
1,3851,32922.346,level1,0,1024,640,7.181,1,7.150,7.150,7.000,0,0.201,6.649,0.051,0.633,1.331,0.008,1,1,1301,4721,9,204764,1324,607,694,39939,75,0,75,1,16777216,3849,0.175,0,0.242
1,3852,32929.347,level1,0,1024,640,7.194,1,7.170,7.170,7.000,0,0.214,6.465,0.048,0.636,1.500,0.010,1,1,1296,4706,9,204004,1324,608,693,39949,75,0,75,1,16777216,3850,0.156,0,0.257
1,3853,32936.301,level1,0,1024,640,6.964,1,7.006,7.006,7.000,0,0.182,6.426,0.077,0.735,1.765,0.011,1,1,1296,4706,9,204004,1324,608,693,39959,75,0,75,1,16777216,3851,0.164,0,0.262
1,3854,32943.219,level1,0,1024,640,7.016,1,6.966,6.966,7.000,0,0.231,6.352,0.053,0.633,1.314,0.008,1,1,1296,4706,9,204004,1324,608,693,39969,75,0,75,1,16777216,3852,0.148,0,0.272
1,3855,32950.670,level1,0,1024,640,6.858,1,6.896,6.896,6.000,0,0.192,6.851,0.145,0.731,1.921,0.014,1,1,1291,4691,9,203244,1324,609,692,39979,75,0,75,1,16777216,3853,0.218,0,0.251
1,3856,32990.204,level1,0,1024,640,40.334,1,7.447,7.447,9.000,0,33.076,6.107,0.090,0.600,1.225,0.014,1,1,1283,4664,10,202056,1321,608,691,39990,76,0,76,1,16777216,3854,0.148,0,0.247
1,3857,32996.990,level1,0,1024,640,6.693,1,39.573,39.573,39.000,0,0.203,6.245,0.045,0.603,1.244,0.008,1,1,1283,4664,10,202056,1321,608,691,40001,76,0,76,1,16777216,3855,0.167,0,0.285
1,3858,33005.039,level1,0,1024,640,6.742,1,6.743,6.743,6.000,0,0.203,7.335,0.262,0.620,1.440,0.029,1,1,1288,4712,10,203080,1321,607,692,40012,76,0,76,1,16777216,3856,0.142,0,0.244
1,3859,33013.026,level1,0,1024,640,9.669,1,8.116,8.116,9.000,0,0.200,5.852,0.064,0.601,1.238,0.010,1,1,1288,4712,10,203080,1321,607,692,40023,76,0,76,1,16777216,3857,0.170,0,0.305
1,3860,33020.308,level1,0,1024,640,6.638,1,7.899,7.899,7.000,0,0.135,6.500,0.060,0.590,1.462,0.012,1,1,1288,4712,10,203080,1321,607,692,40034,76,0,76,1,16777216,3858,0.162,0,0.221
1,3861,33029.380,level1,0,1024,640,9.176,1,7.316,7.316,8.000,0,0.132,6.384,0.071,0.593,1.726,0.013,1,1,1288,4712,10,203080,1321,607,692,40045,76,0,76,1,16777216,3859,0.164,0,0.256
1,3862,33036.412,level1,0,1024,640,7.584,1,9.100,9.100,9.000,0,0.204,5.849,0.054,0.611,1.232,0.009,1,1,1288,4712,10,203080,1321,607,692,40056,76,0,76,1,16777216,3860,0.153,0,0.284
1,3863,33043.025,level1,0,1024,640,6.247,1,6.923,6.923,7.000,0,0.162,6.223,0.046,0.602,1.347,0.008,1,1,1293,4727,9,203788,1321,607,692,40066,76,0,76,1,16777216,3861,0.166,0,0.176
1,3864,33051.852,level1,0,1024,640,6.717,1,6.737,6.737,7.000,0,0.143,8.250,0.128,0.610,1.514,0.013,1,1,1293,4727,9,203788,1321,607,692,40076,76,0,76,1,16777216,3862,0.156,0,0.300
1,3865,33058.501,level1,0,1024,640,8.839,1,8.837,8.837,9.000,0,0.144,6.138,0.052,0.689,1.439,0.011,1,1,1293,4727,9,203788,1321,607,692,40086,76,0,76,1,16777216,3863,0.163,0,0.308
1,3866,33068.541,level1,0,1024,640,9.689,1,6.515,6.515,6.000,0,0.178,6.475,0.065,0.608,1.477,0.011,1,1,1298,4747,10,204640,1324,608,693,40096,78,0,78,1,16777216,3864,0.158,0,0.175
1,3867,33075.926,level1,0,1024,640,8.012,1,10.088,10.088,10.000,0,0.215,5.859,0.054,0.673,1.308,0.025,1,1,1298,4747,10,204640,1324,608,693,40107,78,0,78,1,16777216,3865,0.155,0,0.223
1,3868,33083.148,level1,0,1024,640,6.390,1,7.378,7.378,8.000,0,0.253,6.655,0.089,0.595,1.326,0.014,1,1,1298,4747,10,204640,1324,608,693,40118,78,0,78,1,16777216,3866,0.139,0,0.217
1,3869,33090.932,level1,0,1024,640,7.433,1,7.409,7.409,7.000,0,0.273,7.024,0.072,0.642,1.516,0.013,1,1,1298,4747,10,204640,1324,608,693,40129,78,0,78,1,16777216,3867,0.173,0,0.400
1,3870,33097.404,level1,0,1024,640,7.470,1,7.604,7.604,7.000,0,0.145,6.057,0.041,0.622,1.446,0.008,1,1,1298,4747,10,204640,1324,608,693,40140,78,0,78,1,16777216,3868,0.149,0,0.223
1,3871,33103.718,level1,0,1024,640,6.411,1,6.433,6.433,6.000,0,0.124,5.957,0.044,0.592,1.186,0.007,1,1,1298,4747,10,204640,1324,608,693,40151,78,0,78,1,16777216,3869,0.167,0,0.184
1,3872,33110.604,level1,0,1024,640,6.404,1,6.325,6.325,7.000,0,0.202,6.402,0.079,0.714,1.335,0.010,1,1,1295,4719,11,204084,1321,606,693,40163,79,0,79,1,16777216,3870,0.158,0,0.195
1,3873,33117.018,level1,0,1024,640,6.871,1,6.933,6.933,7.000,0,0.139,5.983,0.043,0.599,1.281,0.008,1,1,1295,4719,11,204084,1321,606,693,40175,79,0,79,1,16777216,3871,0.156,0,0.242
1,3874,33123.808,level1,0,1024,640,6.333,1,6.334,6.334,7.000,0,0.140,6.405,0.078,0.848,1.482,0.010,1,1,1295,4719,11,204084,1321,606,693,40187,79,0,79,1,16777216,3872,0.172,0,0.163
1,3875,33130.477,level1,0,1024,640,6.984,1,6.902,6.902,7.000,0,0.218,6.070,0.098,0.711,1.388,0.013,1,1,1295,4719,11,204084,1321,606,693,40199,79,0,79,1,16777216,3873,0.163,0,0.273
1,3876,33136.983,level1,0,1024,640,6.690,1,6.694,6.694,6.000,0,0.214,5.934,0.049,0.600,1.246,0.008,1,1,1295,4719,11,204084,1321,606,693,40211,79,0,79,1,16777216,3874,0.160,0,0.298
1,3877,33144.387,level1,0,1024,640,6.783,1,6.471,6.471,7.000,0,0.527,6.523,0.081,0.592,1.290,0.015,1,1,1295,4719,11,204084,1321,606,693,40223,79,0,79,1,16777216,3875,0.166,0,0.263
1,3878,33151.583,level1,0,1024,640,7.082,1,7.478,7.478,7.000,0,0.130,6.663,0.055,0.873,1.661,0.009,1,1,1295,4719,11,204084,1321,606,693,40235,79,0,79,1,16777216,3876,0.164,0,0.338
1,3879,33158.578,level1,0,1024,640,7.207,1,7.136,7.136,7.000,0,0.205,6.456,0.050,0.611,1.280,0.008,1,1,1295,4719,11,204084,1321,606,693,40247,79,0,79,1,16777216,3877,0.166,0,0.278
1,3880,33165.592,level1,0,1024,640,7.068,1,7.046,7.046,7.000,0,0.225,6.406,0.046,0.597,1.233,0.007,1,1,1295,4719,11,204084,1321,606,693,40259,79,0,79,1,16777216,3878,0.158,0,0.329
1,3881,33172.415,level1,0,1024,640,6.872,1,6.903,6.903,7.000,0,0.197,6.354,0.048,0.598,1.307,0.009,1,1,1295,4719,11,204084,1321,606,693,40271,79,0,79,1,16777216,3879,0.165,0,0.219
1,3882,33179.488,level1,0,1024,640,6.815,1,6.866,6.866,7.000,0,0.147,6.584,0.076,0.621,1.637,0.017,1,1,1295,4719,11,204084,1321,606,693,40283,79,0,79,1,16777216,3880,0.152,0,0.260
1,3883,33187.480,level1,0,1024,640,6.986,1,7.004,7.004,7.000,0,0.128,7.612,0.054,1.590,2.664,0.012,1,1,1290,4704,11,203324,1321,607,692,40295,79,0,79,1,16777216,3881,0.239,0,0.192
1,3884,33194.509,level1,0,1024,640,8.108,1,8.037,8.037,8.000,0,0.196,6.533,0.054,0.602,1.466,0.008,1,1,1290,4704,11,203324,1321,607,692,40307,79,0,79,1,16777216,3882,0.149,0,0.236
1,3885,33200.965,level1,0,1024,640,7.001,1,7.033,7.033,7.000,0,0.166,5.958,0.083,0.592,1.365,0.014,1,1,1290,4704,11,203324,1321,607,692,40319,79,0,79,1,16777216,3883,0.167,0,0.239
1,3886,33208.060,level1,0,1024,640,6.673,1,6.587,6.587,6.000,0,0.253,6.407,0.056,0.598,1.551,0.012,1,1,1290,4704,11,203324,1321,607,692,40331,79,0,79,1,16777216,3884,0.159,0,0.363
1,3887,33217.461,level1,0,1024,640,9.130,1,7.027,7.027,7.000,0,0.168,6.628,0.108,0.594,1.662,0.016,1,1,1290,4704,11,203324,1321,607,692,40343,79,0,79,1,16777216,3885,0.180,0,0.305
1,3888,33224.359,level1,0,1024,640,7.600,1,9.349,9.349,10.000,0,0.172,5.978,0.055,0.626,1.319,0.009,1,1,1290,4704,11,203324,1321,607,692,40355,79,0,79,1,16777216,3886,0.159,0,0.251
1,3889,33230.924,level1,0,1024,640,6.400,1,6.867,6.867,7.000,0,0.138,6.143,0.055,0.621,1.387,0.010,1,1,1290,4704,11,203324,1321,607,692,40367,79,0,79,1,16777216,3887,0.165,0,0.221
1,3890,33237.339,level1,0,1024,640,6.563,1,6.572,6.572,6.000,0,0.130,6.005,0.047,0.596,1.210,0.008,1,1,1290,4704,11,203324,1321,607,692,40379,79,0,79,1,16777216,3888,0.160,0,0.229
1,3891,33244.324,level1,0,1024,640,6.377,1,6.384,6.384,7.000,0,0.125,6.602,0.056,0.595,1.355,0.008,1,1,1285,4656,11,202300,1321,608,691,40391,79,0,79,1,16777216,3889,0.167,0,0.197
1,3892,33251.190,level1,0,1024,640,7.005,1,6.990,6.990,7.000,0,0.128,6.463,0.057,0.589,1.317,0.010,1,1,1276,4638,11,201004,1321,608,691,40403,79,0,79,1,16777216,3890,0.157,0,0.203
1,3893,33258.294,level1,0,1024,640,7.108,1,7.005,7.005,7.000,0,0.232,6.428,0.088,0.642,1.378,0.008,1,1,1276,4638,11,201004,1321,608,691,40415,79,0,79,1,16777216,3891,0.163,0,0.340
1,3894,33268.937,level1,0,1024,640,9.751,1,7.174,7.174,7.000,0,0.257,7.308,0.098,0.590,1.277,0.015,1,1,1276,4638,11,201004,1321,608,691,40427,79,0,79,1,16777216,3892,0.175,0,0.407
1,3895,33276.065,level1,0,1024,640,8.666,1,10.572,10.572,10.000,0,0.183,5.818,0.052,0.583,1.181,0.008,1,1,1276,4638,11,201004,1321,608,691,40439,79,0,79,1,16777216,3893,0.161,0,0.339
1,3896,33284.479,level1,0,1024,640,7.173,1,6.957,6.957,7.000,0,0.293,7.013,0.097,0.607,1.631,0.012,1,1,1276,4638,11,201004,1321,608,691,40451,79,0,79,1,16777216,3894,0.144,0,0.169
1,3897,33291.769,level1,0,1024,640,8.027,1,8.467,8.467,9.000,0,0.138,6.319,0.053,0.586,1.433,0.009,1,1,1276,4638,11,201004,1321,608,691,40463,79,0,79,1,16777216,3895,0.164,0,0.223
1,3898,33299.065,level1,0,1024,640,6.732,1,7.288,7.288,8.000,0,0.127,6.875,0.062,0.591,1.470,0.013,1,1,1276,4638,11,201004,1321,608,691,40475,79,0,79,1,16777216,3896,0.158,0,0.221
1,3899,33305.623,level1,0,1024,640,7.300,1,7.285,7.285,6.000,0,0.147,6.153,0.044,0.580,1.214,0.008,1,1,1276,4638,11,201004,1321,608,691,40487,79,0,79,1,16777216,3897,0.165,0,0.209
1,3900,33312.750,level1,0,1024,640,6.477,1,6.510,6.510,7.000,0,0.115,6.790,0.056,0.600,1.290,0.008,1,1,1281,4653,11,201764,1321,607,692,40499,79,0,79,1,16777216,3898,0.158,0,0.162
1,3901,33320.149,level1,0,1024,640,7.403,1,7.277,7.277,7.000,0,0.229,6.627,0.213,0.581,1.564,0.023,1,1,1281,4653,11,201764,1321,607,692,40511,79,0,79,1,16777216,3899,0.178,0,0.310
1,3902,33327.178,level1,0,1024,640,7.375,1,7.434,7.434,8.000,0,0.182,6.408,0.087,0.926,1.973,0.012,1,1,1281,4653,11,201764,1321,607,692,40523,79,0,79,1,16777216,3900,0.642,0,0.344
1,3903,33334.079,level1,0,1024,640,7.014,1,6.977,6.977,6.000,0,0.219,6.334,0.048,0.577,1.334,0.009,1,1,1281,4653,11,201764,1321,607,692,40535,79,0,79,1,16777216,3901,0.161,0,0.293
1,3904,33341.319,level1,0,1024,640,6.832,1,6.899,6.899,7.000,0,0.151,6.725,0.065,0.592,1.405,0.013,1,1,1281,4653,11,201764,1321,607,692,40547,79,0,79,1,16777216,3902,0.157,0,0.291
1,3905,33348.292,level1,0,1024,640,7.382,1,7.311,7.311,8.000,0,0.219,6.325,0.056,0.567,1.431,0.007,1,1,1281,4653,11,201764,1321,607,692,40559,79,0,79,1,16777216,3903,0.160,0,0.362
1,3906,33355.576,level1,0,1024,640,7.270,1,7.175,7.175,7.000,0,0.313,6.346,0.049,0.611,1.360,0.008,1,1,1281,4653,11,201764,1321,607,692,40571,79,0,79,1,16777216,3904,0.155,0,0.563
1,3907,33362.683,level1,0,1024,640,6.880,1,7.050,7.050,7.000,0,0.148,6.557,0.065,0.668,1.404,0.011,1,1,1281,4653,11,201764,1321,607,692,40583,79,0,79,1,16777216,3905,0.177,0,0.331
1,3908,33369.670,level1,0,1024,640,7.113,1,7.051,7.051,8.000,0,0.205,6.421,0.073,0.777,1.811,0.013,1,1,1281,4653,11,201764,1321,607,692,40595,79,0,79,1,16777216,3906,0.174,0,0.274
1,3909,33377.214,level1,0,1024,640,6.989,1,6.981,6.981,6.000,0,0.212,6.999,0.052,0.586,1.441,0.009,1,1,1281,4653,11,201764,1321,607,692,40607,79,0,79,1,16777216,3907,0.168,0,0.268
1,3910,33384.378,level1,0,1024,640,7.796,1,7.702,7.702,8.000,0,0.308,6.372,0.048,0.568,1.208,0.009,1,1,1281,4653,11,201764,1321,607,692,40619,79,0,79,1,16777216,3908,0.152,0,0.423
1,3911,33391.417,level1,0,1024,640,6.945,1,7.058,7.058,7.000,0,0.199,6.456,0.056,0.574,1.157,0.008,1,1,1281,4653,11,201764,1321,607,692,40631,79,0,79,1,16777216,3909,0.163,0,0.320
1,3912,33397.911,level1,0,1024,640,7.052,1,7.031,7.031,7.000,0,0.215,5.899,0.055,0.566,1.211,0.008,1,1,1281,4653,11,201764,1321,607,692,40643,79,0,79,1,16777216,3910,0.155,0,0.312
1,3913,33405.064,level1,0,1024,640,6.591,1,6.486,6.486,6.000,0,0.208,6.458,0.059,0.580,1.699,0.013,1,1,1276,4638,11,201004,1321,608,691,40655,79,0,79,1,16777216,3911,0.159,0,0.305
1,3914,33412.852,level1,0,1024,640,6.940,1,7.047,7.047,8.000,0,0.218,6.914,0.449,0.589,1.337,0.009,1,1,1276,4638,11,201004,1321,608,691,40667,79,0,79,1,16777216,3912,0.144,0,0.199
1,3915,33421.630,level1,0,1024,640,9.580,1,7.943,7.943,7.000,0,0.159,6.481,0.080,0.608,1.284,0.015,1,1,1276,4638,11,201004,1321,608,691,40679,79,0,79,1,16777216,3913,0.164,0,0.353
1,3916,33429.708,level1,0,1024,640,7.340,1,8.722,8.722,10.000,0,0.200,7.241,0.060,0.638,2.079,0.015,1,1,1276,4638,11,201004,1321,608,691,40691,79,0,79,1,16777216,3914,0.155,0,0.296
1,3917,33438.209,level1,0,1024,640,9.553,1,8.047,8.047,7.000,0,0.139,6.194,0.054,0.604,1.198,0.008,1,1,1276,4638,11,201004,1321,608,691,40703,79,0,79,1,16777216,3915,0.788,0,0.266
1,3918,33446.599,level1,0,1024,640,7.318,1,8.567,8.567,9.000,0,0.247,7.239,0.081,0.628,1.310,0.012,1,1,1276,4638,11,201004,1321,608,691,40715,79,0,79,1,16777216,3916,0.154,0,0.331
1,3919,33453.675,level1,0,1024,640,7.854,1,8.430,8.430,8.000,0,0.155,6.476,0.066,0.593,1.555,0.011,1,1,1276,4638,11,201004,1321,608,691,40727,79,0,79,1,16777216,3917,0.159,0,0.371
1,3920,33460.710,level1,0,1024,640,6.988,1,6.956,6.956,7.000,0,0.189,6.524,0.064,0.653,1.910,0.009,1,1,1276,4638,11,201004,1321,608,691,40739,79,0,79,1,16777216,3918,0.160,0,0.252
1,3921,33467.720,level1,0,1024,640,6.951,1,7.012,7.012,7.000,0,0.127,6.584,0.063,0.771,1.662,0.008,1,1,1276,4638,11,201004,1321,608,691,40751,79,0,79,1,16777216,3919,0.163,0,0.229
1,3922,33474.792,level1,0,1024,640,7.029,1,7.019,7.019,7.000,0,0.131,6.639,0.052,0.590,1.388,0.008,1,1,1276,4638,11,201004,1321,608,691,40763,79,0,79,1,16777216,3920,0.154,0,0.238
1,3923,33481.561,level1,0,1024,640,7.094,1,7.101,7.101,7.000,0,0.126,6.274,0.093,0.655,1.490,0.012,1,1,1276,4638,11,201004,1321,608,691,40775,79,0,79,1,16777216,3921,0.162,0,0.267
1,3924,33488.149,level1,0,1024,640,7.011,1,6.897,6.897,8.000,0,0.242,5.882,0.061,0.571,1.232,0.010,1,1,1281,4653,11,201764,1321,607,692,40787,79,0,79,1,16777216,3922,0.159,0,0.394
1,3925,33495.329,level1,0,1024,640,6.614,1,6.521,6.521,5.000,0,0.337,6.433,0.076,0.570,1.366,0.012,1,1,1281,4653,11,201764,1321,607,692,40799,79,0,79,1,16777216,3923,0.171,0,0.328
1,3926,33502.443,level1,0,1024,640,7.108,1,7.178,7.178,8.000,0,0.260,6.453,0.062,0.791,1.544,0.009,1,1,1281,4653,11,201764,1321,607,692,40811,79,0,79,1,16777216,3924,0.159,0,0.324
1,3927,33509.471,level1,0,1024,640,7.015,1,7.115,7.115,7.000,0,0.163,6.462,0.066,0.618,1.520,0.013,1,1,1281,4653,11,201764,1321,607,692,40823,79,0,79,1,16777216,3925,0.159,0,0.327
1,3928,33519.910,level1,0,1024,640,7.246,1,7.255,7.255,8.000,0,0.156,9.566,0.152,0.958,2.168,0.078,1,1,1286,4668,11,202524,1321,606,693,40835,79,0,79,1,16777216,3926,0.156,0,0.553
1,3929,33528.334,level1,0,1024,640,10.557,1,10.387,10.387,10.000,0,0.321,7.149,0.437,0.603,1.842,0.019,1,1,1286,4668,11,202524,1321,606,693,40847,79,0,79,1,16777216,3927,0.155,0,0.497
1,3930,33536.882,level1,0,1024,640,8.163,1,8.245,8.245,8.000,0,0.245,7.855,0.116,0.708,1.746,0.019,1,1,1286,4668,11,202524,1321,606,693,40859,79,0,79,1,16777216,3928,0.154,0,0.323
1,3931,33544.809,level1,0,1024,640,8.510,1,8.498,8.498,8.000,0,0.256,7.239,0.145,0.752,1.419,0.017,1,1,1286,4668,11,202524,1321,606,693,40871,79,0,79,1,16777216,3929,0.172,0,0.272
1,3932,33552.139,level1,0,1024,640,8.100,1,8.161,8.161,8.000,0,0.196,6.547,0.072,0.694,1.451,0.013,1,1,1291,4716,11,203548,1321,605,694,40883,79,0,79,1,16777216,3930,0.171,0,0.498
1,3933,33559.421,level1,0,1024,640,7.012,1,7.043,7.043,7.000,0,0.162,6.808,0.081,0.597,1.604,0.016,1,1,1291,4716,11,203548,1321,605,694,40895,79,0,79,1,16777216,3931,0.163,0,0.219
1,3934,33566.451,level1,0,1024,640,7.297,1,7.315,7.315,8.000,0,0.149,6.577,0.046,0.733,1.556,0.008,1,1,1291,4716,11,203548,1321,605,694,40907,79,0,79,1,16777216,3932,0.155,0,0.252
1,3935,33572.770,level1,0,1024,640,6.915,1,6.946,6.946,7.000,0,0.118,5.984,0.043,0.590,1.227,0.008,1,1,1291,4716,11,203548,1321,605,694,40919,79,0,79,1,16777216,3933,0.169,0,0.169
1,3936,33579.201,level1,0,1024,640,6.351,1,6.339,6.339,6.000,0,0.131,6.063,0.044,0.591,1.312,0.008,1,1,1291,4716,11,203548,1321,605,694,40931,79,0,79,1,16777216,3934,0.206,0,0.189
1,3937,33585.474,level1,0,1024,640,6.494,1,6.413,6.413,6.000,0,0.205,5.842,0.044,0.608,1.255,0.008,1,1,1291,4716,11,203548,1321,605,694,40943,79,0,79,1,16777216,3935,0.168,0,0.172
1,3938,33592.073,level1,0,1024,640,6.220,1,6.277,6.277,7.000,0,0.149,6.188,0.075,0.600,1.311,0.010,1,1,1291,4716,11,203548,1321,605,694,40955,79,0,79,1,16777216,3936,0.158,0,0.175
1,3939,33599.019,level1,0,1024,640,6.713,1,6.642,6.642,6.000,0,0.223,6.420,0.077,0.612,1.435,0.025,1,1,1296,4731,11,204308,1321,604,695,40967,79,0,79,1,16777216,3937,0.167,0,0.217
1,3940,33605.953,level1,0,1024,640,7.014,1,7.100,7.100,8.000,0,0.138,6.362,0.056,0.703,1.906,0.008,1,1,1296,4731,11,204308,1321,604,695,40979,79,0,79,1,16777216,3938,0.728,0,0.372
1,3941,33613.176,level1,0,1024,640,6.718,1,6.732,6.732,6.000,0,0.125,6.868,0.056,0.885,1.496,0.009,1,1,1296,4731,11,204308,1321,604,695,40991,79,0,79,1,16777216,3939,0.168,0,0.171
1,3942,33619.848,level1,0,1024,640,7.266,1,7.259,7.259,7.000,0,0.131,6.286,0.044,0.601,1.235,0.008,1,1,1300,4739,11,204884,1321,600,699,41003,79,0,79,1,16777216,3940,0.156,0,0.206
1,3943,33626.512,level1,0,1024,640,6.629,1,6.640,6.640,7.000,0,0.120,6.319,0.045,0.590,1.200,0.007,1,1,1295,4724,11,204124,1256,537,698,41015,79,0,79,1,16777216,3941,0.166,0,0.174
1,3944,33633.165,level1,0,1024,640,6.687,1,6.676,6.676,7.000,0,0.131,6.213,0.115,0.580,1.310,0.009,1,1,1295,4691,11,203860,1256,537,698,41027,79,0,79,1,16777216,3942,0.158,0,0.187
1,3945,33641.739,level1,0,1024,640,6.824,1,6.740,6.740,7.000,0,0.214,7.895,0.183,0.682,1.504,0.020,1,1,1295,4691,11,203860,1256,537,698,41039,79,0,79,1,16777216,3943,0.157,0,0.272
1,3946,33650.586,level1,0,1024,640,8.652,1,8.618,8.618,8.000,0,0.247,8.136,0.138,0.604,1.403,0.014,1,1,1295,4691,11,203860,1256,537,698,41051,79,0,79,1,16777216,3944,0.190,0,0.316
1,3947,33658.577,level1,0,1024,640,8.690,1,8.781,8.781,9.000,0,0.151,7.448,0.125,0.714,1.375,0.014,1,1,1295,4691,11,203860,1256,537,698,41063,79,0,79,1,16777216,3945,0.178,0,0.251
1,3948,33669.517,level1,0,1024,640,11.192,1,9.090,9.090,9.000,0,0.149,7.241,0.081,0.946,1.703,0.012,1,1,1295,4691,11,203860,1256,537,698,41075,79,0,79,1,16777216,3946,0.150,0,1.351
1,3949,33676.454,level1,0,1024,640,8.144,1,10.072,10.072,10.000,0,0.173,6.039,0.076,0.577,1.393,0.018,1,1,1295,4691,11,203860,1256,537,698,41087,79,0,79,1,16777216,3947,0.173,0,0.482
1,3950,33684.665,level1,0,1024,640,6.808,1,6.763,6.763,7.000,0,0.242,7.099,0.417,0.580,1.921,0.057,1,1,1295,4691,11,203860,1256,537,698,41099,79,0,79,1,16777216,3948,0.168,0,0.309
1,3951,33692.456,level1,0,1024,640,8.650,1,8.861,8.861,9.000,0,0.166,6.603,0.058,0.592,1.275,0.029,1,1,1278,4657,11,201412,1256,554,681,41111,79,0,79,1,16777216,3949,0.175,0,0.957
1,3952,33699.633,level1,0,1024,640,7.018,1,7.050,7.050,7.000,0,0.135,6.727,0.091,0.585,1.722,0.019,1,1,1278,4657,11,201412,1256,554,681,41123,79,0,79,1,16777216,3950,0.156,0,0.218
1,3953,33706.574,level1,0,1024,640,7.385,1,7.272,7.272,8.000,0,0.247,6.329,0.047,0.627,1.248,0.008,1,1,1278,4657,11,201412,1256,554,681,41135,79,0,79,1,16777216,3951,0.164,0,0.313
1,3954,33713.220,level1,0,1024,640,6.703,1,6.824,6.824,6.000,0,0.127,6.269,0.049,0.620,1.331,0.009,1,1,1278,4657,11,201412,1256,554,681,41147,79,0,79,1,16777216,3952,0.175,0,0.198
1,3955,33720.002,level1,0,1024,640,6.639,1,6.634,6.634,7.000,0,0.126,6.404,0.057,0.585,1.330,0.010,1,1,1283,4705,11,202436,1256,553,682,41159,79,0,79,1,16777216,3953,0.164,0,0.186
1,3956,33727.070,level1,0,1024,640,7.128,1,6.981,6.981,7.000,0,0.276,6.359,0.042,0.584,1.625,0.010,1,1,1288,4753,11,203460,1256,552,683,41171,79,0,79,1,16777216,3954,0.162,0,0.379
1,3957,33733.739,level1,0,1024,640,6.705,1,6.861,6.861,6.000,0,0.123,6.306,0.058,0.598,1.657,0.011,1,1,1288,4753,11,203460,1256,552,683,41183,79,0,79,1,16777216,3955,0.162,0,0.178
1,3958,33742.455,level1,0,1024,640,6.726,1,6.709,6.709,7.000,0,0.139,8.281,0.073,0.587,1.242,0.008,1,1,1288,4753,11,203460,1256,552,683,41195,79,0,79,1,16777216,3956,0.155,0,0.217
1,3959,33749.983,level1,0,1024,640,8.680,1,8.679,8.679,9.000,0,0.140,7.068,0.135,0.775,2.065,0.016,1,1,1293,4801,11,204484,1256,551,684,41207,79,0,79,1,16777216,3957,0.164,0,0.181
1,3960,33757.923,level1,0,1024,640,7.656,1,7.614,7.614,8.000,0,0.176,7.346,0.141,0.628,1.825,0.029,1,1,1293,4801,11,204484,1256,551,684,41219,79,0,79,1,16777216,3958,0.158,0,0.266
1,3961,33765.931,level1,0,1024,640,8.564,1,8.035,8.035,8.000,0,0.710,6.844,0.086,0.637,1.353,0.013,1,1,1288,4753,11,203460,1256,552,683,41231,79,0,79,1,16777216,3959,0.170,0,0.361
1,3962,33774.044,level1,0,1024,640,7.686,1,7.959,7.959,7.000,0,0.436,7.267,0.090,0.638,1.292,0.014,1,1,1288,4753,11,203460,1256,552,683,41243,79,0,79,1,16777216,3960,0.154,0,0.311
1,3963,33781.137,level1,0,1024,640,7.717,1,8.015,8.015,8.000,0,0.135,6.579,0.152,0.629,1.471,0.025,1,1,1288,4753,11,203460,1256,552,683,41255,79,0,79,1,16777216,3961,0.156,0,0.213
1,3964,33788.285,level1,0,1024,640,7.128,1,7.141,7.141,8.000,0,0.127,6.671,0.081,0.633,1.771,0.012,1,1,1288,4753,11,203460,1256,552,683,41267,79,0,79,1,16777216,3962,0.157,0,0.262
1,3965,33795.164,level1,0,1024,640,7.131,1,7.099,7.099,7.000,0,0.157,6.426,0.076,0.701,1.356,0.010,1,1,1288,4753,11,203460,1256,552,683,41279,79,0,79,1,16777216,3963,0.155,0,0.212
1,3966,33801.770,level1,0,1024,640,6.849,1,6.865,6.865,7.000,0,0.142,6.215,0.044,0.620,1.404,0.008,1,1,1288,4753,11,203460,1256,552,683,41291,79,0,79,1,16777216,3964,0.168,0,0.199
1,3967,33807.972,level1,0,1024,640,6.593,1,6.589,6.589,7.000,0,0.147,5.829,0.039,0.632,1.326,0.007,1,1,1291,4759,11,203892,1256,549,686,41303,79,0,79,1,16777216,3965,0.163,0,0.182
1,3968,33814.633,level1,0,1024,640,6.209,1,6.228,6.228,5.000,0,0.128,6.258,0.062,0.641,1.434,0.009,1,1,1291,4759,11,203892,1256,549,686,41315,79,0,79,1,16777216,3966,0.158,0,0.209
1,3969,33820.808,level1,0,1024,640,6.632,1,6.640,6.640,7.000,0,0.121,5.813,0.051,0.632,1.256,0.008,1,1,1291,4759,11,203892,1256,549,686,41327,79,0,79,1,16777216,3967,0.166,0,0.187
1,3970,33826.936,level1,0,1024,640,6.154,1,6.153,6.153,6.000,0,0.119,5.795,0.042,0.628,1.272,0.008,1,1,1291,4759,11,203892,1256,549,686,41339,79,0,79,1,16777216,3968,0.159,0,0.165
1,3971,33833.035,level1,0,1024,640,6.124,1,6.124,6.124,6.000,0,0.122,5.767,0.044,0.629,1.257,0.009,1,1,1291,4759,11,203892,1256,549,686,41351,79,0,79,1,16777216,3969,0.167,0,0.162
1,3972,33839.254,level1,0,1024,640,6.122,1,6.126,6.126,7.000,0,0.117,5.868,0.040,0.629,1.345,0.008,1,1,1291,4759,11,203892,1256,549,686,41363,79,0,79,1,16777216,3970,0.206,0,0.189
1,3973,33845.673,level1,0,1024,640,6.329,1,6.213,6.213,6.000,0,0.222,5.950,0.050,0.644,1.317,0.008,1,1,1291,4759,11,203892,1256,549,686,41375,79,0,79,1,16777216,3971,0.177,0,0.184
1,3974,33852.090,level1,0,1024,640,6.425,1,6.531,6.531,6.000,0,0.126,5.944,0.048,0.651,1.392,0.009,1,1,1296,4774,11,204652,1256,548,687,41387,79,0,79,1,16777216,3972,0.163,0,0.294
1,3975,33858.441,level1,0,1024,640,6.319,1,6.327,6.327,7.000,0,0.118,5.978,0.045,0.657,1.365,0.008,1,1,1293,4757,11,204132,1256,549,686,41399,79,0,79,1,16777216,3973,0.171,0,0.205
1,3976,33864.793,level1,0,1024,640,6.413,1,6.330,6.330,6.000,0,0.200,5.922,0.041,0.656,1.287,0.008,1,1,1293,4757,11,204132,1256,549,686,41411,79,0,79,1,16777216,3974,0.163,0,0.184
1,3977,33871.031,level1,0,1024,640,6.268,1,6.339,6.339,6.000,0,0.130,5.879,0.053,0.652,1.431,0.013,1,1,1298,4772,11,204892,1256,548,687,41423,79,0,79,1,16777216,3975,0.175,0,0.171
1,3978,33877.522,level1,0,1024,640,6.433,1,6.351,6.351,6.000,0,0.202,5.942,0.048,0.659,1.278,0.008,1,1,1298,4772,11,204892,1256,548,687,41435,79,0,79,1,16777216,3976,0.151,0,0.283
1,3979,33883.880,level1,0,1024,640,6.470,1,6.469,6.469,7.000,0,0.209,5.804,0.069,0.629,1.356,0.023,1,1,1281,4738,11,202444,1256,565,670,41447,79,0,79,1,16777216,3977,0.157,0,0.260
1,3980,33890.290,level1,0,1024,640,6.173,1,6.264,6.264,7.000,0,0.122,5.940,0.175,0.634,1.447,0.037,1,1,1281,4738,11,202444,1256,565,670,41459,79,0,79,1,16777216,3978,0.154,0,0.169
1,3981,33896.920,level1,0,1024,640,6.437,1,6.429,6.429,6.000,0,0.128,6.266,0.042,0.691,1.787,0.009,1,1,1286,4753,11,203204,1256,564,671,41471,79,0,79,1,16777216,3979,0.166,0,0.186
1,3982,33903.152,level1,0,1024,640,6.614,1,6.615,6.615,6.000,0,0.130,5.877,0.049,0.670,1.341,0.008,1,1,1291,4768,11,203964,1256,563,672,41483,79,0,79,1,16777216,3980,0.147,0,0.173
1,3983,33909.226,level1,0,1024,640,6.291,1,6.271,6.271,6.000,0,0.145,5.671,0.038,0.641,1.285,0.007,1,1,1291,4768,11,203964,1256,563,672,41495,79,0,79,1,16777216,3981,0.162,0,0.211
1,3984,33915.696,level1,0,1024,640,6.200,1,6.098,6.098,6.000,0,0.242,5.932,0.048,0.668,1.460,0.008,1,1,1296,4783,11,204724,1256,562,673,41507,79,0,79,1,16777216,3982,0.157,0,0.234
1,3985,33922.808,level1,0,1024,640,6.309,1,6.436,6.436,8.000,0,0.121,6.693,0.087,0.667,1.537,0.014,1,1,1322,4840,11,208508,1256,540,695,41519,79,0,79,1,16777216,3983,0.158,0,0.201
1,3986,33929.595,level1,0,1024,640,7.162,1,7.140,7.140,6.000,0,0.145,6.361,0.046,0.653,1.471,0.011,1,1,1325,4864,11,209084,1256,539,696,41531,79,0,79,1,16777216,3984,0.150,0,0.229
1,3987,33936.077,level1,0,1024,640,6.713,1,6.732,6.732,7.000,0,0.127,6.130,0.046,0.657,1.413,0.009,1,1,1325,4864,11,209084,1256,539,696,41543,79,0,79,1,16777216,3985,0.167,0,0.173
1,3988,33942.540,level1,0,1024,640,6.467,1,6.474,6.474,7.000,0,0.121,6.110,0.061,0.642,1.286,0.008,1,1,1325,4864,11,209084,1256,539,696,41555,79,0,79,1,16777216,3986,0.144,0,0.166
1,3989,33948.959,level1,0,1024,640,6.526,1,6.481,6.481,6.000,0,0.161,6.022,0.044,0.682,1.358,0.008,1,1,1325,4864,11,209084,1256,539,696,41567,79,0,79,1,16777216,3987,0.203,0,0.183
1,3990,33955.538,level1,0,1024,640,6.385,1,6.422,6.422,6.000,0,0.128,6.215,0.045,0.728,1.529,0.010,1,1,1325,4864,11,209084,1256,539,696,41579,79,0,79,1,16777216,3988,0.162,0,0.187
1,3991,33962.962,level1,0,1024,640,6.732,1,6.637,6.637,7.000,0,0.222,6.885,0.063,0.654,1.722,0.012,1,1,1325,4864,11,209084,1256,539,696,41591,79,0,79,1,16777216,3989,0.160,0,0.245
1,3992,33969.748,level1,0,1024,640,7.542,1,7.488,7.488,7.000,0,0.275,6.134,0.062,0.764,1.641,0.011,1,1,1325,4864,11,209084,1256,539,696,41603,79,0,79,1,16777216,3990,0.163,0,0.298
1,3993,33975.952,level1,0,1024,640,6.561,1,6.709,6.709,7.000,0,0.127,5.796,0.043,0.612,1.243,0.008,1,1,1318,4850,11,208076,1256,546,689,41615,79,0,79,1,16777216,3991,0.164,0,0.231
1,3994,33982.952,level1,0,1024,640,6.144,1,6.156,6.156,6.000,0,0.119,6.622,0.072,0.625,1.258,0.009,1,1,1318,4850,11,208076,1256,546,689,41627,79,0,79,1,16777216,3992,0.153,0,0.184
1,3995,33989.410,level1,0,1024,640,7.049,1,7.026,7.026,8.000,0,0.140,6.048,0.054,0.605,1.318,0.010,1,1,1333,4928,11,210620,1256,543,692,41639,79,0,79,1,16777216,3993,0.160,0,0.208
1,3996,33996.239,level1,0,1024,640,6.602,1,6.606,6.606,6.000,0,0.137,6.255,0.073,0.786,1.689,0.018,1,1,1333,4928,11,210620,1256,543,692,41651,79,0,79,1,16777216,3994,0.158,0,0.357
1,3997,34005.118,level1,0,1024,640,6.864,1,6.778,6.778,6.000,0,0.214,8.265,0.079,0.604,1.613,0.011,1,1,1338,4943,11,211380,1256,542,693,41663,79,0,79,1,16777216,3995,0.165,0,0.306
1,3998,34012.393,level1,0,1024,640,8.689,1,8.780,8.780,10.000,0,0.133,6.874,0.055,0.796,1.690,0.010,1,1,1341,4949,11,211812,1256,539,696,41675,79,0,79,1,16777216,3996,0.161,0,0.207
1,3999,34018.960,level1,0,1024,640,7.307,1,7.294,7.294,7.000,0,0.143,6.143,0.046,0.620,1.345,0.009,1,1,1341,4949,11,211812,1256,539,696,41687,79,0,79,1,16777216,3997,0.170,0,0.226
1,4000,34025.562,level1,0,1024,640,6.628,1,6.562,6.562,6.000,0,0.211,6.101,0.044,0.610,1.273,0.008,1,1,1336,4934,11,211052,1256,540,695,41699,79,0,79,1,16777216,3998,0.164,0,0.221
1,4001,34032.853,level1,0,1024,640,6.584,1,6.614,6.614,7.000,0,0.181,6.776,0.093,0.631,1.383,0.009,1,1,1336,4934,11,211052,1256,540,695,41711,79,0,79,1,16777216,3999,0.160,0,0.233
1,4002,34039.341,level1,0,1024,640,7.577,1,7.440,7.440,7.000,0,0.316,5.737,0.045,0.616,1.293,0.008,1,1,1336,4934,11,211052,1256,540,695,41723,79,0,79,1,16777216,4000,0.161,0,0.379
1,4003,34046.295,level1,0,1024,640,6.229,1,6.392,6.392,7.000,0,0.158,6.453,0.052,0.812,1.524,0.010,1,1,1336,4934,11,211052,1256,540,695,41735,79,0,79,1,16777216,4001,0.167,0,0.285
1,4004,34053.041,level1,0,1024,640,6.977,1,6.939,6.939,7.000,0,0.194,6.149,0.122,0.616,1.265,0.019,1,1,1336,4934,10,211000,1256,541,694,41746,79,0,79,1,16777216,4002,0.151,0,0.270
1,4005,34060.188,level1,0,1024,640,6.792,1,6.768,6.768,6.000,0,0.218,6.572,0.058,0.887,1.594,0.009,1,1,1336,4934,10,211000,1256,541,694,41757,79,0,79,1,16777216,4003,0.169,0,0.293
1,4006,34066.277,level1,0,1024,640,6.994,1,7.077,7.077,8.000,0,0.137,5.672,0.051,0.653,1.274,0.010,1,1,1336,4934,10,211000,1256,541,694,41768,79,0,79,1,16777216,4004,0.156,0,0.222
1,4007,34073.133,level1,0,1024,640,6.105,1,6.087,6.087,6.000,0,0.156,6.378,0.098,0.619,1.390,0.011,1,1,1336,4934,10,211000,1256,541,694,41779,79,0,79,1,16777216,4005,0.169,0,0.221
1,4008,34079.852,level1,0,1024,640,6.888,1,6.873,6.873,6.000,0,0.167,6.245,0.059,0.627,1.593,0.011,1,1,1336,4934,10,211000,1256,541,694,41790,79,0,79,1,16777216,4006,0.159,0,0.235
1,4009,34086.110,level1,0,1024,640,6.704,1,6.692,6.692,7.000,0,0.181,5.817,0.043,0.629,1.253,0.008,1,1,1319,4900,10,208552,1256,558,677,41801,79,0,79,1,16777216,4007,0.170,0,0.210
1,4010,34093.346,level1,0,1024,640,6.170,1,6.229,6.229,7.000,0,0.123,6.856,0.069,0.626,1.507,0.011,1,1,1324,4915,10,209312,1256,557,678,41812,79,0,79,1,16777216,4008,0.145,0,0.182
1,4011,34099.696,level1,0,1024,640,7.329,1,7.253,7.253,7.000,0,0.199,5.905,0.043,0.656,1.419,0.008,1,1,1324,4915,10,209312,1256,557,678,41823,79,0,79,1,16777216,4009,0.164,0,0.199
1,4012,34106.473,level1,0,1024,640,6.394,1,6.387,6.387,6.000,0,0.204,6.274,0.056,0.690,1.406,0.009,1,1,1324,4915,10,209312,1256,557,678,41834,79,0,79,1,16777216,4010,0.156,0,0.235
1,4013,34113.255,level1,0,1024,640,6.717,1,6.797,6.797,7.000,0,0.126,6.344,0.052,0.612,1.242,0.009,1,1,1329,4963,10,210336,1256,556,679,41845,79,0,79,1,16777216,4011,0.191,0,0.256
1,4014,34120.456,level1,0,1024,640,7.016,1,6.826,6.826,7.000,0,0.309,6.527,0.054,0.671,1.836,0.013,1,1,1334,4978,10,211096,1256,555,680,41856,79,0,79,1,16777216,4012,0.152,0,0.297
1,4015,34126.675,level1,0,1024,640,6.897,1,7.085,7.085,7.000,0,0.128,5.860,0.043,0.665,1.301,0.008,1,1,1339,4993,10,211856,1256,554,681,41867,79,0,79,1,16777216,4013,0.167,0,0.183
1,4016,34132.970,level1,0,1024,640,6.200,1,6.205,6.205,6.000,0,0.124,5.946,0.051,0.680,1.332,0.009,1,1,1339,4993,10,211856,1256,554,681,41878,79,0,79,1,16777216,4014,0.158,0,0.170
1,4017,34140.496,level1,0,1024,640,6.362,1,6.310,6.310,6.000,0,0.173,7.070,0.090,0.618,1.251,0.008,1,1,1342,5017,10,212432,1256,553,682,41889,79,0,79,1,16777216,4015,0.175,0,0.185
1,4018,34146.787,level1,0,1024,640,7.543,1,7.571,7.571,8.000,0,0.142,5.864,0.046,0.708,1.373,0.009,1,1,1337,5002,10,211672,1256,554,681,41900,79,0,79,1,16777216,4016,0.161,0,0.230
1,4019,34155.732,level1,0,1024,640,8.141,1,6.348,6.348,6.000,0,0.126,6.580,0.133,0.613,1.663,0.018,1,1,1337,5002,10,211672,1256,554,681,41911,79,0,79,1,16777216,4017,0.169,0,0.287
1,4020,34163.166,level1,0,1024,640,7.682,1,9.135,9.135,10.000,0,0.290,6.415,0.051,0.620,1.826,0.010,1,1,1362,5057,10,215312,1256,533,702,41922,79,0,79,1,16777216,4018,0.159,0,0.477
1,4021,34170.198,level1,0,1024,640,6.862,1,7.138,7.138,7.000,0,0.202,6.579,0.057,1.006,1.763,0.009,1,1,1365,5081,9,215836,1256,533,702,41932,79,0,79,1,16777216,4019,0.164,0,0.181
1,4022,34177.188,level1,0,1024,640,7.126,1,7.125,7.125,7.000,0,0.210,6.453,0.046,0.661,1.450,0.007,1,1,1365,5081,9,215836,1256,533,702,41942,79,0,79,1,16777216,4020,0.163,0,0.274
1,4023,34184.330,level1,0,1024,640,6.807,1,6.883,6.883,6.000,0,0.136,6.735,0.098,0.794,1.601,0.009,1,1,1375,5111,9,217356,1256,531,704,41952,79,0,79,1,16777216,4021,0.165,0,0.168
1,4024,34193.116,level1,0,1024,640,9.047,1,7.263,7.263,8.000,0,0.216,6.472,0.100,0.648,1.482,0.011,1,1,1379,5157,9,218236,1256,530,705,41962,79,0,79,1,16777216,4022,0.165,0,0.287
1,4025,34200.996,level1,0,1024,640,7.331,1,8.813,8.813,9.000,0,0.137,7.021,0.101,1.041,1.709,0.011,1,1,1372,5143,9,217228,1256,537,698,41972,79,0,79,1,16777216,4023,0.169,0,0.314
1,4026,34208.145,level1,0,1024,640,7.510,1,7.798,7.798,8.000,0,0.149,6.706,0.055,0.638,1.448,0.008,1,1,1372,5143,8,217176,1245,528,697,41981,79,0,79,1,16777216,4024,0.163,0,0.233
1,4027,34218.088,level1,0,1024,640,9.115,1,7.092,7.092,7.000,0,0.192,7.476,0.110,0.933,2.351,0.016,1,1,1374,5147,8,217464,1245,526,699,41990,79,0,79,1,16777216,4025,0.169,0,0.178
1,4028,34225.622,level1,0,1024,640,8.479,1,10.062,10.062,9.000,0,0.218,6.554,0.088,0.668,1.520,0.011,1,1,1374,5147,8,217464,1245,526,699,41999,79,0,79,1,16777216,4026,0.163,0,0.295
1,4029,34233.323,level1,0,1024,640,7.179,1,7.540,7.540,8.000,0,0.228,7.075,0.089,0.670,1.370,0.012,1,1,1379,5162,8,218224,1245,525,700,42008,79,0,79,1,16777216,4027,0.168,0,0.300
1,4030,34240.403,level1,0,1024,640,7.664,1,7.705,7.705,8.000,0,0.184,6.503,0.077,0.660,1.368,0.009,1,1,1379,5162,8,218224,1245,525,700,42017,79,0,79,1,16777216,4028,0.160,0,0.305
1,4031,34250.828,level1,0,1024,640,9.566,1,7.056,7.056,7.000,0,0.221,7.297,0.142,0.693,1.697,0.012,1,1,1374,5147,8,217464,1245,526,699,42026,79,0,79,1,16777216,4029,0.177,0,0.281
1,4032,34258.237,level1,0,1024,640,8.421,1,10.409,10.409,10.000,0,0.159,6.353,0.075,0.661,1.305,0.010,1,1,1374,5147,8,217464,1245,526,699,42035,79,0,79,1,16777216,4030,0.157,0,0.265
1,4033,34265.150,level1,0,1024,640,6.868,1,7.423,7.423,8.000,0,0.155,6.392,0.079,0.645,1.315,0.010,1,1,1374,5147,8,217464,1245,526,699,42044,79,0,79,1,16777216,4031,0.162,0,0.278
1,4034,34274.319,level1,0,1024,640,9.586,1,6.883,6.883,7.000,0,0.164,5.965,0.090,0.644,1.503,0.013,1,1,1374,5147,8,217464,1245,526,699,42053,79,0,79,1,16777216,4032,0.157,0,0.244
1,4035,34282.403,level1,0,1024,640,6.976,1,9.222,9.222,9.000,0,0.206,7.015,0.148,0.672,1.584,0.015,1,1,1374,5147,8,217464,1245,526,699,42062,79,0,79,1,16777216,4033,0.170,0,0.302
1,4036,34289.852,level1,0,1024,640,7.644,1,8.080,8.080,8.000,0,0.174,6.902,0.066,0.753,1.672,0.009,1,1,1357,5113,8,215016,1180,479,682,42071,79,0,79,1,16777216,4034,0.161,0,0.296
1,4037,34297.983,level1,0,1024,640,7.479,1,7.427,7.427,7.000,0,0.222,7.561,0.059,0.904,1.594,0.010,1,1,1357,5113,8,215016,1180,479,682,42080,79,0,79,1,16777216,4035,0.174,0,0.275
1,4038,34307.069,level1,0,1024,640,10.145,1,8.117,8.117,9.000,0,0.253,6.503,0.058,0.695,1.564,0.009,1,1,1357,5113,8,215016,1180,479,682,42089,79,0,79,1,16777216,4036,0.739,0,0.261
1,4039,34315.334,level1,0,1024,640,7.583,1,9.166,9.166,8.000,0,0.542,7.169,0.074,0.696,1.700,0.011,1,1,1362,5128,8,215776,1180,478,683,42098,79,0,79,1,16777216,4037,0.169,0,0.335
1,4040,34321.573,level1,0,1024,640,7.623,1,8.135,8.135,8.000,0,0.161,5.770,0.090,0.627,1.265,0.007,1,1,1362,5128,8,215776,1180,478,683,42107,79,0,79,1,16777216,4038,0.168,0,0.212
1,4041,34327.960,level1,0,1024,640,6.256,1,6.295,6.295,7.000,0,0.123,5.926,0.065,0.616,1.288,0.009,1,1,1362,5128,8,215776,1180,478,683,42116,79,0,79,1,16777216,4039,0.172,0,0.266
1,4042,34336.342,level1,0,1024,640,8.212,1,6.585,6.585,7.000,0,0.130,6.034,0.128,0.621,1.402,0.015,1,1,1362,5128,8,215776,1180,478,683,42125,79,0,79,1,16777216,4040,0.160,0,0.461
1,4043,34344.202,level1,0,1024,640,7.243,1,8.301,8.301,8.000,0,0.380,6.708,0.069,0.629,1.548,0.009,1,1,1365,5152,8,216352,1180,477,684,42134,79,0,79,1,16777216,4041,0.168,0,0.382
1,4044,34352.094,level1,0,1024,640,8.091,1,8.621,8.621,9.000,0,0.162,6.482,0.099,0.808,1.687,0.010,1,1,1369,5198,8,217232,1180,476,685,42143,79,0,79,1,16777216,4042,0.167,0,1.143
1,4045,34363.212,level1,0,1024,640,10.116,1,7.013,7.013,6.000,0,0.304,7.463,0.119,0.749,1.632,0.012,1,1,1372,5222,8,217808,1180,475,686,42152,79,0,79,1,16777216,4043,0.158,0,0.264
1,4046,34371.440,level1,0,1024,640,9.008,1,11.105,11.105,11.000,0,0.173,6.702,0.100,0.664,1.562,0.012,1,1,1390,5248,8,220320,1180,458,703,42161,79,0,79,1,16777216,4044,0.163,0,0.251
1,4047,34378.829,level1,0,1024,640,7.683,1,8.254,8.254,9.000,0,0.196,6.438,0.071,0.649,1.455,0.010,1,1,1395,5263,8,221080,1180,457,704,42170,79,0,79,1,16777216,4045,0.171,0,0.277
1,4048,34385.644,level1,0,1024,640,6.903,1,7.381,7.381,7.000,0,0.119,6.373,0.047,0.685,1.474,0.008,1,1,1395,5263,8,221080,1180,457,704,42179,79,0,79,1,16777216,4046,0.163,0,0.270
1,4049,34392.923,level1,0,1024,640,6.971,1,6.861,6.861,7.000,0,0.227,6.592,0.133,0.651,1.401,0.022,1,1,1400,5278,8,221840,1180,456,705,42188,79,0,79,1,16777216,4047,0.182,0,0.317
1,4050,34400.036,level1,0,1024,640,7.265,1,7.353,7.353,7.000,0,0.137,6.496,0.080,0.805,1.808,0.012,1,1,1405,5326,8,222864,1180,455,706,42197,79,0,79,1,16777216,4048,0.155,0,0.391
1,4051,34407.051,level1,0,1024,640,7.156,1,7.004,7.004,8.000,0,0.291,6.381,0.055,0.806,1.651,0.008,1,1,1398,5312,8,221856,1180,462,699,42206,79,0,79,1,16777216,4049,0.173,0,0.277
1,4052,34413.846,level1,0,1024,640,6.920,1,7.004,7.004,7.000,0,0.207,6.260,0.051,0.631,1.317,0.008,1,1,1399,5314,8,222000,1180,461,700,42215,79,0,79,1,16777216,4050,0.169,0,0.271
1,4053,34420.696,level1,0,1024,640,6.698,1,6.722,6.722,6.000,0,0.184,6.410,0.052,0.638,1.381,0.009,1,1,1399,5314,8,222000,1180,461,700,42224,79,0,79,1,16777216,4051,0.172,0,0.197
1,4054,34427.110,level1,0,1024,640,6.878,1,6.866,6.866,7.000,0,0.188,5.951,0.048,0.639,1.359,0.010,1,1,1404,5329,8,222760,1180,460,701,42233,79,0,79,1,16777216,4052,0.155,0,0.214
1,4055,34434.386,level1,0,1024,640,6.634,1,6.586,6.586,7.000,0,0.243,6.558,0.080,0.675,1.356,0.010,1,1,1404,5329,8,222760,1180,460,701,42242,79,0,79,1,16777216,4053,0.171,0,0.384
1,4056,34441.489,level1,0,1024,640,7.175,1,7.188,7.188,7.000,0,0.228,6.448,0.113,0.644,1.405,0.015,1,1,1404,5329,8,222760,1180,460,701,42251,79,0,79,1,16777216,4054,0.175,0,0.296
1,4057,34449.158,level1,0,1024,640,7.789,1,7.241,7.241,7.000,0,0.779,6.340,0.107,1.203,1.890,0.012,1,1,1404,5329,8,222760,1180,460,701,42260,79,0,79,1,16777216,4055,0.161,0,0.426
1,4058,34455.659,level1,0,1024,640,7.074,1,7.716,7.716,7.000,0,0.137,5.817,0.058,0.644,1.309,0.008,1,1,1404,5329,8,222760,1180,460,701,42269,79,0,79,1,16777216,4056,0.158,0,0.479
1,4059,34461.863,level1,0,1024,640,6.253,1,6.206,6.206,7.000,0,0.186,5.780,0.047,0.647,1.317,0.007,1,1,1404,5329,8,222760,1180,460,701,42278,79,0,79,1,16777216,4057,0.165,0,0.188
1,4060,34468.962,level1,0,1024,640,6.206,1,6.204,6.204,6.000,0,0.187,6.647,0.071,0.644,1.367,0.011,1,1,1404,5329,8,222760,1180,460,701,42287,79,0,79,1,16777216,4058,0.157,0,0.186
1,4061,34475.312,level1,0,1024,640,7.163,1,7.200,7.200,7.000,0,0.148,5.860,0.047,0.645,1.362,0.007,1,1,1396,5295,8,221464,1180,461,700,42296,79,0,79,1,16777216,4059,0.177,0,0.287
1,4062,34482.204,level1,0,1024,640,6.435,1,6.398,6.398,7.000,0,0.187,6.311,0.052,0.636,1.354,0.007,1,1,1396,5295,8,221464,1180,461,700,42305,79,0,79,1,16777216,4060,0.151,0,0.335
1,4063,34489.487,level1,0,1024,640,6.838,1,6.742,6.742,7.000,0,0.277,6.536,0.269,0.676,1.612,0.014,1,1,1379,5261,8,219016,1180,478,683,42314,79,0,79,1,16777216,4061,0.179,0,0.186
1,4064,34496.778,level1,0,1024,640,7.431,1,7.545,7.545,7.000,0,0.169,6.616,0.052,0.871,1.902,0.010,1,1,1379,5261,8,219016,1180,478,683,42323,79,0,79,1,16777216,4062,0.170,0,0.447
1,4065,34503.344,level1,0,1024,640,7.066,1,7.114,7.114,7.000,0,0.122,6.084,0.082,0.662,1.337,0.008,1,1,1379,5261,8,219016,1180,478,683,42332,79,0,79,1,16777216,4063,0.168,0,0.270
1,4066,34511.762,level1,0,1024,640,8.405,1,6.496,6.496,7.000,0,0.124,6.117,0.064,0.641,1.561,0.014,1,1,1379,5261,8,219016,1180,478,683,42341,79,0,79,1,16777216,4064,0.161,0,0.201
1,4067,34519.034,level1,0,1024,640,7.303,1,8.855,8.855,9.000,0,0.322,6.103,0.047,0.706,1.676,0.009,1,1,1384,5276,8,219776,1180,477,684,42350,79,0,79,1,16777216,4065,0.165,0,0.636
1,4068,34526.376,level1,0,1024,640,6.677,1,6.942,6.942,6.000,0,0.212,6.758,0.057,0.737,2.289,0.045,1,1,1384,5276,8,219776,1180,477,684,42359,79,0,79,1,16777216,4066,0.179,0,0.306
1,4069,34533.487,level1,0,1024,640,7.540,1,7.562,7.562,8.000,0,0.193,6.332,0.053,0.896,1.587,0.008,1,1,1387,5293,8,220296,1180,476,685,42368,79,0,79,1,16777216,4067,0.176,0,0.526
1,4070,34540.373,level1,0,1024,640,6.861,1,6.854,6.854,7.000,0,0.199,6.366,0.046,0.643,1.411,0.007,1,1,1387,5293,8,220296,1180,476,685,42377,79,0,79,1,16777216,4068,0.165,0,0.269
1,4071,34547.082,level1,0,1024,640,6.749,1,6.795,6.795,7.000,0,0.153,6.323,0.049,0.635,1.290,0.007,1,1,1387,5293,8,220296,1180,476,685,42386,79,0,79,1,16777216,4069,0.171,0,0.178
1,4072,34553.665,level1,0,1024,640,6.850,1,6.771,6.771,6.000,0,0.220,6.052,0.053,0.647,1.366,0.008,1,1,1388,5305,8,220520,1180,474,687,42395,79,0,79,1,16777216,4070,0.165,0,0.239
1,4073,34560.194,level1,0,1024,640,6.450,1,6.542,6.542,7.000,0,0.142,6.134,0.049,0.665,1.346,0.007,1,1,1393,5353,8,221544,1180,473,688,42404,79,0,79,1,16777216,4071,0.170,0,0.199
1,4074,34566.750,level1,0,1024,640,6.641,1,6.594,6.594,7.000,0,0.188,6.054,0.044,0.646,1.471,0.007,1,1,1411,5389,8,224136,1180,455,706,42413,79,0,79,1,16777216,4072,0.165,0,0.264
1,4075,34574.314,level1,0,1024,640,6.464,1,6.522,6.522,6.000,0,0.131,6.981,0.215,0.705,1.750,0.031,1,1,1411,5389,8,224136,1180,455,706,42422,79,0,79,1,16777216,4073,0.238,0,0.229
1,4076,34582.364,level1,0,1024,640,7.742,1,7.675,7.675,8.000,0,0.197,7.456,0.050,0.652,1.351,0.008,1,1,1411,5389,8,224136,1180,455,706,42431,79,0,79,1,16777216,4074,0.169,0,0.340
1,4077,34588.547,level1,0,1024,640,7.850,1,7.912,7.912,8.000,0,0.136,5.795,0.044,0.685,1.442,0.009,1,1,1406,5374,8,223376,1180,456,705,42440,79,0,79,1,16777216,4075,0.172,0,0.202
1,4078,34595.165,level1,0,1024,640,6.297,1,6.244,6.244,6.000,0,0.188,6.111,0.051,0.650,1.518,0.008,1,1,1406,5374,8,223376,1180,456,705,42449,79,0,79,1,16777216,4076,0.168,0,0.263
1,4079,34601.483,level1,0,1024,640,6.552,1,6.589,6.589,6.000,0,0.151,5.882,0.044,0.651,1.375,0.007,1,1,1406,5374,8,223376,1180,456,705,42458,79,0,79,1,16777216,4077,0.173,0,0.230
1,4080,34607.874,level1,0,1024,640,6.241,1,6.249,6.249,7.000,0,0.144,6.030,0.047,0.627,1.446,0.008,1,1,1399,5360,8,222368,1180,463,698,42467,79,0,79,1,16777216,4078,0.167,0,0.166
1,4081,34614.382,level1,0,1024,640,6.497,1,6.417,6.417,7.000,0,0.223,6.030,0.057,0.630,1.367,0.008,1,1,1399,5360,8,222368,1180,463,698,42476,79,0,79,1,16777216,4079,0.171,0,0.191
1,4082,34620.953,level1,0,1024,640,6.448,1,6.546,6.546,6.000,0,0.126,6.123,0.088,0.718,1.554,0.008,1,1,1404,5408,8,223392,1180,462,699,42485,79,0,79,1,16777216,4080,0.165,0,0.229
1,4083,34627.712,level1,0,1024,640,6.595,1,6.599,6.599,6.000,0,0.119,6.252,0.123,0.703,1.552,0.038,1,1,1399,5393,8,222632,1180,463,698,42494,79,0,79,1,16777216,4081,0.159,0,0.257
1,4084,34635.108,level1,0,1024,640,6.982,1,6.881,6.881,8.000,0,0.221,6.661,0.126,0.634,1.643,0.018,1,1,1402,5410,8,223152,1180,462,699,42503,79,0,79,1,16777216,4082,0.183,0,0.378
1,4085,34643.836,level1,0,1024,640,8.099,1,7.679,7.679,7.000,0,0.640,7.322,0.094,0.677,1.390,0.011,1,1,1402,5410,8,223152,1180,462,699,42512,79,0,79,1,16777216,4083,0.180,0,0.661
1,4086,34652.034,level1,0,1024,640,8.173,1,8.343,8.343,7.000,0,0.470,7.380,0.063,0.638,1.644,0.008,1,1,1402,5410,8,223152,1180,462,699,42521,79,0,79,1,16777216,4084,0.181,0,0.274
1,4087,34658.486,level1,0,1024,640,7.806,1,8.133,8.133,9.000,0,0.140,6.051,0.039,0.672,1.545,0.007,1,1,1402,5410,8,223152,1180,462,699,42530,79,0,79,1,16777216,4085,0.174,0,0.212
1,4088,34665.738,level1,0,1024,640,6.656,1,6.577,6.577,7.000,0,0.221,6.624,0.062,0.632,1.722,0.009,1,1,1402,5410,8,223152,1180,462,699,42539,79,0,79,1,16777216,4086,0.168,0,0.335
1,4089,34673.370,level1,0,1024,640,8.062,1,8.166,8.166,8.000,0,0.120,6.201,0.054,0.641,1.329,0.008,1,1,1402,5410,8,223152,1180,462,699,42548,79,0,79,1,16777216,4087,0.178,0,1.251
1,4090,34680.852,level1,0,1024,640,6.874,1,6.844,6.844,7.000,0,0.147,6.704,0.159,0.671,1.618,0.011,1,1,1402,5410,8,223152,1180,462,699,42557,79,0,79,1,16777216,4088,0.167,0,0.459
1,4091,34687.570,level1,0,1024,640,7.217,1,7.231,7.231,8.000,0,0.137,6.321,0.043,0.664,1.698,0.007,1,1,1402,5410,8,223152,1180,462,699,42566,79,0,79,1,16777216,4089,0.175,0,0.211
1,4092,34694.638,level1,0,1024,640,6.892,1,6.832,6.832,7.000,0,0.194,6.491,0.049,0.680,1.476,0.008,1,1,1402,5410,8,223152,1180,462,699,42575,79,0,79,1,16777216,4090,0.169,0,0.325
1,4093,34701.904,level1,0,1024,640,7.047,1,7.019,7.019,7.000,0,0.224,6.673,0.086,0.639,1.464,0.037,1,1,1402,5410,8,223152,1180,462,699,42584,79,0,79,1,16777216,4091,0.240,0,0.276
1,4094,34708.271,level1,0,1024,640,7.134,1,7.229,7.229,6.000,0,0.129,5.947,0.044,0.629,1.489,0.007,1,1,1402,5410,8,223152,1180,462,699,42593,79,0,79,1,16777216,4092,0.165,0,0.239
1,4095,34714.370,level1,0,1024,640,6.286,1,6.304,6.304,7.000,0,0.112,5.755,0.051,0.630,1.363,0.008,1,1,1402,5410,8,223152,1180,462,699,42602,79,0,79,1,16777216,4093,0.180,0,0.178
1,4096,34720.345,level1,0,1024,640,6.133,1,6.094,6.094,6.000,0,0.145,5.607,0.040,0.630,1.369,0.008,1,1,1402,5410,8,223152,1180,462,699,42611,79,0,79,1,16777216,4094,0.173,0,0.173
1,4097,34726.364,level1,0,1024,640,5.956,1,5.992,5.992,6.000,0,0.112,5.660,0.051,0.622,1.408,0.007,1,1,1402,5410,8,223152,1180,462,699,42620,79,0,79,1,16777216,4095,0.180,0,0.190
1,4098,34732.748,level1,0,1024,640,5.986,1,5.990,5.990,6.000,0,0.109,6.040,0.067,0.645,1.473,0.010,1,1,1402,5410,8,223152,1180,462,699,42629,79,0,79,1,16777216,4096,0.167,0,0.163
1,4099,34739.223,level1,0,1024,640,6.516,1,6.420,6.420,6.000,0,0.203,6.025,0.043,0.686,1.524,0.008,1,1,1385,5376,8,220704,1180,479,682,42638,79,0,79,1,16777216,4097,0.175,0,0.198
1,4100,34745.605,level1,0,1024,640,6.381,1,6.451,6.451,6.000,0,0.134,6.009,0.055,0.749,1.542,0.008,1,1,1385,5376,8,220704,1180,479,682,42647,79,0,79,1,16777216,4098,0.163,0,0.174
1,4101,34754.752,level1,0,1024,640,8.376,1,6.407,6.407,7.000,0,0.135,6.769,0.071,0.652,1.446,0.010,1,1,1385,5376,8,220704,1180,479,682,42656,79,0,79,1,16777216,4099,0.170,0,0.199
1,4102,34762.033,level1,0,1024,640,8.040,1,9.198,9.198,9.000,0,0.142,6.008,0.072,0.639,1.334,0.010,1,1,1385,5376,8,220704,1180,479,682,42665,79,0,79,1,16777216,4100,0.163,0,0.250
1,4103,34768.594,level1,0,1024,640,6.579,1,7.271,7.271,8.000,0,0.246,6.001,0.062,0.640,1.536,0.018,1,1,1385,5376,8,220704,1180,479,682,42674,79,0,79,1,16777216,4101,0.176,0,0.234
1,4104,34774.976,level1,0,1024,640,6.468,1,6.559,6.559,6.000,0,0.160,5.907,0.070,0.636,1.588,0.011,1,1,1385,5376,8,220704,1180,479,682,42683,79,0,79,1,16777216,4102,0.169,0,0.240
1,4105,34782.023,level1,0,1024,640,6.339,1,6.333,6.333,6.000,0,0.166,6.625,0.060,0.664,1.835,0.011,1,1,1385,5376,8,220704,1180,479,682,42692,79,0,79,1,16777216,4103,0.181,0,0.190
1,4106,34790.389,level1,0,1024,640,7.030,1,7.064,7.064,8.000,0,0.132,7.705,0.314,1.036,2.319,0.017,1,1,1385,5376,8,220704,1180,479,682,42701,79,0,79,1,16777216,4104,0.170,0,0.206
1,4107,34797.918,level1,0,1024,640,9.236,1,8.569,8.569,8.000,0,0.163,6.262,0.052,0.701,1.538,0.009,1,1,1385,5376,8,220704,1180,479,682,42710,79,0,79,1,16777216,4105,0.174,0,0.410
1,4108,34806.181,level1,0,1024,640,8.205,1,7.329,7.329,8.000,0,0.175,6.281,0.090,0.691,1.679,0.012,1,1,1385,5376,8,220704,1180,479,682,42719,79,0,79,1,16777216,4106,0.153,0,0.211
1,4109,34813.849,level1,0,1024,640,7.765,1,8.324,8.324,8.000,0,0.223,6.207,0.067,0.654,1.352,0.009,1,1,1385,5376,8,220704,1180,479,682,42728,79,0,79,1,16777216,4107,0.169,0,0.270
1,4110,34821.364,level1,0,1024,640,7.744,1,7.604,7.604,7.000,0,0.126,5.989,0.056,0.648,1.447,0.009,1,1,1385,5376,8,220704,1180,479,682,42737,79,0,79,1,16777216,4108,0.164,0,0.206
1,4111,34829.498,level1,0,1024,640,7.522,1,7.694,7.694,8.000,0,0.187,6.559,0.099,0.645,1.539,0.020,1,1,1385,5376,8,220704,1180,479,682,42746,79,0,79,1,16777216,4109,0.170,0,0.386
1,4112,34837.176,level1,0,1024,640,7.964,1,8.039,8.039,8.000,0,0.203,6.276,0.095,0.656,1.508,0.014,1,1,1385,5376,8,220704,1180,479,682,42755,79,0,79,1,16777216,4110,0.176,0,0.289
1,4113,34845.459,level1,0,1024,640,7.743,1,7.813,7.813,8.000,0,0.154,6.816,0.095,0.648,1.901,0.031,1,1,1390,5391,8,221464,1180,478,683,42764,79,0,79,1,16777216,4111,0.177,0,0.426
1,4114,34852.496,level1,0,1024,640,8.401,1,8.229,8.229,8.000,0,0.411,5.488,0.060,0.636,1.298,0.010,1,1,1390,5391,8,221464,1180,478,683,42773,79,0,79,1,16777216,4112,0.171,0,0.371
1,4115,34859.931,level1,0,1024,640,7.052,1,6.902,6.902,7.000,0,0.129,5.848,0.081,0.650,1.421,0.015,1,1,1390,5391,8,221464,1180,478,683,42782,79,0,79,1,16777216,4113,0.202,0,0.238
1,4116,34867.320,level1,0,1024,640,7.270,1,7.405,7.405,7.000,0,0.126,5.962,0.060,0.667,1.354,0.009,1,1,1390,5391,8,221464,1180,478,683,42791,79,0,79,1,16777216,4114,0.166,0,0.208
1,4117,34875.751,level1,0,1024,640,7.560,1,7.410,7.410,7.000,0,0.130,6.818,0.102,0.681,1.999,0.030,1,1,1390,5391,8,221464,1180,478,683,42800,79,0,79,1,16777216,4115,0.170,0,0.229
1,4118,34883.964,level1,0,1024,640,8.905,1,8.694,8.694,9.000,0,0.304,6.004,0.222,0.649,1.392,0.033,1,1,1393,5415,8,222040,1180,477,684,42809,79,0,79,1,16777216,4116,0.166,0,0.490
1,4119,34892.989,level1,0,1024,640,8.467,1,8.117,8.117,9.000,0,0.207,6.682,0.104,0.658,1.593,0.014,1,1,1393,5415,8,222040,1180,477,684,42818,79,0,79,1,16777216,4117,0.172,0,0.395
1,4120,34900.694,level1,0,1024,640,8.210,1,8.832,8.832,8.000,0,0.155,6.210,0.071,0.650,1.550,0.014,1,1,1393,5415,8,222040,1180,477,684,42827,79,0,79,1,16777216,4118,0.156,0,0.203
1,4121,34907.123,level1,0,1024,640,6.691,1,7.761,7.761,9.000,0,0.144,5.975,0.045,0.693,1.566,0.008,1,1,1393,5415,8,222040,1180,477,684,42836,79,0,79,1,16777216,4119,0.175,0,0.258
1,4122,34914.607,level1,0,1024,640,6.485,1,6.434,6.434,5.000,0,0.195,6.901,0.117,0.671,1.779,0.011,1,1,1393,5415,8,222040,1180,477,684,42845,79,0,79,1,16777216,4120,0.168,0,0.263
1,4123,34923.044,level1,0,1024,640,9.274,1,7.725,7.725,9.000,0,0.150,6.113,0.068,0.644,1.656,0.010,1,1,1393,5415,8,222040,1180,477,684,42854,79,0,79,1,16777216,4121,0.181,0,0.500
1,4124,34930.665,level1,0,1024,640,7.543,1,8.152,8.152,8.000,0,0.124,6.168,0.090,0.699,1.714,0.017,1,1,1393,5415,8,222040,1180,477,684,42863,79,0,79,1,16777216,4122,0.186,0,0.213
1,4125,34941.365,level1,0,1024,640,10.089,1,7.673,7.673,7.000,0,0.191,6.773,0.096,0.780,1.515,0.013,1,1,1393,5415,8,222040,1180,477,684,42872,79,0,79,1,16777216,4123,0.173,0,0.271
1,4126,34950.539,level1,0,1024,640,8.633,1,10.665,10.665,11.000,0,0.161,7.289,0.120,0.776,1.722,0.013,1,1,1393,5415,8,222040,1180,477,684,42881,79,0,79,1,16777216,4124,0.165,0,0.236
1,4127,34958.729,level1,0,1024,640,8.912,1,9.232,9.232,9.000,0,0.206,6.621,0.070,0.668,1.420,0.018,1,1,1393,5415,8,222040,1180,477,684,42890,79,0,79,1,16777216,4125,0.177,0,0.293
1,4128,34966.715,level1,0,1024,640,8.515,1,8.155,8.155,8.000,0,0.235,6.073,0.088,0.654,1.334,0.010,1,1,1393,5415,8,222040,1180,477,684,42899,79,0,79,1,16777216,4126,0.171,0,0.257
1,4129,34975.241,level1,0,1024,640,7.917,1,8.060,8.060,8.000,0,0.324,6.688,0.082,0.642,1.858,0.013,1,1,1393,5415,8,222040,1180,477,684,42908,79,0,79,1,16777216,4127,0.163,0,0.332
1,4130,34983.694,level1,0,1024,640,8.369,1,8.523,8.523,9.000,0,0.205,6.751,0.103,0.742,1.603,0.012,1,1,1393,5415,8,222040,1180,477,684,42917,79,0,79,1,16777216,4128,0.173,0,0.328
1,4131,34991.383,level1,0,1024,640,8.228,1,8.339,8.339,8.000,0,0.135,6.239,0.076,0.647,1.500,0.014,1,1,1393,5415,8,222040,1180,477,684,42926,79,0,79,1,16777216,4129,0.175,0,0.216
1,4132,34998.137,level1,0,1024,640,7.586,1,7.792,7.792,8.000,0,0.346,5.415,0.069,0.635,1.295,0.007,1,1,1393,5415,8,222040,1180,477,684,42935,79,0,79,1,16777216,4130,0.164,0,0.317
1,4133,35006.601,level1,0,1024,640,7.256,1,6.615,6.615,6.000,0,0.124,6.619,0.072,0.932,1.833,0.009,1,1,1393,5415,8,222040,1180,477,684,42944,79,0,79,1,16777216,4131,0.174,0,0.179
1,4134,35017.837,level1,0,1024,640,10.635,1,8.525,8.525,9.000,0,0.125,7.196,0.095,0.658,1.416,0.016,1,1,1393,5415,8,222040,1180,477,684,42953,79,0,79,1,16777216,4132,0.177,0,0.240
1,4135,35026.972,level1,0,1024,640,10.054,1,11.501,11.501,12.000,0,0.663,6.242,0.130,0.645,1.785,0.015,1,1,1393,5415,8,222040,1180,477,684,42962,79,0,79,1,16777216,4133,0.177,0,0.503
1,4136,35034.378,level1,0,1024,640,7.319,1,9.284,9.284,9.000,0,0.195,6.353,0.107,0.652,1.583,0.009,1,1,1393,5415,8,222040,1180,477,684,42971,79,0,79,1,16777216,4134,0.169,0,0.653
1,4137,35043.472,level1,0,1024,640,8.696,1,7.078,7.078,7.000,0,0.200,6.788,0.070,0.736,1.685,0.011,1,1,1393,5415,8,222040,1180,477,684,42980,79,0,79,1,16777216,4135,0.186,0,0.324
1,4138,35051.588,level1,0,1024,640,8.441,1,8.980,8.980,9.000,0,0.195,6.457,0.076,0.726,1.578,0.010,1,1,1393,5415,8,222040,1180,477,684,42989,79,0,79,1,16777216,4136,0.160,0,0.212
1,4139,35059.540,level1,0,1024,640,7.939,1,8.161,8.161,8.000,0,0.177,6.369,0.175,0.644,1.590,0.036,1,1,1393,5415,8,222040,1180,477,684,42998,79,0,79,1,16777216,4137,0.172,0,0.256
1,4140,35071.016,level1,0,1024,640,10.048,1,7.924,7.924,8.000,0,0.179,7.431,0.539,0.753,1.902,0.018,1,1,1393,5415,8,222040,1180,477,684,43007,79,0,79,1,16777216,4138,0.164,0,0.228
1,4141,35079.677,level1,0,1024,640,9.804,1,11.918,11.918,12.000,0,0.194,6.767,0.063,1.101,1.959,0.011,1,1,1393,5415,8,222040,1180,477,684,43016,79,0,79,1,16777216,4139,0.168,0,0.670
1,4142,35087.293,level1,0,1024,640,8.140,1,8.277,8.277,8.000,0,0.209,6.239,0.068,0.640,1.562,0.010,1,1,1393,5415,8,222040,1180,477,684,43025,79,0,79,1,16777216,4140,0.166,0,0.287
1,4143,35094.597,level1,0,1024,640,7.423,1,7.515,7.515,7.000,0,0.118,6.136,0.052,0.696,1.470,0.008,1,1,1393,5415,8,222040,1180,477,684,43034,79,0,79,1,16777216,4141,0.173,0,0.186
1,4144,35102.577,level1,0,1024,640,8.331,1,7.436,7.436,9.000,0,0.150,5.548,0.289,0.658,1.324,0.009,1,1,1393,5415,8,222040,1180,477,684,43043,79,0,79,1,16777216,4142,0.173,0,0.318
1,4145,35109.438,level1,0,1024,640,6.297,1,7.939,7.939,7.000,0,0.176,6.203,0.197,0.642,1.736,0.014,1,1,1393,5415,8,222040,1180,477,684,43052,79,0,79,1,16777216,4143,0.166,0,0.276
1,4146,35116.299,level1,0,1024,640,6.717,1,6.775,6.775,7.000,0,0.121,6.489,0.055,0.660,1.340,0.008,1,1,1393,5415,8,222040,1180,477,684,43061,79,0,79,1,16777216,4144,0.173,0,0.191
1,4147,35123.100,level1,0,1024,640,6.939,1,6.863,6.863,7.000,0,0.195,6.352,0.056,0.642,1.314,0.008,1,1,1393,5415,8,222040,1180,477,684,43070,79,0,79,1,16777216,4145,0.162,0,0.193
1,4148,35130.125,level1,0,1024,640,6.851,1,6.855,6.855,7.000,0,0.191,6.426,0.154,0.733,1.459,0.010,1,1,1393,5415,8,222040,1180,477,684,43079,79,0,79,1,16777216,4146,0.159,0,0.246
1,4149,35137.896,level1,0,1024,640,7.378,1,7.125,7.125,7.000,0,0.175,6.895,0.080,0.649,1.482,0.009,1,1,1393,5415,8,222040,1180,477,684,43088,79,0,79,1,16777216,4147,0.173,0,0.342
1,4150,35145.683,level1,0,1024,640,8.679,1,7.734,7.734,8.000,0,0.247,6.019,0.063,0.650,1.523,0.009,1,1,1396,5439,8,222616,1180,476,685,43097,79,0,79,1,16777216,4148,0.238,0,0.308
1,4151,35154.230,level1,0,1024,640,7.475,1,7.754,7.754,8.000,0,0.131,7.063,0.092,0.664,1.472,0.010,1,1,1396,5439,8,222616,1180,476,685,43106,79,0,79,1,16777216,4149,0.163,0,0.276
1,4152,35161.678,level1,0,1024,640,7.684,1,8.567,8.567,8.000,0,0.221,6.825,0.092,0.706,1.393,0.010,1,1,1396,5439,8,222616,1180,476,685,43115,79,0,79,1,16777216,4150,0.159,0,0.295
1,4153,35170.295,level1,0,1024,640,8.894,1,7.569,7.569,7.000,0,0.224,6.499,0.142,0.720,1.873,0.018,1,1,1396,5439,8,222616,1180,476,685,43124,79,0,79,1,16777216,4151,0.264,0,0.414
1,4154,35178.068,level1,0,1024,640,7.837,1,8.463,8.463,9.000,0,0.133,6.461,0.115,0.655,1.647,0.050,1,1,1396,5439,8,222616,1180,476,685,43133,79,0,79,1,16777216,4152,0.169,0,0.263
1,4155,35186.116,level1,0,1024,640,7.841,1,7.869,7.869,8.000,0,0.320,6.708,0.075,0.730,1.851,0.013,1,1,1396,5439,8,222616,1180,476,685,43142,79,0,79,1,16777216,4153,0.174,0,0.358
1,4156,35194.335,level1,0,1024,640,8.045,1,8.023,8.023,8.000,0,0.145,6.853,0.105,0.951,2.025,0.011,1,1,1396,5439,8,222616,1180,476,685,43151,79,0,79,1,16777216,4154,0.166,0,0.332
1,4157,35202.078,level1,0,1024,640,7.755,1,8.132,8.132,8.000,0,0.146,6.886,0.061,0.664,1.584,0.010,1,1,1396,5439,8,222616,1180,476,685,43160,79,0,79,1,16777216,4155,0.171,0,0.247
1,4158,35208.472,level1,0,1024,640,7.368,1,7.723,7.723,7.000,0,0.187,5.930,0.044,0.639,1.312,0.007,1,1,1396,5439,8,222616,1180,476,685,43169,79,0,79,1,16777216,4156,0.166,0,0.226
1,4159,35215.680,level1,0,1024,640,6.603,1,6.483,6.483,7.000,0,0.307,6.509,0.069,0.653,1.527,0.009,1,1,1396,5439,8,222616,1180,476,685,43178,79,0,79,1,16777216,4157,0.174,0,0.316
1,4160,35222.787,level1,0,1024,640,7.075,1,7.188,7.188,8.000,0,0.195,6.535,0.074,0.711,1.620,0.013,1,1,1396,5439,8,222616,1180,476,685,43187,79,0,79,1,16777216,4158,0.171,0,0.294
1,4161,35231.670,level1,0,1024,640,8.388,1,7.218,7.218,6.000,0,0.240,7.012,0.091,0.733,1.454,0.011,1,1,1396,5439,8,222616,1180,476,685,43196,79,0,79,1,16777216,4159,0.179,0,0.405
1,4162,35238.353,level1,0,1024,640,7.538,1,8.746,8.746,9.000,0,0.155,6.192,0.057,0.658,1.430,0.012,1,1,1396,5439,8,222616,1180,476,685,43205,79,0,79,1,16777216,4160,0.740,0,0.270
1,4163,35247.541,level1,0,1024,640,7.555,1,6.622,6.622,6.000,0,0.118,7.732,0.149,1.051,2.370,0.021,1,1,1396,5439,8,222616,1180,476,685,43214,79,0,79,1,16777216,4161,0.176,0,0.210
1,4164,35256.781,level1,0,1024,640,9.969,1,9.295,9.295,11.000,0,0.262,7.024,0.129,0.675,1.396,0.013,1,1,1396,5439,8,222616,1180,476,685,43223,79,0,79,1,16777216,4162,0.170,0,0.315
1,4165,35265.836,level1,0,1024,640,8.989,1,9.158,9.158,9.000,0,0.148,7.136,0.081,0.654,1.373,0.012,1,1,1396,5439,8,222616,1180,476,685,43232,79,0,79,1,16777216,4163,0.172,0,0.234
1,4166,35274.996,level1,0,1024,640,9.335,1,9.348,9.348,9.000,0,0.211,6.956,0.087,0.663,1.631,0.136,1,1,1396,5439,8,222616,1180,476,685,43241,79,0,79,1,16777216,4164,0.153,0,0.524
1,4167,35283.034,level1,0,1024,640,8.306,1,8.877,8.877,8.000,0,0.182,6.706,0.070,0.685,1.859,0.014,1,1,1396,5439,8,222616,1180,476,685,43250,79,0,79,1,16777216,4165,0.171,0,0.243
1,4168,35292.176,level1,0,1024,640,8.190,1,8.053,8.053,9.000,0,0.200,7.595,0.132,1.081,2.215,0.013,1,1,1396,5439,8,222616,1180,476,685,43259,79,0,79,1,16777216,4166,0.154,0,0.260
1,4169,35300.485,level1,0,1024,640,9.409,1,9.133,9.133,9.000,0,0.151,6.561,0.067,0.668,1.539,0.010,1,1,1413,5473,8,225064,1180,459,702,43268,79,0,79,1,16777216,4167,0.163,0,0.252
1,4170,35308.148,level1,0,1024,640,7.579,1,8.296,8.296,8.000,0,0.207,6.533,0.177,0.714,1.693,0.031,1,1,1413,5473,8,225064,1180,459,702,43277,79,0,79,1,16777216,4168,0.162,0,0.237
1,4171,35316.410,level1,0,1024,640,8.595,1,8.031,8.031,8.000,0,0.211,6.305,0.075,0.697,1.390,0.012,1,1,1413,5473,8,225064,1180,459,702,43286,79,0,79,1,16777216,4169,0.178,0,0.604
1,4172,35324.223,level1,0,1024,640,7.705,1,7.930,7.930,8.000,0,0.207,6.427,0.062,0.667,1.360,0.010,1,1,1413,5473,8,225064,1180,459,702,43295,79,0,79,1,16777216,4170,0.167,0,0.274
1,4173,35332.607,level1,0,1024,640,8.114,1,7.786,7.786,8.000,0,0.194,6.531,0.224,0.664,1.488,0.030,1,1,1413,5473,8,225064,1180,459,702,43304,79,0,79,1,16777216,4171,0.168,0,0.246
1,4174,35340.843,level1,0,1024,640,8.317,1,8.407,8.407,8.000,0,0.151,6.560,0.118,0.662,1.502,0.014,1,1,1413,5473,8,225064,1180,459,702,43313,79,0,79,1,16777216,4172,0.173,0,0.270
1,4175,35348.973,level1,0,1024,640,8.037,1,8.229,8.229,9.000,0,0.163,6.687,0.084,0.664,1.439,0.016,1,1,1413,5473,8,225064,1180,459,702,43322,79,0,79,1,16777216,4173,0.177,0,0.261
1,4176,35358.285,level1,0,1024,640,9.019,1,8.772,8.772,8.000,0,0.243,6.734,0.328,0.741,1.954,0.018,1,1,1413,5473,8,225064,1180,459,702,43331,79,0,79,1,16777216,4174,0.170,0,0.902
1,4177,35366.286,level1,0,1024,640,8.277,1,8.710,8.710,9.000,0,0.214,6.726,0.061,0.758,1.928,0.010,1,1,1413,5473,8,225064,1180,459,702,43340,79,0,79,1,16777216,4175,0.835,0,0.299
1,4178,35373.435,level1,0,1024,640,7.169,1,7.895,7.895,8.000,0,0.178,6.716,0.052,0.647,1.334,0.008,1,1,1418,5488,8,225824,1274,551,703,43349,79,0,79,1,16777216,4176,0.172,0,0.198
1,4179,35380.783,level1,0,1024,640,7.274,1,7.230,7.230,7.000,0,0.219,6.732,0.108,0.660,1.512,0.016,1,1,1418,5488,8,225824,1274,551,703,43358,79,0,79,1,16777216,4177,0.231,0,0.278
1,4180,35389.075,level1,0,1024,640,7.512,1,7.521,7.521,7.000,0,0.211,7.494,0.127,0.824,2.164,0.018,1,1,1418,5488,8,225824,1274,551,703,43367,79,0,79,1,16777216,4178,0.173,0,0.452
1,4181,37805.929,level1,0,1024,640,2416.984,1,8.187,8.187,8.000,0,0.219,7.378,0.114,0.739,1.477,0.014,1,1,1418,5488,8,225824,1274,551,703,43376,79,0,79,1,16777216,4179,0.179,0,0.344
1,4182,37816.301,level1,0,1024,640,10.897,1,2418.804,2418.804,50.000,1,0.239,6.855,0.112,0.730,1.716,0.011,1,1,1418,5488,8,225824,1274,551,703,43385,79,0,79,1,16777216,4180,0.156,0,2.292
1,4183,37824.612,level1,0,1024,640,7.459,1,8.336,8.336,7.000,0,0.225,7.731,0.087,0.657,1.820,0.013,1,1,1418,5488,8,225824,1274,551,703,43394,79,0,79,1,16777216,4181,0.167,0,0.261
1,4184,37832.240,level1,0,1024,640,8.341,1,8.413,8.413,9.000,0,0.148,7.007,0.051,0.653,1.614,0.010,1,1,1418,5488,8,225824,1274,551,703,43403,79,0,79,1,16777216,4182,0.158,0,0.362
1,4185,37839.105,level1,0,1024,640,7.408,1,7.441,7.441,8.000,0,0.120,6.508,0.055,0.670,1.512,0.008,1,1,1418,5488,8,225824,1274,551,703,43412,79,0,79,1,16777216,4183,0.175,0,0.177
1,4186,37845.992,level1,0,1024,640,6.924,1,6.908,6.908,7.000,0,0.131,6.445,0.080,0.651,1.481,0.007,1,1,1418,5488,8,225824,1274,551,703,43421,79,0,79,1,16777216,4184,0.167,0,0.218
1,4187,37853.874,level1,0,1024,640,7.135,1,7.053,7.053,7.000,0,0.217,7.053,0.217,0.666,1.531,0.025,1,1,1418,5488,8,225824,1274,551,703,43430,79,0,79,1,16777216,4185,0.235,0,0.385
1,4188,37863.387,level1,0,1024,640,10.058,1,8.217,8.217,8.000,0,0.236,6.558,0.170,0.749,1.454,0.012,1,1,1418,5488,8,225824,1274,551,703,43439,79,0,79,1,16777216,4186,0.160,0,0.715
1,4189,37871.787,level1,0,1024,640,8.063,1,9.005,9.005,9.000,0,0.171,6.968,0.096,0.674,1.397,0.012,1,1,1418,5488,8,225824,1274,551,703,43448,79,0,79,1,16777216,4187,0.182,0,0.212
1,4190,37880.746,level1,0,1024,640,9.252,1,8.601,8.601,8.000,0,0.281,6.625,0.145,0.710,1.517,0.013,1,1,1418,5488,8,225824,1274,551,703,43457,79,0,79,1,16777216,4188,0.194,0,0.401
1,4191,37889.405,level1,0,1024,640,8.281,1,8.809,8.809,9.000,0,0.155,7.057,0.092,0.680,1.663,0.015,1,1,1418,5488,8,225824,1274,551,703,43466,79,0,79,1,16777216,4189,0.182,0,0.264
1,4192,37898.079,level1,0,1024,640,8.988,1,8.649,8.649,9.000,0,0.141,6.728,0.105,0.927,1.932,0.012,1,1,1418,5488,8,225824,1274,551,703,43475,79,0,79,1,16777216,4190,0.168,0,0.254
1,4193,37906.475,level1,0,1024,640,8.179,1,8.631,8.631,9.000,0,0.124,6.979,0.073,0.662,1.441,0.011,1,1,1418,5488,8,225824,1274,551,703,43484,79,0,79,1,16777216,4191,0.180,0,0.211
1,4194,37915.712,level1,0,1024,640,9.007,1,8.420,8.420,8.000,0,0.179,6.967,0.313,0.671,2.056,0.019,1,1,1418,5488,8,225824,1274,551,703,43493,79,0,79,1,16777216,4192,0.167,0,0.235
1,4195,37924.166,level1,0,1024,640,8.532,1,9.357,9.357,10.000,0,0.203,7.092,0.111,0.773,1.606,0.012,1,1,1418,5488,8,225824,1274,551,703,43502,79,0,79,1,16777216,4193,0.175,0,0.353
1,4196,37933.381,level1,0,1024,640,8.803,1,8.345,8.345,7.000,0,0.184,7.499,0.115,0.677,1.753,0.012,1,1,1418,5488,8,225824,1274,551,703,43511,79,0,79,1,16777216,4194,0.162,0,0.245
1,4197,37941.669,level1,0,1024,640,9.268,1,9.187,9.187,10.000,0,0.152,6.563,0.075,0.701,1.470,0.011,1,1,1418,5488,8,225824,1274,551,703,43520,79,0,79,1,16777216,4195,0.184,0,0.218
1,4198,37950.619,level1,0,1024,640,8.349,1,8.296,8.296,8.000,0,0.125,6.883,0.354,0.755,1.613,0.060,1,1,1418,5488,8,225824,1274,551,703,43529,79,0,79,1,16777216,4196,0.160,0,0.226
1,4199,37959.352,level1,0,1024,640,8.686,1,9.084,9.084,9.000,0,0.215,7.201,0.082,1.051,2.039,0.013,1,1,1418,5488,8,225824,1274,551,703,43538,79,0,79,1,16777216,4197,0.174,0,0.359
1,4200,37967.732,level1,0,1024,640,8.863,1,8.597,8.597,9.000,0,0.159,6.680,0.122,0.722,1.775,0.013,1,1,1418,5488,8,225824,1274,551,703,43547,79,0,79,1,16777216,4198,0.163,0,0.224
1,4201,37978.054,level1,0,1024,640,9.331,1,8.446,8.446,9.000,0,0.167,7.544,0.246,0.691,1.821,0.014,1,1,1418,5488,8,225824,1274,551,703,43556,79,0,79,1,16777216,4199,0.177,0,0.290
1,4202,37986.434,level1,0,1024,640,8.980,1,10.270,10.270,10.000,0,0.167,7.069,0.123,0.676,1.543,0.013,1,1,1418,5488,8,225824,1274,551,703,43565,79,0,79,1,16777216,4200,0.161,0,0.238
1,4203,37996.644,level1,0,1024,640,8.278,1,8.418,8.418,8.000,0,0.142,9.038,0.087,0.687,1.557,0.013,1,1,1418,5488,8,225824,1274,551,703,43574,79,0,79,1,16777216,4201,0.163,0,0.276
1,4204,38004.045,level1,0,1024,640,9.906,1,10.161,10.161,10.000,0,0.156,6.534,0.087,0.648,1.521,0.013,1,1,1418,5488,8,225824,1274,551,703,43583,79,0,79,1,16777216,4202,0.178,0,0.226
1,4205,38012.536,level1,0,1024,640,7.582,1,7.942,7.942,8.000,0,0.183,7.457,0.072,0.675,1.523,0.010,1,1,1418,5488,8,225824,1274,551,703,43592,79,0,79,1,16777216,4203,0.206,0,0.767
1,4206,38019.013,level1,0,1024,640,7.890,1,7.961,7.961,8.000,0,0.116,6.055,0.063,0.654,1.413,0.009,1,1,1418,5488,8,225824,1274,551,703,43601,79,0,79,1,16777216,4204,0.163,0,0.238
1,4207,38025.419,level1,0,1024,640,6.454,1,6.424,6.424,6.000,0,0.145,5.992,0.076,0.649,1.326,0.007,1,1,1418,5488,8,225824,1274,551,703,43610,79,0,79,1,16777216,4205,0.177,0,0.184
1,4208,38031.768,level1,0,1024,640,6.378,1,6.412,6.412,6.000,0,0.114,5.993,0.045,0.643,1.441,0.008,1,1,1418,5488,8,225824,1274,551,703,43619,79,0,79,1,16777216,4206,0.166,0,0.191
1,4209,38038.094,level1,0,1024,640,6.396,1,6.386,6.386,7.000,0,0.123,5.921,0.048,0.643,1.332,0.008,1,1,1418,5488,8,225824,1274,551,703,43628,79,0,79,1,16777216,4207,0.173,0,0.229
1,4210,38046.671,level1,0,1024,640,6.385,1,6.343,6.343,7.000,0,0.165,8.103,0.058,0.660,1.501,0.009,1,1,1418,5488,8,225824,1274,551,703,43637,79,0,79,1,16777216,4208,0.158,0,0.246
1,4211,38053.167,level1,0,1024,640,8.494,1,8.536,8.536,8.000,0,0.123,6.087,0.075,0.643,1.627,0.008,1,1,1418,5488,8,225824,1274,551,703,43646,79,0,79,1,16777216,4209,0.173,0,0.205
1,4212,38059.478,level1,0,1024,640,6.619,1,6.554,6.554,7.000,0,0.185,5.802,0.054,0.662,1.383,0.008,1,1,1418,5488,8,225824,1274,551,703,43655,79,0,79,1,16777216,4210,0.171,0,0.262
1,4213,38065.806,level1,0,1024,640,6.163,1,6.223,6.223,5.000,0,0.129,5.982,0.037,0.656,1.557,0.007,1,1,1418,5488,8,225824,1274,551,703,43664,79,0,79,1,16777216,4211,0.180,0,0.174
1,4214,38073.445,level1,0,1024,640,6.312,1,6.320,6.320,7.000,0,0.121,6.806,0.535,0.896,1.754,0.013,1,1,1418,5488,8,225824,1274,551,703,43673,79,0,79,1,16777216,4212,0.162,0,0.168
1,4215,38081.276,level1,0,1024,640,8.572,1,7.722,7.722,8.000,0,0.134,6.550,0.055,0.650,1.495,0.010,1,1,1418,5488,8,225824,1274,551,703,43682,79,0,79,1,16777216,4213,0.176,0,0.249
1,4216,38087.862,level1,0,1024,640,7.222,1,7.789,7.789,8.000,0,0.129,5.923,0.046,0.645,1.328,0.008,1,1,1418,5488,8,225824,1274,551,703,43691,79,0,79,1,16777216,4214,0.170,0,0.208
1,4217,38094.475,level1,0,1024,640,6.367,1,6.612,6.612,6.000,0,0.156,6.169,0.047,0.651,1.462,0.007,1,1,1418,5488,8,225824,1274,551,703,43700,79,0,79,1,16777216,4215,0.180,0,0.234
1,4218,38101.869,level1,0,1024,640,6.598,1,6.614,6.614,7.000,0,0.138,6.362,0.649,0.649,1.702,0.022,1,1,1418,5488,8,225824,1274,551,703,43709,79,0,79,1,16777216,4216,0.168,0,0.234
1,4219,38108.495,level1,0,1024,640,7.363,1,7.379,7.379,7.000,0,0.126,6.234,0.041,0.653,1.724,0.008,1,1,1418,5488,8,225824,1274,551,703,43718,79,0,79,1,16777216,4217,0.172,0,0.220
1,4220,38114.813,level1,0,1024,640,6.584,1,6.593,6.593,6.000,0,0.117,5.965,0.043,0.684,1.503,0.007,1,1,1418,5488,8,225824,1274,551,703,43727,79,0,79,1,16777216,4218,0.164,0,0.188
1,4221,38121.326,level1,0,1024,640,6.333,1,6.313,6.313,8.000,0,0.137,6.137,0.052,0.642,1.414,0.008,1,1,1418,5488,8,225824,1274,551,703,43736,79,0,79,1,16777216,4219,0.177,0,0.183
1,4222,38127.525,level1,0,1024,640,6.544,1,6.543,6.543,6.000,0,0.137,5.805,0.040,0.640,1.322,0.007,1,1,1418,5488,8,225824,1274,551,703,43745,79,0,79,1,16777216,4220,0.161,0,0.211
1,4223,38134.007,level1,0,1024,640,6.192,1,6.201,6.201,6.000,0,0.130,6.075,0.059,0.647,1.373,0.009,1,1,1418,5488,8,225824,1274,551,703,43754,79,0,79,1,16777216,4221,0.174,0,0.214
1,4224,38140.303,level1,0,1024,640,6.444,1,6.459,6.459,6.000,0,0.113,5.949,0.038,0.637,1.388,0.007,1,1,1418,5488,8,225824,1274,551,703,43763,79,0,79,1,16777216,4222,0.164,0,0.192
1,4225,38146.475,level1,0,1024,640,6.305,1,6.271,6.271,7.000,0,0.147,5.816,0.039,0.643,1.370,0.007,1,1,1418,5488,8,225824,1274,551,703,43772,79,0,79,1,16777216,4223,0.180,0,0.167
1,4226,38153.115,level1,0,1024,640,6.129,1,6.172,6.172,6.000,0,0.105,6.313,0.051,0.654,1.462,0.008,1,1,1418,5488,8,225824,1274,551,703,43781,79,0,79,1,16777216,4224,0.163,0,0.166
1,4227,38159.452,level1,0,1024,640,6.688,1,6.671,6.671,7.000,0,0.121,5.964,0.050,0.640,1.460,0.009,1,1,1418,5488,8,225824,1274,551,703,43790,79,0,79,1,16777216,4225,0.167,0,0.197
1,4228,38165.751,level1,0,1024,640,6.455,1,6.443,6.443,6.000,0,0.131,5.813,0.045,0.641,1.373,0.009,1,1,1418,5488,8,225824,1274,551,703,43799,79,0,79,1,16777216,4226,0.165,0,0.305
1,4229,38173.137,level1,0,1024,640,6.164,1,6.184,6.184,6.000,0,0.112,7.019,0.061,0.655,1.429,0.008,1,1,1418,5488,8,225824,1274,551,703,43808,79,0,79,1,16777216,4227,0.170,0,0.190
1,4230,38179.757,level1,0,1024,640,7.448,1,7.435,7.435,7.000,0,0.123,6.201,0.051,0.680,1.538,0.010,1,1,1418,5488,8,225824,1274,551,703,43817,79,0,79,1,16777216,4228,0.170,0,0.238
1,4231,38187.414,level1,0,1024,640,6.823,1,6.623,6.623,7.000,0,0.148,7.037,0.050,0.703,1.743,0.010,1,1,1418,5488,8,225824,1274,551,703,43826,79,0,79,1,16777216,4229,0.166,0,0.241
1,4232,38194.643,level1,0,1024,640,7.429,1,7.620,7.620,8.000,0,0.132,6.837,0.049,0.665,1.597,0.009,1,1,1418,5488,8,225824,1274,551,703,43835,79,0,79,1,16777216,4230,0.159,0,0.205
1,4233,38203.657,level1,0,1024,640,9.225,1,7.207,7.207,7.000,0,0.119,6.617,0.058,0.657,1.622,0.009,1,1,1418,5488,8,225824,1274,551,703,43844,79,0,79,1,16777216,4231,0.176,0,0.182
1,4234,38211.798,level1,0,1024,640,7.742,1,9.043,9.043,9.000,0,0.151,6.992,0.081,0.884,2.316,0.015,1,1,1418,5488,8,225824,1274,551,703,43853,79,0,79,1,16777216,4232,0.165,0,0.212
1,4235,38219.390,level1,0,1024,640,7.451,1,8.148,8.148,8.000,0,0.153,7.173,0.042,0.671,1.624,0.007,1,1,1418,5488,8,225824,1274,551,703,43862,79,0,79,1,16777216,4233,0.180,0,0.217
1,4236,38227.032,level1,0,1024,640,7.616,1,7.543,7.543,7.000,0,0.225,7.157,0.084,0.643,2.016,0.017,1,1,1418,5488,8,225824,1274,551,703,43871,79,0,79,1,16777216,4234,0.164,0,0.170
1,4237,38233.636,level1,0,1024,640,7.663,1,7.751,7.751,8.000,0,0.132,6.144,0.039,0.651,1.475,0.007,1,1,1418,5488,8,225824,1274,551,703,43880,79,0,79,1,16777216,4235,0.161,0,0.278
1,4238,38240.067,level1,0,1024,640,6.477,1,6.492,6.492,8.000,0,0.123,6.080,0.056,0.670,1.419,0.007,1,1,1418,5488,8,225824,1274,551,703,43889,79,0,79,1,16777216,4236,0.216,0,0.167
1,4239,38246.920,level1,0,1024,640,6.451,1,6.462,6.462,6.000,0,0.112,6.325,0.209,0.663,1.527,0.014,1,1,1418,5488,8,225824,1274,551,703,43898,79,0,79,1,16777216,4237,0.183,0,0.197
1,4240,38254.031,level1,0,1024,640,7.101,1,7.067,7.067,7.000,0,0.144,6.501,0.049,0.681,1.766,0.010,1,1,1418,5488,8,225824,1274,551,703,43907,79,0,79,1,16777216,4238,0.158,0,0.410
1,4241,38261.760,level1,0,1024,640,6.873,1,6.900,6.900,7.000,0,0.119,7.356,0.051,0.669,1.705,0.008,1,1,1421,5512,8,226400,1274,550,704,43916,79,0,79,1,16777216,4239,0.176,0,0.200
1,4242,38268.651,level1,0,1024,640,7.705,1,7.710,7.710,7.000,0,0.114,6.548,0.044,0.648,1.499,0.006,1,1,1421,5512,8,226400,1274,550,704,43925,79,0,79,1,16777216,4240,0.168,0,0.180
1,4243,38276.335,level1,0,1024,640,7.045,1,6.976,6.976,7.000,0,0.182,7.125,0.106,0.643,1.510,0.012,1,1,1426,5527,8,227160,1274,549,705,43934,79,0,79,1,16777216,4241,0.175,0,0.265
1,4244,38285.417,level1,0,1024,640,10.245,1,7.703,7.703,8.000,0,0.190,6.004,0.064,0.657,1.479,0.014,1,1,1426,5527,8,227160,1274,549,705,43943,79,0,79,1,16777216,4242,0.168,0,0.282
1,4245,38293.794,level1,0,1024,640,7.378,1,9.030,9.030,9.000,0,0.127,6.985,0.076,0.780,1.656,0.011,1,1,1426,5527,8,227160,1274,549,705,43952,79,0,79,1,16777216,4243,0.164,0,0.232
1,4246,38300.718,level1,0,1024,640,7.660,1,8.476,8.476,8.000,0,0.251,6.287,0.044,0.707,1.554,0.008,1,1,1426,5527,8,227160,1274,549,705,43961,79,0,79,1,16777216,4244,0.168,0,0.329
1,4247,38308.480,level1,0,1024,640,6.677,1,6.801,6.801,7.000,0,0.133,7.366,0.049,0.646,1.794,0.010,1,1,1426,5527,8,227160,1274,549,705,43970,79,0,79,1,16777216,4245,0.178,0,0.208
1,4248,38316.449,level1,0,1024,640,7.913,1,7.761,7.761,8.000,0,0.281,7.343,0.127,0.695,1.803,0.015,1,1,1426,5527,8,227160,1274,549,705,43979,79,0,79,1,16777216,4246,0.161,0,0.207
1,4249,38323.593,level1,0,1024,640,7.828,1,7.982,7.982,8.000,0,0.130,6.734,0.054,0.665,1.671,0.009,1,1,1426,5527,8,227160,1274,549,705,43988,79,0,79,1,16777216,4247,0.178,0,0.220
1,4250,38330.466,level1,0,1024,640,7.141,1,7.155,7.155,7.000,0,0.116,6.444,0.076,0.649,1.506,0.008,1,1,1426,5527,8,227160,1274,549,705,43997,79,0,79,1,16777216,4248,0.164,0,0.232
1,4251,38338.078,level1,0,1024,640,7.114,1,7.074,7.074,8.000,0,0.156,6.935,0.083,0.855,2.124,0.013,1,1,1426,5527,8,227160,1274,549,705,44006,79,0,79,1,16777216,4249,0.176,0,0.432
1,4252,38344.898,level1,0,1024,640,7.337,1,7.373,7.373,7.000,0,0.120,6.417,0.084,0.663,1.856,0.008,1,1,1426,5527,8,227160,1274,549,705,44015,79,0,79,1,16777216,4250,0.166,0,0.194
1,4253,38351.402,level1,0,1024,640,6.814,1,6.814,6.814,6.000,0,0.121,6.127,0.063,0.759,1.460,0.009,1,1,1431,5542,8,227920,1274,548,706,44024,79,0,79,1,16777216,4251,0.178,0,0.188
1,4254,38357.991,level1,0,1024,640,6.531,1,6.535,6.535,6.000,0,0.117,6.207,0.042,0.641,1.457,0.007,1,1,1431,5542,8,227920,1274,548,706,44033,79,0,79,1,16777216,4252,0.173,0,0.219
1,4255,38366.909,level1,0,1024,640,8.346,1,6.579,6.579,7.000,0,0.113,6.702,0.119,0.856,2.049,0.020,1,1,1440,5560,8,229216,1274,548,706,44042,79,0,79,1,16777216,4253,0.182,0,0.209
1,4256,38374.462,level1,0,1024,640,7.889,1,9.020,9.020,10.000,0,0.160,6.358,0.126,0.653,1.627,0.030,1,1,1440,5560,8,229216,1274,548,706,44051,79,0,79,1,16777216,4254,0.166,0,0.310
1,4257,38381.961,level1,0,1024,640,6.972,1,7.537,7.537,7.000,0,0.187,6.952,0.058,0.778,1.658,0.012,1,1,1440,5560,8,229216,1274,548,706,44060,79,0,79,1,16777216,4255,0.177,0,0.296
1,4258,38388.747,level1,0,1024,640,7.391,1,7.435,7.435,8.000,0,0.143,6.355,0.050,0.738,1.669,0.009,1,1,1440,5560,8,229216,1274,548,706,44069,79,0,79,1,16777216,4256,0.178,0,0.231
1,4259,38397.184,level1,0,1024,640,7.801,1,6.805,6.805,6.000,0,0.164,6.978,0.065,0.678,1.557,0.010,1,1,1440,5560,8,229216,1274,548,706,44078,79,0,79,1,16777216,4257,0.176,0,0.250
1,4260,38405.687,level1,0,1024,640,8.963,1,8.463,8.463,8.000,0,0.413,6.520,0.062,0.681,1.616,0.011,1,1,1440,5560,8,229216,1274,548,706,44087,79,0,79,1,16777216,4258,0.163,0,0.275
1,4261,38414.078,level1,0,1024,640,7.830,1,8.539,8.539,9.000,0,0.312,7.078,0.065,0.814,1.638,0.010,1,1,1440,5560,8,229216,1274,548,706,44096,79,0,79,1,16777216,4259,0.183,0,0.312
1,4262,38422.121,level1,0,1024,640,8.684,1,8.362,8.362,9.000,0,0.207,6.450,0.052,0.741,1.613,0.009,1,1,1440,5560,8,229216,1274,548,706,44105,79,0,79,1,16777216,4260,0.166,0,0.283
1,4263,38430.812,level1,0,1024,640,8.362,1,8.006,8.006,8.000,0,0.191,6.740,0.092,0.661,1.397,0.012,1,1,1440,5560,8,229216,1274,548,706,44114,79,0,79,1,16777216,4261,0.192,0,0.246
1,4264,38438.603,level1,0,1024,640,8.087,1,8.678,8.678,8.000,0,0.128,6.484,0.052,0.669,1.490,0.007,1,1,1440,5560,8,229216,1274,548,706,44123,79,0,79,1,16777216,4262,0.167,0,0.233
1,4265,38445.779,level1,0,1024,640,6.917,1,7.798,7.798,8.000,0,0.136,6.742,0.053,0.662,1.383,0.007,1,1,1440,5560,8,229216,1274,548,706,44132,79,0,79,1,16777216,4263,0.181,0,0.240
1,4266,38454.360,level1,0,1024,640,8.563,1,7.126,7.126,7.000,0,0.224,6.736,0.076,0.666,1.912,0.015,1,1,1440,5560,8,229216,1274,548,706,44141,79,0,79,1,16777216,4264,0.149,0,0.190
1,4267,38463.059,level1,0,1024,640,8.361,1,8.793,8.793,9.000,0,0.205,7.074,0.075,0.698,1.493,0.011,1,1,1440,5560,8,229216,1274,548,706,44150,79,0,79,1,16777216,4265,0.181,0,0.398
1,4268,38471.323,level1,0,1024,640,8.409,1,8.496,8.496,8.000,0,0.136,6.782,0.222,0.955,1.757,0.036,1,1,1440,5560,8,229216,1274,548,706,44159,79,0,79,1,16777216,4266,0.159,0,0.198
1,4269,38479.285,level1,0,1024,640,8.650,1,8.538,8.538,9.000,0,0.532,6.254,0.063,0.657,1.482,0.010,1,1,1440,5560,8,229216,1274,548,706,44168,79,0,79,1,16777216,4267,0.175,0,0.470
1,4270,38487.431,level1,0,1024,640,7.544,1,7.687,7.687,7.000,0,0.126,6.866,0.052,0.678,1.567,0.008,1,1,1440,5560,8,229216,1274,548,706,44177,79,0,79,1,16777216,4268,0.157,0,0.199
1,4271,38495.783,level1,0,1024,640,8.460,1,8.222,8.222,8.000,0,0.200,6.704,0.104,0.724,1.573,0.012,1,1,1440,5560,8,229216,1274,548,706,44186,79,0,79,1,16777216,4269,0.166,0,0.274
1,4272,38504.691,level1,0,1024,640,8.765,1,8.591,8.591,9.000,0,0.171,6.891,0.063,0.668,1.377,0.010,1,1,1440,5560,8,229216,1274,548,706,44195,79,0,79,1,16777216,4270,0.200,0,0.507
1,4273,38513.748,level1,0,1024,640,8.258,1,8.643,8.643,9.000,0,0.215,7.584,0.166,0.663,1.848,0.026,1,1,1440,5560,8,229216,1274,548,706,44204,79,0,79,1,16777216,4271,0.169,0,0.247
1,4274,38523.445,level1,0,1024,640,9.868,1,9.483,9.483,10.000,0,0.281,7.499,0.081,0.730,1.774,0.013,1,1,1440,5560,8,229216,1274,548,706,44213,79,0,79,1,16777216,4272,0.168,0,0.673
1,4275,38531.830,level1,0,1024,640,8.989,1,9.316,9.316,9.000,0,0.250,6.898,0.075,0.675,1.548,0.012,1,1,1433,5546,8,228208,1274,555,699,44222,79,0,79,1,16777216,4273,0.170,0,0.292
1,4276,38539.757,level1,0,1024,640,8.241,1,8.366,8.366,9.000,0,0.203,6.575,0.087,0.638,1.863,0.016,1,1,1433,5546,8,228208,1274,555,699,44231,79,0,79,1,16777216,4274,0.160,0,0.273
1,4277,38548.470,level1,0,1024,640,7.867,1,7.878,7.878,7.000,0,0.143,7.445,0.065,0.675,1.691,0.010,1,1,1424,5528,8,226912,1274,555,699,44240,79,0,79,1,16777216,4275,0.176,0,0.225
1,4278,38557.883,level1,0,1024,640,9.305,1,8.844,8.844,9.000,0,0.332,7.545,0.071,0.671,2.032,0.013,1,1,1424,5528,8,226912,1274,555,699,44249,79,0,79,1,16777216,4276,0.161,0,0.353
1,4279,38566.455,level1,0,1024,640,9.279,1,9.327,9.327,9.000,0,0.211,6.689,0.219,0.658,1.625,0.036,1,1,1424,5528,8,226912,1274,555,699,44258,79,0,79,1,16777216,4277,0.174,0,0.267
1,4280,38575.745,level1,0,1024,640,8.859,1,8.699,8.699,9.000,0,0.299,7.241,0.099,0.686,2.067,0.017,1,1,1424,5528,8,226912,1274,555,699,44267,79,0,79,1,16777216,4278,0.169,0,0.395
1,4281,38584.019,level1,0,1024,640,8.653,1,9.149,9.149,9.000,0,0.142,6.902,0.060,0.658,1.344,0.010,1,1,1424,5528,8,226912,1274,555,699,44276,79,0,79,1,16777216,4279,0.259,0,0.256
1,4282,38591.678,level1,0,1024,640,8.386,1,8.238,8.238,9.000,0,0.126,6.154,0.081,0.661,1.391,0.010,1,1,1424,5528,8,226912,1274,555,699,44285,79,0,79,1,16777216,4280,0.170,0,0.220
1,4283,38600.609,level1,0,1024,640,7.718,1,7.722,7.722,7.000,0,0.174,7.350,0.097,0.839,1.546,0.009,1,1,1424,5528,8,226912,1274,555,699,44294,79,0,79,1,16777216,4281,0.177,0,0.282
1,4284,38609.627,level1,0,1024,640,8.836,1,8.947,8.947,9.000,0,0.125,7.450,0.179,0.664,1.703,0.013,1,1,1424,5528,8,226912,1274,555,699,44303,79,0,79,1,16777216,4282,0.159,0,0.300
1,4285,38617.674,level1,0,1024,640,8.987,1,9.096,9.096,9.000,0,0.177,6.583,0.107,0.653,1.770,0.047,1,1,1424,5528,8,226912,1274,555,699,44312,79,0,79,1,16777216,4283,0.174,0,0.371
1,4286,38625.833,level1,0,1024,640,7.860,1,7.934,7.934,8.000,0,0.129,6.924,0.065,0.673,1.659,0.011,1,1,1424,5528,8,226912,1274,555,699,44321,79,0,79,1,16777216,4284,0.157,0,0.264
1,4287,38636.769,level1,0,1024,640,7.831,1,8.120,8.120,8.000,0,0.121,9.637,0.455,0.993,2.662,0.026,1,1,1424,5528,8,226912,1274,555,699,44330,79,0,79,1,16777216,4285,0.176,0,0.225
1,4288,38645.892,level1,0,1024,640,11.767,1,11.261,11.261,11.000,0,0.353,7.383,0.068,0.686,1.674,0.013,1,1,1424,5528,8,226912,1274,555,699,44339,79,0,79,1,16777216,4286,0.167,0,0.549
1,4289,38655.108,level1,0,1024,640,9.410,1,8.804,8.804,10.000,0,0.226,7.140,0.116,0.733,1.634,0.015,1,1,1424,5528,8,226912,1274,555,699,44348,79,0,79,1,16777216,4287,0.166,0,0.231
1,4290,38663.821,level1,0,1024,640,8.661,1,9.275,9.275,9.000,0,0.380,7.240,0.067,0.667,1.641,0.012,1,1,1424,5528,8,226912,1274,555,699,44357,79,0,79,1,16777216,4288,0.163,0,0.290
1,4291,38672.980,level1,0,1024,640,9.978,1,8.849,8.849,9.000,0,0.475,6.382,0.108,0.691,1.636,0.011,1,1,1424,5528,8,226912,1274,555,699,44366,79,0,79,1,16777216,4289,0.175,0,0.426
1,4292,38681.856,level1,0,1024,640,7.687,1,8.936,8.936,9.000,0,0.135,7.604,0.074,0.765,1.847,0.036,1,1,1424,5528,8,226912,1274,555,699,44375,79,0,79,1,16777216,4290,0.174,0,0.204
1,4293,38692.124,level1,0,1024,640,11.478,1,8.976,8.976,9.000,0,0.199,6.347,0.122,0.676,1.551,0.015,1,1,1424,5528,8,226912,1274,555,699,44384,79,0,79,1,16777216,4291,0.174,0,0.303
1,4294,38701.445,level1,0,1024,640,8.052,1,10.266,10.266,10.000,0,0.347,7.596,0.136,0.687,1.708,0.023,1,1,1424,5528,8,226912,1274,555,699,44393,79,0,79,1,16777216,4292,0.170,0,0.298
1,4295,38711.043,level1,0,1024,640,10.006,1,9.384,9.384,9.000,0,0.299,7.217,0.112,0.907,1.664,0.014,1,1,1424,5528,8,226912,1274,555,699,44402,79,0,79,1,16777216,4293,0.174,0,0.363
1,4296,38719.953,level1,0,1024,640,8.772,1,9.528,9.528,9.000,0,0.236,7.310,0.154,0.681,1.715,0.018,1,1,1424,5528,8,226912,1274,555,699,44411,79,0,79,1,16777216,4294,0.172,0,0.292
1,4297,38733.112,level1,0,1024,640,12.938,1,9.363,9.363,10.000,0,0.216,7.561,0.128,0.676,1.886,0.016,1,1,1424,5528,8,226912,1274,555,699,44420,79,0,79,1,16777216,4295,0.174,0,0.734
1,4298,38743.329,level1,0,1024,640,10.327,1,12.687,12.687,13.000,0,0.180,7.473,0.105,0.709,1.743,0.017,1,1,1424,5528,8,226912,1274,555,699,44429,79,0,79,1,16777216,4296,0.169,0,0.275
1,4299,38751.242,level1,0,1024,640,8.919,1,10.292,10.292,10.000,0,0.236,6.472,0.101,0.671,1.451,0.011,1,1,1424,5528,8,226912,1274,555,699,44438,79,0,79,1,16777216,4297,0.178,0,0.349
1,4300,38759.074,level1,0,1024,640,7.771,1,7.772,7.772,8.000,0,0.120,6.543,0.092,0.760,1.654,0.012,1,1,1424,5528,8,226912,1274,555,699,44447,79,0,79,1,16777216,4298,0.161,0,0.210
1,4301,38767.720,level1,0,1024,640,8.185,1,7.840,7.840,7.000,0,0.141,6.986,0.109,1.015,2.028,0.015,1,1,1424,5528,8,226912,1274,555,699,44456,79,0,79,1,16777216,4299,0.176,0,0.217
1,4302,38776.128,level1,0,1024,640,8.617,1,8.772,8.772,9.000,0,0.143,6.809,0.076,0.729,1.785,0.012,1,1,1424,5528,8,226912,1274,555,699,44465,79,0,79,1,16777216,4300,0.160,0,0.341
1,4303,38783.977,level1,0,1024,640,8.388,1,8.299,8.299,9.000,0,0.171,6.274,0.073,0.656,1.412,0.014,1,1,1424,5528,8,226912,1274,555,699,44474,79,0,79,1,16777216,4301,0.175,0,0.234
1,4304,38792.724,level1,0,1024,640,8.194,1,7.968,7.968,8.000,0,0.189,6.653,0.244,0.672,1.731,0.018,1,1,1424,5528,8,226912,1274,555,699,44483,79,0,79,1,16777216,4302,0.167,0,0.352
1,4305,38801.006,level1,0,1024,640,8.816,1,8.967,8.967,8.000,0,0.244,6.267,0.101,0.672,1.375,0.010,1,1,1424,5528,8,226912,1274,555,699,44492,79,0,79,1,16777216,4303,0.161,0,0.571
1,4306,38809.519,level1,0,1024,640,7.579,1,7.904,7.904,9.000,0,0.135,7.201,0.100,0.674,1.688,0.015,1,1,1424,5528,8,226912,1274,555,699,44501,79,0,79,1,16777216,4304,0.164,0,0.195
1,4307,38818.581,level1,0,1024,640,9.829,1,10.060,10.060,9.000,0,0.147,6.426,0.108,0.728,1.514,0.015,1,1,1419,5480,8,225888,1274,556,698,44510,79,0,79,1,16777216,4305,0.179,0,1.739
1,4308,38826.295,level1,0,1024,640,7.345,1,7.560,7.560,9.000,0,0.201,6.833,0.071,0.665,1.498,0.014,1,1,1419,5480,8,225888,1274,556,698,44519,79,0,79,1,16777216,4306,0.175,0,0.239
1,4309,38834.185,level1,0,1024,640,8.337,1,7.815,7.815,6.000,0,0.246,6.395,0.062,0.645,1.337,0.009,1,1,1419,5480,8,225888,1274,556,698,44528,79,0,79,1,16777216,4307,0.180,0,0.337
1,4310,38842.782,level1,0,1024,640,7.527,1,7.781,7.781,9.000,0,0.185,7.447,0.078,0.751,1.923,0.015,1,1,1419,5480,8,225888,1274,556,698,44537,79,0,79,1,16777216,4308,0.163,0,0.230
1,4311,38850.542,level1,0,1024,640,8.787,1,8.641,8.641,9.000,0,0.201,6.395,0.103,0.652,1.348,0.010,1,1,1419,5480,8,225888,1274,556,698,44546,79,0,79,1,16777216,4309,0.181,0,0.274
1,4312,38858.026,level1,0,1024,640,7.208,1,7.684,7.684,7.000,0,0.123,6.695,0.079,0.645,1.469,0.009,1,1,1419,5480,8,225888,1274,556,698,44555,79,0,79,1,16777216,4310,0.167,0,0.200
1,4313,38866.555,level1,0,1024,640,8.385,1,7.515,7.515,8.000,0,0.240,6.857,0.063,0.660,1.676,0.010,1,1,1419,5480,8,225888,1274,556,698,44564,79,0,79,1,16777216,4311,0.173,0,0.229
1,4314,38875.504,level1,0,1024,640,9.161,1,8.536,8.536,8.000,0,0.192,6.640,0.068,0.647,1.672,0.012,1,1,1419,5480,8,225888,1274,556,698,44573,79,0,79,1,16777216,4312,0.179,0,0.237
1,4315,38883.208,level1,0,1024,640,8.020,1,8.927,8.927,9.000,0,0.140,6.282,0.109,0.642,1.547,0.016,1,1,1419,5480,8,225888,1274,556,698,44582,79,0,79,1,16777216,4313,0.174,0,0.215
1,4316,38891.373,level1,0,1024,640,7.644,1,7.855,7.855,8.000,0,0.353,6.819,0.092,0.996,2.110,0.014,1,1,1419,5480,8,225888,1274,556,698,44591,79,0,79,1,16777216,4314,0.182,0,0.365
1,4317,38900.015,level1,0,1024,640,8.141,1,8.042,8.042,8.000,0,0.162,7.301,0.112,0.748,1.834,0.013,1,1,1419,5480,8,225888,1274,556,698,44600,79,0,79,1,16777216,4315,0.167,0,0.244
1,4318,39780.196,level1,0,1024,640,878.904,1,8.738,8.738,8.000,0,0.149,8.576,0.113,0.780,1.916,0.015,1,1,1419,5480,8,225888,1274,556,698,44609,79,0,79,1,16777216,4316,0.161,0,0.339
1,4319,39788.693,level1,0,1024,640,10.181,1,880.156,880.156,50.000,1,0.233,6.898,0.109,0.730,1.465,0.014,1,1,1419,5480,8,225888,1274,556,698,44618,79,0,79,1,16777216,4317,0.182,0,0.314
1,4320,39797.611,level1,0,1024,640,7.384,1,8.403,8.403,8.000,0,0.152,8.397,0.141,0.719,1.677,0.015,1,1,1419,5480,8,225888,1274,556,698,44627,79,0,79,1,16777216,4318,0.172,0,0.220
1,4321,39806.564,level1,0,1024,640,10.364,1,8.979,8.979,9.000,0,0.225,7.012,0.117,0.817,2.073,0.017,1,1,1419,5480,8,225888,1274,556,698,44636,79,0,79,1,16777216,4319,0.183,0,0.281
1,4322,39815.076,level1,0,1024,640,8.813,1,8.914,8.914,9.000,0,0.135,6.759,0.069,0.676,1.488,0.011,1,1,1419,5480,8,225888,1274,556,698,44645,79,0,79,1,16777216,4320,1.464,0,0.243
1,4323,39824.954,level1,0,1024,640,8.910,1,9.452,9.452,9.000,0,0.129,7.648,0.146,0.936,2.187,0.016,1,1,1419,5480,8,225888,1274,556,698,44654,79,0,79,1,16777216,4321,0.193,0,1.183
1,4324,39834.180,level1,0,1024,640,9.166,1,8.993,8.993,9.000,0,0.233,7.772,0.083,0.663,1.786,0.025,1,1,1419,5480,8,225888,1274,556,698,44663,79,0,79,1,16777216,4322,0.175,0,0.296
1,4325,39843.539,level1,0,1024,640,10.604,1,9.203,9.203,10.000,0,0.215,6.491,0.120,0.704,1.530,0.016,1,1,1419,5480,8,225888,1274,556,698,44672,79,0,79,1,16777216,4323,0.180,0,0.274
1,4326,39851.761,level1,0,1024,640,7.961,1,9.312,9.312,9.000,0,0.133,6.772,0.099,0.697,1.675,0.016,1,1,1419,5480,8,225888,1274,556,698,44681,79,0,79,1,16777216,4324,0.178,0,0.226
1,4327,39860.194,level1,0,1024,640,8.254,1,8.215,8.215,8.000,0,0.137,6.863,0.187,0.700,1.849,0.040,1,1,1419,5480,8,225888,1274,556,698,44690,79,0,79,1,16777216,4325,0.178,0,0.221
1,4328,39869.550,level1,0,1024,640,8.932,1,8.842,8.842,9.000,0,0.537,7.398,0.076,0.851,1.952,0.014,1,1,1419,5480,8,225888,1274,556,698,44699,79,0,79,1,16777216,4326,0.176,0,0.619
1,4329,39877.964,level1,0,1024,640,8.947,1,9.101,9.101,9.000,0,0.229,6.875,0.067,0.655,1.705,0.011,1,1,1419,5480,8,225888,1274,556,698,44708,79,0,79,1,16777216,4327,0.175,0,0.371
1,4330,39887.916,level1,0,1024,640,10.027,1,8.361,8.361,9.000,0,0.312,6.784,0.083,0.660,1.538,0.013,1,1,1419,5480,8,225888,1274,556,698,44717,79,0,79,1,16777216,4328,0.172,0,0.320
1,4331,39896.167,level1,0,1024,640,8.253,1,9.925,9.925,10.000,0,0.162,6.760,0.105,0.906,1.612,0.011,1,1,1419,5480,8,225888,1274,556,698,44726,79,0,79,1,16777216,4329,0.167,0,0.294
1,4332,39907.063,level1,0,1024,640,8.979,1,8.200,8.200,8.000,0,0.221,8.690,0.091,0.741,1.695,0.013,1,1,1419,5480,8,225888,1274,556,698,44735,79,0,79,1,16777216,4330,0.170,0,0.242
1,4333,39916.791,level1,0,1024,640,11.046,1,10.940,10.940,10.000,0,0.234,7.300,0.164,0.958,2.174,0.016,1,1,1419,5480,8,225888,1274,556,698,44744,79,0,79,1,16777216,4331,0.168,0,0.286
1,4334,39925.193,level1,0,1024,640,9.214,1,9.747,9.747,10.000,0,0.232,6.437,0.213,0.644,1.512,0.014,1,1,1419,5480,8,225888,1274,556,698,44753,79,0,79,1,16777216,4332,0.161,0,0.304
1,4335,39934.925,level1,0,1024,640,7.905,1,8.339,8.339,9.000,0,0.148,8.359,0.116,0.679,1.754,0.012,1,1,1419,5480,8,225888,1274,556,698,44762,79,0,79,1,16777216,4333,0.183,0,0.243
1,4336,39942.926,level1,0,1024,640,10.132,1,9.700,9.700,10.000,0,0.136,6.292,0.057,0.674,1.367,0.009,1,1,1419,5480,8,225888,1274,556,698,44771,79,0,79,1,16777216,4334,0.175,0,0.211
1,4337,39952.892,level1,0,1024,640,8.418,1,8.024,8.024,8.000,0,0.193,7.759,0.137,0.805,1.755,0.013,1,1,1419,5480,8,225888,1274,556,698,44780,79,0,79,1,16777216,4335,0.172,0,0.232
1,4338,39963.866,level1,0,1024,640,9.380,1,10.038,10.038,9.000,0,0.231,9.309,0.170,1.137,2.230,0.022,1,1,1419,5480,8,225888,1274,556,698,44789,79,0,79,1,16777216,4336,0.181,0,0.301
1,4339,39972.067,level1,0,1024,640,10.417,1,11.222,11.222,11.000,0,0.211,7.167,0.108,0.664,1.558,0.011,1,1,1419,5480,8,225888,1274,556,698,44798,79,0,79,1,16777216,4337,0.175,0,0.550
1,4340,39980.470,level1,0,1024,640,8.014,1,7.843,7.843,9.000,0,0.147,7.554,0.107,0.944,2.165,0.017,1,1,1419,5480,8,225888,1274,556,698,44807,79,0,79,1,16777216,4338,0.161,0,0.196
1,4341,39987.717,level1,0,1024,640,8.430,1,8.725,8.725,9.000,0,0.236,6.422,0.059,0.706,1.704,0.008,1,1,1419,5480,8,225888,1274,556,698,44816,79,0,79,1,16777216,4339,0.176,0,0.511
1,4342,39994.769,level1,0,1024,640,6.853,1,6.963,6.963,6.000,0,0.132,6.591,0.086,0.727,1.803,0.009,1,1,1419,5480,8,225888,1274,556,698,44825,79,0,79,1,16777216,4340,0.159,0,0.234
1,4343,40001.217,level1,0,1024,640,7.019,1,7.022,7.022,7.000,0,0.125,6.068,0.040,0.641,1.376,0.007,1,1,1419,5480,8,225888,1274,556,698,44834,79,0,79,1,16777216,4341,0.178,0,0.204
1,4344,40008.089,level1,0,1024,640,6.487,1,6.439,6.439,7.000,0,0.173,6.053,0.439,0.663,1.496,0.011,1,1,1419,5480,8,225888,1274,556,698,44843,79,0,79,1,16777216,4342,0.169,0,0.196
1,4345,40015.869,level1,0,1024,640,7.867,1,7.037,7.037,7.000,0,0.146,6.351,0.055,0.692,1.467,0.009,1,1,1419,5480,8,225888,1274,556,698,44852,79,0,79,1,16777216,4343,0.175,0,0.360
1,4346,40023.142,level1,0,1024,640,7.103,1,7.886,7.886,8.000,0,0.224,6.528,0.048,0.649,1.535,0.010,1,1,1419,5480,8,225888,1274,556,698,44861,79,0,79,1,16777216,4344,0.173,0,0.465
1,4347,40030.851,level1,0,1024,640,7.030,1,7.068,7.068,6.000,0,0.187,7.140,0.114,0.948,2.092,0.011,1,1,1419,5480,8,225888,1274,556,698,44870,79,0,79,1,16777216,4345,0.187,0,0.262
1,4348,40037.864,level1,0,1024,640,7.985,1,7.663,7.663,8.000,0,0.126,6.239,0.045,0.638,1.387,0.008,1,1,1419,5480,8,225888,1274,556,698,44879,79,0,79,1,16777216,4346,0.168,0,0.216
1,4349,40045.327,level1,0,1024,640,6.671,1,6.996,6.996,7.000,0,0.184,7.013,0.061,0.657,1.451,0.008,1,1,1419,5480,8,225888,1274,556,698,44888,79,0,79,1,16777216,4347,0.176,0,0.199
1,4350,40052.085,level1,0,1024,640,7.540,1,7.521,7.521,8.000,0,0.202,6.246,0.046,0.637,1.511,0.008,1,1,1419,5480,8,225888,1274,556,698,44897,79,0,79,1,16777216,4348,0.162,0,0.256
1,4351,40059.539,level1,0,1024,640,6.810,1,6.748,6.748,6.000,0,0.265,6.844,0.090,0.644,1.379,0.010,1,1,1419,5480,8,225888,1274,556,698,44906,79,0,79,1,16777216,4349,0.186,0,0.245
1,4352,40067.462,level1,0,1024,640,8.438,1,7.416,7.416,8.000,0,0.123,6.370,0.051,0.650,1.545,0.009,1,1,1419,5480,8,225888,1274,556,698,44915,79,0,79,1,16777216,4350,0.178,0,0.209
1,4353,40074.453,level1,0,1024,640,7.191,1,7.944,7.944,8.000,0,0.135,6.150,0.051,0.644,1.418,0.008,1,1,1419,5480,8,225888,1274,556,698,44924,79,0,79,1,16777216,4351,0.175,0,0.228
1,4354,40081.287,level1,0,1024,640,6.595,1,7.003,7.003,7.000,0,0.123,6.405,0.056,0.699,1.511,0.008,1,1,1419,5480,8,225888,1274,556,698,44933,79,0,79,1,16777216,4352,0.171,0,0.241
1,4355,40087.626,level1,0,1024,640,6.810,1,6.801,6.801,7.000,0,0.136,5.949,0.040,0.636,1.332,0.009,1,1,1419,5480,8,225888,1274,556,698,44942,79,0,79,1,16777216,4353,0.176,0,0.208
1,4356,40096.298,level1,0,1024,640,7.339,1,6.491,6.491,6.000,0,0.124,7.262,0.062,0.677,1.374,0.009,1,1,1419,5480,8,225888,1274,556,698,44951,79,0,79,1,16777216,4354,0.164,0,0.359
1,4357,40105.204,level1,0,1024,640,9.717,1,8.517,8.517,8.000,0,0.136,6.407,0.105,0.800,1.515,0.011,1,1,1419,5480,8,225888,1274,556,698,44960,79,0,79,1,16777216,4355,0.177,0,0.205
1,4358,40112.431,level1,0,1024,640,7.311,1,8.911,8.911,9.000,0,0.137,6.337,0.092,0.638,1.691,0.018,1,1,1419,5480,8,225888,1274,556,698,44969,79,0,79,1,16777216,4356,0.170,0,0.211
1,4359,40118.686,level1,0,1024,640,6.790,1,7.250,7.250,8.000,0,0.119,5.852,0.042,0.669,1.334,0.007,1,1,1419,5480,8,225888,1274,556,698,44978,79,0,79,1,16777216,4357,0.170,0,0.234
1,4360,40125.713,level1,0,1024,640,6.644,1,6.546,6.546,6.000,0,0.215,6.225,0.051,0.660,1.372,0.008,1,1,1419,5480,8,225888,1274,556,698,44987,79,0,79,1,16777216,4358,0.173,0,0.524
1,4361,40134.799,level1,0,1024,640,8.935,1,6.686,6.686,7.000,0,0.121,6.258,0.170,0.644,1.638,0.018,1,1,1419,5480,8,225888,1274,556,698,44996,79,0,79,1,16777216,4359,0.182,0,0.184
1,4362,40141.412,level1,0,1024,640,7.089,1,9.231,9.231,9.000,0,0.198,5.907,0.045,0.657,1.331,0.008,1,1,1424,5528,8,226912,1274,555,699,45005,79,0,79,1,16777216,4360,0.166,0,0.329
1,4363,40147.653,level1,0,1024,640,6.281,1,6.472,6.472,6.000,0,0.137,5.870,0.043,0.660,1.328,0.007,1,1,1424,5528,8,226912,1274,555,699,45014,79,0,79,1,16777216,4361,0.175,0,0.187
1,4364,40154.805,level1,0,1024,640,6.226,1,6.253,6.253,8.000,0,0.111,6.778,0.060,0.663,1.510,0.008,1,1,1424,5528,8,226912,1274,555,699,45023,79,0,79,1,16777216,4362,0.164,0,0.199
1,4365,40161.522,level1,0,1024,640,7.167,1,7.147,7.147,6.000,0,0.128,6.344,0.044,0.735,1.500,0.007,1,1,1424,5528,8,226912,1274,555,699,45032,79,0,79,1,16777216,4363,0.176,0,0.195
1,4366,40168.084,level1,0,1024,640,6.727,1,6.741,6.741,7.000,0,0.117,6.178,0.044,0.648,1.335,0.008,1,1,1424,5528,8,226912,1274,555,699,45041,79,0,79,1,16777216,4364,0.167,0,0.218
1,4367,40174.634,level1,0,1024,640,6.550,1,6.528,6.528,6.000,0,0.139,6.181,0.042,0.647,1.460,0.008,1,1,1424,5528,8,226912,1274,555,699,45050,79,0,79,1,16777216,4365,0.183,0,0.184
1,4368,40181.533,level1,0,1024,640,6.548,1,6.569,6.569,7.000,0,0.118,6.496,0.077,0.647,1.787,0.017,1,1,1431,5542,8,227920,1274,548,706,45059,79,0,79,1,16777216,4366,0.173,0,0.204
1,4369,40188.316,level1,0,1024,640,7.233,1,7.191,7.191,7.000,0,0.160,6.085,0.039,0.642,1.430,0.007,1,1,1431,5542,8,227920,1274,548,706,45068,79,0,79,1,16777216,4367,0.180,0,0.493
1,4370,40194.918,level1,0,1024,640,6.472,1,6.473,6.473,7.000,0,0.152,6.206,0.047,0.641,1.348,0.008,1,1,1431,5542,8,227920,1274,548,706,45077,79,0,79,1,16777216,4368,0.176,0,0.186
1,4371,40202.031,level1,0,1024,640,6.589,1,6.634,6.634,7.000,0,0.114,6.729,0.048,0.643,1.428,0.007,1,1,1431,5542,8,227920,1274,548,706,45086,79,0,79,1,16777216,4369,0.176,0,0.217
1,4372,40208.948,level1,0,1024,640,7.087,1,7.064,7.064,7.000,0,0.137,6.565,0.042,0.640,1.420,0.008,1,1,1431,5542,8,227920,1274,548,706,45095,79,0,79,1,16777216,4370,0.164,0,0.168
1,4373,40215.858,level1,0,1024,640,7.133,1,7.015,7.015,6.000,0,0.250,6.317,0.068,0.691,1.385,0.009,1,1,1431,5542,8,227920,1274,548,706,45104,79,0,79,1,16777216,4371,0.162,0,0.253
1,4374,40222.793,level1,0,1024,640,6.926,1,6.990,6.990,7.000,0,0.189,6.348,0.045,0.644,1.467,0.007,1,1,1426,5527,8,227160,1274,549,705,45113,79,0,79,1,16777216,4372,0.160,0,0.344
1,4375,40229.462,level1,0,1024,640,6.706,1,6.763,6.763,7.000,0,0.130,6.312,0.045,0.650,1.346,0.009,1,1,1426,5527,8,227160,1274,549,705,45122,79,0,79,1,16777216,4373,0.178,0,0.174
1,4376,40236.218,level1,0,1024,640,6.768,1,6.710,6.710,7.000,0,0.191,6.301,0.043,0.642,1.315,0.007,1,1,1426,5527,8,227160,1274,549,705,45131,79,0,79,1,16777216,4374,0.168,0,0.215
1,4377,40242.835,level1,0,1024,640,6.670,1,6.743,6.743,6.000,0,0.119,6.235,0.056,0.641,1.451,0.009,1,1,1426,5527,8,227160,1274,549,705,45140,79,0,79,1,16777216,4375,0.164,0,0.203
1,4378,40249.832,level1,0,1024,640,6.624,1,6.624,6.624,7.000,0,0.120,6.618,0.046,0.662,1.655,0.007,1,1,1421,5512,8,226400,1274,550,704,45149,79,0,79,1,16777216,4376,0.168,0,0.209
1,4379,40256.618,level1,0,1024,640,7.029,1,6.970,6.970,7.000,0,0.172,6.380,0.042,0.730,1.634,0.008,1,1,1418,5488,8,225824,1274,551,703,45158,79,0,79,1,16777216,4377,0.175,0,0.181
1,4380,40264.256,level1,0,1024,640,6.843,1,6.896,6.896,7.000,0,0.126,7.155,0.061,0.655,1.441,0.009,1,1,1418,5488,8,225824,1274,551,703,45167,79,0,79,1,16777216,4378,0.166,0,0.291
1,4381,40271.564,level1,0,1024,640,7.758,1,7.660,7.660,8.000,0,0.220,6.689,0.075,0.670,1.426,0.008,1,1,1413,5473,8,225064,1180,459,702,45176,79,0,79,1,16777216,4379,0.171,0,0.312
1,4382,40278.326,level1,0,1024,640,7.320,1,7.316,7.316,7.000,0,0.225,6.163,0.045,0.670,1.416,0.007,1,1,1396,5439,8,222616,1180,476,685,45185,79,0,79,1,16777216,4380,0.167,0,0.320
1,4383,40285.255,level1,0,1024,640,7.039,1,6.692,6.692,7.000,0,0.569,6.042,0.056,0.652,1.328,0.007,1,1,1396,5439,8,222616,1180,476,685,45194,79,0,79,1,16777216,4381,0.171,0,0.250
1,4384,40293.668,level1,0,1024,640,6.591,1,6.930,6.930,7.000,0,0.234,7.848,0.072,1.021,1.904,0.012,1,1,1393,5415,8,222040,1180,477,684,45203,79,0,79,1,16777216,4382,0.166,0,0.253
1,4385,40300.684,level1,0,1024,640,8.324,1,8.359,8.359,9.000,0,0.197,6.564,0.049,0.647,1.437,0.008,1,1,1393,5415,8,222040,1180,477,684,45212,79,0,79,1,16777216,4383,0.174,0,0.197
1,4386,40307.216,level1,0,1024,640,7.063,1,7.062,7.062,7.000,0,0.200,6.039,0.042,0.646,1.333,0.007,1,1,1393,5415,8,222040,1180,477,684,45221,79,0,79,1,16777216,4384,0.167,0,0.245
1,4387,40314.328,level1,0,1024,640,6.601,1,6.581,6.581,6.000,0,0.215,6.545,0.047,0.650,1.356,0.007,1,1,1393,5415,8,222040,1180,477,684,45230,79,0,79,1,16777216,4385,0.178,0,0.293
1,4388,40321.650,level1,0,1024,640,7.106,1,7.118,7.118,7.000,0,0.206,6.754,0.053,0.662,1.338,0.008,1,1,1393,5415,8,222040,1180,477,684,45239,79,0,79,1,16777216,4386,0.163,0,0.299
1,4389,40330.690,level1,0,1024,640,9.433,1,7.402,7.402,7.000,0,0.345,6.358,0.057,0.774,1.682,0.009,1,1,1393,5415,8,222040,1180,477,684,45248,79,0,79,1,16777216,4387,0.171,0,0.380
1,4390,40338.465,level1,0,1024,640,7.552,1,8.940,8.940,10.000,0,0.127,6.584,0.054,0.674,1.344,0.007,1,1,1393,5415,8,222040,1180,477,684,45257,79,0,79,1,16777216,4388,0.166,0,0.281
1,4391,40344.949,level1,0,1024,640,7.129,1,7.802,7.802,7.000,0,0.177,5.949,0.044,0.642,1.339,0.007,1,1,1393,5415,8,222040,1180,477,684,45266,79,0,79,1,16777216,4389,0.180,0,0.307
1,4392,40367.526,level1,0,1024,640,22.065,1,22.003,22.003,22.000,0,0.232,6.359,0.146,0.817,1.848,0.017,1,1,1390,5391,8,221464,1180,478,683,45275,79,0,79,1,16777216,4390,0.168,0,15.820
1,4393,40375.539,level1,0,1024,640,6.959,1,7.031,7.031,7.000,0,0.170,7.509,0.050,0.655,1.506,0.008,1,1,1385,5376,8,220704,1180,479,682,45284,79,0,79,1,16777216,4391,0.173,0,0.280
1,4394,40384.902,level1,0,1024,640,10.229,1,7.996,7.996,8.000,0,0.145,6.579,0.113,0.647,1.381,0.008,1,1,1385,5376,8,220704,1180,479,682,45293,79,0,79,1,16777216,4392,0.181,0,0.262
1,4395,40392.453,level1,0,1024,640,7.582,1,9.370,9.370,10.000,0,0.120,6.613,0.048,0.647,1.346,0.010,1,1,1385,5376,8,220704,1180,479,682,45302,79,0,79,1,16777216,4393,0.170,0,0.269
1,4396,40399.224,level1,0,1024,640,7.117,1,7.463,7.463,7.000,0,0.261,6.232,0.084,0.638,1.377,0.010,1,1,1385,5376,8,220704,1180,479,682,45311,79,0,79,1,16777216,4394,0.164,0,0.181
1,4397,40405.934,level1,0,1024,640,6.919,1,6.987,6.987,7.000,0,0.198,6.064,0.043,0.726,1.437,0.007,1,1,1385,5376,8,220704,1180,479,682,45320,79,0,79,1,16777216,4395,0.174,0,0.390
1,4398,40412.444,level1,0,1024,640,6.559,1,6.592,6.592,7.000,0,0.163,5.983,0.073,0.644,1.429,0.009,1,1,1385,5376,8,220704,1180,479,682,45329,79,0,79,1,16777216,4396,0.152,0,0.279
1,4399,40419.594,level1,0,1024,640,6.865,1,6.643,6.643,6.000,0,0.385,6.297,0.046,0.738,1.669,0.007,1,1,1385,5376,8,220704,1180,479,682,45338,79,0,79,1,16777216,4397,0.171,0,0.410
1,4400,40426.009,level1,0,1024,640,6.794,1,6.957,6.957,8.000,0,0.217,5.919,0.045,0.637,1.302,0.007,1,1,1385,5376,8,220704,1180,479,682,45347,79,0,79,1,16777216,4398,0.160,0,0.219
1,4401,40433.141,level1,0,1024,640,6.391,1,6.479,6.479,6.000,0,0.137,6.654,0.051,0.665,1.355,0.008,1,1,1385,5376,8,220704,1180,479,682,45356,79,0,79,1,16777216,4399,0.175,0,0.284
1,4402,40440.394,level1,0,1024,640,7.109,1,7.048,7.048,7.000,0,0.197,6.806,0.044,0.640,1.440,0.007,1,1,1385,5376,8,220704,1180,479,682,45365,79,0,79,1,16777216,4400,0.164,0,0.198
1,4403,40447.001,level1,0,1024,640,7.356,1,7.363,7.363,7.000,0,0.189,6.057,0.045,0.661,1.355,0.007,1,1,1385,5376,8,220704,1180,479,682,45374,79,0,79,1,16777216,4401,0.178,0,0.309
1,4404,40453.500,level1,0,1024,640,6.534,1,6.552,6.552,6.000,0,0.169,6.020,0.046,0.635,1.297,0.007,1,1,1385,5376,8,220704,1180,479,682,45383,79,0,79,1,16777216,4402,0.163,0,0.254
1,4405,40461.169,level1,0,1024,640,6.623,1,6.592,6.592,7.000,0,0.203,7.065,0.046,0.660,1.324,0.007,1,1,1385,5376,8,220704,1180,479,682,45392,79,0,79,1,16777216,4403,0.170,0,0.347
1,4406,40468.100,level1,0,1024,640,7.577,1,7.639,7.639,7.000,0,0.141,6.393,0.071,0.648,1.301,0.007,1,1,1385,5376,8,220704,1180,479,682,45401,79,0,79,1,16777216,4404,0.164,0,0.317
1,4407,40475.484,level1,0,1024,640,7.315,1,7.174,7.174,8.000,0,0.275,6.483,0.050,0.749,1.570,0.010,1,1,1385,5376,8,220704,1180,479,682,45410,79,0,79,1,16777216,4405,0.169,0,0.559
1,4408,40482.197,level1,0,1024,640,6.927,1,6.998,6.998,7.000,0,0.208,6.275,0.045,0.652,1.419,0.007,1,1,1385,5376,8,220704,1180,479,682,45419,79,0,79,1,16777216,4406,0.166,0,0.177
1,4409,40488.977,level1,0,1024,640,6.744,1,6.839,6.839,7.000,0,0.117,6.291,0.065,0.680,1.545,0.013,1,1,1385,5376,8,220704,1180,479,682,45428,79,0,79,1,16777216,4407,0.171,0,0.302
1,4410,40495.899,level1,0,1024,640,6.865,1,6.801,6.801,6.000,0,0.176,6.368,0.044,0.734,1.621,0.007,1,1,1385,5376,8,220704,1180,479,682,45437,79,0,79,1,16777216,4408,0.167,0,0.322
1,4411,40502.788,level1,0,1024,640,6.796,1,6.830,6.830,7.000,0,0.148,6.463,0.043,0.638,1.376,0.007,1,1,1385,5376,8,220704,1180,479,682,45446,79,0,79,1,16777216,4409,0.173,0,0.229
1,4412,40509.967,level1,0,1024,640,6.947,1,6.824,6.824,7.000,0,0.266,6.653,0.085,0.641,1.706,0.010,1,1,1385,5376,8,220704,1180,479,682,45455,79,0,79,1,16777216,4410,0.164,0,0.167
1,4413,40516.388,level1,0,1024,640,7.181,1,7.324,7.324,8.000,0,0.126,5.936,0.043,0.642,1.400,0.007,1,1,1385,5376,8,220704,1180,479,682,45464,79,0,79,1,16777216,4411,0.173,0,0.310
1,4414,40523.143,level1,0,1024,640,6.379,1,6.384,6.384,6.000,0,0.122,6.309,0.046,0.663,1.376,0.007,1,1,1385,5376,8,220704,1180,479,682,45473,79,0,79,1,16777216,4412,0.165,0,0.273
1,4415,40530.270,level1,0,1024,640,7.135,1,7.132,7.132,7.000,0,0.123,6.300,0.046,0.768,1.471,0.008,1,1,1385,5376,8,220704,1180,479,682,45482,79,0,79,1,16777216,4413,0.175,0,0.649
1,4416,40537.994,level1,0,1024,640,6.813,1,6.809,6.809,7.000,0,0.126,7.167,0.091,1.261,2.087,0.008,1,1,1363,5327,8,217496,1116,434,664,45491,79,0,79,1,16777216,4414,0.170,0,0.333
1,4417,40544.890,level1,0,1024,640,7.649,1,7.646,7.646,8.000,0,0.129,6.460,0.044,0.635,1.358,0.007,1,1,1363,5327,8,217496,1116,434,664,45500,79,0,79,1,16777216,4415,0.171,0,0.255
1,4418,40552.354,level1,0,1024,640,6.992,1,6.837,6.837,6.000,0,0.284,6.928,0.047,0.727,1.398,0.008,1,1,1368,5342,8,218256,1116,433,665,45509,79,0,79,1,16777216,4416,0.166,0,0.197
1,4419,40559.084,level1,0,1024,640,7.532,1,7.601,7.601,8.000,0,0.217,6.124,0.050,0.633,1.421,0.010,1,1,1368,5342,8,218256,1116,433,665,45518,79,0,79,1,16777216,4417,0.171,0,0.332
1,4420,40565.601,level1,0,1024,640,7.053,1,6.773,6.773,6.000,0,0.492,5.597,0.043,0.627,1.277,0.007,1,1,1368,5342,8,218256,1116,433,665,45527,79,0,79,1,16777216,4418,0.164,0,0.371
1,4421,40572.139,level1,0,1024,640,6.032,1,6.407,6.407,7.000,0,0.123,6.098,0.046,0.637,1.308,0.007,1,1,1368,5342,8,218256,1116,433,665,45536,79,0,79,1,16777216,4419,0.170,0,0.266
1,4422,40579.011,level1,0,1024,640,6.524,1,6.450,6.450,6.000,0,0.194,6.423,0.069,0.841,1.783,0.013,1,1,1371,5366,8,218832,1116,432,666,45545,79,0,79,1,16777216,4420,0.163,0,0.178
1,4423,40588.059,level1,0,1024,640,9.286,1,6.946,6.946,8.000,0,0.203,6.204,0.050,0.640,1.503,0.008,1,1,1371,5366,8,218832,1116,432,666,45554,79,0,79,1,16777216,4421,0.189,0,0.252
1,4424,40595.241,level1,0,1024,640,7.276,1,9.113,9.113,9.000,0,0.168,6.113,0.046,0.664,1.439,0.008,1,1,1371,5366,8,218832,1116,432,666,45563,79,0,79,1,16777216,4422,0.164,0,0.316
1,4425,40602.410,level1,0,1024,640,6.602,1,7.110,7.110,6.000,0,0.191,6.682,0.045,0.663,1.320,0.007,1,1,1371,5366,8,218832,1116,432,666,45572,79,0,79,1,16777216,4423,0.170,0,0.245
1,4426,40608.585,level1,0,1024,640,7.273,1,7.100,7.100,8.000,0,0.361,5.586,0.043,0.636,1.290,0.006,1,1,1371,5366,8,218832,1116,432,666,45581,79,0,79,1,16777216,4424,0.163,0,0.177
1,4427,40615.940,level1,0,1024,640,6.480,1,6.602,6.602,7.000,0,0.241,6.456,0.048,0.671,1.403,0.008,1,1,1371,5366,8,218832,1116,432,666,45590,79,0,79,1,16777216,4425,0.171,0,0.599
1,4428,40622.376,level1,0,1024,640,6.946,1,7.008,7.008,7.000,0,0.180,5.946,0.047,0.650,1.380,0.007,1,1,1371,5366,8,218832,1116,432,666,45599,79,0,79,1,16777216,4426,0.245,0,0.255
1,4429,40629.149,level1,0,1024,640,6.529,1,6.358,6.358,6.000,0,0.347,6.159,0.079,0.639,1.531,0.012,1,1,1371,5366,8,218832,1116,432,666,45608,79,0,79,1,16777216,4427,0.173,0,0.179
1,4430,40639.146,level1,0,1024,640,6.931,1,7.060,7.060,6.000,0,0.222,9.160,0.142,0.695,1.469,0.017,1,1,1371,5366,8,218832,1116,432,666,45617,79,0,79,1,16777216,4428,0.168,0,0.465
1,4431,40646.863,level1,0,1024,640,9.820,1,9.841,9.841,10.000,0,0.197,7.145,0.056,0.673,1.637,0.012,1,1,1374,5390,8,219408,1116,431,667,45626,79,0,79,1,16777216,4429,0.162,0,0.307
1,4432,40653.382,level1,0,1024,640,7.548,1,7.626,7.626,8.000,0,0.125,6.123,0.048,0.652,1.378,0.007,1,1,1374,5390,8,219408,1116,431,667,45635,79,0,79,1,16777216,4430,0.171,0,0.217
1,4433,40660.231,level1,0,1024,640,6.484,1,6.474,6.474,7.000,0,0.135,6.490,0.047,0.668,1.426,0.007,1,1,1396,5439,8,222616,1210,506,685,45644,79,0,79,1,16777216,4431,0.175,0,0.174
1,4434,40666.871,level1,0,1024,640,6.908,1,6.862,6.862,7.000,0,0.180,6.219,0.050,0.641,1.449,0.007,1,1,1396,5439,8,222616,1210,506,685,45653,79,0,79,1,16777216,4432,0.167,0,0.185
1,4435,40673.456,level1,0,1024,640,6.675,1,6.703,6.703,6.000,0,0.151,6.135,0.044,0.630,1.422,0.007,1,1,1399,5463,8,223192,1210,505,686,45662,79,0,79,1,16777216,4433,0.166,0,0.246
1,4436,40680.735,level1,0,1024,640,6.612,1,6.576,6.576,7.000,0,0.187,6.771,0.071,0.918,1.995,0.010,1,1,1404,5478,8,223952,1210,504,687,45671,79,0,79,1,16777216,4434,0.164,0,0.239
1,4437,40687.611,level1,0,1024,640,7.282,1,7.294,7.294,7.000,0,0.170,6.396,0.044,0.653,1.470,0.007,1,1,1404,5478,8,223952,1210,504,687,45680,79,0,79,1,16777216,4435,0.178,0,0.254
1,4438,40694.691,level1,0,1024,640,6.906,1,6.887,6.887,8.000,0,0.195,6.558,0.056,0.745,1.696,0.011,1,1,1404,5478,8,223952,1210,504,687,45689,79,0,79,1,16777216,4436,0.163,0,0.266
1,4439,40701.116,level1,0,1024,640,6.984,1,7.036,7.036,6.000,0,0.140,6.013,0.043,0.660,1.465,0.008,1,1,1409,5493,8,224712,1210,503,688,45698,79,0,79,1,16777216,4437,0.176,0,0.221
1,4440,40708.011,level1,0,1024,640,6.420,1,6.379,6.379,6.000,0,0.184,6.486,0.044,0.655,1.338,0.007,1,1,1409,5493,8,224712,1210,503,688,45707,79,0,79,1,16777216,4438,0.167,0,0.175
1,4441,40715.362,level1,0,1024,640,7.072,1,6.915,6.915,7.000,0,0.337,6.762,0.046,0.648,1.324,0.007,1,1,1409,5493,8,224712,1210,503,688,45716,79,0,79,1,16777216,4439,0.174,0,0.196
1,4442,40722.130,level1,0,1024,640,7.233,1,7.388,7.388,8.000,0,0.187,6.300,0.043,0.648,1.359,0.007,1,1,1409,5493,8,224712,1210,503,688,45725,79,0,79,1,16777216,4440,0.169,0,0.233
1,4443,40728.755,level1,0,1024,640,6.719,1,6.709,6.709,7.000,0,0.196,6.203,0.046,0.635,1.447,0.017,1,1,1402,5479,8,223704,1210,510,681,45734,79,0,79,1,16777216,4441,0.168,0,0.174
1,4444,40735.095,level1,0,1024,640,6.631,1,6.639,6.639,6.000,0,0.188,5.916,0.042,0.627,1.391,0.007,1,1,1402,5479,8,223704,1210,510,681,45743,79,0,79,1,16777216,4442,0.166,0,0.187
1,4445,40742.007,level1,0,1024,640,6.322,1,6.319,6.319,7.000,0,0.192,6.481,0.066,0.783,1.740,0.010,1,1,1397,5431,8,222680,1210,511,680,45752,79,0,79,1,16777216,4443,0.172,0,0.166
1,4446,40749.230,level1,0,1024,640,7.085,1,7.046,7.046,6.000,0,0.217,6.642,0.044,0.657,1.450,0.008,1,1,1397,5431,8,222680,1210,511,680,45761,79,0,79,1,16777216,4444,0.164,0,0.299
1,4447,40755.840,level1,0,1024,640,7.182,1,7.209,7.209,7.000,0,0.193,6.072,0.042,0.641,1.477,0.007,1,1,1392,5383,8,221656,1210,512,679,45770,79,0,79,1,16777216,4445,0.252,0,0.285
1,4448,40763.364,level1,0,1024,640,6.565,1,6.556,6.556,7.000,0,0.214,7.013,0.059,0.634,1.352,0.007,1,1,1392,5383,8,221656,1210,512,679,45779,79,0,79,1,16777216,4446,0.168,0,0.232
1,4449,40770.144,level1,0,1024,640,7.393,1,7.484,7.484,8.000,0,0.123,6.416,0.043,0.691,1.426,0.007,1,1,1392,5383,8,221656,1210,512,679,45788,79,0,79,1,16777216,4447,0.186,0,0.192
1,4450,40776.910,level1,0,1024,640,6.890,1,6.824,6.824,7.000,0,0.189,6.292,0.044,0.634,1.298,0.007,1,1,1392,5383,8,221656,1210,512,679,45797,79,0,79,1,16777216,4448,0.169,0,0.235
1,4451,40783.538,level1,0,1024,640,6.787,1,6.778,6.778,6.000,0,0.197,6.132,0.045,0.627,1.326,0.008,1,1,1392,5383,8,221656,1210,512,679,45806,79,0,79,1,16777216,4449,0.169,0,0.247
1,4452,40790.043,level1,0,1024,640,6.546,1,6.620,6.620,7.000,0,0.124,6.092,0.043,0.676,1.416,0.008,1,1,1392,5383,8,221656,1210,512,679,45815,79,0,79,1,16777216,4450,0.163,0,0.240
1,4453,40796.570,level1,0,1024,640,6.515,1,6.445,6.445,6.000,0,0.194,6.109,0.039,0.634,1.373,0.007,1,1,1392,5383,8,221656,1210,512,679,45824,79,0,79,1,16777216,4451,0.173,0,0.178
1,4454,40803.084,level1,0,1024,640,6.481,1,6.553,6.553,7.000,0,0.122,6.135,0.046,0.748,1.542,0.011,1,1,1392,5383,8,221656,1210,512,679,45833,79,0,79,1,16777216,4452,0.153,0,0.206
1,4455,40810.095,level1,0,1024,640,6.873,1,6.581,6.581,7.000,0,0.413,6.274,0.045,0.708,1.485,0.007,1,1,1392,5383,8,221656,1210,512,679,45842,79,0,79,1,16777216,4453,0.226,0,0.270
1,4456,40818.856,level1,0,1024,640,8.770,1,6.987,6.987,6.000,0,0.197,6.241,0.069,0.785,1.629,0.010,1,1,1392,5383,8,221656,1210,512,679,45851,79,0,79,1,16777216,4454,0.166,0,0.248
1,4457,40826.918,level1,0,1024,640,8.055,1,9.934,9.934,10.000,0,0.136,6.269,0.049,0.635,1.311,0.008,1,1,1392,5383,8,221656,1210,512,679,45860,79,0,79,1,16777216,4455,0.171,0,1.421
1,4458,40833.603,level1,0,1024,640,6.730,1,6.852,6.852,7.000,0,0.196,6.226,0.048,0.640,1.343,0.008,1,1,1392,5383,8,221656,1210,512,679,45869,79,0,79,1,16777216,4456,0.165,0,0.211
1,4459,40840.287,level1,0,1024,640,6.753,1,6.740,6.740,8.000,0,0.206,6.161,0.043,0.668,1.324,0.007,1,1,1392,5383,8,221656,1210,512,679,45878,79,0,79,1,16777216,4457,0.217,0,0.265
1,4460,40846.597,level1,0,1024,640,6.618,1,6.631,6.631,6.000,0,0.191,5.856,0.040,0.630,1.294,0.007,1,1,1392,5383,8,221656,1210,512,679,45887,79,0,79,1,16777216,4458,0.164,0,0.213
1,4461,40854.051,level1,0,1024,640,6.196,1,6.261,6.261,6.000,0,0.131,7.041,0.112,0.686,1.559,0.011,1,1,1392,5383,8,221656,1210,512,679,45896,79,0,79,1,16777216,4459,0.170,0,0.165
1,4462,40861.241,level1,0,1024,640,7.708,1,7.541,7.541,8.000,0,0.293,6.587,0.049,0.669,1.604,0.009,1,1,1392,5383,8,221656,1210,512,679,45905,79,0,79,1,16777216,4460,0.166,0,0.250
1,4463,40868.398,level1,0,1024,640,7.074,1,7.191,7.191,7.000,0,0.179,6.672,0.048,0.631,1.461,0.008,1,1,1392,5383,8,221656,1210,512,679,45914,79,0,79,1,16777216,4461,0.183,0,0.253
1,4464,40875.340,level1,0,1024,640,7.108,1,7.083,7.083,6.000,0,0.204,6.501,0.053,0.638,1.311,0.008,1,1,1392,5383,8,221656,1210,512,679,45923,79,0,79,1,16777216,4462,0.167,0,0.179
1,4465,40882.272,level1,0,1024,640,7.002,1,7.040,7.040,8.000,0,0.163,6.423,0.059,0.630,1.503,0.008,1,1,1392,5383,8,221656,1210,512,679,45932,79,0,79,1,16777216,4463,0.178,0,0.277
1,4466,40889.249,level1,0,1024,640,6.939,1,6.912,6.912,7.000,0,0.190,6.428,0.093,0.644,1.422,0.011,1,1,1392,5383,8,221656,1210,512,679,45941,79,0,79,1,16777216,4464,0.230,0,0.255
1,4467,40896.209,level1,0,1024,640,6.926,1,6.994,6.994,6.000,0,0.119,6.487,0.069,0.685,1.499,0.008,1,1,1392,5383,8,221656,1210,512,679,45950,79,0,79,1,16777216,4465,0.196,0,0.273
1,4468,40903.406,level1,0,1024,640,6.996,1,6.925,6.925,8.000,0,0.195,6.686,0.070,0.654,1.531,0.009,1,1,1392,5383,8,221656,1210,512,679,45959,79,0,79,1,16777216,4466,0.164,0,0.238
1,4469,40910.192,level1,0,1024,640,7.107,1,7.182,7.182,7.000,0,0.122,6.385,0.050,0.685,1.563,0.009,1,1,1392,5383,8,221656,1210,512,679,45968,79,0,79,1,16777216,4467,0.175,0,0.223
1,4470,40917.610,level1,0,1024,640,7.257,1,7.051,7.051,7.000,0,0.323,6.509,0.086,0.633,1.387,0.009,1,1,1392,5383,8,221656,1210,512,679,45977,79,0,79,1,16777216,4468,0.163,0,0.487
1,4471,40924.167,level1,0,1024,640,7.025,1,7.185,7.185,7.000,0,0.168,6.083,0.045,0.629,1.325,0.008,1,1,1392,5383,8,221656,1210,512,679,45986,79,0,79,1,16777216,4469,0.186,0,0.255
1,4472,40931.240,level1,0,1024,640,6.494,1,6.478,6.478,7.000,0,0.185,6.654,0.052,0.712,1.510,0.008,1,1,1392,5383,8,221656,1210,512,679,45995,79,0,79,1,16777216,4470,0.164,0,0.177
1,4473,40937.861,level1,0,1024,640,7.028,1,7.081,7.081,7.000,0,0.131,6.260,0.040,0.628,1.307,0.007,1,1,1392,5383,8,221656,1210,512,679,46004,79,0,79,1,16777216,4471,0.173,0,0.184
1,4474,40944.682,level1,0,1024,640,6.636,1,6.638,6.638,7.000,0,0.130,6.403,0.081,0.629,1.426,0.007,1,1,1392,5383,8,221656,1210,512,679,46013,79,0,79,1,16777216,4472,0.166,0,0.202
1,4475,40951.584,level1,0,1024,640,6.924,1,6.928,6.928,6.000,0,0.122,6.416,0.046,0.643,1.460,0.008,1,1,1392,5383,8,221656,1210,512,679,46022,79,0,79,1,16777216,4473,0.179,0,0.308
1,4476,40958.287,level1,0,1024,640,6.909,1,6.899,6.899,8.000,0,0.135,6.213,0.044,0.631,1.421,0.010,1,1,1392,5383,8,221656,1210,512,679,46031,79,0,79,1,16777216,4474,0.167,0,0.305
1,4477,40965.057,level1,0,1024,640,6.698,1,6.676,6.676,5.000,0,0.153,6.284,0.045,0.643,1.423,0.007,1,1,1392,5383,8,221656,1210,512,679,46040,79,0,79,1,16777216,4475,0.169,0,0.278
1,4478,40972.042,level1,0,1024,640,6.719,1,6.685,6.685,7.000,0,0.190,6.551,0.044,0.638,1.295,0.007,1,1,1392,5383,8,221656,1210,512,679,46049,79,0,79,1,16777216,4476,0.165,0,0.194
1,4479,40978.794,level1,0,1024,640,7.026,1,7.071,7.071,7.000,0,0.145,6.252,0.068,0.632,1.340,0.009,1,1,1392,5383,8,221656,1210,512,679,46058,79,0,79,1,16777216,4477,0.174,0,0.280
1,4480,40985.993,level1,0,1024,640,7.237,1,7.131,7.131,7.000,0,0.250,6.237,0.045,0.642,1.446,0.007,1,1,1392,5383,8,221656,1210,512,679,46067,79,0,79,1,16777216,4478,0.162,0,0.658
1,4481,40992.709,level1,0,1024,640,6.684,1,6.814,6.814,8.000,0,0.120,6.268,0.046,0.632,1.407,0.007,1,1,1392,5383,8,221656,1210,512,679,46076,79,0,79,1,16777216,4479,0.179,0,0.275
1,4482,40999.653,level1,0,1024,640,6.851,1,6.624,6.624,6.000,0,0.343,6.342,0.065,0.727,1.516,0.008,1,1,1392,5383,8,221656,1210,512,679,46085,79,0,79,1,16777216,4480,0.164,0,0.184
1,4483,41006.849,level1,0,1024,640,6.861,1,7.079,7.079,8.000,0,0.126,6.683,0.059,0.619,1.339,0.007,1,1,1375,5349,8,219208,1210,529,662,46094,79,0,79,1,16777216,4481,0.177,0,0.317
1,4484,41013.484,level1,0,1024,640,7.151,1,7.160,7.160,6.000,0,0.121,6.182,0.044,0.617,1.309,0.007,1,1,1375,5349,8,219208,1210,529,662,46103,79,0,79,1,16777216,4482,0.174,0,0.284
1,4485,41020.705,level1,0,1024,640,6.749,1,6.548,6.548,7.000,0,0.319,6.572,0.124,0.628,1.505,0.011,1,1,1375,5349,8,219208,1210,529,662,46112,79,0,79,1,16777216,4483,0.174,0,0.196
1,4486,41027.484,level1,0,1024,640,7.337,1,7.378,7.378,7.000,0,0.278,6.096,0.044,0.624,1.623,0.007,1,1,1375,5349,8,219208,1210,529,662,46121,79,0,79,1,16777216,4484,0.156,0,0.352
1,4487,41034.219,level1,0,1024,640,6.535,1,6.592,6.592,6.000,0,0.225,6.295,0.044,0.621,1.410,0.007,1,1,1375,5349,8,219208,1210,529,662,46130,79,0,79,1,16777216,4485,0.172,0,0.166
1,4488,41041.357,level1,0,1024,640,6.871,1,6.744,6.744,7.000,0,0.347,6.561,0.047,0.621,1.276,0.007,1,1,1375,5349,8,219208,1210,529,662,46139,79,0,79,1,16777216,4486,0.167,0,0.174
1,4489,41048.121,level1,0,1024,640,7.026,1,7.260,7.260,8.000,0,0.118,6.302,0.044,0.615,1.304,0.006,1,1,1375,5349,8,219208,1210,529,662,46148,79,0,79,1,16777216,4487,0.183,0,0.295
1,4490,41055.516,level1,0,1024,640,6.823,1,6.746,6.746,6.000,0,0.194,6.872,0.046,0.626,1.324,0.007,1,1,1375,5349,8,219208,1210,529,662,46157,79,0,79,1,16777216,4488,0.165,0,0.278
1,4491,41062.445,level1,0,1024,640,7.487,1,7.294,7.294,8.000,0,0.378,6.315,0.045,0.628,1.418,0.007,1,1,1375,5349,8,219208,1210,529,662,46166,79,0,79,1,16777216,4489,0.169,0,0.177
1,4492,41070.522,level1,0,1024,640,6.748,1,7.015,7.015,7.000,0,0.119,7.592,0.095,0.942,2.174,0.012,1,1,1375,5349,8,219208,1210,529,662,46175,79,0,79,1,16777216,4490,0.167,0,0.263
1,4493,41079.542,level1,0,1024,640,10.076,1,8.062,8.062,8.000,0,0.145,6.583,0.052,0.620,1.764,0.010,1,1,1375,5349,8,219208,1210,529,662,46184,79,0,79,1,16777216,4491,0.170,0,0.249
1,4494,41087.471,level1,0,1024,640,7.540,1,8.980,8.980,9.000,0,0.194,6.921,0.101,0.803,1.590,0.016,1,1,1375,5349,8,219208,1210,529,662,46193,79,0,79,1,16777216,4492,0.165,0,0.208
1,4495,41095.218,level1,0,1024,640,7.636,1,8.112,8.112,8.000,0,0.211,7.080,0.054,0.620,1.642,0.008,1,1,1375,5349,8,219208,1210,529,662,46202,79,0,79,1,16777216,4493,0.169,0,0.390
1,4496,41102.482,level1,0,1024,640,7.576,1,7.534,7.534,7.000,0,0.256,6.729,0.092,0.630,1.429,0.007,1,1,1375,5349,8,219208,1210,529,662,46211,79,0,79,1,16777216,4494,0.230,0,0.179
1,4497,41111.162,level1,0,1024,640,9.227,1,7.325,7.325,8.000,0,0.119,6.206,0.062,0.622,1.365,0.008,1,1,1375,5349,8,219208,1210,529,662,46220,79,0,79,1,16777216,4495,0.176,0,0.239
1,4498,41118.052,level1,0,1024,640,7.191,1,8.758,8.758,9.000,0,0.320,5.925,0.049,0.619,1.342,0.008,1,1,1375,5349,8,219208,1210,529,662,46229,79,0,79,1,16777216,4496,0.166,0,0.315
1,4499,41124.657,level1,0,1024,640,6.443,1,6.819,6.819,7.000,0,0.216,6.093,0.043,0.625,1.388,0.007,1,1,1375,5349,8,219208,1210,529,662,46238,79,0,79,1,16777216,4497,0.171,0,0.247
1,4500,41131.676,level1,0,1024,640,6.669,1,6.764,6.764,6.000,0,0.119,6.396,0.089,0.847,1.710,0.010,1,1,1375,5349,8,219208,1210,529,662,46247,79,0,79,1,16777216,4498,0.175,0,0.406
1,4501,41138.699,level1,0,1024,640,6.981,1,6.937,6.937,7.000,0,0.166,6.482,0.046,0.633,1.469,0.009,1,1,1375,5349,8,219208,1210,529,662,46256,79,0,79,1,16777216,4499,0.176,0,0.321
1,4502,41145.341,level1,0,1024,640,7.053,1,6.873,6.873,7.000,0,0.343,6.074,0.043,0.624,1.464,0.007,1,1,1375,5349,8,219208,1210,529,662,46265,79,0,79,1,16777216,4500,0.169,0,0.174
1,4503,41152.176,level1,0,1024,640,6.590,1,6.816,6.816,7.000,0,0.120,6.312,0.049,0.624,1.278,0.007,1,1,1375,5349,8,219208,1210,529,662,46274,79,0,79,1,16777216,4501,0.174,0,0.347
1,4504,41158.862,level1,0,1024,640,6.835,1,6.690,6.690,7.000,0,0.258,6.168,0.044,0.637,1.439,0.010,1,1,1375,5349,8,219208,1210,529,662,46283,79,0,79,1,16777216,4502,0.170,0,0.203
1,4505,41165.963,level1,0,1024,640,7.013,1,6.792,6.792,6.000,0,0.484,6.252,0.048,0.619,1.454,0.008,1,1,1375,5349,8,219208,1210,529,662,46292,79,0,79,1,16777216,4503,0.166,0,0.308
1,4506,41173.103,level1,0,1024,640,6.932,1,7.181,7.181,8.000,0,0.235,6.460,0.048,0.730,1.566,0.010,1,1,1375,5349,8,219208,1210,529,662,46301,79,0,79,1,16777216,4504,0.165,0,0.388
1,4507,41182.108,level1,0,1024,640,8.943,1,7.001,7.001,7.000,0,0.159,6.520,0.050,0.654,1.355,0.009,1,1,1392,5383,8,221656,1210,512,679,46310,79,0,79,1,16777216,4505,0.175,0,0.250
1,4508,41189.973,level1,0,1024,640,7.514,1,9.005,9.005,9.000,0,0.194,6.875,0.047,0.794,1.704,0.009,1,1,1392,5383,8,221656,1210,512,679,46319,79,0,79,1,16777216,4506,0.166,0,0.250
1,4509,41196.601,level1,0,1024,640,7.351,1,7.853,7.853,7.000,0,0.185,6.155,0.044,0.638,1.299,0.007,1,1,1392,5383,8,221656,1210,512,679,46328,79,0,79,1,16777216,4507,0.174,0,0.238
1,4510,41203.737,level1,0,1024,640,6.610,1,6.570,6.570,7.000,0,0.222,6.681,0.045,0.662,1.372,0.007,1,1,1392,5383,8,221656,1210,512,679,46337,79,0,79,1,16777216,4508,0.158,0,0.182
1,4511,41210.965,level1,0,1024,640,7.189,1,7.224,7.224,7.000,0,0.186,6.667,0.093,0.680,1.450,0.008,1,1,1392,5383,8,221656,1210,512,679,46346,79,0,79,1,16777216,4509,0.196,0,0.268
1,4512,41217.618,level1,0,1024,640,7.215,1,7.271,7.271,7.000,0,0.132,6.153,0.049,0.636,1.308,0.007,1,1,1392,5383,8,221656,1210,512,679,46355,79,0,79,1,16777216,4510,0.166,0,0.312
1,4513,41224.686,level1,0,1024,640,6.722,1,6.526,6.526,7.000,0,0.324,6.490,0.057,0.673,1.379,0.007,1,1,1392,5383,8,221656,1210,512,679,46364,79,0,79,1,16777216,4511,0.178,0,0.186
1,4514,41231.447,level1,0,1024,640,6.952,1,7.164,7.164,7.000,0,0.117,6.300,0.055,0.641,1.324,0.007,1,1,1392,5383,8,221656,1210,512,679,46373,79,0,79,1,16777216,4512,0.171,0,0.281
1,4515,41237.887,level1,0,1024,640,6.757,1,6.738,6.738,7.000,0,0.137,5.997,0.042,0.743,1.461,0.007,1,1,1392,5383,8,221656,1210,512,679,46382,79,0,79,1,16777216,4513,0.173,0,0.259
1,4516,41245.194,level1,0,1024,640,6.542,1,6.497,6.497,6.000,0,0.183,6.680,0.122,0.633,1.376,0.008,1,1,1392,5383,8,221656,1210,512,679,46391,79,0,79,1,16777216,4514,0.166,0,0.315
1,4517,41252.473,level1,0,1024,640,7.615,1,7.414,7.414,8.000,0,0.376,6.422,0.046,0.634,1.415,0.008,1,1,1392,5383,8,221656,1210,512,679,46400,79,0,79,1,16777216,4515,0.166,0,0.419
1,4518,41260.562,level1,0,1024,640,6.975,1,7.094,7.094,7.000,0,0.261,7.510,0.072,0.637,1.552,0.009,1,1,1392,5383,8,221656,1210,512,679,46409,79,0,79,1,16777216,4516,0.204,0,0.214
1,4519,41266.861,level1,0,1024,640,7.969,1,8.106,8.106,8.000,0,0.125,5.871,0.042,0.632,1.290,0.008,1,1,1392,5383,8,221656,1210,512,679,46418,79,0,79,1,16777216,4517,0.173,0,0.254
1,4520,41274.569,level1,0,1024,640,6.313,1,6.316,6.316,6.000,0,0.124,7.160,0.148,0.644,1.557,0.007,1,1,1392,5383,8,221656,1210,512,679,46427,79,0,79,1,16777216,4518,0.169,0,0.271
1,4521,41285.492,level1,1,1024,640,9.838,1,7.707,7.707,8.000,0,0.122,8.343,0.050,0.639,1.543,0.012,1,1,1400,5399,33,224108,1210,511,680,46456,84,0,84,1,16777216,4519,0.174,0,0.270
1,4522,41293.263,level1,1,1024,640,9.527,1,11.637,11.637,12.000,0,0.018,6.557,0.076,0.638,1.593,0.016,1,1,1400,5399,33,224108,1210,511,680,46490,84,0,84,1,16777216,4520,0.170,0,0.985
1,4523,41301.280,level1,1,1024,640,8.211,1,7.061,7.061,7.000,0,0.026,6.389,0.054,0.633,1.457,0.012,1,1,1400,5399,33,224108,1210,511,680,46524,84,0,84,1,16777216,4521,0.266,0,0.275
1,4524,41309.462,level1,1,1024,640,7.817,1,7.957,7.957,8.000,0,0.021,6.728,0.079,0.642,1.574,0.020,1,1,1400,5399,33,224108,1210,511,680,46558,84,0,84,1,16777216,4522,0.245,0,0.215
1,4525,41317.126,level1,1,1024,640,8.063,1,8.169,8.169,8.000,0,0.020,6.320,0.088,0.628,1.696,0.023,1,1,1400,5399,33,224108,1210,511,680,46592,84,0,84,1,16777216,4523,0.243,0,0.203
1,4526,41325.447,level1,1,1024,640,7.794,1,7.909,7.909,8.000,0,0.041,6.880,0.056,0.648,1.671,0.012,1,1,1400,5399,33,224108,1210,511,680,46626,84,0,84,1,16777216,4524,0.234,0,0.447
1,4527,41333.418,level1,1,1024,640,8.424,1,8.057,8.057,7.000,0,0.016,6.373,0.109,0.730,1.498,0.018,1,1,1400,5399,33,224108,1210,511,680,46660,84,0,84,1,16777216,4525,0.253,0,0.184
1,4528,41342.515,level1,1,1024,640,7.893,1,8.241,8.241,9.000,0,0.052,7.411,0.274,0.846,1.917,0.017,1,1,1400,5399,33,224108,1210,511,680,46694,84,0,84,1,16777216,4526,0.240,0,0.452
1,4529,41351.215,level1,1,1024,640,9.011,1,8.958,8.958,9.000,0,0.043,7.296,0.079,0.914,1.986,0.015,1,1,1400,5399,33,224108,1210,511,680,46728,84,0,84,1,16777216,4527,0.252,0,0.311
1,4530,41359.227,level1,1,1024,640,8.567,1,8.631,8.631,9.000,0,0.027,6.756,0.065,0.662,1.730,0.013,1,1,1400,5399,33,224108,1210,511,680,46762,84,0,84,1,16777216,4528,0.241,0,0.244
1,4531,41367.160,level1,1,1024,640,8.049,1,7.992,7.992,8.000,0,0.019,6.603,0.101,0.652,1.353,0.012,1,1,1400,5399,33,224108,1210,511,680,46796,84,0,84,1,16777216,4529,0.251,0,0.225
1,4532,41375.401,level1,1,1024,640,7.936,1,7.937,7.937,7.000,0,0.023,6.951,0.058,0.645,1.574,0.013,1,1,1400,5399,33,224108,1210,511,680,46830,84,0,84,1,16777216,4530,0.227,0,0.229
1,4533,41383.566,level1,1,1024,640,8.212,1,8.196,8.196,9.000,0,0.016,6.853,0.109,0.640,1.445,0.028,1,1,1400,5399,33,224108,1210,511,680,46864,84,0,84,1,16777216,4531,0.250,0,0.186
1,4534,41391.935,level1,1,1024,640,8.412,1,8.393,8.393,8.000,0,0.036,6.860,0.059,0.691,1.379,0.013,1,1,1400,5399,33,224108,1210,511,680,46898,84,0,84,1,16777216,4532,0.239,0,0.406
1,4535,41401.212,level1,1,1024,640,8.291,1,8.143,8.143,7.000,0,0.017,7.782,0.123,0.700,1.556,0.019,1,1,1400,5399,33,224108,1210,511,680,46932,84,0,84,1,16777216,4533,0.250,0,0.188
1,4536,41409.775,level1,1,1024,640,9.641,1,9.317,9.317,11.000,0,0.026,6.732,0.094,0.675,1.594,0.022,1,1,1400,5399,33,224108,1210,511,680,46966,84,0,84,1,16777216,4534,0.242,0,0.227
1,4537,41418.419,level1,1,1024,640,8.168,1,8.624,8.624,9.000,0,0.023,7.246,0.059,0.692,1.908,0.016,1,1,1400,5399,33,224108,1210,511,680,47000,84,0,84,1,16777216,4535,0.255,0,0.288
1,4538,41427.193,level1,1,1024,640,8.525,1,8.638,8.638,8.000,0,0.038,7.492,0.061,0.648,1.821,0.015,1,1,1400,5399,33,224108,1210,511,680,47034,84,0,84,1,16777216,4536,0.262,0,0.281
1,4539,41434.880,level1,1,1024,640,8.689,1,8.778,8.778,8.000,0,0.025,6.456,0.093,0.640,1.325,0.013,1,1,1400,5399,33,224108,1210,511,680,47068,84,0,84,1,16777216,4537,0.249,0,0.285
1,4540,41442.927,level1,1,1024,640,8.109,1,7.683,7.683,8.000,0,0.032,6.423,0.064,0.665,1.567,0.014,1,1,1400,5399,33,224108,1210,511,680,47102,84,0,84,1,16777216,4538,0.243,0,0.280
1,4541,41450.864,level1,1,1024,640,7.715,1,7.987,7.987,9.000,0,0.026,6.653,0.057,0.723,1.635,0.014,1,1,1400,5399,33,224108,1210,511,680,47136,84,0,84,1,16777216,4539,0.245,0,0.222
1,4542,41458.381,level1,1,1024,640,7.772,1,7.907,7.907,8.000,0,0.018,6.404,0.052,0.632,1.496,0.013,1,1,1400,5399,33,224108,1210,511,680,47170,84,0,84,1,16777216,4540,0.239,0,0.192
1,4543,41465.893,level1,1,1024,640,7.666,1,7.515,7.515,6.000,0,0.017,6.255,0.047,0.633,1.444,0.012,1,1,1400,5399,33,224108,1210,511,680,47204,84,0,84,1,16777216,4541,0.250,0,0.190
1,4544,41472.545,level1,1,1024,640,6.551,1,7.550,7.550,8.000,0,0.017,6.353,0.050,0.645,1.398,0.011,1,1,1400,5399,33,224108,1210,511,680,47238,84,0,84,1,16777216,4542,0.239,0,0.229
1,4545,41481.967,level1,1,1024,640,9.175,1,6.675,6.675,7.000,0,0.020,6.580,0.069,0.697,1.535,0.014,1,1,1400,5399,33,224108,1210,511,680,47272,84,0,84,1,16777216,4543,0.249,0,0.250
1,4546,41491.889,level1,1,1024,640,8.358,1,9.374,9.374,10.000,0,0.020,8.131,0.083,0.652,1.538,0.014,1,1,1400,5399,33,224108,1210,511,680,47306,84,0,84,1,16777216,4544,0.239,0,0.204
1,4547,41500.492,level1,1,1024,640,9.975,1,10.195,10.195,10.000,0,0.022,6.736,0.106,0.747,1.783,0.017,1,1,1400,5399,33,224108,1210,511,680,47340,84,0,84,1,16777216,4545,0.249,0,0.475
1,4548,41508.749,level1,1,1024,640,8.037,1,8.420,8.420,8.000,0,0.028,7.004,0.057,0.846,1.552,0.013,1,1,1400,5399,33,224108,1210,511,680,47374,84,0,84,1,16777216,4546,0.239,0,0.293
1,4549,41516.618,level1,1,1024,640,8.154,1,8.372,8.372,8.000,0,0.038,6.721,0.056,0.657,1.571,0.013,1,1,1400,5399,33,224108,1210,511,680,47408,84,0,84,1,16777216,4547,0.243,0,0.408
1,4550,41525.716,level1,1,1024,640,8.007,1,7.738,7.738,8.000,0,0.024,7.810,0.058,0.634,1.543,0.012,1,1,1400,5399,33,224108,1210,511,680,47442,84,0,84,1,16777216,4548,0.253,0,0.277
1,4551,41532.664,level1,1,1024,640,8.249,1,9.048,9.048,9.000,0,0.022,6.460,0.108,0.641,1.445,0.012,1,1,1400,5399,33,224108,1210,511,680,47476,84,0,84,1,16777216,4549,0.250,0,0.227
1,4552,41541.337,level1,1,1024,640,7.923,1,6.982,6.982,8.000,0,0.037,7.244,0.073,0.670,1.377,0.014,1,1,1400,5399,33,224108,1210,511,680,47510,84,0,84,1,16777216,4550,0.244,0,0.261
1,4553,41551.343,level1,1,1024,640,10.406,1,8.695,8.695,8.000,0,0.021,6.850,0.068,0.680,1.702,0.017,1,1,1400,5399,33,224108,1210,511,680,47544,84,0,84,1,16777216,4551,0.244,0,0.282
1,4554,41559.609,level1,1,1024,640,8.349,1,10.000,10.000,9.000,0,0.063,6.776,0.059,0.657,1.676,0.015,1,1,1400,5399,33,224108,1210,511,680,47578,84,0,84,1,16777216,4552,0.242,0,0.276
1,4555,41566.579,level1,1,1024,640,7.336,1,8.304,8.304,9.000,0,0.027,6.285,0.184,0.630,1.490,0.019,1,1,1400,5399,33,224108,1210,511,680,47612,84,0,84,1,16777216,4553,0.251,0,0.314
1,4556,41576.275,level1,1,1024,640,8.783,1,6.967,6.967,7.000,0,0.025,7.284,0.097,1.080,2.054,0.015,1,1,1400,5399,33,224108,1210,511,680,47646,84,0,84,1,16777216,4554,0.231,0,0.311
1,4557,41584.236,level1,1,1024,640,8.286,1,9.655,9.655,10.000,0,0.026,6.999,0.058,0.755,1.492,0.014,1,1,1400,5399,33,224108,1210,511,680,47680,84,0,84,1,16777216,4555,0.262,0,0.270
1,4558,41592.235,level1,1,1024,640,8.185,1,7.906,7.906,8.000,0,0.018,6.805,0.066,0.638,1.332,0.014,1,1,1400,5399,33,224108,1210,511,680,47714,84,0,84,1,16777216,4556,0.243,0,0.216
1,4559,41600.099,level1,1,1024,640,8.318,1,8.022,8.022,8.000,0,0.033,6.310,0.107,0.630,1.624,0.018,1,1,1400,5399,33,224108,1210,511,680,47748,84,0,84,1,16777216,4557,0.244,0,0.238
1,4560,41608.242,level1,1,1024,640,7.611,1,7.889,7.889,8.000,0,0.025,6.892,0.057,0.653,1.637,0.014,1,1,1400,5399,33,224108,1210,511,680,47782,84,0,84,1,16777216,4558,0.234,0,0.262
1,4561,41616.425,level1,1,1024,640,8.235,1,8.064,8.064,7.000,0,0.016,6.845,0.052,0.640,1.339,0.012,1,1,1400,5399,33,224108,1210,511,680,47816,84,0,84,1,16777216,4559,0.248,0,0.183
1,4562,41625.166,level1,1,1024,640,8.206,1,8.208,8.208,9.000,0,0.027,7.376,0.056,0.637,1.443,0.012,1,1,1400,5399,33,224108,1210,511,680,47850,84,0,84,1,16777216,4560,0.236,0,0.209
1,4563,41636.188,level1,1,1024,640,8.829,1,8.813,8.813,9.000,0,0.024,9.487,0.137,0.951,2.290,0.021,1,1,1400,5399,33,224108,1210,511,680,47884,84,0,84,1,16777216,4561,0.252,0,0.280
1,4564,41645.587,level1,1,1024,640,11.119,1,11.136,11.136,11.000,0,0.046,7.781,0.124,0.859,1.546,0.015,1,1,1400,5399,33,224108,1210,511,680,47918,84,0,84,1,16777216,4562,0.235,0,0.394
1,4565,41656.052,level1,1,1024,640,11.291,1,9.252,9.252,9.000,0,0.022,7.017,0.062,0.660,1.622,0.014,1,1,1400,5399,33,224108,1210,511,680,47952,84,0,84,1,16777216,4563,0.252,0,0.248
1,4566,41665.988,level1,1,1024,640,9.509,1,10.406,10.406,10.000,0,0.018,7.391,0.115,0.766,1.617,0.016,1,1,1400,5399,33,224108,1210,511,680,47986,84,0,84,1,16777216,4564,0.236,0,0.190
1,4567,41674.361,level1,1,1024,640,8.606,1,10.004,10.004,11.000,0,0.020,7.184,0.091,0.644,1.379,0.013,1,1,1400,5399,33,224108,1210,511,680,48020,84,0,84,1,16777216,4565,0.237,0,0.258
1,4568,41682.720,level1,1,1024,640,8.887,1,8.372,8.372,8.000,0,0.025,6.683,0.062,0.643,1.332,0.013,1,1,1400,5399,33,224108,1210,511,680,48054,84,0,84,1,16777216,4566,0.249,0,0.256
1,4569,41691.108,level1,1,1024,640,7.962,1,8.348,8.348,8.000,0,0.026,7.105,0.066,0.637,1.444,0.020,1,1,1400,5399,33,224108,1210,511,680,48088,84,0,84,1,16777216,4567,0.249,0,0.245
1,4570,41700.815,level1,1,1024,640,8.606,1,8.424,8.424,9.000,0,0.025,8.169,0.103,0.956,1.880,0.017,1,1,1400,5399,33,224108,1210,511,680,48122,84,0,84,1,16777216,4568,0.237,0,0.281
1,4571,41726.549,level1,1,1024,640,26.816,1,23.741,23.741,24.000,0,0.078,7.038,0.152,0.646,1.347,0.016,1,1,1400,5399,33,224108,1210,511,680,48156,84,0,84,1,16777216,4569,0.248,0,14.308
1,4572,41736.064,level1,1,1024,640,8.786,1,11.713,11.713,11.000,0,0.023,7.854,0.066,0.638,1.619,0.015,1,1,1400,5399,33,224108,1210,511,680,48190,84,0,84,1,16777216,4570,0.242,0,0.294
1,4573,41744.945,level1,1,1024,640,9.370,1,9.404,9.404,10.000,0,0.018,7.375,0.055,0.642,1.323,0.013,1,1,1400,5399,33,224108,1210,511,680,48224,84,0,84,1,16777216,4571,0.252,0,0.183
1,4574,41754.334,level1,1,1024,640,8.666,1,8.879,8.879,9.000,0,0.019,7.844,0.307,0.641,1.990,0.034,1,1,1400,5399,33,224108,1210,511,680,48258,84,0,84,1,16777216,4572,0.243,0,0.181
1,4575,41763.589,level1,1,1024,640,10.108,1,9.581,9.581,9.000,0,0.043,7.207,0.093,0.889,2.008,0.013,1,1,1400,5399,33,224108,1210,511,680,48292,84,0,84,1,16777216,4573,0.242,0,0.372
1,4576,41771.678,level1,1,1024,640,8.289,1,9.157,9.157,9.000,0,0.040,7.029,0.071,0.633,1.532,0.012,1,1,1400,5399,33,224108,1210,511,680,48326,84,0,84,1,16777216,4574,0.251,0,0.273
1,4577,41777.967,level1,1,1024,640,7.368,1,8.057,8.057,8.000,0,0.019,5.981,0.041,0.632,1.294,0.010,1,1,1400,5399,33,224108,1210,511,680,48360,84,0,84,1,16777216,4575,0.252,0,0.242
1,4578,41785.553,level1,1,1024,640,6.241,1,6.239,6.239,7.000,0,0.022,7.253,0.113,0.629,1.870,0.020,1,1,1400,5399,33,224108,1210,511,680,48394,84,0,84,1,16777216,4576,0.233,0,0.192
1,4579,41794.238,level1,1,1024,640,8.568,1,7.758,7.758,8.000,0,0.048,7.376,0.108,0.644,1.622,0.012,1,1,1400,5399,33,224108,1210,511,680,48428,84,0,84,1,16777216,4577,0.246,0,0.360
1,4580,41802.339,level1,1,1024,640,8.493,1,8.647,8.647,8.000,0,0.026,7.027,0.065,0.778,1.670,0.012,1,1,1400,5399,33,224108,1210,511,680,48462,84,0,84,1,16777216,4578,0.246,0,0.324
1,4581,41810.244,level1,1,1024,640,7.566,1,8.037,8.037,7.000,0,0.019,7.381,0.050,0.777,1.470,0.012,1,1,1400,5399,33,224108,1210,511,680,48496,84,0,84,1,16777216,4579,0.242,0,0.262
1,4582,41818.367,level1,1,1024,640,8.652,1,7.879,7.879,8.000,0,0.022,6.840,0.060,0.632,1.375,0.011,1,1,1400,5399,33,224108,1210,511,680,48530,84,0,84,1,16777216,4580,0.243,0,0.236
1,4583,41826.292,level1,1,1024,640,7.931,1,8.110,8.110,9.000,0,0.039,6.847,0.050,0.629,1.838,0.014,1,1,1400,5399,33,224108,1210,511,680,48564,84,0,84,1,16777216,4581,0.249,0,0.221
1,4584,41833.952,level1,1,1024,640,7.234,1,8.014,8.014,7.000,0,0.020,7.261,0.061,0.664,1.594,0.012,1,1,1400,5399,33,224108,1210,511,680,48598,84,0,84,1,16777216,4582,0.236,0,0.313
1,4585,41842.167,level1,1,1024,640,8.800,1,7.574,7.574,8.000,0,0.023,6.685,0.052,0.643,1.438,0.012,1,1,1400,5399,33,224108,1210,511,680,48632,84,0,84,1,16777216,4583,0.238,0,0.227
1,4586,41850.986,level1,1,1024,640,7.946,1,8.174,8.174,9.000,0,0.022,7.541,0.068,0.705,1.690,0.013,1,1,1400,5399,33,224108,1210,511,680,48666,84,0,84,1,16777216,4584,0.245,0,0.185
1,4587,41859.371,level1,1,1024,640,9.210,1,8.832,8.832,9.000,0,0.019,6.701,0.084,0.632,1.667,0.257,1,1,1400,5399,33,224108,1210,511,680,48700,84,0,84,1,16777216,4585,0.251,0,0.198
1,4588,41868.051,level1,1,1024,640,8.484,1,8.597,8.597,7.000,0,0.026,6.859,0.122,0.637,1.947,0.022,1,1,1400,5399,33,224108,1210,511,680,48734,84,0,84,1,16777216,4586,0.249,0,0.409
1,4589,41876.437,level1,1,1024,640,8.125,1,8.530,8.530,9.000,0,0.028,7.179,0.063,0.756,1.736,0.013,1,1,1400,5399,33,224108,1210,511,680,48768,84,0,84,1,16777216,4587,0.243,0,0.260
1,4590,41884.500,level1,1,1024,640,8.460,1,8.386,8.386,9.000,0,0.025,6.776,0.069,0.654,1.383,0.014,1,1,1400,5399,33,224108,1210,511,680,48802,84,0,84,1,16777216,4588,0.241,0,0.260
1,4591,41892.747,level1,1,1024,640,8.327,1,8.059,8.059,8.000,0,0.027,6.656,0.108,0.633,1.650,0.021,1,1,1400,5399,33,224108,1210,511,680,48836,84,0,84,1,16777216,4589,0.251,0,0.256
1,4592,41902.189,level1,1,1024,640,8.379,1,8.276,8.276,8.000,0,0.036,7.705,0.123,0.665,1.556,0.016,1,1,1400,5399,33,224108,1210,511,680,48870,84,0,84,1,16777216,4590,0.244,0,0.285
1,4593,41910.818,level1,1,1024,640,9.329,1,9.409,9.409,10.000,0,0.027,6.992,0.136,0.634,2.093,0.024,1,1,1400,5399,33,224108,1210,511,680,48904,84,0,84,1,16777216,4591,0.256,0,0.252
1,4594,41919.578,level1,1,1024,640,8.533,1,8.658,8.658,9.000,0,0.036,7.284,0.070,0.642,1.519,0.013,1,1,1400,5399,33,224108,1210,511,680,48938,84,0,84,1,16777216,4592,0.243,0,0.280
1,4595,41928.213,level1,1,1024,640,8.903,1,8.862,8.862,8.000,0,0.023,7.027,0.060,0.712,1.719,0.017,1,1,1400,5399,33,224108,1210,511,680,48972,84,0,84,1,16777216,4593,0.251,0,0.381
1,4596,41936.070,level1,1,1024,640,8.388,1,8.536,8.536,8.000,0,0.027,6.498,0.058,0.757,1.445,0.014,1,1,1400,5399,33,224108,1210,511,680,49006,84,0,84,1,16777216,4594,0.239,0,0.284
1,4597,41943.985,level1,1,1024,640,7.717,1,7.793,7.793,9.000,0,0.020,6.698,0.057,0.651,1.380,0.013,1,1,1400,5399,33,224108,1210,511,680,49040,84,0,84,1,16777216,4595,0.243,0,0.221
1,4598,41952.585,level1,1,1024,640,7.962,1,7.913,7.913,7.000,0,0.019,7.337,0.056,0.632,1.442,0.013,1,1,1400,5399,33,224108,1210,511,680,49074,84,0,84,1,16777216,4596,0.255,0,0.219
1,4599,41961.022,level1,1,1024,640,8.833,1,8.594,8.594,9.000,0,0.024,6.933,0.064,0.641,1.345,0.012,1,1,1400,5399,33,224108,1210,511,680,49108,84,0,84,1,16777216,4597,0.246,0,0.213
1,4600,41969.466,level1,1,1024,640,8.515,1,8.441,8.441,9.000,0,0.023,6.873,0.053,0.643,1.582,0.015,1,1,1400,5399,33,224108,1210,511,680,49142,84,0,84,1,16777216,4598,0.240,0,0.217
1,4601,41977.161,level1,1,1024,640,7.253,1,8.525,8.525,8.000,0,0.024,7.307,0.061,0.662,1.519,0.012,1,1,1400,5399,33,224108,1210,511,680,49176,84,0,84,1,16777216,4599,0.244,0,0.297
1,4602,41985.773,level1,1,1024,640,8.792,1,7.622,7.622,7.000,0,0.021,7.133,0.054,0.649,1.522,0.011,1,1,1400,5399,33,224108,1210,511,680,49210,84,0,84,1,16777216,4600,0.249,0,0.224
1,4603,41994.089,level1,1,1024,640,8.534,1,8.609,8.609,10.000,0,0.016,6.909,0.060,0.637,1.561,0.012,1,1,1400,5399,33,224108,1210,511,680,49244,84,0,84,1,16777216,4601,0.245,0,0.221
1,4604,42002.012,level1,1,1024,640,8.529,1,8.361,8.361,8.000,0,0.038,6.307,0.056,0.631,1.445,0.012,1,1,1400,5399,33,224108,1210,511,680,49278,84,0,84,1,16777216,4602,0.234,0,0.265
1,4605,42011.662,level1,1,1024,640,8.730,1,7.903,7.903,7.000,0,0.075,7.208,0.074,0.659,1.367,0.015,1,1,1400,5399,33,224108,1210,511,680,49312,84,0,84,1,16777216,4603,0.246,0,0.246
1,4606,42019.901,level1,1,1024,640,8.641,1,9.633,9.633,10.000,0,0.018,6.817,0.063,0.843,1.580,0.014,1,1,1400,5399,33,224108,1210,511,680,49346,84,0,84,1,16777216,4604,0.236,0,0.229
1,4607,42027.927,level1,1,1024,640,8.198,1,8.302,8.302,9.000,0,0.021,6.658,0.051,0.644,1.541,0.012,1,1,1400,5399,33,224108,1210,511,680,49380,84,0,84,1,16777216,4605,0.251,0,0.292
1,4608,42036.173,level1,1,1024,640,7.876,1,7.914,7.914,7.000,0,0.016,6.988,0.088,0.649,1.334,0.015,1,1,1400,5399,33,224108,1210,511,680,49414,84,0,84,1,16777216,4606,0.234,0,0.179
1,4609,42044.733,level1,1,1024,640,8.242,1,8.281,8.281,9.000,0,0.027,7.339,0.058,0.636,1.845,0.015,1,1,1400,5399,33,224108,1210,511,680,49448,84,0,84,1,16777216,4607,0.245,0,0.214
1,4610,42053.614,level1,1,1024,640,8.716,1,8.600,8.600,8.000,0,0.021,7.501,0.060,0.655,1.520,0.012,1,1,1400,5399,33,224108,1210,511,680,49482,84,0,84,1,16777216,4608,0.242,0,0.254
1,4611,42062.090,level1,1,1024,640,9.200,1,8.820,8.820,9.000,0,0.017,6.782,0.056,0.640,1.341,0.012,1,1,1400,5399,33,224108,1210,511,680,49516,84,0,84,1,16777216,4609,0.242,0,0.194
1,4612,42070.243,level1,1,1024,640,8.159,1,8.635,8.635,9.000,0,0.021,6.447,0.384,0.651,1.580,0.012,1,1,1400,5399,33,224108,1210,511,680,49550,84,0,84,1,16777216,4610,0.244,0,0.351
1,4613,42077.592,level1,1,1024,640,7.896,1,8.015,8.015,8.000,0,0.024,6.080,0.204,0.629,1.479,0.020,1,1,1400,5399,33,224108,1210,511,680,49584,84,0,84,1,16777216,4611,0.243,0,0.214
1,4614,42086.565,level1,1,1024,640,7.586,1,7.429,7.429,7.000,0,0.022,7.604,0.067,0.856,1.888,0.015,1,1,1400,5399,33,224108,1210,511,680,49618,84,0,84,1,16777216,4612,0.240,0,0.294
1,4615,42095.111,level1,1,1024,640,9.153,1,8.901,8.901,9.000,0,0.025,7.002,0.061,0.651,1.570,0.013,1,1,1400,5399,33,224108,1210,511,680,49652,84,0,84,1,16777216,4613,0.246,0,0.222
1,4616,42102.969,level1,1,1024,640,8.365,1,8.518,8.518,9.000,0,0.017,6.436,0.120,0.635,1.724,0.023,1,1,1400,5399,33,224108,1210,511,680,49686,84,0,84,1,16777216,4614,0.240,0,0.194
1,4617,42111.056,level1,1,1024,640,7.895,1,8.055,8.055,8.000,0,0.020,6.669,0.078,0.645,1.338,0.014,1,1,1400,5399,33,224108,1210,511,680,49720,84,0,84,1,16777216,4615,0.245,0,0.391
1,4618,42119.041,level1,1,1024,640,8.027,1,7.990,7.990,8.000,0,0.024,6.635,0.072,0.632,1.566,0.019,1,1,1400,5399,33,224108,1210,511,680,49754,84,0,84,1,16777216,4616,0.239,0,0.293
1,4619,42127.049,level1,1,1024,640,8.086,1,7.931,7.931,7.000,0,0.019,6.510,0.117,0.626,1.928,0.029,1,1,1400,5399,33,224108,1210,511,680,49788,84,0,84,1,16777216,4617,0.243,0,0.240
1,4620,42136.009,level1,1,1024,640,8.171,1,8.154,8.154,8.000,0,0.020,7.291,0.125,0.860,1.993,0.013,1,1,1400,5399,33,224108,1210,511,680,49822,84,0,84,1,16777216,4618,0.239,0,0.385
1,4621,42145.179,level1,1,1024,640,8.646,1,8.826,8.826,9.000,0,0.019,7.849,0.091,0.905,2.283,0.022,1,1,1400,5399,33,224108,1210,511,680,49856,84,0,84,1,16777216,4619,0.246,0,0.252
1,4622,42154.391,level1,1,1024,640,9.346,1,9.249,9.249,10.000,0,0.029,7.725,0.081,1.175,1.966,0.014,1,1,1400,5399,33,224108,1210,511,680,49890,84,0,84,1,16777216,4620,0.308,0,0.330
1,4623,42162.593,level1,1,1024,640,9.228,1,9.086,9.086,9.000,0,0.026,6.722,0.058,0.644,1.477,0.013,1,1,1400,5399,33,224108,1210,511,680,49924,84,0,84,1,16777216,4621,0.249,0,0.204
1,4624,42170.579,level1,1,1024,640,7.958,1,8.230,8.230,9.000,0,0.022,6.717,0.091,0.883,1.726,0.013,1,1,1400,5399,33,224108,1210,511,680,49958,84,0,84,1,16777216,4622,0.236,0,0.233
1,4625,42179.037,level1,1,1024,640,8.138,1,7.957,7.957,7.000,0,0.039,7.061,0.066,0.710,1.941,0.019,1,1,1400,5399,33,224108,1210,511,680,49992,84,0,84,1,16777216,4623,0.249,0,0.203
1,4626,42187.200,level1,1,1024,640,8.090,1,8.485,8.485,9.000,0,0.021,7.117,0.083,0.850,2.021,0.018,1,1,1400,5399,33,224108,1210,511,680,50026,84,0,84,1,16777216,4624,0.241,0,0.211
1,4627,42195.709,level1,1,1024,640,8.606,1,8.263,8.263,7.000,0,0.024,7.043,0.060,0.638,1.481,0.014,1,1,1400,5399,33,224108,1210,511,680,50060,84,0,84,1,16777216,4625,0.246,0,0.331
1,4628,42203.890,level1,1,1024,640,8.461,1,8.363,8.363,9.000,0,0.016,6.706,0.117,0.635,1.573,0.022,1,1,1400,5399,33,224108,1210,511,680,50094,84,0,84,1,16777216,4626,0.240,0,0.185
1,4629,42214.131,level1,1,1024,640,9.000,1,8.363,8.363,8.000,0,0.021,7.994,0.070,0.972,1.952,0.015,1,1,1400,5399,33,224108,1210,511,680,50128,84,0,84,1,16777216,4627,0.241,0,0.365
1,4630,42222.701,level1,1,1024,640,9.426,1,10.204,10.204,11.000,0,0.021,7.150,0.059,0.641,1.609,0.015,1,1,1400,5399,33,224108,1210,511,680,50162,84,0,84,1,16777216,4628,0.243,0,0.331
1,4631,42230.981,level1,1,1024,640,8.408,1,8.467,8.467,8.000,0,0.025,7.013,0.067,0.645,1.671,0.013,1,1,1400,5399,33,224108,1210,511,680,50196,84,0,84,1,16777216,4629,0.237,0,0.227
1,4632,42239.270,level1,1,1024,640,8.216,1,8.312,8.312,9.000,0,0.026,7.055,0.098,0.754,1.630,0.016,1,1,1400,5399,33,224108,1210,511,680,50230,84,0,84,1,16777216,4630,0.239,0,0.259
1,4633,42247.083,level1,1,1024,640,8.243,1,8.265,8.265,8.000,0,0.021,6.671,0.052,0.643,1.601,0.011,1,1,1400,5399,33,224108,1210,511,680,50264,84,0,84,1,16777216,4631,0.244,0,0.235
1,4634,42254.948,level1,1,1024,640,8.048,1,7.754,7.754,7.000,0,0.017,6.412,0.127,0.711,1.528,0.019,1,1,1400,5399,33,224108,1210,511,680,50298,84,0,84,1,16777216,4632,0.240,0,0.178
1,4635,42262.990,level1,1,1024,640,7.586,1,7.943,7.943,8.000,0,0.025,6.942,0.054,0.642,1.320,0.012,1,1,1400,5399,33,224108,1210,511,680,50332,84,0,84,1,16777216,4633,0.242,0,0.254
1,4636,42270.916,level1,1,1024,640,8.303,1,7.971,7.971,8.000,0,0.026,6.517,0.100,0.707,1.691,0.017,1,1,1400,5399,33,224108,1210,511,680,50366,84,0,84,1,16777216,4634,0.240,0,0.183
1,4637,42279.087,level1,1,1024,640,7.921,1,8.023,8.023,8.000,0,0.025,6.769,0.099,0.631,1.889,0.029,1,1,1400,5399,33,224108,1210,511,680,50400,84,0,84,1,16777216,4635,0.251,0,0.279
1,4638,42287.356,level1,1,1024,640,8.214,1,8.377,8.377,9.000,0,0.041,6.730,0.194,0.816,1.769,0.014,1,1,1400,5399,33,224108,1210,511,680,50434,84,0,84,1,16777216,4636,0.239,0,0.485
1,4639,42296.642,level1,1,1024,640,8.743,1,9.024,9.024,9.000,0,0.029,7.406,0.062,0.729,1.751,0.015,1,1,1400,5399,33,224108,1210,511,680,50468,84,0,84,1,16777216,4637,0.241,0,1.239
1,4640,42304.711,level1,1,1024,640,8.795,1,8.275,8.275,8.000,0,0.021,6.651,0.089,0.661,1.378,0.013,1,1,1400,5399,33,224108,1210,511,680,50502,84,0,84,1,16777216,4638,0.255,0,0.229
1,4641,42312.859,level1,1,1024,640,8.118,1,8.055,8.055,9.000,0,0.017,6.714,0.057,0.669,1.629,0.013,1,1,1400,5399,33,224108,1210,511,680,50536,84,0,84,1,16777216,4639,0.247,0,0.217
1,4642,42320.919,level1,1,1024,640,7.978,1,8.185,8.185,7.000,0,0.023,6.794,0.059,0.763,1.731,0.014,1,1,1400,5399,33,224108,1210,511,680,50570,84,0,84,1,16777216,4640,0.236,0,0.253
1,4643,42328.437,level1,1,1024,640,7.963,1,8.149,8.149,9.000,0,0.026,6.337,0.071,0.628,1.377,0.016,1,1,1400,5399,33,224108,1210,511,680,50604,84,0,84,1,16777216,4641,0.250,0,0.341
1,4644,42336.874,level1,1,1024,640,7.818,1,7.492,7.492,7.000,0,0.025,6.972,0.054,0.636,1.440,0.012,1,1,1400,5399,33,224108,1210,511,680,50638,84,0,84,1,16777216,4642,0.244,0,0.316
1,4645,42345.250,level1,1,1024,640,8.366,1,8.397,8.397,9.000,0,0.025,6.984,0.053,0.638,1.310,0.012,1,1,1400,5399,33,224108,1210,511,680,50672,84,0,84,1,16777216,4643,0.243,0,0.275
1,4646,42353.850,level1,1,1024,640,8.441,1,8.384,8.384,8.000,0,0.029,7.139,0.057,0.635,1.313,0.013,1,1,1400,5399,33,224108,1210,511,680,50706,84,0,84,1,16777216,4644,0.237,0,0.283
1,4647,42363.341,level1,1,1024,640,8.879,1,8.536,8.536,8.000,0,0.022,7.738,0.071,1.270,1.955,0.012,1,1,1400,5399,33,224108,1210,511,680,50740,84,0,84,1,16777216,4645,0.255,0,0.219
1,4648,42372.110,level1,1,1024,640,9.478,1,9.609,9.609,10.000,0,0.041,7.022,0.075,0.636,1.495,0.013,1,1,1400,5399,33,224108,1210,511,680,50774,84,0,84,1,16777216,4646,0.253,0,0.331
1,4649,42380.168,level1,1,1024,640,8.438,1,8.843,8.843,8.000,0,0.043,6.664,0.056,0.832,1.574,0.012,1,1,1400,5399,33,224108,1210,511,680,50808,84,0,84,1,16777216,4647,0.260,0,0.406
1,4650,42388.602,level1,1,1024,640,7.890,1,7.888,7.888,9.000,0,0.025,7.193,0.070,0.650,1.518,0.017,1,1,1400,5399,33,224108,1210,511,680,50842,84,0,84,1,16777216,4648,0.234,0,0.241
1,4651,42397.519,level1,1,1024,640,8.895,1,8.494,8.494,8.000,0,0.024,7.221,0.065,0.645,1.596,0.012,1,1,1400,5399,33,224108,1210,511,680,50876,84,0,84,1,16777216,4649,0.249,0,0.301
1,4652,42405.967,level1,1,1024,640,8.610,1,8.878,8.878,9.000,0,0.026,7.071,0.054,0.631,1.446,0.012,1,1,1400,5399,33,224108,1210,511,680,50910,84,0,84,1,16777216,4650,0.240,0,0.262
1,4653,42414.373,level1,1,1024,640,8.385,1,8.564,8.564,9.000,0,0.020,7.095,0.050,0.641,1.507,0.011,1,1,1400,5399,33,224108,1210,511,680,50944,84,0,84,1,16777216,4651,0.245,0,0.378
1,4654,42421.252,level1,1,1024,640,7.358,1,8.211,8.211,8.000,0,0.020,6.607,0.058,0.624,1.294,0.010,1,1,1400,5399,33,224108,1210,511,680,50978,84,0,84,1,16777216,4652,0.238,0,0.183
1,4655,42428.759,level1,1,1024,640,6.975,1,6.974,6.974,6.000,0,0.024,7.128,0.070,0.660,1.468,0.011,1,1,1400,5399,33,224108,1210,511,680,51012,84,0,84,1,16777216,4653,0.245,0,0.279
1,4656,42438.247,level1,1,1024,640,9.675,1,8.285,8.285,8.000,0,0.154,6.929,0.081,0.901,1.834,0.014,1,1,1400,5399,33,224108,1210,511,680,51046,84,0,84,1,16777216,4654,0.244,0,1.055
1,4657,42447.652,level1,1,1024,640,7.862,1,8.700,8.700,10.000,0,0.025,8.451,0.103,0.667,1.637,0.018,1,1,1400,5399,33,224108,1210,511,680,51080,84,0,84,1,16777216,4655,0.251,0,0.268
1,4658,42455.989,level1,1,1024,640,10.086,1,9.388,9.388,9.000,0,0.024,6.741,0.065,0.641,1.410,0.023,1,1,1400,5399,33,224108,1210,511,680,51114,84,0,84,1,16777216,4656,0.245,0,0.251
1,4659,42464.929,level1,1,1024,640,8.380,1,8.419,8.419,9.000,0,0.040,7.308,0.057,0.654,1.588,0.013,1,1,1400,5399,33,224108,1210,511,680,51148,84,0,84,1,16777216,4657,0.255,0,0.328
1,4660,42473.453,level1,1,1024,640,8.703,1,8.840,8.840,8.000,0,0.022,7.124,0.062,0.648,1.526,0.013,1,1,1400,5399,33,224108,1210,511,680,51182,84,0,84,1,16777216,4658,0.237,0,0.234
1,4661,42482.153,level1,1,1024,640,9.115,1,8.698,8.698,9.000,0,0.043,6.614,0.156,0.632,1.719,0.031,1,1,1400,5399,33,224108,1210,511,680,51216,84,0,84,1,16777216,4659,0.249,0,0.405
1,4662,42489.861,level1,1,1024,640,8.021,1,8.574,8.574,9.000,0,0.019,6.393,0.064,0.673,1.619,0.018,1,1,1400,5399,33,224108,1210,511,680,51250,84,0,84,1,16777216,4660,0.235,0,0.281
1,4663,42497.679,level1,1,1024,640,7.471,1,7.815,7.815,8.000,0,0.026,6.467,0.336,0.629,1.642,0.025,1,1,1400,5399,33,224108,1210,511,680,51284,84,0,84,1,16777216,4661,0.245,0,0.387
1,4664,42505.788,level1,1,1024,640,8.007,1,7.624,7.624,7.000,0,0.040,6.221,0.681,0.638,1.318,0.013,1,1,1400,5399,33,224108,1210,511,680,51318,84,0,84,1,16777216,4662,0.238,0,0.195
1,4665,42513.310,level1,1,1024,640,7.627,1,8.122,8.122,8.000,0,0.021,6.749,0.052,0.636,1.413,0.013,1,1,1400,5399,33,224108,1210,511,680,51352,84,0,84,1,16777216,4663,0.248,0,0.207
1,4666,42520.245,level1,1,1024,640,7.020,1,7.500,7.500,7.000,0,0.028,6.661,0.054,0.730,1.400,0.011,1,1,1400,5399,33,224108,1210,511,680,51386,84,0,84,1,16777216,4664,0.243,0,0.185
1,4667,42526.903,level1,1,1024,640,7.025,1,7.006,7.006,8.000,0,0.047,6.309,0.040,0.628,1.344,0.010,1,1,1400,5399,33,224108,1210,511,680,51420,84,0,84,1,16777216,4665,0.253,0,0.254
1,4668,42533.320,level1,1,1024,640,6.575,1,6.603,6.603,6.000,0,0.020,6.137,0.054,0.691,1.416,0.012,1,1,1400,5399,33,224108,1210,511,680,51454,84,0,84,1,16777216,4666,0.240,0,0.202
1,4669,42540.418,level1,1,1024,640,6.492,1,6.482,6.482,7.000,0,0.028,6.751,0.045,0.702,1.484,0.010,1,1,1400,5399,33,224108,1210,511,680,51488,84,0,84,1,16777216,4667,0.247,0,0.267
1,4670,42546.824,level1,1,1024,640,7.025,1,7.029,7.029,7.000,0,0.024,6.138,0.040,0.652,1.331,0.014,1,1,1400,5399,33,224108,1210,511,680,51522,84,0,84,1,16777216,4668,0.236,0,0.197
1,4671,42553.276,level1,1,1024,640,6.399,1,6.402,6.402,7.000,0,0.022,6.140,0.090,0.706,1.376,0.011,1,1,1400,5399,33,224108,1210,511,680,51556,84,0,84,1,16777216,4669,0.241,0,0.195
1,4672,42560.637,level1,1,1024,640,6.548,1,6.544,6.544,6.000,0,0.025,6.998,0.048,0.641,1.425,0.011,1,1,1400,5399,33,224108,1210,511,680,51590,84,0,84,1,16777216,4670,0.240,0,0.285
1,4673,42567.489,level1,1,1024,640,7.256,1,7.257,7.257,7.000,0,0.024,6.598,0.044,0.799,1.606,0.010,1,1,1400,5399,33,224108,1210,511,680,51624,84,0,84,1,16777216,4671,0.246,0,0.182
1,4674,42574.181,level1,1,1024,640,6.845,1,6.846,6.846,6.000,0,0.024,6.443,0.045,0.630,1.429,0.010,1,1,1400,5399,33,224108,1210,511,680,51658,84,0,84,1,16777216,4672,0.241,0,0.175
1,4675,42581.180,level1,1,1024,640,6.826,1,6.799,6.799,8.000,0,0.050,6.618,0.044,0.635,1.424,0.010,1,1,1400,5399,33,224108,1210,511,680,51692,84,0,84,1,16777216,4673,0.247,0,0.282
1,4676,42588.756,level1,1,1024,640,6.955,1,6.976,6.976,7.000,0,0.025,7.055,0.226,0.640,1.641,0.015,1,1,1400,5399,33,224108,1210,511,680,51726,84,0,84,1,16777216,4674,0.238,0,0.259
1,4677,42597.101,level1,1,1024,640,8.558,1,7.822,7.822,7.000,0,0.040,6.973,0.097,0.636,1.629,0.015,1,1,1400,5399,33,224108,1210,511,680,51760,84,0,84,1,16777216,4675,0.248,0,0.497
1,4678,42604.167,level1,1,1024,640,7.982,1,8.063,8.063,8.000,0,0.025,6.102,0.050,0.627,1.305,0.012,1,1,1400,5399,33,224108,1210,511,680,51794,84,0,84,1,16777216,4676,0.240,0,0.223
1,4679,42610.701,level1,1,1024,640,6.387,1,7.044,7.044,8.000,0,0.025,6.260,0.042,0.867,1.612,0.011,1,1,1400,5399,33,224108,1210,511,680,51828,84,0,84,1,16777216,4677,0.252,0,0.201
1,4680,42617.083,level1,1,1024,640,6.550,1,6.559,6.559,6.000,0,0.018,6.090,0.044,0.626,1.384,0.010,1,1,1400,5399,33,224108,1210,511,680,51862,84,0,84,1,16777216,4678,0.241,0,0.226
1,4681,42623.196,level1,1,1024,640,6.361,1,6.357,6.357,6.000,0,0.020,5.846,0.040,0.622,1.276,0.010,1,1,1400,5399,33,224108,1210,511,680,51896,84,0,84,1,16777216,4679,0.249,0,0.200
1,4682,42630.215,level1,1,1024,640,6.090,1,6.094,6.094,7.000,0,0.015,6.735,0.077,0.713,1.822,0.019,1,1,1400,5399,33,224108,1210,511,680,51930,84,0,84,1,16777216,4680,0.244,0,0.182
1,4683,42637.364,level1,1,1024,640,7.156,1,7.141,7.141,7.000,0,0.032,6.753,0.056,0.634,1.510,0.012,1,1,1400,5399,33,224108,1210,511,680,51964,84,0,84,1,16777216,4681,0.252,0,0.302
1,4684,42644.456,level1,1,1024,640,7.049,1,7.065,7.065,6.000,0,0.017,6.806,0.045,0.634,1.372,0.011,1,1,1400,5399,33,224108,1210,511,680,51998,84,0,84,1,16777216,4682,0.243,0,0.219
1,4685,42651.040,level1,1,1024,640,7.193,1,7.188,7.188,8.000,0,0.022,6.188,0.049,0.629,1.397,0.010,1,1,1400,5399,33,224108,1210,511,680,52032,84,0,84,1,16777216,4683,0.246,0,0.315
1,4686,42657.259,level1,1,1024,640,6.446,1,6.452,6.452,6.000,0,0.016,5.977,0.038,0.622,1.330,0.009,1,1,1400,5399,33,224108,1210,511,680,52066,84,0,84,1,16777216,4684,0.228,0,0.184
1,4687,42663.480,level1,1,1024,640,6.189,1,6.192,6.192,6.000,0,0.015,6.002,0.045,0.623,1.285,0.010,1,1,1400,5399,33,224108,1210,511,680,52100,84,0,84,1,16777216,4685,0.283,0,0.157
1,4688,42669.591,level1,1,1024,640,6.271,1,6.268,6.268,6.000,0,0.016,5.845,0.042,0.618,1.376,0.011,1,1,1400,5399,33,224108,1210,511,680,52134,84,0,84,1,16777216,4686,0.238,0,0.203
1,4689,42676.458,level1,1,1024,640,6.204,1,6.196,6.196,7.000,0,0.024,6.494,0.057,0.681,1.412,0.012,1,1,1400,5399,33,224108,1210,511,680,52168,84,0,84,1,16777216,4687,0.249,0,0.288
1,4690,42685.619,level1,1,1024,640,8.731,1,6.773,6.773,6.000,0,0.024,6.921,0.059,0.679,1.559,0.013,1,1,1400,5399,33,224108,1210,511,680,52202,84,0,84,1,16777216,4688,0.246,0,0.193
1,4691,42692.960,level1,1,1024,640,7.244,1,9.180,9.180,10.000,0,0.018,6.992,0.083,0.726,1.727,0.011,1,1,1400,5399,33,224108,1210,511,680,52236,84,0,84,1,16777216,4689,0.247,0,0.211
1,4692,42701.051,level1,1,1024,640,8.289,1,7.329,7.329,8.000,0,0.017,6.822,0.058,0.780,1.739,0.012,1,1,1400,5399,33,224108,1210,511,680,52270,84,0,84,1,16777216,4690,0.240,0,0.199
1,4693,42708.174,level1,1,1024,640,7.888,1,8.094,8.094,7.000,0,0.021,6.055,0.061,0.639,1.472,0.015,1,1,1400,5399,33,224108,1210,511,680,52304,84,0,84,1,16777216,4691,0.237,0,0.202
1,4694,42716.048,level1,1,1024,640,7.038,1,7.118,7.118,8.000,0,0.020,6.854,0.096,0.656,1.586,0.015,1,1,1400,5399,33,224108,1210,511,680,52338,84,0,84,1,16777216,4692,0.238,0,0.198
1,4695,42723.098,level1,1,1024,640,7.867,1,7.872,7.872,7.000,0,0.028,6.036,0.098,0.712,1.476,0.013,1,1,1400,5399,33,224108,1210,511,680,52372,84,0,84,1,16777216,4693,0.248,0,0.196
1,4696,42729.768,level1,1,1024,640,6.466,1,7.041,7.041,7.000,0,0.019,6.288,0.049,0.647,1.494,0.012,1,1,1400,5399,33,224108,1210,511,680,52406,84,0,84,1,16777216,4694,0.230,0,0.187
1,4697,42736.824,level1,1,1024,640,6.652,1,6.765,6.765,6.000,0,0.025,6.674,0.067,0.631,1.618,0.013,1,1,1400,5399,33,224108,1210,511,680,52440,84,0,84,1,16777216,4695,0.241,0,0.282
1,4698,42745.354,level1,1,1024,640,8.404,1,7.156,7.156,8.000,0,0.040,6.739,0.128,0.639,1.825,0.048,1,1,1400,5399,33,224108,1210,511,680,52474,84,0,84,1,16777216,4696,0.245,0,0.376
1,4699,42754.202,level1,1,1024,640,8.703,1,8.368,8.368,9.000,0,0.020,6.923,0.090,0.663,1.605,0.016,1,1,1400,5399,33,224108,1210,511,680,52508,84,0,84,1,16777216,4697,0.248,0,0.222
1,4700,42761.426,level1,1,1024,640,7.900,1,8.827,8.827,8.000,0,0.020,6.289,0.049,0.635,1.419,0.012,1,1,1400,5399,33,224108,1210,511,680,52542,84,0,84,1,16777216,4698,0.248,0,0.201
1,4701,42767.539,level1,1,1024,640,6.550,1,7.215,7.215,7.000,0,0.016,5.867,0.034,0.623,1.344,0.010,1,1,1400,5399,33,224108,1210,511,680,52576,84,0,84,1,16777216,4699,0.331,0,0.192
1,4702,42774.507,level1,1,1024,640,6.075,1,6.077,6.077,7.000,0,0.014,6.722,0.072,0.644,1.514,0.014,1,1,1400,5399,33,224108,1210,511,680,52610,84,0,84,1,16777216,4700,0.243,0,0.156
1,4703,42780.985,level1,1,1024,640,7.025,1,7.014,7.014,7.000,0,0.023,6.203,0.044,0.624,1.290,0.011,1,1,1400,5399,33,224108,1210,511,680,52644,84,0,84,1,16777216,4701,0.250,0,0.202
1,4704,42787.446,level1,1,1024,640,6.488,1,6.488,6.488,7.000,0,0.022,6.179,0.041,0.625,1.390,0.010,1,1,1400,5399,33,224108,1210,511,680,52678,84,0,84,1,16777216,4702,0.237,0,0.212
1,4705,42793.727,level1,1,1024,640,6.402,1,6.412,6.412,6.000,0,0.016,6.054,0.044,0.626,1.388,0.011,1,1,1400,5399,33,224108,1210,511,680,52712,84,0,84,1,16777216,4703,0.242,0,0.163
1,4706,42801.844,level1,1,1024,640,7.626,1,6.316,6.316,7.000,0,0.016,6.508,0.081,0.914,1.678,0.017,1,1,1400,5399,33,224108,1210,511,680,52746,84,0,84,1,16777216,4704,0.236,0,0.198
1,4707,42809.121,level1,1,1024,640,7.322,1,8.119,8.119,7.000,0,0.019,6.488,0.056,0.636,1.647,0.015,1,1,1400,5399,33,224108,1210,511,680,52780,84,0,84,1,16777216,4705,0.247,0,0.198
1,4708,42817.542,level1,1,1024,640,8.050,1,7.298,7.298,7.000,0,0.020,6.853,0.062,0.640,1.819,0.017,1,1,1400,5399,33,224108,1210,511,680,52814,84,0,84,1,16777216,4706,0.239,0,0.220
1,4709,42825.917,level1,1,1024,640,8.632,1,8.437,8.437,10.000,0,0.019,6.602,0.056,0.641,1.419,0.012,1,1,1400,5399,33,224108,1210,511,680,52848,84,0,84,1,16777216,4707,0.238,0,0.236
1,4710,42833.714,level1,1,1024,640,7.641,1,8.330,8.330,7.000,0,0.016,6.748,0.066,0.656,1.403,0.015,1,1,1400,5399,33,224108,1210,511,680,52882,84,0,84,1,16777216,4708,0.245,0,0.191
1,4711,42841.777,level1,1,1024,640,8.057,1,7.970,7.970,9.000,0,0.028,6.717,0.104,0.697,1.524,0.040,1,1,1400,5399,33,224108,1210,511,680,52916,84,0,84,1,16777216,4709,0.233,0,0.362
1,4712,42850.299,level1,1,1024,640,8.465,1,8.177,8.177,7.000,0,0.047,6.810,0.067,0.750,1.650,0.013,1,1,1400,5399,33,224108,1210,511,680,52950,84,0,84,1,16777216,4710,0.242,0,0.474
1,4713,42858.072,level1,1,1024,640,7.825,1,8.252,8.252,9.000,0,0.033,6.730,0.096,0.628,1.778,0.024,1,1,1400,5399,33,224108,1210,511,680,52984,84,0,84,1,16777216,4711,0.249,0,0.206
1,4714,42865.887,level1,1,1024,640,7.828,1,7.857,7.857,8.000,0,0.028,6.752,0.061,0.666,1.712,0.014,1,1,1400,5399,33,224108,1210,511,680,53018,84,0,84,1,16777216,4712,0.234,0,0.291
1,4715,42873.781,level1,1,1024,640,7.844,1,7.725,7.725,7.000,0,0.019,6.740,0.122,0.773,1.572,0.014,1,1,1400,5399,33,224108,1210,511,680,53052,84,0,84,1,16777216,4713,0.250,0,0.200
1,4716,42882.219,level1,1,1024,640,7.829,1,7.881,7.881,9.000,0,0.019,7.408,0.064,0.938,1.786,0.014,1,1,1400,5399,33,224108,1210,511,680,53086,84,0,84,1,16777216,4714,0.235,0,0.188
1,4717,42889.451,level1,1,1024,640,8.578,1,8.466,8.466,8.000,0,0.023,6.076,0.051,0.626,1.554,0.012,1,1,1400,5399,33,224108,1210,511,680,53120,84,0,84,1,16777216,4715,0.242,0,0.215
1,4718,42896.548,level1,1,1024,640,6.431,1,7.289,7.289,7.000,0,0.021,6.734,0.056,0.782,1.758,0.016,1,1,1400,5399,33,224108,1210,511,680,53154,84,0,84,1,16777216,4716,0.239,0,0.272
1,4719,42904.690,level1,1,1024,640,7.842,1,7.024,7.024,7.000,0,0.019,7.000,0.089,0.645,1.621,0.012,1,1,1400,5399,33,224108,1210,511,680,53188,84,0,84,1,16777216,4717,0.236,0,0.200
1,4720,42912.975,level1,1,1024,640,8.685,1,8.129,8.129,8.000,0,0.027,6.506,0.184,0.705,1.410,0.016,1,1,1400,5399,33,224108,1210,511,680,53222,84,0,84,1,16777216,4718,0.242,0,0.186
1,4721,42922.224,level1,1,1024,640,8.045,1,8.349,8.349,9.000,0,0.023,7.827,0.069,0.648,1.600,0.014,1,1,1400,5399,33,224108,1210,511,680,53256,84,0,84,1,16777216,4719,0.246,0,0.250
1,4722,42930.549,level1,1,1024,640,9.376,1,9.203,9.203,8.000,0,0.018,6.776,0.070,0.647,1.647,0.015,1,1,1400,5399,33,224108,1210,511,680,53290,84,0,84,1,16777216,4720,0.248,0,0.204
1,4723,42938.618,level1,1,1024,640,8.089,1,8.348,8.348,9.000,0,0.023,6.738,0.084,0.639,1.552,0.013,1,1,1400,5399,33,224108,1210,511,680,53324,84,0,84,1,16777216,4721,0.240,0,0.226
1,4724,42946.588,level1,1,1024,640,8.247,1,8.029,8.029,8.000,0,0.016,6.418,0.130,0.642,1.391,0.016,1,1,1400,5399,33,224108,1210,511,680,53358,84,0,84,1,16777216,4722,0.243,0,0.188
1,4725,42955.532,level1,1,1024,640,8.449,1,8.094,8.094,9.000,0,0.026,6.975,0.068,0.736,1.648,0.015,1,1,1400,5399,33,224108,1210,511,680,53392,84,0,84,1,16777216,4723,0.245,0,0.310
1,4726,42963.286,level1,1,1024,640,8.314,1,8.852,8.852,8.000,0,0.027,6.425,0.059,0.635,1.520,0.015,1,1,1400,5399,33,224108,1210,511,680,53426,84,0,84,1,16777216,4724,0.240,0,0.220
1,4727,42971.335,level1,1,1024,640,7.834,1,7.773,7.773,8.000,0,0.024,6.597,0.102,0.721,1.399,0.012,1,1,1400,5399,33,224108,1210,511,680,53460,84,0,84,1,16777216,4725,0.252,0,0.238
1,4728,42978.835,level1,1,1024,640,7.815,1,8.056,8.056,8.000,0,0.020,6.308,0.076,0.775,1.580,0.020,1,1,1400,5399,33,224108,1210,511,680,53494,84,0,84,1,16777216,4726,0.234,0,0.244
1,4729,42986.678,level1,1,1024,640,7.667,1,7.513,7.513,7.000,0,0.021,6.464,0.095,0.680,1.606,0.015,1,1,1400,5399,33,224108,1210,511,680,53528,84,0,84,1,16777216,4727,0.244,0,0.257
1,4730,42994.926,level1,1,1024,640,8.002,1,7.784,7.784,8.000,0,0.033,6.730,0.075,0.643,1.500,0.013,1,1,1400,5399,33,224108,1210,511,680,53562,84,0,84,1,16777216,4728,0.226,0,0.198
1,4731,43003.081,level1,1,1024,640,8.270,1,8.251,8.251,8.000,0,0.018,6.562,0.129,0.639,1.593,0.023,1,1,1400,5399,33,224108,1210,511,680,53596,84,0,84,1,16777216,4729,0.244,0,0.202
1,4732,43011.930,level1,1,1024,640,8.423,1,8.270,8.270,8.000,0,0.034,7.060,0.058,0.939,2.078,0.012,1,1,1400,5399,33,224108,1210,511,680,53630,84,0,84,1,16777216,4730,0.237,0,0.317
1,4733,43018.354,level1,1,1024,640,7.328,1,8.719,8.719,9.000,0,0.019,6.171,0.043,0.625,1.451,0.010,1,1,1400,5399,33,224108,1210,511,680,53664,84,0,84,1,16777216,4731,0.259,0,0.188
1,4734,43026.009,level1,1,1024,640,6.524,1,6.517,6.517,7.000,0,0.025,7.220,0.123,0.652,1.377,0.017,1,1,1400,5399,33,224108,1210,511,680,53698,84,0,84,1,16777216,4732,0.237,0,0.280
1,4735,43034.493,level1,1,1024,640,8.527,1,7.569,7.569,7.000,0,0.018,7.243,0.058,0.669,1.511,0.014,1,1,1400,5399,33,224108,1210,511,680,53732,84,0,84,1,16777216,4733,0.245,0,0.194
1,4736,43042.482,level1,1,1024,640,8.509,1,8.484,8.484,9.000,0,0.017,6.725,0.057,0.641,1.337,0.013,1,1,1400,5399,33,224108,1210,511,680,53766,84,0,84,1,16777216,4734,0.240,0,0.194
1,4737,43050.352,level1,1,1024,640,7.820,1,8.013,8.013,8.000,0,0.017,6.767,0.065,0.649,1.351,0.013,1,1,1400,5399,33,224108,1210,511,680,53800,84,0,84,1,16777216,4735,0.251,0,0.218
1,4738,43059.901,level1,1,1024,640,7.991,1,7.904,7.904,7.000,0,0.025,8.264,0.125,0.880,1.667,0.018,1,1,1400,5399,33,224108,1210,511,680,53834,84,0,84,1,16777216,4736,0.241,0,0.251
1,4739,43068.069,level1,1,1024,640,9.239,1,9.516,9.516,10.000,0,0.028,7.257,0.062,0.847,1.896,0.016,1,1,1400,5399,33,224108,1210,511,680,53868,84,0,84,1,16777216,4737,0.254,0,0.219
1,4740,43075.858,level1,1,1024,640,7.655,1,8.167,8.167,9.000,0,0.024,7.390,0.063,0.825,2.212,0.017,1,1,1400,5399,33,224108,1210,511,680,53902,84,0,84,1,16777216,4738,0.238,0,0.218
1,4741,43084.020,level1,1,1024,640,8.388,1,7.811,7.811,7.000,0,0.021,7.163,0.064,0.653,1.685,0.014,1,1,1400,5399,33,224108,1210,511,680,53936,84,0,84,1,16777216,4739,0.252,0,0.239
1,4742,43091.834,level1,1,1024,640,7.508,1,8.172,8.172,8.000,0,0.025,7.433,0.099,0.698,1.766,0.015,1,1,1400,5399,33,224108,1210,511,680,53970,84,0,84,1,16777216,4740,0.236,0,0.249
1,4743,43099.109,level1,1,1024,640,7.859,1,7.774,7.774,9.000,0,0.020,6.888,0.060,0.915,1.590,0.012,1,1,1400,5399,33,224108,1210,511,680,54004,84,0,84,1,16777216,4741,0.248,0,0.210
1,4744,43107.062,level1,1,1024,640,8.006,1,7.287,7.287,6.000,0,0.022,6.844,0.052,0.752,1.481,0.011,1,1,1400,5399,33,224108,1210,511,680,54038,84,0,84,1,16777216,4742,0.240,0,0.221
1,4745,43114.274,level1,1,1024,640,7.352,1,7.955,7.955,8.000,0,0.023,6.702,0.053,0.759,1.532,0.012,1,1,1400,5399,33,224108,1210,511,680,54072,84,0,84,1,16777216,4743,0.252,0,0.223
1,4746,43121.960,level1,1,1024,640,6.998,1,7.201,7.201,8.000,0,0.023,7.367,0.075,0.890,1.903,0.015,1,1,1400,5399,33,224108,1210,511,680,54106,84,0,84,1,16777216,4744,0.239,0,0.213
1,4747,43129.035,level1,1,1024,640,7.810,1,7.797,7.797,7.000,0,0.034,6.638,0.071,0.644,1.432,0.015,1,1,1400,5399,33,224108,1210,511,680,54140,84,0,84,1,16777216,4745,0.248,0,0.323
1,4748,43137.222,level1,1,1024,640,7.764,1,7.101,7.101,7.000,0,0.033,7.037,0.095,0.634,1.957,0.023,1,1,1400,5399,33,224108,1210,511,680,54174,84,0,84,1,16777216,4746,0.228,0,0.343
1,4749,43144.409,level1,1,1024,640,7.624,1,8.282,8.282,8.000,0,0.040,6.554,0.140,0.640,1.298,0.010,1,1,1400,5399,33,224108,1210,511,680,54208,84,0,84,1,16777216,4747,0.234,0,0.444
1,4750,43152.060,level1,1,1024,640,7.160,1,7.146,7.146,8.000,0,0.053,7.137,0.049,0.627,1.401,0.010,1,1,1400,5399,33,224108,1210,511,680,54242,84,0,84,1,16777216,4748,0.243,0,0.395
1,4751,43158.420,level1,1,1024,640,7.438,1,7.477,7.477,8.000,0,0.018,6.050,0.058,0.727,1.514,0.011,1,1,1400,5399,33,224108,1210,511,680,54276,84,0,84,1,16777216,4749,0.248,0,0.230
1,4752,43166.220,level1,1,1024,640,7.138,1,6.426,6.426,6.000,0,0.021,6.718,0.052,0.642,1.479,0.012,1,1,1400,5399,33,224108,1210,511,680,54310,84,0,84,1,16777216,4750,0.241,0,0.296
1,4753,43173.080,level1,1,1024,640,7.032,1,7.739,7.739,8.000,0,0.022,6.553,0.046,0.644,1.334,0.011,1,1,1400,5399,33,224108,1210,511,680,54344,84,0,84,1,16777216,4751,0.242,0,0.235
1,4754,43180.275,level1,1,1024,640,6.824,1,6.822,6.822,7.000,0,0.024,6.894,0.049,0.686,1.525,0.010,1,1,1400,5399,33,224108,1210,511,680,54378,84,0,84,1,16777216,4752,0.292,0,0.186
1,4755,43186.861,level1,1,1024,640,7.282,1,7.281,7.281,7.000,0,0.025,6.228,0.046,0.630,1.340,0.010,1,1,1400,5399,33,224108,1210,511,680,54412,84,0,84,1,16777216,4753,0.248,0,0.282
1,4756,43194.221,level1,1,1024,640,6.464,1,6.468,6.468,7.000,0,0.021,7.123,0.046,0.645,1.458,0.010,1,1,1400,5399,33,224108,1210,511,680,54446,84,0,84,1,16777216,4754,0.242,0,0.165
1,4757,43201.042,level1,1,1024,640,7.479,1,7.480,7.480,7.000,0,0.019,6.469,0.042,0.659,1.329,0.011,1,1,1400,5399,33,224108,1210,511,680,54480,84,0,84,1,16777216,4755,0.247,0,0.285
1,4758,43208.819,level1,1,1024,640,6.846,1,6.838,6.838,6.000,0,0.025,7.314,0.126,0.691,1.554,0.022,1,1,1400,5399,33,224108,1210,511,680,54514,84,0,84,1,16777216,4756,0.237,0,0.302
1,4759,43218.138,level1,1,1024,640,9.803,1,7.986,7.986,9.000,0,0.036,6.835,0.123,0.676,1.407,0.016,1,1,1400,5399,33,224108,1210,511,680,54548,84,0,84,1,16777216,4757,0.253,0,0.508
1,4760,43226.356,level1,1,1024,640,8.300,1,9.033,9.033,9.000,0,0.028,6.810,0.066,0.695,1.579,0.016,1,1,1400,5399,33,224108,1210,511,680,54582,84,0,84,1,16777216,4758,0.258,0,0.224
1,4761,43233.767,level1,1,1024,640,7.872,1,8.202,8.202,8.000,0,0.023,6.355,0.060,0.637,1.369,0.016,1,1,1400,5399,33,224108,1210,511,680,54616,84,0,84,1,16777216,4759,0.253,0,0.209
1,4762,43242.106,level1,1,1024,640,7.853,1,7.420,7.420,7.000,0,0.019,6.812,0.089,0.706,1.729,0.015,1,1,1400,5399,33,224108,1210,511,680,54650,84,0,84,1,16777216,4760,0.230,0,0.218
1,4763,43249.634,level1,1,1024,640,8.107,1,8.318,8.318,9.000,0,0.024,6.233,0.086,0.625,1.388,0.018,1,1,1400,5399,33,224108,1210,511,680,54684,84,0,84,1,16777216,4761,0.254,0,0.197
1,4764,43257.479,level1,1,1024,640,7.719,1,7.542,7.542,7.000,0,0.019,6.398,0.049,0.633,1.314,0.012,1,1,1400,5399,33,224108,1210,511,680,54718,84,0,84,1,16777216,4762,0.238,0,0.211
1,4765,43264.415,level1,1,1024,640,6.647,1,7.813,7.813,8.000,0,0.017,6.679,0.054,0.635,1.311,0.013,1,1,1400,5399,33,224108,1210,511,680,54752,84,0,84,1,16777216,4763,0.244,0,0.180
1,4766,43273.056,level1,1,1024,640,8.233,1,6.950,6.950,7.000,0,0.017,7.015,0.127,0.638,1.720,0.024,1,1,1400,5399,33,224108,1210,511,680,54786,84,0,84,1,16777216,4764,0.241,0,0.193
1,4767,43280.984,level1,1,1024,640,8.582,1,8.789,8.789,9.000,0,0.019,6.428,0.061,0.645,1.457,0.016,1,1,1400,5399,33,224108,1210,511,680,54820,84,0,84,1,16777216,4765,0.250,0,0.340
1,4768,43289.063,level1,1,1024,640,7.836,1,7.785,7.785,7.000,0,0.019,6.675,0.058,0.648,1.766,0.118,1,1,1400,5399,33,224108,1210,511,680,54854,84,0,84,1,16777216,4766,0.237,0,0.198
1,4769,43297.651,level1,1,1024,640,8.612,1,9.217,9.217,9.000,0,0.028,6.652,0.056,0.636,1.337,0.012,1,1,1400,5399,33,224108,1210,511,680,54888,84,0,84,1,16777216,4767,0.245,0,1.335
1,4770,43306.385,level1,1,1024,640,8.205,1,7.441,7.441,8.000,0,0.016,7.158,0.078,0.641,1.326,0.013,1,1,1400,5399,33,224108,1210,511,680,54922,84,0,84,1,16777216,4768,0.245,0,0.188
1,4771,43315.638,level1,1,1024,640,9.344,1,8.771,8.771,9.000,0,0.016,7.081,0.065,0.778,1.865,0.026,1,1,1400,5399,33,224108,1210,511,680,54956,84,0,84,1,16777216,4769,0.243,0,0.226
1,4772,43324.059,level1,1,1024,640,8.270,1,9.237,9.237,9.000,0,0.026,7.237,0.059,0.692,1.841,0.014,1,1,1400,5399,33,224108,1210,511,680,54990,84,0,84,1,16777216,4770,0.252,0,0.209
1,4773,43331.711,level1,1,1024,640,8.323,1,8.422,8.422,9.000,0,0.023,6.531,0.093,0.655,1.449,0.016,1,1,1400,5399,33,224108,1210,511,680,55024,84,0,84,1,16777216,4771,0.237,0,0.211
1,4774,43339.485,level1,1,1024,640,7.718,1,7.697,7.697,7.000,0,0.024,6.598,0.085,0.824,1.642,0.013,1,1,1400,5399,33,224108,1210,511,680,55058,84,0,84,1,16777216,4772,0.241,0,0.254
1,4775,43346.247,level1,1,1024,640,6.891,1,7.703,7.703,8.000,0,0.019,6.511,0.043,0.638,1.405,0.011,1,1,1400,5399,33,224108,1210,511,680,55092,84,0,84,1,16777216,4773,0.248,0,0.184
1,4776,43353.599,level1,1,1024,640,6.750,1,6.749,6.749,7.000,0,0.021,7.100,0.055,0.640,1.324,0.013,1,1,1400,5399,33,224108,1210,511,680,55126,84,0,84,1,16777216,4774,0.240,0,0.171
1,4777,43360.339,level1,1,1024,640,7.440,1,7.412,7.412,7.000,0,0.047,6.410,0.045,0.660,1.426,0.012,1,1,1400,5399,33,224108,1210,511,680,55160,84,0,84,1,16777216,4775,0.245,0,0.230
1,4778,43366.882,level1,1,1024,640,6.743,1,6.765,6.765,7.000,0,0.025,6.213,0.043,0.626,1.324,0.011,1,1,1400,5399,33,224108,1210,511,680,55194,84,0,84,1,16777216,4776,0.239,0,0.256
1,4779,43373.733,level1,1,1024,640,6.800,1,6.778,6.778,6.000,0,0.044,6.260,0.046,0.648,1.321,0.011,1,1,1400,5399,33,224108,1210,511,680,55228,84,0,84,1,16777216,4777,0.275,0,0.490
1,4780,43380.080,level1,1,1024,640,6.716,1,6.737,6.737,7.000,0,0.025,5.896,0.042,0.657,1.322,0.011,1,1,1400,5399,33,224108,1210,511,680,55262,84,0,84,1,16777216,4778,0.244,0,0.378
1,4781,43386.379,level1,1,1024,640,6.219,1,6.225,6.225,7.000,0,0.021,5.976,0.042,0.629,1.290,0.010,1,1,1400,5399,33,224108,1210,511,680,55296,84,0,84,1,16777216,4779,0.245,0,0.255
1,4782,43392.484,level1,1,1024,640,6.196,1,6.201,6.201,6.000,0,0.015,5.846,0.081,0.626,1.283,0.010,1,1,1400,5399,33,224108,1210,511,680,55330,84,0,84,1,16777216,4780,0.246,0,0.158
1,4783,43399.015,level1,1,1024,640,6.120,1,6.114,6.114,6.000,0,0.021,6.277,0.060,0.724,1.511,0.011,1,1,1400,5399,33,224108,1210,511,680,55364,84,0,84,1,16777216,4781,0.248,0,0.168
1,4784,43406.856,level1,1,1024,640,7.675,1,6.578,6.578,7.000,0,0.019,6.441,0.064,0.635,1.392,0.015,1,1,1400,5399,33,224108,1210,511,680,55398,84,0,84,1,16777216,4782,0.244,0,0.214
1,4785,43414.430,level1,1,1024,640,7.497,1,7.845,7.845,7.000,0,0.021,6.531,0.050,0.645,1.473,0.012,1,1,1400,5399,33,224108,1210,511,680,55432,84,0,84,1,16777216,4783,0.250,0,0.218
1,4786,43420.741,level1,1,1024,640,6.828,1,7.581,7.581,8.000,0,0.017,6.024,0.041,0.636,1.440,0.011,1,1,1400,5399,33,224108,1210,511,680,55466,84,0,84,1,16777216,4784,0.233,0,0.226
1,4787,43426.838,level1,1,1024,640,6.354,1,6.346,6.346,6.000,0,0.023,5.770,0.038,0.622,1.292,0.009,1,1,1400,5399,33,224108,1210,511,680,55500,84,0,84,1,16777216,4785,0.250,0,0.260
1,4788,43433.953,level1,1,1024,640,5.997,1,6.006,6.006,6.000,0,0.015,6.860,0.066,0.637,1.426,0.012,1,1,1400,5399,33,224108,1210,511,680,55534,84,0,84,1,16777216,4786,0.248,0,0.171
1,4789,43440.609,level1,1,1024,640,7.186,1,7.183,7.183,7.000,0,0.017,6.340,0.055,0.641,1.407,0.011,1,1,1400,5399,33,224108,1210,511,680,55568,84,0,84,1,16777216,4787,0.269,0,0.236
1,4790,43447.412,level1,1,1024,640,6.612,1,6.614,6.614,7.000,0,0.015,6.485,0.102,0.630,1.552,0.013,1,1,1400,5399,33,224108,1210,511,680,55602,84,0,84,1,16777216,4788,0.242,0,0.196
1,4791,43456.076,level1,1,1024,640,8.197,1,6.783,6.783,7.000,0,0.016,6.881,0.172,0.640,1.782,0.023,1,1,1400,5399,33,224108,1210,511,680,55636,84,0,84,1,16777216,4789,0.252,0,0.176
1,4792,43464.523,level1,1,1024,640,8.362,1,8.831,8.831,9.000,0,0.034,7.080,0.058,0.870,1.878,0.012,1,1,1400,5399,33,224108,1210,511,680,55670,84,0,84,1,16777216,4790,0.243,0,0.343
1,4793,43472.226,level1,1,1024,640,8.499,1,8.325,8.325,8.000,0,0.018,6.291,0.051,0.637,1.526,0.012,1,1,1400,5399,33,224108,1210,511,680,55704,84,0,84,1,16777216,4791,0.262,0,0.221
1,4794,43478.571,level1,1,1024,640,6.548,1,7.666,7.666,7.000,0,0.018,6.095,0.044,0.638,1.447,0.011,1,1,1400,5399,33,224108,1210,511,680,55738,84,0,84,1,16777216,4792,0.241,0,0.184
1,4795,43484.904,level1,1,1024,640,6.374,1,6.373,6.373,7.000,0,0.018,6.058,0.041,0.630,1.412,0.010,1,1,1400,5399,33,224108,1210,511,680,55772,84,0,84,1,16777216,4793,0.244,0,0.212
1,4796,43491.265,level1,1,1024,640,6.284,1,6.287,6.287,6.000,0,0.015,6.114,0.060,0.632,1.326,0.013,1,1,1400,5399,33,224108,1210,511,680,55806,84,0,84,1,16777216,4794,0.244,0,0.166
1,4797,43498.656,level1,1,1024,640,7.154,1,6.441,6.441,7.000,0,0.026,6.368,0.044,0.632,1.443,0.011,1,1,1400,5399,33,224108,1210,511,680,55840,84,0,84,1,16777216,4795,0.247,0,0.245
1,4798,43504.739,level1,1,1024,640,6.612,1,7.323,7.323,7.000,0,0.017,5.847,0.036,0.630,1.283,0.010,1,1,1400,5399,33,224108,1210,511,680,55874,84,0,84,1,16777216,4796,0.244,0,0.178
1,4799,43511.035,level1,1,1024,640,6.096,1,6.093,6.093,6.000,0,0.021,6.039,0.044,0.633,1.356,0.011,1,1,1400,5399,33,224108,1210,511,680,55908,84,0,84,1,16777216,4797,0.252,0,0.188
1,4800,43517.218,level1,1,1024,640,6.275,1,6.279,6.279,6.000,0,0.016,5.919,0.069,0.626,1.349,0.011,1,1,1400,5399,33,224108,1210,511,680,55942,84,0,84,1,16777216,4798,0.240,0,0.171
1,4801,43523.250,level1,1,1024,640,6.209,1,6.191,6.191,6.000,0,0.036,5.775,0.039,0.623,1.376,0.010,1,1,1400,5399,33,224108,1210,511,680,55976,84,0,84,1,16777216,4799,0.245,0,0.176
1,4802,43529.491,level1,1,1024,640,5.999,1,6.018,6.018,6.000,0,0.016,6.005,0.051,0.622,1.422,0.012,1,1,1400,5399,33,224108,1210,511,680,56010,84,0,84,1,16777216,4800,0.230,0,0.165
1,4803,43535.813,level1,1,1024,640,6.338,1,6.335,6.335,7.000,0,0.020,6.003,0.037,0.620,1.427,0.010,1,1,1400,5399,33,224108,1210,511,680,56044,84,0,84,1,16777216,4801,0.233,0,0.258
1,4804,43542.074,level1,1,1024,640,6.232,1,6.237,6.237,6.000,0,0.016,6.026,0.042,0.624,1.296,0.010,1,1,1400,5399,33,224108,1210,511,680,56078,84,0,84,1,16777216,4802,0.240,0,0.173
1,4805,43548.149,level1,1,1024,640,6.267,1,6.266,6.266,7.000,0,0.016,5.841,0.035,0.621,1.358,0.010,1,1,1400,5399,33,224108,1210,511,680,56112,84,0,84,1,16777216,4803,0.287,0,0.178
1,4806,43554.332,level1,1,1024,640,6.064,1,6.067,6.067,5.000,0,0.015,5.952,0.042,0.621,1.322,0.028,1,1,1400,5399,33,224108,1210,511,680,56146,84,0,84,1,16777216,4804,0.237,0,0.170
1,4807,43560.524,level1,1,1024,640,6.237,1,6.223,6.223,7.000,0,0.022,5.912,0.038,0.624,1.348,0.010,1,1,1400,5399,33,224108,1210,511,680,56180,84,0,84,1,16777216,4805,0.252,0,0.210
1,4808,43566.573,level1,1,1024,640,6.129,1,6.142,6.142,6.000,0,0.015,5.837,0.034,0.620,1.409,0.009,1,1,1400,5399,33,224108,1210,511,680,56214,84,0,84,1,16777216,4806,0.238,0,0.160
1,4809,43572.920,level1,1,1024,640,6.043,1,6.045,6.045,6.000,0,0.014,6.089,0.084,0.706,1.507,0.015,1,1,1400,5399,33,224108,1210,511,680,56248,84,0,84,1,16777216,4807,0.249,0,0.156
1,4810,43579.431,level1,1,1024,640,6.421,1,6.405,6.405,7.000,0,0.024,6.212,0.051,0.684,1.462,0.012,1,1,1400,5399,33,224108,1210,511,680,56282,84,0,84,1,16777216,4808,0.239,0,0.214
1,4811,43587.239,level1,1,1024,640,7.650,1,6.504,6.504,6.000,0,0.025,6.349,0.073,0.669,1.474,0.013,1,1,1400,5399,33,224108,1210,511,680,56316,84,0,84,1,16777216,4809,0.248,0,0.206
1,4812,43594.273,level1,1,1024,640,7.319,1,7.783,7.783,7.000,0,0.019,6.091,0.045,0.633,1.336,0.012,1,1,1400,5399,33,224108,1210,511,680,56350,84,0,84,1,16777216,4810,0.239,0,0.182
1,4813,43600.522,level1,1,1024,640,6.367,1,7.062,7.062,8.000,0,0.017,5.929,0.086,0.622,1.400,0.010,1,1,1400,5399,33,224108,1210,511,680,56384,84,0,84,1,16777216,4811,0.246,0,0.210
1,4814,43606.859,level1,1,1024,640,6.218,1,6.211,6.211,6.000,0,0.023,6.091,0.046,0.632,1.375,0.011,1,1,1400,5399,33,224108,1210,511,680,56418,84,0,84,1,16777216,4812,0.241,0,0.172
1,4815,43613.086,level1,1,1024,640,6.354,1,6.361,6.361,6.000,0,0.016,5.969,0.042,0.680,1.409,0.010,1,1,1400,5399,33,224108,1210,511,680,56452,84,0,84,1,16777216,4813,0.249,0,0.196
1,4816,43619.432,level1,1,1024,640,6.214,1,6.212,6.212,7.000,0,0.018,6.099,0.043,0.634,1.409,0.012,1,1,1400,5399,33,224108,1210,511,680,56486,84,0,84,1,16777216,4814,0.237,0,0.180
1,4817,43625.566,level1,1,1024,640,6.359,1,6.359,6.359,6.000,0,0.019,5.881,0.037,0.619,1.285,0.010,1,1,1400,5399,33,224108,1210,511,680,56520,84,0,84,1,16777216,4815,0.248,0,0.194
1,4818,43631.797,level1,1,1024,640,6.116,1,6.120,6.120,6.000,0,0.015,5.966,0.063,0.623,1.302,0.013,1,1,1400,5399,33,224108,1210,511,680,56554,84,0,84,1,16777216,4816,0.226,0,0.180
1,4819,43638.675,level1,1,1024,640,6.260,1,6.246,6.246,7.000,0,0.027,6.577,0.072,0.630,1.408,0.016,1,1,1400,5399,33,224108,1210,511,680,56588,84,0,84,1,16777216,4817,0.241,0,0.195
1,4820,43645.682,level1,1,1024,640,6.991,1,6.990,6.990,6.000,0,0.028,6.615,0.051,0.707,1.552,0.013,1,1,1400,5399,33,224108,1210,511,680,56622,84,0,84,1,16777216,4818,0.239,0,0.305
1,4821,43653.105,level1,1,1024,640,6.872,1,6.879,6.879,7.000,0,0.023,7.142,0.074,0.632,1.591,0.015,1,1,1400,5399,33,224108,1210,511,680,56656,84,0,84,1,16777216,4819,0.247,0,0.178
1,4822,43660.643,level1,1,1024,640,8.386,1,7.446,7.446,8.000,0,0.019,6.286,0.081,0.676,1.523,0.016,1,1,1400,5399,33,224108,1210,511,680,56690,84,0,84,1,16777216,4820,0.244,0,0.201
1,4823,43667.333,level1,1,1024,640,7.029,1,7.612,7.612,7.000,0,0.025,5.981,0.049,0.638,1.401,0.010,1,1,1400,5399,33,224108,1210,511,680,56724,84,0,84,1,16777216,4821,0.250,0,0.274
1,4824,43674.819,level1,1,1024,640,6.342,1,6.696,6.696,7.000,0,0.026,7.002,0.171,0.630,1.307,0.011,1,1,1400,5399,33,224108,1210,511,680,56758,84,0,84,1,16777216,4822,0.240,0,0.279
1,4825,43682.962,level1,1,1024,640,8.396,1,7.475,7.475,7.000,0,0.019,6.868,0.052,0.649,1.322,0.011,1,1,1400,5399,33,224108,1210,511,680,56792,84,0,84,1,16777216,4823,0.247,0,0.270
1,4826,43689.991,level1,1,1024,640,7.248,1,8.171,8.171,9.000,0,0.025,6.655,0.047,0.666,1.426,0.012,1,1,1400,5399,33,224108,1210,511,680,56826,84,0,84,1,16777216,4824,0.243,0,0.298
1,4827,43696.779,level1,1,1024,640,7.005,1,7.000,7.000,6.000,0,0.024,6.441,0.044,0.623,1.449,0.010,1,1,1400,5399,33,224108,1210,511,680,56860,84,0,84,1,16777216,4825,0.244,0,0.268
1,4828,43703.421,level1,1,1024,640,6.719,1,6.726,6.726,7.000,0,0.022,6.363,0.045,0.639,1.372,0.010,1,1,1400,5399,33,224108,1210,511,680,56894,84,0,84,1,16777216,4826,0.233,0,0.207
1,4829,43709.763,level1,1,1024,640,6.596,1,6.603,6.603,7.000,0,0.016,6.078,0.075,0.633,1.315,0.012,1,1,1400,5399,33,224108,1210,511,680,56928,84,0,84,1,16777216,4827,0.251,0,0.168
1,4830,43716.031,level1,1,1024,640,6.431,1,6.421,6.421,7.000,0,0.025,5.916,0.074,0.623,1.294,0.010,1,1,1400,5399,33,224108,1210,511,680,56962,84,0,84,1,16777216,4828,0.239,0,0.247
1,4831,43722.148,level1,1,1024,640,6.281,1,6.285,6.285,6.000,0,0.019,5.784,0.042,0.620,1.303,0.010,1,1,1400,5399,33,224108,1210,511,680,56996,84,0,84,1,16777216,4829,0.247,0,0.264
1,4832,43728.347,level1,1,1024,640,6.063,1,6.061,6.061,5.000,0,0.023,5.906,0.057,0.623,1.422,0.016,1,1,1400,5399,33,224108,1210,511,680,57030,84,0,84,1,16777216,4830,0.235,0,0.208
1,4833,43734.827,level1,1,1024,640,6.172,1,6.171,6.171,7.000,0,0.024,6.118,0.153,0.628,1.608,0.011,1,1,1400,5399,33,224108,1210,511,680,57064,84,0,84,1,16777216,4831,0.245,0,0.179
1,4834,43740.960,level1,1,1024,640,6.500,1,6.505,6.505,6.000,0,0.018,5.864,0.041,0.624,1.349,0.011,1,1,1400,5399,33,224108,1210,511,680,57098,84,0,84,1,16777216,4832,0.240,0,0.205
1,4835,43747.152,level1,1,1024,640,6.107,1,6.110,6.110,7.000,0,0.015,5.947,0.042,0.631,1.351,0.010,1,1,1400,5399,33,224108,1210,511,680,57132,84,0,84,1,16777216,4833,0.248,0,0.183
1,4836,43753.486,level1,1,1024,640,6.191,1,6.187,6.187,6.000,0,0.019,6.089,0.043,0.632,1.354,0.010,1,1,1400,5399,33,224108,1210,511,680,57166,84,0,84,1,16777216,4834,0.238,0,0.178
1,4837,43759.702,level1,1,1024,640,6.326,1,6.329,6.329,6.000,0,0.015,5.960,0.061,0.629,1.322,0.037,1,1,1400,5399,33,224108,1210,511,680,57200,84,0,84,1,16777216,4835,0.244,0,0.174
1,4838,43766.054,level1,1,1024,640,6.300,1,6.295,6.295,6.000,0,0.020,6.033,0.041,0.623,1.371,0.011,1,1,1400,5399,33,224108,1210,511,680,57234,84,0,84,1,16777216,4836,0.240,0,0.252
1,4839,43772.563,level1,1,1024,640,6.253,1,6.260,6.260,6.000,0,0.015,6.284,0.047,0.630,1.382,0.011,1,1,1400,5399,33,224108,1210,511,680,57268,84,0,84,1,16777216,4837,0.233,0,0.161
1,4840,43779.040,level1,1,1024,640,6.552,1,6.543,6.543,7.000,0,0.023,6.191,0.062,0.631,1.336,0.012,1,1,1400,5399,33,224108,1210,511,680,57302,84,0,84,1,16777216,4838,0.278,0,0.193
1,4841,43785.665,level1,1,1024,640,6.538,1,6.535,6.535,6.000,0,0.025,6.294,0.048,0.635,1.391,0.011,1,1,1400,5399,33,224108,1210,511,680,57336,84,0,84,1,16777216,4839,0.252,0,0.251
1,4842,43793.291,level1,1,1024,640,7.565,1,6.582,6.582,7.000,0,0.016,6.272,0.128,0.633,1.516,0.035,1,1,1400,5399,33,224108,1210,511,680,57370,84,0,84,1,16777216,4840,0.245,0,0.209
1,4843,43800.938,level1,1,1024,640,7.682,1,7.715,7.715,7.000,0,0.030,6.286,0.079,0.629,1.385,0.015,1,1,1400,5399,33,224108,1210,511,680,57404,84,0,84,1,16777216,4841,0.254,0,0.290
1,4844,43808.269,level1,1,1024,640,7.161,1,7.550,7.550,8.000,0,0.024,6.443,0.093,0.869,1.550,0.012,1,1,1400,5399,33,224108,1210,511,680,57438,84,0,84,1,16777216,4842,0.236,0,0.202
1,4845,43815.725,level1,1,1024,640,7.720,1,7.332,7.332,8.000,0,0.019,6.183,0.090,0.626,1.382,0.013,1,1,1400,5399,33,224108,1210,511,680,57472,84,0,84,1,16777216,4843,0.238,0,0.203
1,4846,43822.048,level1,1,1024,640,6.486,1,7.443,7.443,7.000,0,0.019,6.066,0.045,0.661,1.402,0.014,1,1,1400,5399,33,224108,1210,511,680,57506,84,0,84,1,16777216,4844,0.234,0,0.190
1,4847,43829.046,level1,1,1024,640,6.332,1,6.332,6.332,6.000,0,0.019,6.696,0.081,0.637,1.473,0.011,1,1,1400,5399,33,224108,1210,511,680,57540,84,0,84,1,16777216,4845,0.252,0,0.198
1,4848,43836.523,level1,1,1024,640,7.609,1,7.131,7.131,7.000,0,0.026,6.538,0.106,0.636,1.583,0.021,1,1,1400,5399,33,224108,1210,511,680,57574,84,0,84,1,16777216,4846,0.242,0,0.329
1,4849,43843.733,level1,1,1024,640,7.204,1,7.642,7.642,9.000,0,0.054,6.606,0.044,0.631,1.415,0.017,1,1,1400,5399,33,224108,1210,511,680,57608,84,0,84,1,16777216,4847,0.244,0,0.495
1,4850,43850.870,level1,1,1024,640,6.956,1,6.991,6.991,6.000,0,0.022,6.769,0.063,0.648,1.609,0.013,1,1,1400,5399,33,224108,1210,511,680,57642,84,0,84,1,16777216,4848,0.239,0,0.278
1,4851,43859.059,level1,1,1024,640,8.417,1,7.070,7.070,7.000,0,0.024,6.398,0.204,0.655,1.438,0.022,1,1,1400,5399,33,224108,1210,511,680,57676,84,0,84,1,16777216,4849,0.245,0,0.210
1,4852,43865.935,level1,1,1024,640,6.987,1,8.323,8.323,8.000,0,0.032,6.451,0.042,0.634,1.299,0.010,1,1,1400,5399,33,224108,1210,511,680,57710,84,0,84,1,16777216,4850,0.249,0,0.344
1,4853,43872.911,level1,1,1024,640,6.677,1,6.697,6.697,8.000,0,0.015,6.708,0.083,0.630,1.368,0.011,1,1,1400,5399,33,224108,1210,511,680,57744,84,0,84,1,16777216,4851,0.248,0,0.165
1,4854,43879.602,level1,1,1024,640,6.993,1,6.988,6.988,7.000,0,0.016,6.415,0.074,0.624,1.372,0.011,1,1,1400,5399,33,224108,1210,511,680,57778,84,0,84,1,16777216,4852,0.238,0,0.178
1,4855,43886.459,level1,1,1024,640,6.676,1,6.680,6.680,5.000,0,0.015,6.627,0.044,0.637,1.432,0.010,1,1,1400,5399,33,224108,1210,511,680,57812,84,0,84,1,16777216,4853,0.247,0,0.167
1,4856,43893.292,level1,1,1024,640,6.853,1,6.853,6.853,8.000,0,0.016,6.606,0.045,0.627,1.428,0.010,1,1,1400,5399,33,224108,1210,511,680,57846,84,0,84,1,16777216,4854,0.235,0,0.163
1,4857,43900.567,level1,1,1024,640,6.859,1,6.859,6.859,6.000,0,0.015,6.981,0.085,1.131,2.018,0.014,1,1,1400,5399,33,224108,1210,511,680,57880,84,0,84,1,16777216,4855,0.243,0,0.188
1,4858,43907.021,level1,1,1024,640,7.273,1,7.266,7.266,8.000,0,0.021,6.208,0.040,0.650,1.541,0.010,1,1,1400,5399,33,224108,1210,511,680,57914,84,0,84,1,16777216,4856,0.257,0,0.179
1,4859,43913.930,level1,1,1024,640,6.462,1,6.469,6.469,7.000,0,0.017,6.650,0.045,0.628,1.374,0.010,1,1,1400,5399,33,224108,1210,511,680,57948,84,0,84,1,16777216,4857,0.249,0,0.194
1,4860,43921.522,level1,1,1024,640,6.882,1,6.881,6.881,6.000,0,0.017,7.303,0.102,0.648,1.468,0.011,1,1,1400,5399,33,224108,1210,511,680,57982,84,0,84,1,16777216,4858,0.237,0,0.165
1,4861,43928.283,level1,1,1024,640,7.613,1,7.612,7.612,8.000,0,0.017,6.513,0.041,0.691,1.490,0.010,1,1,1400,5399,33,224108,1210,511,680,58016,84,0,84,1,16777216,4859,0.244,0,0.185
1,4862,43935.090,level1,1,1024,640,6.779,1,6.764,6.764,6.000,0,0.033,6.523,0.058,0.629,1.304,0.012,1,1,1400,5399,33,224108,1210,511,680,58050,84,0,84,1,16777216,4860,0.240,0,0.188
1,4863,43942.100,level1,1,1024,640,6.846,1,6.855,6.855,7.000,0,0.022,6.660,0.081,0.658,1.428,0.016,1,1,1400,5399,33,224108,1210,511,680,58084,84,0,84,1,16777216,4861,0.250,0,0.236
1,4864,43950.079,level1,1,1024,640,8.257,1,6.957,6.957,7.000,0,0.025,6.376,0.091,0.735,1.650,0.018,1,1,1400,5399,33,224108,1210,511,680,58118,84,0,84,1,16777216,4862,0.241,0,0.182
1,4865,43957.577,level1,1,1024,640,7.660,1,8.118,8.118,8.000,0,0.039,6.212,0.094,0.627,1.375,0.015,1,1,1400,5399,33,224108,1210,511,680,58152,84,0,84,1,16777216,4863,0.313,0,0.320
1,4866,43964.620,level1,1,1024,640,6.513,1,7.350,7.350,8.000,0,0.027,6.777,0.055,0.655,1.514,0.012,1,1,1400,5399,33,224108,1210,511,680,58186,84,0,84,1,16777216,4864,0.226,0,0.174
1,4867,43971.655,level1,1,1024,640,7.033,1,7.045,7.045,7.000,0,0.017,6.776,0.061,0.643,1.526,0.015,1,1,1400,5399,33,224108,1210,511,680,58220,84,0,84,1,16777216,4865,0.247,0,0.176
1,4868,43980.073,level1,1,1024,640,8.217,1,7.103,7.103,7.000,0,0.026,6.974,0.064,0.670,1.766,0.014,1,1,1400,5399,33,224108,1210,511,680,58254,84,0,84,1,16777216,4866,0.239,0,0.242
1,4869,43988.203,level1,1,1024,640,8.416,1,8.465,8.465,9.000,0,0.020,6.705,0.049,0.632,1.470,0.011,1,1,1400,5399,33,224108,1210,511,680,58288,84,0,84,1,16777216,4867,0.244,0,0.290
1,4870,43995.890,level1,1,1024,640,6.979,1,8.046,8.046,8.000,0,0.016,7.390,0.069,0.639,1.611,0.014,1,1,1400,5399,33,224108,1210,511,680,58322,84,0,84,1,16777216,4868,0.236,0,0.205
1,4871,44005.159,level1,1,1024,640,9.319,1,7.681,7.681,7.000,0,0.018,7.050,0.359,0.633,1.806,0.025,1,1,1400,5399,33,224108,1210,511,680,58356,84,0,84,1,16777216,4869,0.239,0,0.200
1,4872,44013.654,level1,1,1024,640,8.650,1,9.533,9.533,10.000,0,0.028,7.129,0.126,0.669,1.884,0.027,1,1,1400,5399,33,224108,1210,511,680,58390,84,0,84,1,16777216,4870,0.236,0,0.463
1,4873,44021.411,level1,1,1024,640,8.456,1,8.271,8.271,8.000,0,0.021,6.459,0.097,0.742,1.461,0.014,1,1,1400,5399,33,224108,1210,511,680,58424,84,0,84,1,16777216,4871,0.252,0,0.240
1,4874,44028.963,level1,1,1024,640,7.861,1,7.719,7.719,8.000,0,0.020,6.164,0.083,0.673,1.569,0.034,1,1,1400,5399,33,224108,1210,511,680,58458,84,0,84,1,16777216,4872,0.244,0,0.202
1,4875,44036.704,level1,1,1024,640,7.447,1,7.649,7.649,7.000,0,0.032,6.483,0.059,0.675,1.522,0.016,1,1,1400,5399,33,224108,1210,511,680,58492,84,0,84,1,16777216,4873,0.247,0,0.295
1,4876,44045.081,level1,1,1024,640,7.826,1,7.651,7.651,8.000,0,0.018,7.024,0.067,0.646,1.641,0.012,1,1,1400,5399,33,224108,1210,511,680,58526,84,0,84,1,16777216,4874,0.230,0,0.209
1,4877,44052.766,level1,1,1024,640,8.412,1,8.372,8.372,8.000,0,0.017,6.299,0.066,0.633,1.587,0.017,1,1,1400,5399,33,224108,1210,511,680,58560,84,0,84,1,16777216,4875,0.245,0,0.204
1,4878,44060.499,level1,1,1024,640,7.889,1,7.738,7.738,8.000,0,0.022,6.140,0.070,0.651,1.412,0.017,1,1,1400,5399,33,224108,1210,511,680,58594,84,0,84,1,16777216,4876,0.253,0,0.257
1,4879,44068.941,level1,1,1024,640,7.634,1,7.819,7.819,8.000,0,0.030,6.935,0.082,0.664,1.604,0.016,1,1,1400,5399,33,224108,1210,511,680,58628,84,0,84,1,16777216,4877,0.250,0,0.341
1,4880,44077.037,level1,1,1024,640,8.511,1,8.384,8.384,8.000,0,0.025,6.547,0.055,0.634,1.482,0.013,1,1,1400,5399,33,224108,1210,511,680,58662,84,0,84,1,16777216,4878,0.237,0,0.284
1,4881,44085.226,level1,1,1024,640,8.164,1,8.001,8.001,8.000,0,0.016,6.501,0.127,0.630,1.711,0.023,1,1,1400,5399,33,224108,1210,511,680,58696,84,0,84,1,16777216,4879,0.234,0,0.191
1,4882,44094.303,level1,1,1024,640,8.023,1,8.331,8.331,9.000,0,0.034,7.569,0.111,0.651,1.776,0.026,1,1,1400,5399,33,224108,1210,511,680,58730,84,0,84,1,16777216,4880,0.242,0,0.331
1,4883,44103.303,level1,1,1024,640,9.918,1,9.218,9.218,9.000,0,0.042,6.662,0.102,0.637,1.789,0.025,1,1,1400,5399,33,224108,1210,511,680,58764,84,0,84,1,16777216,4881,0.246,0,0.471
1,4884,44111.463,level1,1,1024,640,8.044,1,8.953,8.953,9.000,0,0.029,6.792,0.084,0.790,1.474,0.013,1,1,1400,5399,33,224108,1210,511,680,58798,84,0,84,1,16777216,4882,0.243,0,0.425
1,4885,44119.201,level1,1,1024,640,8.055,1,7.945,7.945,8.000,0,0.026,6.470,0.092,0.627,1.806,0.023,1,1,1400,5399,33,224108,1210,511,680,58832,84,0,84,1,16777216,4883,0.254,0,0.210
1,4886,44126.411,level1,1,1024,640,6.835,1,7.777,7.777,7.000,0,0.019,6.891,0.046,0.631,1.567,0.011,1,1,1400,5399,33,224108,1210,511,680,58866,84,0,84,1,16777216,4884,0.236,0,0.250
1,4887,44133.108,level1,1,1024,640,7.159,1,7.162,7.162,8.000,0,0.017,6.430,0.045,0.635,1.447,0.010,1,1,1400,5399,33,224108,1210,511,680,58900,84,0,84,1,16777216,4885,0.250,0,0.202
1,4888,44139.860,level1,1,1024,640,6.670,1,6.670,6.670,7.000,0,0.016,6.512,0.045,0.628,1.445,0.011,1,1,1400,5399,33,224108,1210,511,680,58934,84,0,84,1,16777216,4886,0.243,0,0.175
1,4889,44146.382,level1,1,1024,640,6.784,1,6.786,6.786,7.000,0,0.015,6.255,0.040,0.623,1.369,0.010,1,1,1400,5399,33,224108,1210,511,680,58968,84,0,84,1,16777216,4887,0.250,0,0.208
1,4890,44153.340,level1,1,1024,640,6.471,1,6.472,6.472,5.000,0,0.015,6.730,0.052,0.644,1.539,0.010,1,1,1400,5399,33,224108,1210,511,680,59002,84,0,84,1,16777216,4888,0.238,0,0.158
1,4891,44159.907,level1,1,1024,640,6.989,1,6.987,6.987,8.000,0,0.016,6.316,0.044,0.628,1.298,0.010,1,1,1400,5399,33,224108,1210,511,680,59036,84,0,84,1,16777216,4889,0.244,0,0.186
1,4892,44166.355,level1,1,1024,640,6.544,1,6.546,6.546,7.000,0,0.015,6.217,0.046,0.628,1.328,0.010,1,1,1400,5399,33,224108,1210,511,680,59070,84,0,84,1,16777216,4890,0.238,0,0.165
1,4893,44173.075,level1,1,1024,640,6.480,1,6.479,6.479,6.000,0,0.016,6.454,0.049,0.628,1.523,0.011,1,1,1400,5399,33,224108,1210,511,680,59104,84,0,84,1,16777216,4891,0.254,0,0.197
1,4894,44179.587,level1,1,1024,640,6.738,1,6.736,6.736,7.000,0,0.017,6.236,0.042,0.670,1.330,0.011,1,1,1400,5399,33,224108,1210,511,680,59138,84,0,84,1,16777216,4892,0.237,0,0.212
1,4895,44186.665,level1,1,1024,640,6.555,1,6.552,6.552,5.000,0,0.018,6.695,0.106,0.646,1.563,0.012,1,1,1400,5399,33,224108,1210,511,680,59172,84,0,84,1,16777216,4893,0.245,0,0.252
1,4896,44194.594,level1,1,1024,640,8.397,1,7.014,7.014,8.000,0,0.019,6.236,0.095,0.637,1.382,0.015,1,1,1400,5399,33,224108,1210,511,680,59206,84,0,84,1,16777216,4894,0.243,0,0.187
1,4897,44202.266,level1,1,1024,640,6.991,1,7.931,7.931,7.000,0,0.018,6.949,0.064,0.698,1.640,0.016,1,1,1400,5399,33,224108,1210,511,680,59240,84,0,84,1,16777216,4895,0.249,0,0.190
1,4898,44210.019,level1,1,1024,640,8.451,1,7.686,7.686,8.000,0,0.019,6.253,0.060,0.634,1.375,0.019,1,1,1400,5399,33,224108,1210,511,680,59274,84,0,84,1,16777216,4896,0.239,0,0.203
1,4899,44218.802,level1,1,1024,640,7.758,1,7.754,7.754,8.000,0,0.035,7.265,0.074,0.658,1.501,0.015,1,1,1400,5399,33,224108,1210,511,680,59308,84,0,84,1,16777216,4897,0.244,0,0.204
1,4900,44226.609,level1,1,1024,640,8.572,1,8.788,8.788,9.000,0,0.018,6.523,0.051,0.634,1.351,0.014,1,1,1400,5399,33,224108,1210,511,680,59342,84,0,84,1,16777216,4898,0.242,0,0.208
1,4901,44235.952,level1,1,1024,640,8.229,1,7.819,7.819,8.000,0,0.016,7.628,0.062,1.067,2.207,0.013,1,1,1400,5399,33,224108,1210,511,680,59376,84,0,84,1,16777216,4899,0.234,0,0.221
1,4902,44244.377,level1,1,1024,640,9.083,1,9.321,9.321,9.000,0,0.019,6.937,0.093,0.632,1.817,0.021,1,1,1400,5399,33,224108,1210,511,680,59410,84,0,84,1,16777216,4900,0.293,0,0.199
1,4903,44253.569,level1,1,1024,640,9.148,1,8.570,8.570,9.000,0,0.026,7.012,0.062,0.681,1.608,0.014,1,1,1400,5399,33,224108,1210,511,680,59444,84,0,84,1,16777216,4901,0.238,0,0.342
1,4904,44261.213,level1,1,1024,640,7.590,1,9.048,9.048,9.000,0,0.025,7.035,0.092,0.789,1.795,0.014,1,1,1400,5399,33,224108,1210,511,680,59478,84,0,84,1,16777216,4902,0.270,0,0.198
1,4905,44268.056,level1,1,1024,640,7.413,1,7.698,7.698,8.000,0,0.025,6.511,0.048,0.634,1.367,0.013,1,1,1400,5399,33,224108,1210,511,680,59512,84,0,84,1,16777216,4903,0.251,0,0.253
1,4906,44275.899,level1,1,1024,640,7.762,1,6.776,6.776,6.000,0,0.023,6.564,0.075,0.719,1.658,0.021,1,1,1400,5399,33,224108,1210,511,680,59546,84,0,84,1,16777216,4904,0.237,0,0.186
1,4907,44283.885,level1,1,1024,640,7.503,1,7.951,7.951,8.000,0,0.020,7.049,0.073,0.648,1.512,0.013,1,1,1400,5399,33,224108,1210,511,680,59580,84,0,84,1,16777216,4905,0.244,0,0.294
1,4908,44291.171,level1,1,1024,640,7.422,1,7.959,7.959,9.000,0,0.025,6.899,0.088,0.634,1.598,0.016,1,1,1400,5399,33,224108,1210,511,680,59614,84,0,84,1,16777216,4906,0.240,0,0.266
1,4909,44299.304,level1,1,1024,640,8.353,1,8.350,8.350,8.000,0,0.030,6.689,0.077,0.707,1.762,0.013,1,1,1400,5399,33,224108,1210,511,680,59648,84,0,84,1,16777216,4907,0.253,0,1.331
1,4910,44307.760,level1,1,1024,640,8.179,1,7.173,7.173,7.000,0,0.033,6.947,0.096,0.713,2.065,0.029,1,1,1400,5399,33,224108,1210,511,680,59682,84,0,84,1,16777216,4908,0.237,0,0.371
1,4911,44314.401,level1,1,1024,640,7.325,1,8.341,8.341,8.000,0,0.020,6.314,0.046,0.636,1.441,0.011,1,1,1400,5399,33,224108,1210,511,680,59716,84,0,84,1,16777216,4909,0.235,0,0.256
1,4912,44320.942,level1,1,1024,640,6.569,1,6.563,6.563,7.000,0,0.026,6.260,0.047,0.645,1.579,0.014,1,1,1400,5399,33,224108,1210,511,680,59750,84,0,84,1,16777216,4910,0.240,0,0.178
1,4913,44328.777,level1,1,1024,640,7.495,1,6.555,6.555,6.000,0,0.020,6.566,0.106,0.714,1.625,0.012,1,1,1400,5399,33,224108,1210,511,680,59784,84,0,84,1,16777216,4911,0.248,0,0.192
1,4914,44336.199,level1,1,1024,640,7.320,1,7.911,7.911,8.000,0,0.024,6.713,0.061,0.684,1.629,0.016,1,1,1400,5399,33,224108,1210,511,680,59818,84,0,84,1,16777216,4912,0.244,0,0.267
1,4915,44344.279,level1,1,1024,640,7.926,1,7.405,7.405,8.000,0,0.024,6.861,0.066,0.670,1.700,0.013,1,1,1400,5399,33,224108,1210,511,680,59852,84,0,84,1,16777216,4913,0.251,0,0.252
1,4916,44352.442,level1,1,1024,640,8.220,1,8.049,8.049,8.000,0,0.028,6.762,0.108,0.639,1.324,0.013,1,1,1400,5399,33,224108,1210,511,680,59886,84,0,84,1,16777216,4914,0.242,0,0.220
1,4917,44360.216,level1,1,1024,640,8.193,1,8.123,8.123,8.000,0,0.016,6.368,0.082,0.632,1.461,0.017,1,1,1400,5399,33,224108,1210,511,680,59920,84,0,84,1,16777216,4915,0.245,0,0.179
1,4918,44367.866,level1,1,1024,640,7.654,1,8.130,8.130,8.000,0,0.030,6.356,0.090,0.641,1.471,0.022,1,1,1400,5399,33,224108,1210,511,680,59954,84,0,84,1,16777216,4916,0.240,0,0.534
1,4919,44376.153,level1,1,1024,640,7.890,1,7.597,7.597,8.000,0,0.040,6.782,0.062,0.637,1.429,0.013,1,1,1400,5399,33,224108,1210,511,680,59988,84,0,84,1,16777216,4917,0.288,0,0.481
1,4920,44384.345,level1,1,1024,640,8.173,1,7.994,7.994,7.000,0,0.016,6.735,0.127,0.639,1.725,0.023,1,1,1400,5399,33,224108,1210,511,680,60022,84,0,84,1,16777216,4918,0.239,0,0.191
1,4921,44392.656,level1,1,1024,640,8.256,1,8.380,8.380,9.000,0,0.025,6.854,0.062,0.654,1.354,0.012,1,1,1400,5399,33,224108,1210,511,680,60056,84,0,84,1,16777216,4919,0.243,0,0.376
1,4922,44400.614,level1,1,1024,640,7.569,1,8.131,8.131,8.000,0,0.020,7.254,0.052,0.650,1.459,0.012,1,1,1400,5399,33,224108,1210,511,680,60090,84,0,84,1,16777216,4920,0.300,0,0.197
1,4923,44408.733,level1,1,1024,640,8.581,1,7.992,7.992,8.000,0,0.020,6.781,0.064,0.634,1.815,0.022,1,1,1400,5399,33,224108,1210,511,680,60124,84,0,84,1,16777216,4921,0.244,0,0.232
1,4924,44416.267,level1,1,1024,640,7.762,1,8.252,8.252,8.000,0,0.024,6.495,0.121,0.642,1.581,0.022,1,1,1400,5399,33,224108,1210,511,680,60158,84,0,84,1,16777216,4922,0.233,0,0.364
1,4925,44425.618,level1,1,1024,640,8.669,1,8.028,8.028,8.000,0,0.046,7.236,0.062,0.635,2.167,0.016,1,1,1400,5399,33,224108,1210,511,680,60192,84,0,84,1,16777216,4923,0.305,0,0.854
1,4926,44433.876,level1,1,1024,640,8.459,1,8.712,8.712,9.000,0,0.019,6.989,0.108,0.803,1.645,0.016,1,1,1400,5399,33,224108,1210,511,680,60226,84,0,84,1,16777216,4924,0.248,0,0.220
1,4927,44441.708,level1,1,1024,640,8.356,1,8.319,8.319,9.000,0,0.026,6.518,0.056,0.708,1.419,0.012,1,1,1400,5399,33,224108,1210,511,680,60260,84,0,84,1,16777216,4925,0.242,0,0.280
1,4928,44449.710,level1,1,1024,640,7.900,1,7.869,7.869,7.000,0,0.037,6.591,0.083,0.753,1.709,0.013,1,1,1400,5399,33,224108,1210,511,680,60294,84,0,84,1,16777216,4926,0.241,0,0.316
1,4929,44457.824,level1,1,1024,640,7.983,1,7.928,7.928,8.000,0,0.021,6.753,0.053,0.648,1.330,0.011,1,1,1400,5399,33,224108,1210,511,680,60328,84,0,84,1,16777216,4927,0.250,0,0.242
1,4930,44464.997,level1,1,1024,640,7.156,1,8.106,8.106,9.000,0,0.018,6.756,0.063,0.706,1.614,0.013,1,1,1400,5399,33,224108,1210,511,680,60362,84,0,84,1,16777216,4928,0.257,0,0.235
1,4931,44473.342,level1,1,1024,640,8.004,1,7.160,7.160,6.000,0,0.024,7.111,0.054,0.677,1.638,0.012,1,1,1400,5399,33,224108,1210,511,680,60396,84,0,84,1,16777216,4929,0.249,0,0.220
1,4932,44480.990,level1,1,1024,640,7.485,1,8.323,8.323,9.000,0,0.018,7.217,0.110,0.658,1.407,0.014,1,1,1400,5399,33,224108,1210,511,680,60430,84,0,84,1,16777216,4930,0.238,0,0.199
1,4933,44489.441,level1,1,1024,640,8.667,1,7.662,7.662,8.000,0,0.022,7.026,0.085,0.687,1.572,0.013,1,1,1400,5399,33,224108,1210,511,680,60464,84,0,84,1,16777216,4931,0.244,0,0.213
1,4934,44496.991,level1,1,1024,640,7.917,1,8.450,8.450,8.000,0,0.021,6.683,0.061,0.650,1.490,0.014,1,1,1400,5399,33,224108,1210,511,680,60498,84,0,84,1,16777216,4932,0.240,0,0.212
1,4935,44505.659,level1,1,1024,640,8.167,1,7.556,7.556,8.000,0,0.021,7.152,0.093,0.751,1.994,0.018,1,1,1400,5399,33,224108,1210,511,680,60532,84,0,84,1,16777216,4933,0.241,0,0.217
1,4936,44515.272,level1,1,1024,640,8.735,1,8.705,8.705,8.000,0,0.033,8.011,0.111,0.923,2.253,0.027,1,1,1400,5399,33,224108,1210,511,680,60566,84,0,84,1,16777216,4934,0.236,0,0.255
1,4937,44523.937,level1,1,1024,640,9.624,1,9.637,9.637,10.000,0,0.025,7.078,0.086,0.701,1.578,0.015,1,1,1400,5399,33,224108,1210,511,680,60600,84,0,84,1,16777216,4935,0.310,0,0.278
1,4938,44532.634,level1,1,1024,640,8.517,1,8.598,8.598,8.000,0,0.021,7.276,0.068,0.696,1.694,0.015,1,1,1400,5399,33,224108,1210,511,680,60634,84,0,84,1,16777216,4936,0.241,0,0.212
1,4939,44541.130,level1,1,1024,640,8.874,1,8.780,8.780,9.000,0,0.023,6.847,0.119,0.709,1.546,0.020,1,1,1400,5399,33,224108,1210,511,680,60668,84,0,84,1,16777216,4937,0.280,0,0.295
1,4940,44549.421,level1,1,1024,640,8.035,1,8.509,8.509,8.000,0,0.026,7.124,0.099,0.814,1.915,0.021,1,1,1400,5399,33,224108,1210,511,680,60702,84,0,84,1,16777216,4938,0.240,0,0.307
1,4941,44557.474,level1,1,1024,640,8.641,1,8.425,8.425,9.000,0,0.028,6.576,0.059,0.627,1.751,0.014,1,1,1400,5399,33,224108,1210,511,680,60736,84,0,84,1,16777216,4939,0.243,0,0.440
1,4942,44564.761,level1,1,1024,640,6.859,1,7.811,7.811,8.000,0,0.019,7.014,0.049,0.629,1.581,0.012,1,1,1400,5399,33,224108,1210,511,680,60770,84,0,84,1,16777216,4940,0.246,0,0.200
1,4943,44572.450,level1,1,1024,640,7.438,1,7.432,7.432,8.000,0,0.025,7.221,0.092,0.662,1.884,0.024,1,1,1400,5399,33,224108,1210,511,680,60804,84,0,84,1,16777216,4941,0.249,0,0.344
1,4944,44581.364,level1,1,1024,640,8.444,1,7.670,7.670,8.000,0,0.033,7.677,0.106,0.678,1.650,0.015,1,1,1400,5399,33,224108,1210,511,680,60838,84,0,84,1,16777216,4942,0.243,0,0.324
1,4945,44590.009,level1,1,1024,640,9.311,1,8.786,8.786,8.000,0,0.020,7.020,0.095,0.764,1.456,0.015,1,1,1400,5399,33,224108,1210,511,680,60872,84,0,84,1,16777216,4943,0.248,0,0.197
1,4946,44597.983,level1,1,1024,640,7.404,1,8.705,8.705,9.000,0,0.023,7.619,0.067,0.638,1.573,0.018,1,1,1400,5399,33,224108,1210,511,680,60906,84,0,84,1,16777216,4944,0.239,0,0.258
1,4947,44606.930,level1,1,1024,640,7.990,1,7.986,7.986,8.000,0,0.027,8.525,0.118,0.764,1.773,0.017,1,1,1400,5399,33,224108,1210,511,680,60940,84,0,84,1,16777216,4945,0.242,0,0.270
1,4948,44614.734,level1,1,1024,640,9.435,1,8.971,8.971,9.000,0,0.027,6.949,0.064,0.641,1.530,0.014,1,1,1400,5399,33,224108,1210,511,680,60974,84,0,84,1,16777216,4946,0.241,0,0.293
1,4949,44623.499,level1,1,1024,640,7.360,1,7.817,7.817,8.000,0,0.032,8.305,0.112,0.641,1.630,0.016,1,1,1400,5399,33,224108,1210,511,680,61008,84,0,84,1,16777216,4947,0.250,0,0.305
1,4950,44631.172,level1,1,1024,640,8.744,1,8.751,8.751,8.000,0,0.026,7.266,0.081,0.636,1.445,0.013,1,1,1400,5399,33,224108,1210,511,680,61042,84,0,84,1,16777216,4948,0.279,0,0.292
1,4951,44638.686,level1,1,1024,640,7.650,1,7.649,7.649,8.000,0,0.027,7.130,0.080,0.645,1.545,0.015,1,1,1400,5399,33,224108,1210,511,680,61076,84,0,84,1,16777216,4949,0.249,0,0.268
1,4952,44646.430,level1,1,1024,640,7.542,1,7.541,7.541,7.000,0,0.028,7.365,0.049,0.629,1.529,0.011,1,1,1400,5399,33,224108,1210,511,680,61110,84,0,84,1,16777216,4950,0.234,0,0.295
1,4953,44652.967,level1,1,1024,640,7.651,1,7.658,7.658,8.000,0,0.020,6.251,0.049,0.633,1.386,0.012,1,1,1400,5399,33,224108,1210,511,680,61144,84,0,84,1,16777216,4951,0.242,0,0.211
1,4954,44659.175,level1,1,1024,640,6.553,1,6.554,6.554,7.000,0,0.019,5.906,0.049,0.624,1.302,0.011,1,1,1400,5399,33,224108,1210,511,680,61178,84,0,84,1,16777216,4952,0.245,0,0.227
1,4955,44665.400,level1,1,1024,640,6.163,1,6.168,6.168,6.000,0,0.015,5.974,0.043,0.705,1.486,0.011,1,1,1400,5399,33,224108,1210,511,680,61212,84,0,84,1,16777216,4953,0.246,0,0.188
1,4956,44671.567,level1,1,1024,640,6.257,1,6.254,6.254,6.000,0,0.018,5.882,0.046,0.621,1.305,0.010,1,1,1400,5399,33,224108,1210,511,680,61246,84,0,84,1,16777216,4954,0.245,0,0.217
1,4957,44677.611,level1,1,1024,640,6.164,1,6.163,6.163,6.000,0,0.019,5.771,0.037,0.621,1.290,0.009,1,1,1400,5399,33,224108,1210,511,680,61280,84,0,84,1,16777216,4955,0.250,0,0.213
1,4958,44684.501,level1,1,1024,640,5.995,1,5.998,5.998,6.000,0,0.016,6.654,0.049,0.635,1.390,0.010,1,1,1400,5399,33,224108,1210,511,680,61314,84,0,84,1,16777216,4956,0.238,0,0.167
1,4959,44690.689,level1,1,1024,640,6.951,1,6.947,6.947,7.000,0,0.019,5.897,0.043,0.631,1.402,0.011,1,1,1400,5399,33,224108,1210,511,680,61348,84,0,84,1,16777216,4957,0.246,0,0.223
1,4960,44697.358,level1,1,1024,640,6.224,1,6.226,6.226,6.000,0,0.018,6.333,0.052,0.739,1.767,0.015,1,1,1400,5399,33,224108,1210,511,680,61382,84,0,84,1,16777216,4958,0.239,0,0.262
1,4961,44704.215,level1,1,1024,640,6.685,1,6.664,6.664,7.000,0,0.038,6.516,0.042,0.635,1.515,0.011,1,1,1400,5399,33,224108,1210,511,680,61416,84,0,84,1,16777216,4959,0.247,0,0.256
1,4962,44711.262,level1,1,1024,640,6.749,1,6.772,6.772,7.000,0,0.016,6.794,0.061,0.701,1.503,0.011,1,1,1400,5399,33,224108,1210,511,680,61450,84,0,84,1,16777216,4960,0.232,0,0.171
1,4963,44718.033,level1,1,1024,640,7.198,1,7.190,7.190,7.000,0,0.022,6.385,0.043,0.651,1.403,0.009,1,1,1400,5399,33,224108,1210,511,680,61484,84,0,84,1,16777216,4961,0.244,0,0.313
1,4964,44724.637,level1,1,1024,640,6.653,1,6.646,6.646,7.000,0,0.030,6.338,0.041,0.628,1.438,0.010,1,1,1400,5399,33,224108,1210,511,680,61518,84,0,84,1,16777216,4962,0.228,0,0.189
1,4965,44731.523,level1,1,1024,640,6.587,1,6.590,6.590,6.000,0,0.027,6.632,0.047,0.631,1.297,0.010,1,1,1400,5399,33,224108,1210,511,680,61552,84,0,84,1,16777216,4963,0.243,0,0.175
1,4966,44738.029,level1,1,1024,640,6.945,1,6.948,6.948,7.000,0,0.024,6.200,0.040,0.628,1.382,0.010,1,1,1400,5399,33,224108,1210,511,680,61586,84,0,84,1,16777216,4964,0.244,0,0.236
1,4967,44744.781,level1,1,1024,640,6.418,1,6.428,6.428,7.000,0,0.016,6.511,0.059,0.688,1.449,0.037,1,1,1400,5399,33,224108,1210,511,680,61620,84,0,84,1,16777216,4965,0.250,0,0.160
1,4968,44751.792,level1,1,1024,640,6.902,1,6.890,6.890,7.000,0,0.025,6.636,0.046,0.644,1.331,0.010,1,1,1400,5399,33,224108,1210,511,680,61654,84,0,84,1,16777216,4966,0.233,0,0.295
1,4969,44758.599,level1,1,1024,640,6.887,1,6.888,6.888,7.000,0,0.025,6.480,0.122,0.635,1.321,0.009,1,1,1400,5399,33,224108,1210,511,680,61688,84,0,84,1,16777216,4967,0.246,0,0.175
1,4970,44765.898,level1,1,1024,640,6.990,1,6.996,6.996,6.000,0,0.019,6.867,0.045,0.631,1.346,0.010,1,1,1400,5399,33,224108,1210,511,680,61722,84,0,84,1,16777216,4968,0.240,0,0.363
1,4971,44773.160,level1,1,1024,640,7.122,1,7.116,7.116,7.000,0,0.026,7.005,0.046,0.629,1.384,0.010,1,1,1400,5399,33,224108,1210,511,680,61756,84,0,84,1,16777216,4969,0.247,0,0.180
1,4972,44780.452,level1,1,1024,640,7.331,1,7.332,7.332,8.000,0,0.024,6.956,0.056,0.645,1.404,0.010,1,1,1400,5399,33,224108,1210,511,680,61790,84,0,84,1,16777216,4970,0.240,0,0.249
1,4973,44787.485,level1,1,1024,640,7.493,1,7.473,7.473,7.000,0,0.041,6.507,0.045,0.639,1.361,0.010,1,1,1400,5399,33,224108,1210,511,680,61824,84,0,84,1,16777216,4971,0.250,0,0.429
1,4974,44794.762,level1,1,1024,640,6.808,1,6.789,6.789,7.000,0,0.063,6.955,0.065,0.635,1.324,0.012,1,1,1400,5399,33,224108,1210,511,680,61858,84,0,84,1,16777216,4972,0.241,0,0.188
1,4975,44801.917,level1,1,1024,640,7.302,1,7.341,7.341,7.000,0,0.023,6.805,0.068,0.653,1.427,0.010,1,1,1400,5399,33,224108,1210,511,680,61892,84,0,84,1,16777216,4973,0.244,0,0.251
1,4976,44808.893,level1,1,1024,640,7.174,1,7.170,7.170,8.000,0,0.029,6.604,0.071,0.629,1.330,0.010,1,1,1400,5399,33,224108,1210,511,680,61926,84,0,84,1,16777216,4974,0.234,0,0.266
1,4977,44815.585,level1,1,1024,640,7.037,1,6.998,6.998,7.000,0,0.067,6.285,0.045,0.645,1.317,0.010,1,1,1400,5399,33,224108,1210,511,680,61960,84,0,84,1,16777216,4975,0.242,0,0.287
1,4978,44823.018,level1,1,1024,640,6.639,1,6.609,6.609,6.000,0,0.096,7.076,0.046,0.817,1.601,0.011,1,1,1400,5399,33,224108,1210,511,680,61994,84,0,84,1,16777216,4976,0.230,0,0.205
1,4979,44829.630,level1,1,1024,640,7.447,1,7.512,7.512,8.000,0,0.033,6.223,0.067,0.686,1.401,0.017,1,1,1400,5399,33,224108,1210,511,680,62028,84,0,84,1,16777216,4977,0.251,0,0.283
1,4980,44836.648,level1,1,1024,640,6.595,1,6.606,6.606,6.000,0,0.023,6.669,0.043,0.630,1.369,0.010,1,1,1400,5399,33,224108,1210,511,680,62062,84,0,84,1,16777216,4978,0.243,0,0.278
1,4981,44843.964,level1,1,1024,640,6.890,1,6.899,6.899,7.000,0,0.015,7.093,0.045,0.629,1.343,0.010,1,1,1400,5399,33,224108,1210,511,680,62096,84,0,84,1,16777216,4979,0.248,0,0.160
1,4982,44851.038,level1,1,1024,640,7.544,1,7.537,7.537,8.000,0,0.020,6.622,0.046,0.630,1.452,0.010,1,1,1400,5399,33,224108,1210,511,680,62130,84,0,84,1,16777216,4980,0.237,0,0.379
1,4983,44857.778,level1,1,1024,640,6.997,1,6.995,6.995,6.000,0,0.019,6.367,0.045,0.639,1.368,0.011,1,1,1400,5399,33,224108,1210,511,680,62164,84,0,84,1,16777216,4981,0.246,0,0.300
1,4984,44864.780,level1,1,1024,640,6.731,1,6.724,6.724,8.000,0,0.029,6.640,0.043,0.629,1.370,0.011,1,1,1400,5399,33,224108,1210,511,680,62198,84,0,84,1,16777216,4982,0.254,0,0.284
1,4985,44871.991,level1,1,1024,640,6.993,1,6.998,6.998,7.000,0,0.024,6.852,0.049,0.630,1.364,0.011,1,1,1400,5399,33,224108,1210,511,680,62232,84,0,84,1,16777216,4983,0.243,0,0.280
1,4986,44878.571,level1,1,1024,640,7.211,1,7.212,7.212,6.000,0,0.023,6.217,0.053,0.630,1.301,0.011,1,1,1400,5399,33,224108,1210,511,680,62266,84,0,84,1,16777216,4984,0.239,0,0.281
1,4987,44886.248,level1,1,1024,640,6.759,1,6.748,6.748,7.000,0,0.032,7.142,0.046,0.633,1.437,0.011,1,1,1400,5399,33,224108,1210,511,680,62300,84,0,84,1,16777216,4985,0.247,0,0.449
1,4988,44893.000,level1,1,1024,640,7.489,1,7.498,7.498,8.000,0,0.025,6.406,0.044,0.627,1.350,0.010,1,1,1400,5399,33,224108,1210,511,680,62334,84,0,84,1,16777216,4986,0.235,0,0.270
1,4989,44900.546,level1,1,1024,640,6.641,1,6.650,6.650,6.000,0,0.016,7.308,0.049,0.877,1.637,0.012,1,1,1400,5399,33,224108,1210,511,680,62368,84,0,84,1,16777216,4987,0.239,0,0.169
1,4990,44907.281,level1,1,1024,640,7.719,1,7.697,7.697,9.000,0,0.032,6.328,0.044,0.637,1.299,0.010,1,1,1400,5399,33,224108,1210,511,680,62402,84,0,84,1,16777216,4988,0.230,0,0.318
1,4991,44914.375,level1,1,1024,640,6.640,1,6.656,6.656,6.000,0,0.022,6.781,0.045,0.629,1.408,0.009,1,1,1400,5399,33,224108,1210,511,680,62436,84,0,84,1,16777216,4989,0.251,0,0.240
1,4992,44921.927,level1,1,1024,640,7.322,1,7.297,7.297,7.000,0,0.038,7.003,0.053,0.634,1.424,0.011,1,1,1400,5399,33,224108,1210,511,680,62470,84,0,84,1,16777216,4990,0.245,0,0.442
1,4993,44928.538,level1,1,1024,640,7.313,1,7.325,7.325,7.000,0,0.035,6.284,0.071,0.627,1.313,0.016,1,1,1400,5399,33,224108,1210,511,680,62504,84,0,84,1,16777216,4991,0.257,0,0.217
1,4994,44935.722,level1,1,1024,640,6.755,1,6.765,6.765,7.000,0,0.025,6.736,0.047,0.631,1.472,0.010,1,1,1400,5399,33,224108,1210,511,680,62538,84,0,84,1,16777216,4992,0.237,0,0.369
1,4995,44942.795,level1,1,1024,640,7.188,1,7.177,7.177,8.000,0,0.035,6.624,0.045,0.684,1.344,0.010,1,1,1400,5399,33,224108,1210,511,680,62572,84,0,84,1,16777216,4993,0.247,0,0.362
1,4996,44950.505,level1,1,1024,640,7.035,1,7.045,7.045,7.000,0,0.023,7.267,0.077,0.945,1.742,0.019,1,1,1400,5399,33,224108,1210,511,680,62606,84,0,84,1,16777216,4994,0.244,0,0.335
1,4997,44957.312,level1,1,1024,640,7.716,1,7.713,7.713,7.000,0,0.023,6.392,0.044,0.632,1.387,0.010,1,1,1400,5399,33,224108,1210,511,680,62640,84,0,84,1,16777216,4995,0.245,0,0.337
1,4998,44964.543,level1,1,1024,640,6.706,1,6.712,6.712,7.000,0,0.022,6.910,0.050,0.626,1.378,0.010,1,1,1400,5399,33,224108,1210,511,680,62674,84,0,84,1,16777216,4996,0.239,0,0.243
1,4999,44971.452,level1,1,1024,640,7.308,1,7.312,7.312,7.000,0,0.019,6.516,0.045,0.639,1.324,0.010,1,1,1400,5399,33,224108,1210,511,680,62708,84,0,84,1,16777216,4997,0.248,0,0.323
1,5000,44979.126,level1,1,1024,640,6.903,1,6.897,6.897,7.000,0,0.024,7.255,0.078,0.652,1.430,0.011,1,1,1400,5399,33,224108,1210,511,680,62742,84,0,84,1,16777216,4998,0.240,0,0.311
1,5001,44985.966,level1,1,1024,640,7.617,1,7.618,7.618,8.000,0,0.024,6.512,0.043,0.627,1.307,0.010,1,1,1400,5399,33,224108,1210,511,680,62776,84,0,84,1,16777216,4999,0.243,0,0.255
1,5002,44992.996,level1,1,1024,640,6.805,1,6.775,6.775,7.000,0,0.026,6.717,0.063,0.631,1.434,0.010,1,1,1400,5399,33,224108,1210,511,680,62810,84,0,84,1,16777216,5000,0.239,0,0.191
1,5003,44999.941,level1,1,1024,640,7.087,1,7.096,7.096,7.000,0,0.043,6.592,0.047,0.686,1.474,0.010,1,1,1400,5399,33,224108,1210,511,680,62844,84,0,84,1,16777216,5001,0.249,0,0.255
1,5004,45006.882,level1,1,1024,640,7.144,1,7.146,7.146,6.000,0,0.039,6.391,0.044,0.627,1.446,0.013,1,1,1400,5399,33,224108,1210,511,680,62878,84,0,84,1,16777216,5002,0.239,0,0.455
1,5005,45014.111,level1,1,1024,640,6.830,1,6.851,6.851,7.000,0,0.021,6.788,0.046,0.632,1.465,0.010,1,1,1400,5399,33,224108,1210,511,680,62912,84,0,84,1,16777216,5003,0.249,0,0.368
1,5006,45020.855,level1,1,1024,640,7.124,1,7.121,7.121,8.000,0,0.024,6.405,0.048,0.630,1.386,0.014,1,1,1400,5399,33,224108,1210,511,680,62946,84,0,84,1,16777216,5004,0.242,0,0.260
1,5007,45027.615,level1,1,1024,640,6.746,1,6.747,6.747,6.000,0,0.024,6.426,0.042,0.627,1.390,0.010,1,1,1400,5399,33,224108,1210,511,680,62980,84,0,84,1,16777216,5005,0.233,0,0.263
1,5008,45035.097,level1,1,1024,640,6.776,1,6.776,6.776,7.000,0,0.024,7.126,0.046,0.629,1.388,0.010,1,1,1400,5399,33,224108,1210,511,680,63014,84,0,84,1,16777216,5006,0.248,0,0.279
1,5009,45041.979,level1,1,1024,640,7.536,1,7.526,7.526,7.000,0,0.027,6.470,0.049,0.634,1.315,0.011,1,1,1400,5399,33,224108,1210,511,680,63048,84,0,84,1,16777216,5007,0.243,0,0.322
1,5010,45048.550,level1,1,1024,640,6.721,1,6.739,6.739,7.000,0,0.016,6.327,0.041,0.637,1.380,0.010,1,1,1400,5399,33,224108,1210,511,680,63082,84,0,84,1,16777216,5008,0.242,0,0.180
1,5011,45056.469,level1,1,1024,640,6.555,1,6.550,6.550,7.000,0,0.021,7.640,0.090,0.632,1.416,0.023,1,1,1400,5399,33,224108,1210,511,680,63116,84,0,84,1,16777216,5009,0.247,0,0.160
1,5012,45064.030,level1,1,1024,640,8.166,1,8.139,8.139,8.000,0,0.044,7.076,0.052,0.634,1.550,0.015,1,1,1400,5399,33,224108,1210,511,680,63150,84,0,84,1,16777216,5010,0.238,0,0.379
1,5013,45073.222,level1,1,1024,640,7.416,1,7.442,7.442,7.000,0,0.022,8.787,0.115,0.894,1.861,0.017,1,1,1400,5399,33,224108,1210,511,680,63184,84,0,84,1,16777216,5011,0.244,0,0.261
1,5014,45080.238,level1,1,1024,640,9.209,1,9.183,9.183,10.000,0,0.047,6.663,0.048,0.721,1.580,0.010,1,1,1400,5399,33,224108,1210,511,680,63218,84,0,84,1,16777216,5012,0.239,0,0.251
1,5015,45087.416,level1,1,1024,640,7.131,1,7.147,7.147,7.000,0,0.028,6.711,0.047,0.632,1.391,0.010,1,1,1400,5399,33,224108,1210,511,680,63252,84,0,84,1,16777216,5013,0.248,0,0.382
1,5016,45094.378,level1,1,1024,640,7.058,1,7.067,7.067,6.000,0,0.023,6.618,0.044,0.626,1.384,0.011,1,1,1400,5399,33,224108,1210,511,680,63286,84,0,84,1,16777216,5014,0.236,0,0.271
1,5017,45101.567,level1,1,1024,640,6.858,1,6.862,6.862,8.000,0,0.020,6.910,0.080,0.635,1.415,0.011,1,1,1400,5399,33,224108,1210,511,680,63320,84,0,84,1,16777216,5015,0.297,0,0.171
1,5018,45109.042,level1,1,1024,640,7.342,1,7.334,7.334,7.000,0,0.026,7.064,0.062,0.629,1.523,0.015,1,1,1400,5399,33,224108,1210,511,680,63354,84,0,84,1,16777216,5016,0.245,0,0.314
1,5019,45116.105,level1,1,1024,640,7.456,1,7.458,7.458,7.000,0,0.026,6.679,0.054,0.714,1.626,0.012,1,1,1400,5399,33,224108,1210,511,680,63388,84,0,84,1,16777216,5017,0.253,0,0.298
1,5020,45123.318,level1,1,1024,640,7.116,1,7.108,7.108,7.000,0,0.032,6.783,0.048,0.635,1.319,0.010,1,1,1400,5399,33,224108,1210,511,680,63422,84,0,84,1,16777216,5018,0.226,0,0.342
1,5021,45131.049,level1,1,1024,640,7.020,1,7.038,7.038,7.000,0,0.016,7.469,0.072,0.958,1.981,0.038,1,1,1400,5399,33,224108,1210,511,680,63456,84,0,84,1,16777216,5019,0.251,0,0.168
1,5022,45138.130,level1,1,1024,640,7.967,1,7.949,7.949,9.000,0,0.031,6.604,0.052,0.641,1.493,0.011,1,1,1400,5399,33,224108,1210,511,680,63490,84,0,84,1,16777216,5020,0.243,0,0.384
1,5023,45146.154,level1,1,1024,640,6.844,1,6.861,6.861,7.000,0,0.016,7.750,0.086,0.729,1.391,0.014,1,1,1400,5399,33,224108,1210,511,680,63524,84,0,84,1,16777216,5021,0.250,0,0.168
1,5024,45157.488,level1,1,1024,640,11.597,1,8.149,8.149,8.000,0,0.028,7.516,0.057,0.642,1.578,0.012,1,1,1400,5399,34,224160,1221,520,681,63555,89,0,89,1,16777216,5022,0.238,0,0.284
1,5025,45165.042,level1,1,1024,640,7.931,1,11.268,11.268,11.000,0,0.018,7.147,0.048,0.628,1.331,0.011,1,1,1400,5399,34,224160,1221,520,681,63590,89,0,89,1,16777216,5023,0.246,0,0.228
1,5026,45171.822,level1,1,1024,640,7.390,1,7.500,7.500,8.000,0,0.016,6.536,0.049,0.641,1.477,0.012,1,1,1400,5399,34,224160,1221,520,681,63625,89,0,89,1,16777216,5024,0.222,0,0.174
1,5027,45178.769,level1,1,1024,640,6.856,1,6.848,6.848,6.000,0,0.023,6.618,0.058,0.755,1.636,0.013,1,1,1400,5399,34,224160,1221,520,681,63660,89,0,89,1,16777216,5025,0.250,0,0.242
1,5028,45185.994,level1,1,1024,640,7.298,1,7.299,7.299,8.000,0,0.022,6.559,0.044,0.638,1.430,0.011,1,1,1400,5399,34,224160,1221,520,681,63695,89,0,89,1,16777216,5026,0.242,0,0.592
1,5029,45192.962,level1,1,1024,640,6.935,1,6.885,6.885,6.000,0,0.069,6.589,0.047,0.640,1.303,0.010,1,1,1400,5399,34,224160,1221,520,681,63730,89,0,89,1,16777216,5027,0.250,0,0.255
1,5030,45200.884,level1,1,1024,640,6.822,1,6.879,6.879,7.000,0,0.016,7.632,0.102,0.633,1.428,0.011,1,1,1400,5399,34,224160,1221,520,681,63765,89,0,89,1,16777216,5028,0.243,0,0.166
1,5031,45210.471,level1,1,1024,640,10.175,1,8.001,8.001,9.000,0,0.020,7.055,0.090,0.779,1.976,0.021,1,1,1400,5399,34,224160,1221,520,681,63800,89,0,89,1,16777216,5029,0.244,0,0.245
1,5032,45218.559,level1,1,1024,640,7.794,1,9.633,9.633,9.000,0,0.028,7.351,0.090,0.658,1.347,0.013,1,1,1400,5399,34,224160,1221,520,681,63835,89,0,89,1,16777216,5030,0.238,0,0.291
1,5033,45226.556,level1,1,1024,640,7.922,1,8.212,8.212,8.000,0,0.054,7.430,0.083,0.850,1.739,0.014,1,1,1400,5399,34,224160,1221,520,681,63870,89,0,89,1,16777216,5031,0.246,0,0.413
1,5034,45234.633,level1,1,1024,640,7.877,1,7.904,7.904,9.000,0,0.026,7.608,0.108,0.641,1.523,0.015,1,1,1400,5399,34,224160,1221,520,681,63905,89,0,89,1,16777216,5032,0.244,0,0.321
1,5035,45243.126,level1,1,1024,640,8.107,1,8.094,8.094,8.000,0,0.045,8.026,0.076,0.642,1.590,0.016,1,1,1400,5399,34,224160,1221,520,681,63940,89,0,89,1,16777216,5033,0.249,0,0.337
1,5036,45249.989,level1,1,1024,640,8.386,1,8.395,8.395,8.000,0,0.035,6.512,0.067,0.720,1.436,0.015,1,1,1400,5399,34,224160,1221,520,681,63975,89,0,89,1,16777216,5034,0.241,0,0.240
1,5037,45256.975,level1,1,1024,640,6.855,1,6.864,6.864,7.000,0,0.026,6.660,0.051,0.638,1.461,0.014,1,1,1400,5399,34,224160,1221,520,681,64010,89,0,89,1,16777216,5035,0.247,0,0.242
1,5038,45263.590,level1,1,1024,640,6.929,1,6.937,6.937,6.000,0,0.020,6.349,0.047,0.627,1.413,0.010,1,1,1400,5399,34,224160,1221,520,681,64045,89,0,89,1,16777216,5036,0.239,0,0.193
1,5039,45270.111,level1,1,1024,640,6.617,1,6.622,6.622,7.000,0,0.015,6.257,0.044,0.663,1.502,0.012,1,1,1400,5399,34,224160,1221,520,681,64080,89,0,89,1,16777216,5037,0.267,0,0.201
1,5040,45276.339,level1,1,1024,640,6.498,1,6.493,6.493,6.000,0,0.020,5.989,0.041,0.649,1.309,0.011,1,1,1400,5399,34,224160,1221,520,681,64115,89,0,89,1,16777216,5038,0.237,0,0.173
1,5041,45283.501,level1,1,1024,640,6.209,1,6.215,6.215,7.000,0,0.015,6.936,0.048,0.643,1.399,0.010,1,1,1400,5399,34,224160,1221,520,681,64150,89,0,89,1,16777216,5039,0.250,0,0.160
1,5042,45290.601,level1,1,1024,640,7.219,1,7.210,7.210,7.000,0,0.024,6.768,0.096,0.962,1.642,0.014,1,1,1400,5399,34,224160,1221,520,681,64185,89,0,89,1,16777216,5040,0.241,0,0.206
1,5043,45297.071,level1,1,1024,640,7.172,1,7.166,7.166,7.000,0,0.030,6.118,0.045,0.627,1.296,0.012,1,1,1400,5399,34,224160,1221,520,681,64220,89,0,89,1,16777216,5041,0.243,0,0.271
1,5044,45304.257,level1,1,1024,640,7.234,1,7.237,7.237,7.000,0,0.027,6.069,0.045,0.639,1.303,0.012,1,1,1400,5399,34,224160,1221,520,681,64255,89,0,89,1,16777216,5042,0.233,0,1.039
1,5045,45310.813,level1,1,1024,640,6.468,1,6.471,6.471,7.000,0,0.023,6.158,0.045,0.630,1.409,0.015,1,1,1400,5399,34,224160,1221,520,681,64290,89,0,89,1,16777216,5043,0.238,0,0.325
1,5046,45316.882,level1,1,1024,640,6.429,1,6.436,6.436,6.000,0,0.017,5.806,0.036,0.620,1.327,0.010,1,1,1400,5399,34,224160,1221,520,681,64325,89,0,89,1,16777216,5044,0.238,0,0.205
1,5047,45323.213,level1,1,1024,640,6.036,1,6.039,6.039,6.000,0,0.015,6.091,0.045,0.624,1.355,0.011,1,1,1400,5399,34,224160,1221,520,681,64360,89,0,89,1,16777216,5045,0.249,0,0.176
1,5048,45329.829,level1,1,1024,640,6.363,1,6.356,6.356,7.000,0,0.020,6.323,0.065,0.746,1.650,0.015,1,1,1400,5399,34,224160,1221,520,681,64395,89,0,89,1,16777216,5046,0.241,0,0.201
1,5049,45340.651,level1,1,1024,640,8.921,1,6.650,6.650,6.000,0,0.026,8.213,0.077,0.659,1.640,0.015,1,1,1400,5399,35,224212,1221,519,682,64428,93,0,93,1,16777216,5047,0.247,0,0.235
1,5050,45348.516,level1,1,1024,640,9.285,1,10.872,10.872,12.000,0,0.021,6.820,0.050,0.640,1.599,0.012,1,1,1400,5399,35,224212,1221,519,682,64464,93,0,93,1,16777216,5048,0.257,0,0.285
1,5051,45355.510,level1,1,1024,640,7.307,1,7.985,7.985,7.000,0,0.026,6.509,0.047,0.631,1.424,0.011,1,1,1400,5399,35,224212,1221,519,682,64500,93,0,93,1,16777216,5049,0.269,0,0.405
1,5052,45361.813,level1,1,1024,640,6.748,1,6.758,6.758,7.000,0,0.017,6.069,0.041,0.628,1.315,0.011,1,1,1400,5399,35,224212,1221,519,682,64536,93,0,93,1,16777216,5050,0.245,0,0.170
1,5053,45368.019,level1,1,1024,640,6.336,1,6.338,6.338,6.000,0,0.016,5.939,0.042,0.630,1.358,0.016,1,1,1400,5399,35,224212,1221,519,682,64572,93,0,93,1,16777216,5051,0.254,0,0.206
1,5054,45375.471,level1,1,1024,640,6.320,1,6.281,6.281,6.000,0,0.044,7.036,0.076,0.641,1.528,0.010,1,1,1400,5399,35,224212,1221,519,682,64608,93,0,93,1,16777216,5052,0.237,0,0.279
1,5055,45384.143,level1,1,1024,640,7.466,1,7.487,7.487,8.000,0,0.032,8.249,0.069,0.639,1.612,0.014,1,1,1400,5399,35,224212,1221,519,682,64644,93,0,93,1,16777216,5053,0.250,0,0.313
1,5056,45393.469,level1,1,1024,640,10.943,1,8.708,8.708,9.000,0,0.033,6.648,0.053,0.639,1.580,0.012,1,1,1400,5399,35,224212,1221,519,682,64680,93,0,93,1,16777216,5054,0.241,0,0.349
1,5057,45401.421,level1,1,1024,640,7.307,1,9.174,9.174,9.000,0,0.029,7.281,0.062,0.678,1.459,0.012,1,1,1400,5399,35,224212,1221,519,682,64716,93,0,93,1,16777216,5055,0.257,0,0.197
1,5058,45407.795,level1,1,1024,640,7.617,1,7.994,7.994,8.000,0,0.025,6.060,0.043,0.630,1.361,0.011,1,1,1400,5399,35,224212,1221,519,682,64752,93,0,93,1,16777216,5056,0.240,0,0.240
1,5059,45415.272,level1,1,1024,640,6.346,1,6.354,6.354,7.000,0,0.019,6.791,0.439,0.628,1.387,0.011,1,1,1400,5399,35,224212,1221,519,682,64788,93,0,93,1,16777216,5057,0.249,0,0.220
1,5060,45422.264,level1,1,1024,640,7.621,1,7.605,7.605,7.000,0,0.032,6.563,0.043,0.632,1.525,0.010,1,1,1400,5399,35,224212,1221,519,682,64824,93,0,93,1,16777216,5058,0.239,0,0.348
1,5061,45428.413,level1,1,1024,640,6.806,1,6.821,6.821,7.000,0,0.020,5.911,0.036,0.621,1.406,0.010,1,1,1400,5399,35,224212,1221,519,682,64860,93,0,93,1,16777216,5059,0.252,0,0.178
1,5062,45435.663,level1,1,1024,640,6.314,1,6.310,6.310,6.000,0,0.022,6.799,0.084,0.643,1.464,0.015,1,1,1400,5399,35,224212,1221,519,682,64896,93,0,93,1,16777216,5060,0.244,0,0.339
1,5063,45442.105,level1,1,1024,640,7.139,1,7.140,7.140,7.000,0,0.021,6.143,0.044,0.631,1.321,0.012,1,1,1400,5399,35,224212,1221,519,682,64932,93,0,93,1,16777216,5061,0.249,0,0.228
1,5064,45448.677,level1,1,1024,640,6.379,1,6.387,6.387,6.000,0,0.015,6.319,0.061,0.645,1.390,0.010,1,1,1400,5399,35,224212,1221,519,682,64968,93,0,93,1,16777216,5062,0.243,0,0.173
1,5065,45455.736,level1,1,1024,640,6.725,1,6.708,6.708,7.000,0,0.029,6.669,0.045,0.643,1.317,0.011,1,1,1400,5399,35,224212,1221,519,682,65004,93,0,93,1,16777216,5063,0.249,0,0.308
1,5066,45463.500,level1,1,1024,640,6.919,1,6.923,6.923,7.000,0,0.027,7.454,0.104,1.142,1.966,0.014,1,1,1400,5399,35,224212,1221,519,682,65040,93,0,93,1,16777216,5064,0.229,0,0.173
1,5067,45470.725,level1,1,1024,640,7.853,1,7.841,7.841,8.000,0,0.038,6.879,0.051,0.804,1.545,0.012,1,1,1400,5399,35,224212,1221,519,682,65076,93,0,93,1,16777216,5065,0.252,0,0.250
1,5068,45477.547,level1,1,1024,640,7.147,1,7.159,7.159,7.000,0,0.026,6.565,0.041,0.636,1.413,0.010,1,1,1400,5399,35,224212,1221,519,682,65112,93,0,93,1,16777216,5066,0.242,0,0.184
1,5069,45484.643,level1,1,1024,640,7.104,1,7.108,7.108,7.000,0,0.023,6.549,0.048,0.633,1.310,0.011,1,1,1400,5399,35,224212,1221,519,682,65148,93,0,93,1,16777216,5067,0.242,0,0.470
1,5070,45491.648,level1,1,1024,640,6.867,1,6.864,6.864,7.000,0,0.025,6.691,0.045,0.646,1.353,0.010,1,1,1400,5399,35,224212,1221,519,682,65184,93,0,93,1,16777216,5068,0.245,0,0.238
1,5071,45498.935,level1,1,1024,640,7.015,1,7.018,7.018,7.000,0,0.022,6.960,0.048,0.628,1.389,0.013,1,1,1400,5399,35,224212,1221,519,682,65220,93,0,93,1,16777216,5069,0.248,0,0.252
1,5072,45505.843,level1,1,1024,640,7.322,1,7.322,7.322,7.000,0,0.022,6.550,0.044,0.723,1.587,0.011,1,1,1400,5399,35,224212,1221,519,682,65256,93,0,93,1,16777216,5070,0.238,0,0.285
1,5073,45513.579,level1,1,1024,640,7.198,1,7.186,7.186,8.000,0,0.034,7.075,0.056,0.639,1.309,0.011,1,1,1400,5399,35,224212,1221,519,682,65292,93,0,93,1,16777216,5071,0.233,0,0.562
1,5074,45524.066,level1,1,1024,640,9.577,1,7.343,7.343,7.000,0,0.016,7.924,0.117,0.635,1.677,0.056,1,1,1400,5399,36,224264,1221,518,683,65327,96,0,96,1,16777216,5072,0.240,0,0.172
1,5075,45531.508,level1,1,1024,640,8.936,1,10.782,10.782,11.000,0,0.029,6.496,0.051,0.632,1.664,0.012,1,1,1400,5399,36,224264,1221,518,683,65364,96,0,96,1,16777216,5073,0.252,0,0.465
1,5076,45538.043,level1,1,1024,640,6.770,1,7.171,7.171,7.000,0,0.021,6.274,0.039,0.633,1.413,0.011,1,1,1400,5399,36,224264,1221,518,683,65401,96,0,96,1,16777216,5074,0.254,0,0.196
1,5077,45544.764,level1,1,1024,640,6.517,1,6.524,6.524,6.000,0,0.015,6.471,0.047,0.628,1.413,0.011,1,1,1400,5399,36,224264,1221,518,683,65438,96,0,96,1,16777216,5075,0.250,0,0.185
1,5078,45551.104,level1,1,1024,640,6.715,1,6.714,6.714,7.000,0,0.016,6.061,0.080,0.635,1.394,0.011,1,1,1400,5399,36,224264,1221,518,683,65475,96,0,96,1,16777216,5076,0.238,0,0.177
1,5079,45557.518,level1,1,1024,640,6.340,1,6.334,6.334,7.000,0,0.022,6.175,0.041,0.639,1.369,0.010,1,1,1400,5399,36,224264,1221,518,683,65512,96,0,96,1,16777216,5077,0.253,0,0.171
1,5080,45564.310,level1,1,1024,640,6.438,1,6.439,6.439,5.000,0,0.022,6.522,0.047,0.627,1.291,0.011,1,1,1400,5399,36,224264,1221,518,683,65549,96,0,96,1,16777216,5078,0.242,0,0.196
1,5081,45571.474,level1,1,1024,640,6.801,1,6.799,6.799,7.000,0,0.024,6.883,0.050,0.737,1.536,0.013,1,1,1400,5399,36,224264,1221,518,683,65586,96,0,96,1,16777216,5079,0.248,0,0.204
1,5082,45578.228,level1,1,1024,640,7.247,1,7.245,7.245,8.000,0,0.025,6.399,0.039,0.720,1.456,0.011,1,1,1400,5399,36,224264,1221,518,683,65623,96,0,96,1,16777216,5080,0.237,0,0.283
1,5083,45584.963,level1,1,1024,640,6.920,1,6.920,6.920,7.000,0,0.025,6.210,0.044,0.641,1.416,0.010,1,1,1400,5399,36,224264,1221,518,683,65660,96,0,96,1,16777216,5081,0.245,0,0.450
1,5084,45592.532,level1,1,1024,640,6.493,1,6.469,6.469,6.000,0,0.027,7.283,0.047,0.638,1.427,0.010,1,1,1400,5399,36,224264,1221,518,683,65697,96,0,96,1,16777216,5082,0.299,0,0.184
1,5085,45600.168,level1,1,1024,640,7.518,1,7.552,7.552,8.000,0,0.017,7.367,0.080,0.810,1.510,0.011,1,1,1400,5399,36,224264,1221,518,683,65734,96,0,96,1,16777216,5083,0.250,0,0.167
1,5086,45607.184,level1,1,1024,640,7.715,1,7.713,7.713,8.000,0,0.018,6.703,0.046,0.701,1.368,0.010,1,1,1400,5399,36,224264,1221,518,683,65771,96,0,96,1,16777216,5084,0.238,0,0.244
1,5087,45614.084,level1,1,1024,640,7.059,1,7.056,7.056,7.000,0,0.021,6.545,0.045,0.624,1.282,0.010,1,1,1400,5399,36,224264,1221,518,683,65808,96,0,96,1,16777216,5085,0.241,0,0.284
1,5088,45621.361,level1,1,1024,640,6.772,1,6.777,6.777,6.000,0,0.016,7.046,0.050,0.640,1.437,0.010,1,1,1400,5399,36,224264,1221,518,683,65845,96,0,96,1,16777216,5086,0.238,0,0.162
1,5089,45627.959,level1,1,1024,640,7.337,1,7.321,7.321,8.000,0,0.030,6.304,0.053,0.630,1.384,0.012,1,1,1400,5399,36,224264,1221,518,683,65882,96,0,96,1,16777216,5087,0.240,0,0.205
1,5090,45637.190,level1,1,1024,640,6.836,1,6.819,6.819,7.000,0,0.045,8.631,0.120,0.718,1.790,0.018,1,1,1400,5399,36,224264,1221,518,683,65919,96,0,96,1,16777216,5088,0.236,0,0.425
1,5091,45644.681,level1,1,1024,640,9.096,1,9.120,9.120,9.000,0,0.022,7.099,0.048,0.630,1.308,0.012,1,1,1400,5399,36,224264,1221,518,683,65956,96,0,96,1,16777216,5089,0.250,0,0.314
1,5092,45652.146,level1,1,1024,640,7.347,1,7.351,7.351,7.000,0,0.020,7.191,0.073,0.682,1.542,0.012,1,1,1400,5399,36,224264,1221,518,683,65993,96,0,96,1,16777216,5090,0.236,0,0.176
1,5093,45659.078,level1,1,1024,640,7.557,1,7.546,7.546,7.000,0,0.030,6.551,0.089,0.629,1.416,0.017,1,1,1400,5399,36,224264,1221,518,683,66030,96,0,96,1,16777216,5091,0.245,0,0.257
1,5094,45666.009,level1,1,1024,640,6.937,1,6.938,6.938,7.000,0,0.029,6.590,0.044,0.632,1.432,0.011,1,1,1400,5399,36,224264,1221,518,683,66067,96,0,96,1,16777216,5092,0.240,0,0.259
1,5095,45672.935,level1,1,1024,640,6.914,1,6.918,6.918,7.000,0,0.024,6.600,0.046,0.638,1.399,0.011,1,1,1400,5399,36,224264,1221,518,683,66104,96,0,96,1,16777216,5093,0.241,0,0.250
1,5096,45680.063,level1,1,1024,640,7.011,1,6.995,6.995,7.000,0,0.040,6.714,0.046,0.675,1.472,0.011,1,1,1400,5399,36,224264,1221,518,683,66141,96,0,96,1,16777216,5094,0.235,0,0.314
1,5097,45686.983,level1,1,1024,640,7.105,1,7.115,7.115,8.000,0,0.027,6.533,0.044,0.635,1.381,0.012,1,1,1400,5399,36,224264,1221,518,683,66178,96,0,96,1,16777216,5095,0.240,0,0.304
1,5098,45694.124,level1,1,1024,640,6.775,1,6.778,6.778,6.000,0,0.027,6.898,0.046,0.630,1.344,0.012,1,1,1400,5399,36,224264,1221,518,683,66215,96,0,96,1,16777216,5096,0.238,0,0.164
1,5099,45700.731,level1,1,1024,640,7.175,1,7.182,7.182,7.000,0,0.020,6.333,0.044,0.644,1.402,0.011,1,1,1400,5399,36,224264,1221,518,683,66252,96,0,96,1,16777216,5097,0.242,0,0.205
1,5100,45706.960,level1,1,1024,640,6.611,1,6.611,6.611,7.000,0,0.021,5.955,0.039,0.633,1.360,0.010,1,1,1400,5399,36,224264,1221,518,683,66289,96,0,96,1,16777216,5098,0.236,0,0.208
1,5101,45713.715,level1,1,1024,640,6.172,1,6.178,6.178,6.000,0,0.015,6.529,0.048,0.644,1.452,0.011,1,1,1400,5399,36,224264,1221,518,683,66326,96,0,96,1,16777216,5099,0.244,0,0.159
1,5102,45720.192,level1,1,1024,640,6.788,1,6.783,6.783,7.000,0,0.020,6.223,0.043,0.665,1.391,0.011,1,1,1400,5399,36,224264,1221,518,683,66363,96,0,96,1,16777216,5100,0.241,0,0.186
1,5103,45726.484,level1,1,1024,640,6.513,1,6.509,6.509,6.000,0,0.023,6.006,0.039,0.630,1.345,0.010,1,1,1400,5399,36,224264,1221,518,683,66400,96,0,96,1,16777216,5101,0.244,0,0.218
1,5104,45733.638,level1,1,1024,640,6.230,1,6.240,6.240,7.000,0,0.015,6.919,0.051,0.635,1.449,0.012,1,1,1400,5399,36,224264,1221,518,683,66437,96,0,96,1,16777216,5102,0.239,0,0.165
1,5105,45740.038,level1,1,1024,640,7.194,1,7.192,7.192,7.000,0,0.016,6.135,0.041,0.694,1.435,0.012,1,1,1400,5399,36,224264,1221,518,683,66474,96,0,96,1,16777216,5103,0.246,0,0.203
1,5106,45746.865,level1,1,1024,640,6.399,1,6.396,6.396,7.000,0,0.018,6.553,0.050,0.683,1.597,0.012,1,1,1400,5399,36,224264,1221,518,683,66511,96,0,96,1,16777216,5104,0.237,0,0.199
1,5107,45754.994,level1,1,1024,640,7.944,1,6.871,6.871,6.000,0,0.018,6.681,0.107,0.631,1.806,0.025,1,1,1400,5399,36,224264,1221,518,683,66548,96,0,96,1,16777216,5105,0.246,0,0.243
1,5108,45761.855,level1,1,1024,640,7.029,1,8.102,8.102,9.000,0,0.019,6.576,0.045,0.653,1.399,0.011,1,1,1400,5399,36,224264,1221,518,683,66585,96,0,96,1,16777216,5106,0.233,0,0.217
1,5109,45768.054,level1,1,1024,640,6.835,1,6.835,6.835,7.000,0,0.018,5.945,0.041,0.625,1.341,0.010,1,1,1400,5399,36,224264,1221,518,683,66622,96,0,96,1,16777216,5107,0.252,0,0.191
1,5110,45774.678,level1,1,1024,640,6.205,1,6.208,6.208,5.000,0,0.016,6.358,0.046,0.624,1.511,0.013,1,1,1400,5399,36,224264,1221,518,683,66659,96,0,96,1,16777216,5108,0.238,0,0.200
1,5111,45780.986,level1,1,1024,640,6.651,1,6.648,6.648,8.000,0,0.018,6.019,0.042,0.630,1.319,0.011,1,1,1400,5399,36,224264,1221,518,683,66696,96,0,96,1,16777216,5109,0.250,0,0.223
1,5112,45787.270,level1,1,1024,640,6.260,1,6.258,6.258,6.000,0,0.020,6.047,0.038,0.624,1.362,0.010,1,1,1400,5399,36,224264,1221,518,683,66733,96,0,96,1,16777216,5110,0.236,0,0.174
1,5113,45794.416,level1,1,1024,640,6.262,1,6.268,6.268,6.000,0,0.015,6.881,0.086,0.632,1.458,0.012,1,1,1400,5399,36,224264,1221,518,683,66770,96,0,96,1,16777216,5111,0.242,0,0.159
1,5114,45800.734,level1,1,1024,640,7.170,1,7.168,7.168,7.000,0,0.016,6.075,0.041,0.660,1.331,0.011,1,1,1400,5399,36,224264,1221,518,683,66807,96,0,96,1,16777216,5112,0.243,0,0.180
1,5115,45807.452,level1,1,1024,640,6.327,1,6.322,6.322,6.000,0,0.020,6.421,0.085,0.668,1.397,0.012,1,1,1400,5399,36,224264,1221,518,683,66844,96,0,96,1,16777216,5113,0.244,0,0.185
1,5116,45813.854,level1,1,1024,640,6.722,1,6.724,6.724,6.000,0,0.018,6.147,0.041,0.645,1.386,0.011,1,1,1400,5399,36,224264,1221,518,683,66881,96,0,96,1,16777216,5114,0.240,0,0.190
1,5117,45820.458,level1,1,1024,640,6.401,1,6.398,6.398,8.000,0,0.021,6.305,0.086,0.692,1.490,0.013,1,1,1400,5399,36,224264,1221,518,683,66918,96,0,96,1,16777216,5115,0.250,0,0.188
1,5118,45826.793,level1,1,1024,640,6.676,1,6.676,6.676,6.000,0,0.020,6.008,0.043,0.633,1.331,0.010,1,1,1400,5399,36,224264,1221,518,683,66955,96,0,96,1,16777216,5116,0.241,0,0.259
1,5119,45842.377,level1,1,1024,640,13.242,1,13.165,13.165,13.000,0,0.087,8.267,0.125,0.800,1.517,0.018,1,1,1400,5399,36,224264,1221,518,683,66992,96,0,96,1,16777216,5117,0.270,0,7.081
1,5120,45848.971,level1,1,1024,640,8.693,1,8.764,8.764,9.000,0,0.026,6.242,0.051,0.652,1.406,0.014,1,1,1400,5399,36,224264,1221,518,683,67029,96,0,96,1,16777216,5118,0.261,0,0.269
1,5121,45855.974,level1,1,1024,640,6.617,1,6.615,6.615,6.000,0,0.027,6.631,0.048,0.630,1.490,0.011,1,1,1400,5399,36,224264,1221,518,683,67066,96,0,96,1,16777216,5119,0.249,0,0.290
1,5122,45862.622,level1,1,1024,640,6.918,1,6.924,6.924,7.000,0,0.023,6.368,0.041,0.631,1.446,0.010,1,1,1400,5399,36,224264,1221,518,683,67103,96,0,96,1,16777216,5120,0.236,0,0.212
1,5123,45869.252,level1,1,1024,640,6.613,1,6.622,6.622,7.000,0,0.015,6.377,0.048,0.652,1.496,0.013,1,1,1400,5399,36,224264,1221,518,683,67140,96,0,96,1,16777216,5121,0.249,0,0.185
1,5124,45875.626,level1,1,1024,640,6.700,1,6.690,6.690,7.000,0,0.024,6.061,0.039,0.632,1.380,0.010,1,1,1400,5399,36,224264,1221,518,683,67177,96,0,96,1,16777216,5122,0.227,0,0.244
1,5125,45882.696,level1,1,1024,640,6.282,1,6.291,6.291,6.000,0,0.016,6.835,0.054,0.850,1.999,0.041,1,1,1400,5399,36,224264,1221,518,683,67214,96,0,96,1,16777216,5123,0.263,0,0.162
1,5126,45888.881,level1,1,1024,640,7.136,1,7.132,7.132,8.000,0,0.019,5.890,0.047,0.642,1.383,0.012,1,1,1400,5399,36,224264,1221,518,683,67251,96,0,96,1,16777216,5124,0.243,0,0.223
1,5127,45895.545,level1,1,1024,640,6.252,1,6.248,6.248,5.000,0,0.023,6.303,0.046,0.628,1.530,0.010,1,1,1400,5399,36,224264,1221,518,683,67288,96,0,96,1,16777216,5125,0.247,0,0.286
1,5128,45902.230,level1,1,1024,640,6.575,1,6.576,6.576,7.000,0,0.023,6.414,0.046,0.633,1.381,0.011,1,1,1400,5399,36,224264,1221,518,683,67325,96,0,96,1,16777216,5126,0.239,0,0.199
1,5129,45908.477,level1,1,1024,640,6.671,1,6.673,6.673,7.000,0,0.019,5.997,0.039,0.641,1.363,0.010,1,1,1400,5399,36,224264,1221,518,683,67362,96,0,96,1,16777216,5127,0.249,0,0.186
1,5130,45915.796,level1,1,1024,640,6.370,1,6.339,6.339,6.000,0,0.048,6.933,0.052,0.640,1.412,0.012,1,1,1400,5399,36,224264,1221,518,683,67399,96,0,96,1,16777216,5128,0.244,0,0.277
1,5131,45922.475,level1,1,1024,640,7.239,1,7.266,7.266,7.000,0,0.023,6.379,0.047,0.630,1.410,0.011,1,1,1400,5399,36,224264,1221,518,683,67436,96,0,96,1,16777216,5129,0.252,0,0.226
1,5132,45930.756,level1,1,1024,640,6.616,1,6.623,6.623,7.000,0,0.016,7.976,0.112,0.919,2.087,0.021,1,1,1400,5399,36,224264,1221,518,683,67473,96,0,96,1,16777216,5130,0.239,0,0.170
1,5133,45937.999,level1,1,1024,640,8.551,1,8.528,8.528,9.000,0,0.036,6.731,0.051,0.634,1.325,0.012,1,1,1400,5399,36,224264,1221,518,683,67510,96,0,96,1,16777216,5131,0.243,0,0.416
1,5134,45944.522,level1,1,1024,640,7.046,1,7.062,7.062,6.000,0,0.023,6.215,0.045,0.636,1.297,0.011,1,1,1400,5399,36,224264,1221,518,683,67547,96,0,96,1,16777216,5132,0.250,0,0.236
1,5135,45951.940,level1,1,1024,640,6.572,1,6.573,6.573,7.000,0,0.021,7.049,0.056,0.656,1.374,0.013,1,1,1400,5399,36,224264,1221,518,683,67584,96,0,96,1,16777216,5133,0.250,0,0.285
1,5136,45959.917,level1,1,1024,640,8.603,1,7.327,7.327,8.000,0,0.018,6.433,0.047,0.656,1.519,0.011,1,1,1400,5399,36,224264,1221,518,683,67621,96,0,96,1,16777216,5134,0.239,0,0.195
1,5137,45966.633,level1,1,1024,640,6.676,1,7.958,7.958,7.000,0,0.017,6.434,0.085,0.637,1.405,0.011,1,1,1400,5399,36,224264,1221,518,683,67658,96,0,96,1,16777216,5135,0.247,0,0.176
1,5138,45973.313,level1,1,1024,640,6.835,1,6.807,6.807,7.000,0,0.037,6.319,0.045,0.624,1.428,0.011,1,1,1400,5399,36,224264,1221,518,683,67695,96,0,96,1,16777216,5136,0.243,0,0.266
1,5139,45980.422,level1,1,1024,640,6.556,1,6.585,6.585,6.000,0,0.016,6.857,0.060,0.625,1.368,0.011,1,1,1400,5399,36,224264,1221,518,683,67732,96,0,96,1,16777216,5137,0.252,0,0.171
1,5140,45986.819,level1,1,1024,640,7.123,1,7.118,7.118,8.000,0,0.021,6.152,0.039,0.625,1.437,0.011,1,1,1400,5399,36,224264,1221,518,683,67769,96,0,96,1,16777216,5138,0.239,0,0.180
1,5141,45993.786,level1,1,1024,640,6.371,1,6.377,6.377,6.000,0,0.016,6.706,0.077,0.674,1.430,0.012,1,1,1400,5399,36,224264,1221,518,683,67806,96,0,96,1,16777216,5139,0.244,0,0.160
1,5142,46000.180,level1,1,1024,640,7.007,1,7.000,7.000,7.000,0,0.023,6.130,0.043,0.636,1.399,0.011,1,1,1400,5399,36,224264,1221,518,683,67843,96,0,96,1,16777216,5140,0.239,0,0.192
1,5143,46009.047,level1,1,1024,640,8.345,1,6.381,6.381,7.000,0,0.017,6.619,0.075,0.668,1.571,0.013,1,1,1400,5399,36,224264,1221,518,683,67880,96,0,96,1,16777216,5141,0.247,0,0.180
1,5144,46017.216,level1,1,1024,640,7.877,1,9.247,9.247,9.000,0,0.027,6.873,0.110,0.632,1.864,0.024,1,1,1400,5399,36,224264,1221,518,683,67917,96,0,96,1,16777216,5142,0.237,0,0.557
1,5145,46023.648,level1,1,1024,640,7.440,1,8.022,8.022,8.000,0,0.033,5.935,0.044,0.640,1.313,0.012,1,1,1400,5399,36,224264,1221,518,683,67954,96,0,96,1,16777216,5143,0.257,0,0.412
1,5146,46032.683,level1,1,1024,640,8.213,1,6.331,6.331,6.000,0,0.024,6.705,0.096,0.653,1.740,0.024,1,1,1400,5399,36,224264,1221,518,683,67991,96,0,96,1,16777216,5144,0.245,0,0.310
1,5147,46040.495,level1,1,1024,640,7.796,1,9.087,9.087,10.000,0,0.034,6.761,0.055,0.684,1.815,0.014,1,1,1400,5399,36,224264,1221,518,683,68028,96,0,96,1,16777216,5145,0.248,0,0.362
1,5148,46047.440,level1,1,1024,640,7.108,1,7.711,7.711,7.000,0,0.025,6.609,0.045,0.633,1.512,0.011,1,1,1400,5399,36,224264,1221,518,683,68065,96,0,96,1,16777216,5146,0.241,0,0.261
1,5149,46054.836,level1,1,1024,640,6.900,1,6.902,6.902,7.000,0,0.023,7.104,0.046,0.627,1.317,0.012,1,1,1400,5399,36,224264,1221,518,683,68102,96,0,96,1,16777216,5147,0.254,0,0.219
1,5150,46064.623,level1,1,1024,640,9.889,1,7.434,7.434,8.000,0,0.023,6.925,0.122,0.635,1.865,0.024,1,1,1400,5399,36,224264,1221,518,683,68139,96,0,96,1,16777216,5148,0.238,0,0.256
1,5151,46071.875,level1,1,1024,640,7.918,1,9.771,9.771,9.000,0,0.020,6.332,0.050,0.633,1.484,0.012,1,1,1400,5399,36,224264,1221,518,683,68176,96,0,96,1,16777216,5149,0.253,0,0.241
1,5152,46079.464,level1,1,1024,640,6.618,1,7.220,7.220,7.000,0,0.022,7.304,0.049,0.631,1.515,0.011,1,1,1400,5399,36,224264,1221,518,683,68213,96,0,96,1,16777216,5150,0.239,0,0.209
1,5153,46085.768,level1,1,1024,640,7.576,1,7.575,7.575,8.000,0,0.023,5.993,0.088,0.623,1.459,0.010,1,1,1400,5399,36,224264,1221,518,683,68250,96,0,96,1,16777216,5151,0.289,0,0.194
1,5154,46095.161,level1,1,1024,640,8.419,1,6.342,6.342,6.000,0,0.022,6.982,0.072,0.651,1.353,0.015,1,1,1400,5399,36,224264,1221,518,683,68287,96,0,96,1,16777216,5152,0.239,0,0.232
1,5155,46103.109,level1,1,1024,640,7.601,1,9.404,9.404,9.000,0,0.023,7.354,0.049,0.895,2.059,0.013,1,1,1400,5399,36,224264,1221,518,683,68324,96,0,96,1,16777216,5153,0.246,0,0.244
1,5156,46109.901,level1,1,1024,640,7.650,1,7.928,7.928,8.000,0,0.019,6.481,0.063,0.655,1.610,0.016,1,1,1400,5399,36,224264,1221,518,683,68361,96,0,96,1,16777216,5154,0.245,0,0.224
1,5157,46118.844,level1,1,1024,640,8.907,1,6.760,6.760,8.000,0,0.019,6.528,0.052,0.653,1.533,0.012,1,1,1400,5399,36,224264,1221,518,683,68398,96,0,96,1,16777216,5155,0.245,0,0.191
1,5158,46126.398,level1,1,1024,640,7.117,1,9.040,9.040,8.000,0,0.023,6.963,0.055,0.628,1.438,0.012,1,1,1400,5399,36,224264,1221,518,683,68435,96,0,96,1,16777216,5156,0.241,0,0.289
1,5159,46133.444,level1,1,1024,640,7.240,1,7.454,7.454,8.000,0,0.027,6.776,0.048,0.630,1.431,0.011,1,1,1400,5399,36,224264,1221,518,683,68472,96,0,96,1,16777216,5157,0.239,0,0.189
1,5160,46141.754,level1,1,1024,640,7.016,1,7.023,7.023,7.000,0,0.021,7.987,0.128,0.674,1.551,0.017,1,1,1400,5399,36,224264,1221,518,683,68509,96,0,96,1,16777216,5158,0.246,0,0.165
1,5161,46149.702,level1,1,1024,640,8.459,1,8.446,8.446,9.000,0,0.032,7.535,0.072,0.682,1.727,0.016,1,1,1400,5399,36,224264,1221,518,683,68546,96,0,96,1,16777216,5159,0.248,0,0.300
1,5162,46159.568,level1,1,1024,640,10.300,1,7.926,7.926,7.000,0,0.030,7.112,0.061,0.643,1.588,0.017,1,1,1400,5399,36,224264,1221,518,683,68583,96,0,96,1,16777216,5160,0.288,0,0.280
1,5163,46166.617,level1,1,1024,640,7.857,1,9.829,9.829,10.000,0,0.024,6.304,0.060,0.721,1.823,0.013,1,1,1400,5399,36,224264,1221,518,683,68620,96,0,96,1,16777216,5161,0.257,0,0.242
1,5164,46173.982,level1,1,1024,640,6.644,1,7.053,7.053,7.000,0,0.028,7.034,0.052,0.638,1.562,0.011,1,1,1400,5399,36,224264,1221,518,683,68657,96,0,96,1,16777216,5162,0.237,0,0.242
1,5165,46182.793,level1,1,1024,640,9.471,1,7.316,7.316,8.000,0,0.022,6.327,0.098,0.775,1.581,0.016,1,1,1400,5399,36,224264,1221,518,683,68694,96,0,96,1,16777216,5163,0.254,0,0.197
1,5166,46189.937,level1,1,1024,640,7.069,1,8.883,8.883,8.000,0,0.023,6.452,0.048,0.635,1.521,0.011,1,1,1400,5399,36,224264,1221,518,683,68731,96,0,96,1,16777216,5164,0.241,0,0.268
1,5167,46197.256,level1,1,1024,640,6.807,1,7.159,7.159,7.000,0,0.018,6.129,0.882,0.725,1.543,0.010,1,1,1400,5399,36,224264,1221,518,683,68768,96,0,96,1,16777216,5165,0.243,0,0.284
1,5168,46206.945,level1,1,1024,640,9.732,1,7.489,7.489,8.000,0,0.033,6.884,0.085,0.631,1.938,0.025,1,1,1400,5399,36,224264,1221,518,683,68805,96,0,96,1,16777216,5166,0.233,0,0.454
1,5169,46214.966,level1,1,1024,640,8.092,1,9.626,9.626,9.000,0,0.034,6.799,0.099,0.959,1.791,0.015,1,1,1400,5399,36,224264,1221,518,683,68842,96,0,96,1,16777216,5167,0.321,0,0.390
1,5170,46222.250,level1,1,1024,640,7.234,1,7.914,7.914,9.000,0,0.045,6.902,0.046,0.681,1.544,0.011,1,1,1400,5399,36,224264,1221,518,683,68879,96,0,96,1,16777216,5168,0.236,0,0.276
1,5171,46229.589,level1,1,1024,640,7.211,1,7.232,7.232,7.000,0,0.024,7.008,0.068,0.625,1.743,0.014,1,1,1400,5399,36,224264,1221,518,683,68916,96,0,96,1,16777216,5169,0.253,0,0.233
1,5172,46236.615,level1,1,1024,640,7.320,1,7.318,7.318,7.000,0,0.026,6.741,0.042,0.629,1.564,0.011,1,1,1400,5399,36,224264,1221,518,683,68953,96,0,96,1,16777216,5170,0.245,0,0.211
1,5173,46246.442,level1,1,1024,640,9.203,1,6.976,6.976,7.000,0,0.021,7.310,0.097,1.091,2.150,0.013,1,1,1400,5399,36,224264,1221,518,683,68990,96,0,96,1,16777216,5171,0.248,0,0.162
1,5174,46254.279,level1,1,1024,640,8.056,1,9.939,9.939,10.000,0,0.020,7.136,0.051,0.636,1.559,0.012,1,1,1400,5399,36,224264,1221,518,683,69027,96,0,96,1,16777216,5172,0.230,0,0.273
1,5175,46261.536,level1,1,1024,640,7.425,1,7.774,7.774,7.000,0,0.021,6.970,0.051,0.627,1.308,0.011,1,1,1400,5399,36,224264,1221,518,683,69064,96,0,96,1,16777216,5173,0.239,0,0.211
1,5176,46270.564,level1,1,1024,640,9.403,1,7.240,7.240,8.000,0,0.021,6.587,0.058,0.855,1.695,0.015,1,1,1400,5399,36,224264,1221,518,683,69101,96,0,96,1,16777216,5174,0.238,0,0.192
1,5177,46277.962,level1,1,1024,640,7.519,1,9.069,9.069,9.000,0,0.030,6.438,0.084,0.651,1.574,0.011,1,1,1400,5399,36,224264,1221,518,683,69138,96,0,96,1,16777216,5175,0.247,0,0.235
1,5178,46284.302,level1,1,1024,640,6.749,1,7.366,7.366,7.000,0,0.018,6.075,0.040,0.634,1.385,0.010,1,1,1400,5399,36,224264,1221,518,683,69175,96,0,96,1,16777216,5176,0.243,0,0.203
1,5179,46290.766,level1,1,1024,640,6.301,1,6.304,6.304,6.000,0,0.015,6.224,0.054,0.672,1.435,0.011,1,1,1400,5399,36,224264,1221,518,683,69212,96,0,96,1,16777216,5177,0.253,0,0.167
1,5180,46300.390,level1,1,1024,640,9.095,1,6.492,6.492,7.000,0,0.019,6.747,0.061,0.669,1.505,0.013,1,1,1400,5399,36,224264,1221,518,683,69249,96,0,96,1,16777216,5178,0.227,0,0.194
1,5181,46309.479,level1,1,1024,640,9.294,1,10.954,10.954,10.000,0,0.026,6.503,0.097,0.683,1.643,0.018,1,1,1400,5399,36,224264,1221,518,683,69286,96,0,96,1,16777216,5179,0.252,0,1.524
1,5182,46316.814,level1,1,1024,640,7.558,1,7.848,7.848,9.000,0,0.033,6.332,0.047,0.639,1.374,0.012,1,1,1400,5399,36,224264,1221,518,683,69323,96,0,96,1,16777216,5180,0.241,0,0.284
1,5183,46323.786,level1,1,1024,640,7.034,1,7.223,7.223,7.000,0,0.016,6.204,0.113,0.628,1.673,0.034,1,1,1400,5399,36,224264,1221,518,683,69360,96,0,96,1,16777216,5181,0.235,0,0.172
1,5184,46331.257,level1,1,1024,640,6.783,1,7.219,7.219,7.000,0,0.038,6.927,0.078,0.632,1.673,0.011,1,1,1400,5399,36,224264,1221,518,683,69397,96,0,96,1,16777216,5182,0.240,0,0.418
1,5185,46337.488,level1,1,1024,640,7.209,1,7.235,7.235,8.000,0,0.016,5.990,0.038,0.625,1.361,0.010,1,1,1400,5399,36,224264,1221,518,683,69434,96,0,96,1,16777216,5183,0.274,0,0.183
1,5186,46344.376,level1,1,1024,640,6.209,1,6.205,6.205,6.000,0,0.020,6.662,0.045,0.626,1.402,0.010,1,1,1400,5399,36,224264,1221,518,683,69471,96,0,96,1,16777216,5184,0.242,0,0.157
1,5187,46351.503,level1,1,1024,640,7.036,1,7.031,7.031,7.000,0,0.024,6.753,0.045,0.641,1.466,0.011,1,1,1400,5399,36,224264,1221,518,683,69508,96,0,96,1,16777216,5185,0.243,0,0.299
1,5188,46357.982,level1,1,1024,640,7.014,1,7.015,7.015,7.000,0,0.023,6.218,0.044,0.627,1.330,0.010,1,1,1400,5399,36,224264,1221,518,683,69545,96,0,96,1,16777216,5186,0.239,0,0.188
1,5189,46364.509,level1,1,1024,640,6.486,1,6.494,6.494,6.000,0,0.016,6.263,0.041,0.646,1.351,0.011,1,1,1400,5399,36,224264,1221,518,683,69582,96,0,96,1,16777216,5187,0.246,0,0.204
1,5190,46371.155,level1,1,1024,640,6.649,1,6.638,6.638,7.000,0,0.026,6.246,0.053,0.647,1.382,0.015,1,1,1400,5399,36,224264,1221,518,683,69619,96,0,96,1,16777216,5188,0.235,0,0.309
1,5191,46377.806,level1,1,1024,640,6.620,1,6.627,6.627,7.000,0,0.020,6.286,0.044,0.627,1.442,0.013,1,1,1400,5399,36,224264,1221,518,683,69656,96,0,96,1,16777216,5189,0.248,0,0.295
1,5192,46389.011,level1,1,1024,640,9.273,1,6.533,6.533,6.000,0,0.022,8.149,0.112,0.642,1.695,0.021,1,1,1400,5399,37,224316,1221,517,684,69691,100,0,100,1,16777216,5190,0.242,0,0.178
1,5193,46396.091,level1,1,1024,640,9.109,1,11.434,11.434,12.000,0,0.044,6.184,0.049,0.628,1.575,0.012,1,1,1400,5399,37,224316,1221,517,684,69729,100,0,100,1,16777216,5191,0.233,0,0.405
1,5194,46403.393,level1,1,1024,640,6.471,1,6.889,6.889,6.000,0,0.018,7.013,0.051,0.682,1.582,0.011,1,1,1400,5399,37,224316,1221,517,684,69767,100,0,100,1,16777216,5192,0.245,0,0.216
1,5195,46409.830,level1,1,1024,640,7.262,1,7.262,7.262,8.000,0,0.018,6.195,0.043,0.720,1.519,0.013,1,1,1400,5399,37,224316,1221,517,684,69805,100,0,100,1,16777216,5193,0.250,0,0.176
1,5196,46416.236,level1,1,1024,640,6.473,1,6.464,6.464,7.000,0,0.026,6.074,0.097,0.628,1.301,0.010,1,1,1400,5399,37,224316,1221,517,684,69843,100,0,100,1,16777216,5194,0.242,0,0.202
1,5197,46422.816,level1,1,1024,640,6.368,1,6.376,6.376,5.000,0,0.020,6.339,0.044,0.628,1.441,0.010,1,1,1400,5399,37,224316,1221,517,684,69881,100,0,100,1,16777216,5195,0.251,0,0.173
1,5198,46429.051,level1,1,1024,640,6.568,1,6.571,6.571,8.000,0,0.015,6.001,0.049,0.636,1.395,0.012,1,1,1400,5399,37,224316,1221,517,684,69919,100,0,100,1,16777216,5196,0.234,0,0.164
1,5199,46435.951,level1,1,1024,640,6.414,1,6.405,6.405,6.000,0,0.025,6.489,0.048,0.788,1.659,0.011,1,1,1400,5399,37,224316,1221,517,684,69957,100,0,100,1,16777216,5197,0.251,0,0.333
1,5200,46444.602,level1,1,1024,640,8.762,1,6.733,6.733,6.000,0,0.016,6.377,0.049,0.632,1.471,0.011,1,1,1400,5399,37,224316,1221,517,684,69995,100,0,100,1,16777216,5198,0.238,0,0.166
1,5201,46451.510,level1,1,1024,640,7.076,1,8.696,8.696,9.000,0,0.022,6.199,0.056,0.634,1.512,0.012,1,1,1400,5399,37,224316,1221,517,684,70033,100,0,100,1,16777216,5199,0.248,0,0.212
1,5202,46458.206,level1,1,1024,640,6.566,1,6.973,6.973,6.000,0,0.025,6.345,0.044,0.650,1.369,0.011,1,1,1400,5399,37,224316,1221,517,684,70071,100,0,100,1,16777216,5200,0.239,0,0.276
1,5203,46465.090,level1,1,1024,640,6.638,1,6.641,6.641,7.000,0,0.023,6.581,0.053,0.632,1.494,0.015,1,1,1400,5399,37,224316,1221,517,684,70109,100,0,100,1,16777216,5201,0.245,0,0.222
1,5204,46471.815,level1,1,1024,640,6.929,1,6.910,6.910,7.000,0,0.041,6.384,0.046,0.641,1.566,0.011,1,1,1400,5399,37,224316,1221,517,684,70147,100,0,100,1,16777216,5202,0.246,0,0.245
1,5205,46478.017,level1,1,1024,640,6.659,1,6.684,6.684,7.000,0,0.017,5.929,0.044,0.622,1.280,0.010,1,1,1400,5399,37,224316,1221,517,684,70185,100,0,100,1,16777216,5203,0.248,0,0.208
1,5206,46485.327,level1,1,1024,640,6.180,1,6.181,6.181,6.000,0,0.016,7.012,0.090,0.631,1.614,0.023,1,1,1400,5399,37,224316,1221,517,684,70223,100,0,100,1,16777216,5204,0.239,0,0.187
1,5207,46496.438,level1,1,1024,640,9.672,1,7.441,7.441,8.000,0,0.036,8.469,0.072,0.647,1.770,0.019,1,1,1400,5399,38,224368,1221,516,685,70259,104,0,104,1,16777216,5205,0.247,0,0.316
1,5208,46504.597,level1,1,1024,640,9.460,1,11.066,11.066,11.000,0,0.025,7.190,0.052,0.636,1.532,0.012,1,1,1400,5399,38,224368,1221,516,685,70298,104,0,104,1,16777216,5206,0.238,0,0.273
1,5209,46510.902,level1,1,1024,640,7.475,1,8.092,8.092,8.000,0,0.023,6.027,0.044,0.630,1.294,0.011,1,1,1400,5399,38,224368,1221,516,685,70337,104,0,104,1,16777216,5207,0.270,0,0.206
1,5210,46517.581,level1,1,1024,640,6.389,1,6.388,6.388,6.000,0,0.025,6.317,0.044,0.627,1.296,0.010,1,1,1400,5399,38,224368,1221,516,685,70376,104,0,104,1,16777216,5208,0.239,0,0.288
1,5211,46525.238,level1,1,1024,640,6.542,1,6.552,6.552,6.000,0,0.015,7.431,0.045,0.649,1.508,0.011,1,1,1400,5399,38,224368,1221,516,685,70415,104,0,104,1,16777216,5209,0.247,0,0.162
1,5212,46532.568,level1,1,1024,640,7.815,1,7.792,7.792,9.000,0,0.031,6.927,0.065,0.646,1.434,0.012,1,1,1400,5399,38,224368,1221,516,685,70454,104,0,104,1,16777216,5210,0.303,0,0.296
1,5213,46539.198,level1,1,1024,640,7.235,1,7.248,7.248,7.000,0,0.024,6.344,0.042,0.643,1.350,0.011,1,1,1400,5399,38,224368,1221,516,685,70493,104,0,104,1,16777216,5211,0.247,0,0.214
1,5214,46546.224,level1,1,1024,640,6.666,1,6.668,6.668,6.000,0,0.022,6.701,0.045,0.641,1.438,0.011,1,1,1400,5399,38,224368,1221,516,685,70532,104,0,104,1,16777216,5212,0.235,0,0.253
1,5215,46553.124,level1,1,1024,640,6.987,1,6.975,6.975,8.000,0,0.034,6.607,0.052,0.628,1.439,0.011,1,1,1400,5399,38,224368,1221,516,685,70571,104,0,104,1,16777216,5213,0.230,0,0.202
1,5216,46560.260,level1,1,1024,640,6.885,1,6.896,6.896,7.000,0,0.021,6.776,0.134,0.629,1.507,0.011,1,1,1400,5399,38,224368,1221,516,685,70610,104,0,104,1,16777216,5214,0.233,0,0.198
1,5217,46566.664,level1,1,1024,640,7.222,1,7.214,7.214,7.000,0,0.027,6.049,0.044,0.630,1.329,0.011,1,1,1400,5399,38,224368,1221,516,685,70649,104,0,104,1,16777216,5215,0.247,0,0.273
1,5218,46574.484,level1,1,1024,640,6.281,1,6.286,6.286,6.000,0,0.024,7.582,0.050,0.741,1.537,0.011,1,1,1400,5399,38,224368,1221,516,685,70688,104,0,104,1,16777216,5216,0.280,0,0.160
1,5219,46581.427,level1,1,1024,640,7.872,1,7.872,7.872,8.000,0,0.024,6.660,0.043,0.694,1.498,0.011,1,1,1400,5399,38,224368,1221,516,685,70727,104,0,104,1,16777216,5217,0.248,0,0.210
1,5220,46588.228,level1,1,1024,640,6.999,1,7.001,7.001,7.000,0,0.022,6.437,0.067,0.630,1.364,0.010,1,1,1400,5399,38,224368,1221,516,685,70766,104,0,104,1,16777216,5218,0.242,0,0.269
1,5221,46595.697,level1,1,1024,640,6.849,1,6.801,6.801,7.000,0,0.068,7.079,0.046,0.632,1.413,0.012,1,1,1400,5399,38,224368,1221,516,685,70805,104,0,104,1,16777216,5219,0.247,0,0.268
1,5222,46603.484,level1,1,1024,640,7.705,1,7.728,7.728,8.000,0,0.043,7.163,0.043,0.637,1.406,0.011,1,1,1400,5399,38,224368,1221,516,685,70844,104,0,104,1,16777216,5220,0.243,0,0.524
1,5223,46611.314,level1,1,1024,640,7.389,1,7.421,7.421,7.000,0,0.016,7.569,0.075,0.640,1.511,0.011,1,1,1400,5399,38,224368,1221,516,685,70883,104,0,104,1,16777216,5221,0.247,0,0.163
1,5224,46618.171,level1,1,1024,640,7.913,1,7.909,7.909,8.000,0,0.019,6.547,0.043,0.634,1.311,0.011,1,1,1400,5399,38,224368,1221,516,685,70922,104,0,104,1,16777216,5222,0.240,0,0.242
1,5225,46625.231,level1,1,1024,640,7.004,1,6.981,6.981,7.000,0,0.040,6.602,0.045,0.635,1.336,0.010,1,1,1400,5399,38,224368,1221,516,685,70961,104,0,104,1,16777216,5223,0.251,0,0.364
1,5226,46633.236,level1,1,1024,640,6.956,1,6.974,6.974,7.000,0,0.024,7.613,0.079,0.634,1.416,0.012,1,1,1400,5399,38,224368,1221,516,685,71000,104,0,104,1,16777216,5224,0.235,0,0.279
1,5227,46644.724,level1,1,1024,640,8.059,1,8.060,8.060,8.000,0,0.023,11.009,0.115,0.666,1.853,0.018,1,1,1400,5399,38,224368,1221,516,685,71039,104,0,104,1,16777216,5225,0.242,0,0.333
1,5228,46651.828,level1,1,1024,640,11.362,1,11.362,11.362,11.000,0,0.022,6.816,0.051,0.639,1.531,0.051,1,1,1400,5399,38,224368,1221,516,685,71078,104,0,104,1,16777216,5226,0.238,0,0.206
1,5229,46658.508,level1,1,1024,640,7.179,1,7.177,7.177,8.000,0,0.026,6.327,0.041,0.628,1.424,0.010,1,1,1400,5399,38,224368,1221,516,685,71117,104,0,104,1,16777216,5227,0.256,0,0.280
1,5230,46665.812,level1,1,1024,640,6.874,1,6.856,6.856,6.000,0,0.042,6.750,0.048,0.628,1.296,0.011,1,1,1400,5399,38,224368,1221,516,685,71156,104,0,104,1,16777216,5228,0.242,0,0.454
1,5231,46673.368,level1,1,1024,640,7.054,1,7.079,7.079,7.000,0,0.021,7.247,0.052,0.641,1.305,0.011,1,1,1400,5399,38,224368,1221,516,685,71195,104,0,104,1,16777216,5229,0.251,0,0.231
1,5232,46679.566,level1,1,1024,640,7.498,1,7.496,7.496,8.000,0,0.021,5.956,0.044,0.632,1.423,0.011,1,1,1400,5399,38,224368,1221,516,685,71234,104,0,104,1,16777216,5230,0.243,0,0.170
1,5233,46686.028,level1,1,1024,640,6.221,1,6.228,6.228,6.000,0,0.015,6.194,0.047,0.629,1.384,0.011,1,1,1400,5399,38,224368,1221,516,685,71273,104,0,104,1,16777216,5231,0.248,0,0.202
1,5234,46695.050,level1,1,1024,640,8.547,1,6.465,6.465,7.000,0,0.023,6.663,0.053,0.646,1.396,0.012,1,1,1400,5399,38,224368,1221,516,685,71312,104,0,104,1,16777216,5232,0.238,0,0.204
1,5235,46702.474,level1,1,1024,640,7.488,1,9.107,9.107,9.000,0,0.026,6.602,0.050,0.638,1.366,0.011,1,1,1400,5399,38,224368,1221,516,685,71351,104,0,104,1,16777216,5233,0.240,0,0.289
1,5236,46708.682,level1,1,1024,640,6.910,1,7.365,7.365,7.000,0,0.022,5.902,0.047,0.631,1.353,0.010,1,1,1400,5399,38,224368,1221,516,685,71390,104,0,104,1,16777216,5234,0.238,0,0.231
1,5237,46715.475,level1,1,1024,640,6.219,1,6.222,6.222,6.000,0,0.021,6.461,0.062,0.746,1.417,0.012,1,1,1400,5399,38,224368,1221,516,685,71429,104,0,104,1,16777216,5235,0.250,0,0.245
1,5238,46722.015,level1,1,1024,640,6.766,1,6.767,6.767,7.000,0,0.019,6.255,0.042,0.628,1.302,0.011,1,1,1400,5399,38,224368,1221,516,685,71468,104,0,104,1,16777216,5236,0.231,0,0.218
1,5239,46728.261,level1,1,1024,640,6.528,1,6.528,6.528,6.000,0,0.016,5.978,0.037,0.623,1.336,0.010,1,1,1400,5399,38,224368,1221,516,685,71507,104,0,104,1,16777216,5237,0.247,0,0.208
1,5240,46734.818,level1,1,1024,640,6.188,1,6.192,6.192,7.000,0,0.016,6.336,0.047,0.632,1.394,0.011,1,1,1400,5399,38,224368,1221,516,685,71546,104,0,104,1,16777216,5238,0.238,0,0.155
1,5241,46741.528,level1,1,1024,640,6.679,1,6.676,6.676,7.000,0,0.017,6.372,0.043,0.624,1.297,0.010,1,1,1400,5399,38,224368,1221,516,685,71585,104,0,104,1,16777216,5239,0.241,0,0.273
1,5242,46748.170,level1,1,1024,640,6.623,1,6.625,6.625,6.000,0,0.017,6.375,0.056,0.626,1.357,0.011,1,1,1400,5399,38,224368,1221,516,685,71624,104,0,104,1,16777216,5240,0.239,0,0.187
1,5243,46757.592,level1,1,1024,640,8.799,1,6.668,6.668,7.000,0,0.020,7.006,0.050,0.650,1.526,0.012,1,1,1397,5393,38,223936,1221,515,686,71661,106,0,106,1,16777216,5241,0.243,0,0.213
1,5244,46764.470,level1,1,1024,640,7.517,1,9.383,9.383,8.000,0,0.016,6.329,0.088,0.632,1.442,0.023,1,1,1397,5393,38,223936,1221,515,686,71699,106,0,106,1,16777216,5242,0.296,0,0.175
1,5245,46771.522,level1,1,1024,640,7.034,1,7.058,7.058,9.000,0,0.256,6.388,0.047,0.631,1.300,0.010,1,1,1397,5393,38,223936,1221,515,686,71737,106,0,106,1,16777216,5243,0.257,0,0.352
1,5246,46777.694,level1,1,1024,640,6.643,1,6.881,6.881,6.000,0,0.020,5.929,0.036,0.625,1.370,0.010,1,1,1397,5393,38,223936,1221,515,686,71775,106,0,106,1,16777216,5244,0.240,0,0.183
1,5247,46784.156,level1,1,1024,640,6.176,1,6.170,6.170,7.000,0,0.026,6.192,0.058,0.627,1.311,0.010,1,1,1397,5393,38,223936,1221,515,686,71813,106,0,106,1,16777216,5245,0.238,0,0.181
1,5248,46790.438,level1,1,1024,640,6.468,1,6.477,6.477,5.000,0,0.016,6.025,0.039,0.626,1.370,0.010,1,1,1397,5393,38,223936,1221,515,686,71851,106,0,106,1,16777216,5246,0.232,0,0.195
1,5249,46796.819,level1,1,1024,640,6.247,1,6.249,6.249,7.000,0,0.015,6.160,0.040,0.632,1.407,0.010,1,1,1397,5393,38,223936,1221,515,686,71889,106,0,106,1,16777216,5247,0.250,0,0.163
1,5250,46803.801,level1,1,1024,640,6.383,1,6.382,6.382,6.000,0,0.015,6.715,0.082,0.628,1.352,0.010,1,1,1397,5393,38,223936,1221,515,686,71927,106,0,106,1,16777216,5248,0.307,0,0.163
1,5251,46810.772,level1,1,1024,640,7.001,1,6.996,6.996,7.000,0,0.021,5.958,0.809,0.636,1.319,0.014,1,1,1397,5393,38,223936,1221,515,686,71965,106,0,106,1,16777216,5249,0.246,0,0.177
1,5252,46819.179,level1,1,1024,640,8.902,1,7.068,7.068,8.000,0,0.020,6.226,0.047,0.630,1.398,0.011,1,1,1397,5393,38,223936,1221,515,686,72003,106,0,106,1,16777216,5250,0.242,0,0.273
1,5253,46826.043,level1,1,1024,640,6.736,1,8.303,8.303,8.000,0,0.015,6.337,0.064,0.629,1.459,0.011,1,1,1397,5393,38,223936,1221,515,686,72041,106,0,106,1,16777216,5251,0.244,0,0.170
1,5254,46832.700,level1,1,1024,640,6.652,1,6.921,6.921,6.000,0,0.019,6.312,0.094,0.640,1.385,0.012,1,1,1397,5393,38,223936,1221,515,686,72079,106,0,106,1,16777216,5252,0.228,0,0.226
1,5255,46840.968,level1,1,1024,640,8.246,1,6.641,6.641,7.000,0,0.022,6.369,0.059,0.767,1.465,0.013,1,1,1397,5393,38,223936,1221,515,686,72117,106,0,106,1,16777216,5253,0.241,0,0.211
1,5256,46848.277,level1,1,1024,640,7.181,1,8.273,8.273,9.000,0,0.020,6.511,0.045,0.636,1.379,0.011,1,1,1397,5393,38,223936,1221,515,686,72155,106,0,106,1,16777216,5254,0.234,0,0.216
1,5257,46855.358,level1,1,1024,640,6.841,1,7.355,7.355,7.000,0,0.019,6.446,0.347,0.639,1.377,0.016,1,1,1397,5393,38,223936,1221,515,686,72193,106,0,106,1,16777216,5255,0.243,0,0.261
1,5258,46862.648,level1,1,1024,640,7.359,1,7.332,7.332,8.000,0,0.043,6.681,0.046,0.630,1.295,0.011,1,1,1397,5393,38,223936,1221,515,686,72231,106,0,106,1,16777216,5256,0.232,0,0.512
1,5259,46869.448,level1,1,1024,640,6.981,1,7.003,7.003,6.000,0,0.024,6.479,0.042,0.629,1.439,0.011,1,1,1397,5393,38,223936,1221,515,686,72269,106,0,106,1,16777216,5257,0.251,0,0.226
1,5260,46876.411,level1,1,1024,640,6.812,1,6.810,6.810,6.000,0,0.025,6.653,0.043,0.662,1.534,0.011,1,1,1397,5393,38,223936,1221,515,686,72307,106,0,106,1,16777216,5258,0.238,0,0.235
1,5261,46883.016,level1,1,1024,640,6.901,1,6.901,6.901,8.000,0,0.025,6.357,0.043,0.625,1.284,0.010,1,1,1397,5393,38,223936,1221,515,686,72345,106,0,106,1,16777216,5259,0.251,0,0.174
1,5262,46890.103,level1,1,1024,640,6.614,1,6.616,6.616,6.000,0,0.024,6.815,0.057,0.851,1.633,0.012,1,1,1397,5393,38,223936,1221,515,686,72383,106,0,106,1,16777216,5260,0.241,0,0.184
1,5263,46897.022,level1,1,1024,640,7.137,1,7.134,7.134,8.000,0,0.026,6.576,0.078,0.627,1.405,0.013,1,1,1397,5393,38,223936,1221,515,686,72421,106,0,106,1,16777216,5261,0.247,0,0.230
1,5264,46904.234,level1,1,1024,640,6.923,1,6.930,6.930,7.000,0,0.020,6.877,0.066,0.675,1.541,0.015,1,1,1397,5393,38,223936,1221,515,686,72459,106,0,106,1,16777216,5262,0.233,0,0.242
1,5265,46911.029,level1,1,1024,640,7.241,1,7.237,7.237,7.000,0,0.025,6.444,0.054,0.628,1.427,0.012,1,1,1397,5393,38,223936,1221,515,686,72497,106,0,106,1,16777216,5263,0.248,0,0.267
1,5266,46918.215,level1,1,1024,640,6.842,1,6.842,6.842,6.000,0,0.023,6.786,0.055,0.636,1.352,0.013,1,1,1397,5393,38,223936,1221,515,686,72535,106,0,106,1,16777216,5264,0.240,0,0.314
1,5267,46924.399,level1,1,1024,640,7.054,1,7.059,7.059,7.000,0,0.020,5.931,0.041,0.627,1.353,0.010,1,1,1397,5393,38,223936,1221,515,686,72573,106,0,106,1,16777216,5265,0.241,0,0.188
1,5268,46930.992,level1,1,1024,640,6.198,1,6.202,6.202,7.000,0,0.016,6.321,0.047,0.621,1.321,0.011,1,1,1397,5393,38,223936,1221,515,686,72611,106,0,106,1,16777216,5266,0.239,0,0.206
1,5269,46937.322,level1,1,1024,640,6.601,1,6.585,6.585,6.000,0,0.031,6.048,0.046,0.623,1.286,0.012,1,1,1397,5393,38,223936,1221,515,686,72649,106,0,106,1,16777216,5267,0.243,0,0.197
1,5270,46946.815,level1,1,1024,640,8.619,1,6.297,6.297,6.000,0,0.019,6.918,0.052,1.019,2.275,0.013,1,1,1397,5393,38,223936,1221,515,686,72687,106,0,106,1,16777216,5268,0.238,0,0.165
1,5271,46954.266,level1,1,1024,640,7.448,1,9.534,9.534,10.000,0,0.027,6.924,0.048,0.631,1.373,0.011,1,1,1397,5393,38,223936,1221,515,686,72725,106,0,106,1,16777216,5269,0.243,0,0.205
1,5272,46961.032,level1,1,1024,640,7.353,1,7.587,7.587,8.000,0,0.032,6.324,0.061,0.667,1.387,0.010,1,1,1397,5393,38,223936,1221,515,686,72763,106,0,106,1,16777216,5270,0.244,0,0.340
1,5273,46967.857,level1,1,1024,640,6.658,1,6.668,6.668,6.000,0,0.024,6.505,0.048,0.629,1.404,0.010,1,1,1397,5393,38,223936,1221,515,686,72801,106,0,106,1,16777216,5271,0.243,0,0.243
1,5274,46975.002,level1,1,1024,640,6.846,1,6.850,6.850,8.000,0,0.021,6.774,0.076,0.629,1.503,0.011,1,1,1397,5393,38,223936,1221,515,686,72839,106,0,106,1,16777216,5272,0.235,0,0.267
1,5275,46981.850,level1,1,1024,640,7.144,1,7.140,7.140,7.000,0,0.025,6.456,0.098,0.676,1.467,0.012,1,1,1397,5393,38,223936,1221,515,686,72877,106,0,106,1,16777216,5273,0.246,0,0.262
1,5276,46989.188,level1,1,1024,640,6.830,1,6.833,6.833,7.000,0,0.020,6.991,0.071,0.633,1.646,0.018,1,1,1397,5393,38,223936,1221,515,686,72915,106,0,106,1,16777216,5274,0.239,0,0.247
1,5277,46996.009,level1,1,1024,640,7.474,1,7.440,7.440,7.000,0,0.053,6.362,0.049,0.755,1.453,0.012,1,1,1397,5393,38,223936,1221,515,686,72953,106,0,106,1,16777216,5275,0.245,0,0.346
1,5278,47002.924,level1,1,1024,640,6.746,1,6.762,6.762,6.000,0,0.039,6.533,0.047,0.635,1.358,0.011,1,1,1397,5393,38,223936,1221,515,686,72991,106,0,106,1,16777216,5276,0.230,0,0.290
1,5279,47010.624,level1,1,1024,640,6.786,1,6.809,6.809,7.000,0,0.017,7.388,0.106,0.887,1.799,0.015,1,1,1397,5393,38,223936,1221,515,686,73029,106,0,106,1,16777216,5277,0.230,0,0.184
1,5280,47017.068,level1,1,1024,640,7.747,1,7.744,7.744,8.000,0,0.020,6.146,0.046,0.660,1.322,0.010,1,1,1397,5393,38,223936,1221,515,686,73067,106,0,106,1,16777216,5278,0.242,0,0.227
1,5281,47024.453,level1,1,1024,640,6.558,1,6.539,6.539,7.000,0,0.037,6.974,0.045,0.627,1.371,0.010,1,1,1397,5393,38,223936,1221,515,686,73105,106,0,106,1,16777216,5279,0.248,0,0.322
1,5282,47031.598,level1,1,1024,640,7.203,1,7.226,7.226,7.000,0,0.016,6.888,0.071,0.633,1.317,0.012,1,1,1397,5393,38,223936,1221,515,686,73143,106,0,106,1,16777216,5280,0.238,0,0.164
1,5283,47038.347,level1,1,1024,640,7.252,1,7.241,7.241,7.000,0,0.025,6.414,0.045,0.624,1.277,0.010,1,1,1397,5393,38,223936,1221,515,686,73181,106,0,106,1,16777216,5281,0.246,0,0.259
1,5284,47045.199,level1,1,1024,640,6.785,1,6.792,6.792,6.000,0,0.018,6.480,0.046,0.630,1.380,0.010,1,1,1397,5393,38,223936,1221,515,686,73219,106,0,106,1,16777216,5282,0.233,0,0.303
1,5285,47052.151,level1,1,1024,640,6.826,1,6.820,6.820,8.000,0,0.023,6.606,0.046,0.664,1.405,0.012,1,1,1397,5393,38,223936,1221,515,686,73257,106,0,106,1,16777216,5283,0.230,0,0.270
1,5286,47059.175,level1,1,1024,640,6.955,1,6.956,6.956,7.000,0,0.023,6.675,0.046,0.777,1.640,0.012,1,1,1397,5393,38,223936,1221,515,686,73295,106,0,106,1,16777216,5284,0.232,0,0.274
1,5287,47066.210,level1,1,1024,640,7.058,1,7.062,7.062,7.000,0,0.019,6.657,0.042,0.724,1.696,0.011,1,1,1397,5393,38,223936,1221,515,686,73333,106,0,106,1,16777216,5285,0.240,0,0.311
1,5288,47073.966,level1,1,1024,640,7.171,1,7.140,7.140,7.000,0,0.048,6.959,0.323,0.633,1.361,0.011,1,1,1397,5393,38,223936,1221,515,686,73371,106,0,106,1,16777216,5286,0.241,0,0.413
1,5289,47080.956,level1,1,1024,640,7.781,1,7.774,7.774,7.000,0,0.046,6.440,0.052,0.643,1.319,0.012,1,1,1397,5393,38,223936,1221,515,686,73409,106,0,106,1,16777216,5287,0.249,0,0.430
1,5290,47087.570,level1,1,1024,640,6.754,1,6.786,6.786,7.000,0,0.025,6.310,0.044,0.634,1.465,0.011,1,1,1397,5393,38,223936,1221,515,686,73447,106,0,106,1,16777216,5288,0.236,0,0.231
1,5291,47094.572,level1,1,1024,640,6.624,1,6.625,6.625,6.000,0,0.024,6.683,0.048,0.625,1.577,0.011,1,1,1397,5393,38,223936,1221,515,686,73485,106,0,106,1,16777216,5289,0.241,0,0.242
1,5292,47101.690,level1,1,1024,640,7.003,1,6.989,6.989,8.000,0,0.036,6.801,0.045,0.647,1.458,0.010,1,1,1397,5393,38,223936,1221,515,686,73523,106,0,106,1,16777216,5290,0.235,0,0.229
1,5293,47110.148,level1,1,1024,640,7.125,1,7.139,7.139,7.000,0,0.023,8.106,0.073,1.095,2.240,0.021,1,1,1397,5393,38,223936,1221,515,686,73561,106,0,106,1,16777216,5291,0.247,0,0.250
1,5294,47117.007,level1,1,1024,640,8.396,1,8.397,8.397,9.000,0,0.022,6.595,0.047,0.634,1.308,0.012,1,1,1397,5393,38,223936,1221,515,686,73599,106,0,106,1,16777216,5292,0.234,0,0.189
1,5295,47124.770,level1,1,1024,640,6.959,1,6.958,6.958,6.000,0,0.023,7.392,0.054,0.633,1.309,0.012,1,1,1397,5393,38,223936,1221,515,686,73637,106,0,106,1,16777216,5293,0.244,0,0.289
1,5296,47131.973,level1,1,1024,640,7.833,1,7.823,7.823,8.000,0,0.032,6.763,0.052,0.640,1.376,0.012,1,1,1397,5393,38,223936,1221,515,686,73675,106,0,106,1,16777216,5294,0.238,0,0.347
1,5297,47138.797,level1,1,1024,640,7.139,1,7.154,7.154,7.000,0,0.019,6.327,0.172,0.631,1.335,0.017,1,1,1397,5393,38,223936,1221,515,686,73713,106,0,106,1,16777216,5295,0.252,0,0.299
1,5298,47145.602,level1,1,1024,640,6.880,1,6.868,6.868,7.000,0,0.031,6.381,0.045,0.639,1.411,0.011,1,1,1397,5393,38,223936,1221,515,686,73751,106,0,106,1,16777216,5296,0.242,0,0.342
1,5299,47153.678,level1,1,1024,640,6.608,1,6.625,6.625,7.000,0,0.015,7.802,0.092,1.131,1.900,0.012,1,1,1397,5393,38,223936,1221,515,686,73789,106,0,106,1,16777216,5297,0.249,0,0.164
1,5300,47160.619,level1,1,1024,640,8.239,1,8.217,8.217,8.000,0,0.034,6.547,0.050,0.631,1.306,0.010,1,1,1397,5393,38,223936,1221,515,686,73827,106,0,106,1,16777216,5298,0.238,0,0.302
1,5301,47167.547,level1,1,1024,640,6.884,1,6.895,6.895,7.000,0,0.025,6.598,0.043,0.631,1.293,0.010,1,1,1397,5393,38,223936,1221,515,686,73865,106,0,106,1,16777216,5299,0.229,0,0.257
1,5302,47174.589,level1,1,1024,640,6.877,1,6.879,6.879,6.000,0,0.023,6.760,0.045,0.630,1.324,0.011,1,1,1397,5393,38,223936,1221,515,686,73903,106,0,106,1,16777216,5300,0.239,0,0.209
1,5303,47181.846,level1,1,1024,640,7.045,1,7.018,7.018,8.000,0,0.025,6.970,0.048,0.628,1.301,0.011,1,1,1397,5393,38,223936,1221,515,686,73941,106,0,106,1,16777216,5301,0.250,0,0.185
1,5304,47204.008,level1,1,1024,640,20.715,1,20.684,20.684,21.000,0,0.071,8.320,0.143,0.853,1.969,0.019,1,1,1397,5393,38,223936,1221,515,686,73979,106,0,106,1,16777216,5302,0.243,0,13.605
1,5305,47212.823,level1,1,1024,640,8.794,1,8.847,8.847,9.000,0,0.026,8.426,0.059,0.636,1.593,0.014,1,1,1397,5393,38,223936,1221,515,686,74017,106,0,106,1,16777216,5303,0.261,0,0.296
1,5306,47221.308,level1,1,1024,640,8.831,1,8.832,8.832,9.000,0,0.026,8.074,0.065,0.643,1.546,0.016,1,1,1397,5393,38,223936,1221,515,686,74055,106,0,106,1,16777216,5304,0.236,0,0.313
1,5307,47228.151,level1,1,1024,640,8.463,1,8.469,8.469,8.000,0,0.019,6.479,0.042,0.657,1.437,0.011,1,1,1397,5393,38,223936,1221,515,686,74093,106,0,106,1,16777216,5305,0.246,0,0.298
1,5308,47235.541,level1,1,1024,640,6.826,1,6.823,6.823,7.000,0,0.023,7.033,0.051,0.631,1.329,0.011,1,1,1397,5393,38,223936,1221,515,686,74131,106,0,106,1,16777216,5306,0.242,0,0.277
1,5309,47242.395,level1,1,1024,640,7.369,1,7.367,7.367,7.000,0,0.024,6.516,0.053,0.801,1.565,0.012,1,1,1397,5393,38,223936,1221,515,686,74169,106,0,106,1,16777216,5307,0.249,0,0.254
1,5310,47252.255,level1,1,1024,640,8.903,1,6.859,6.859,7.000,0,0.026,7.469,0.057,0.703,1.624,0.013,1,1,1397,5393,38,223936,1221,515,686,74207,106,0,106,1,16777216,5308,0.236,0,0.259
